From	Entry	Reviewed	Organism	Keywords	Length
NP_214796	P9WPI3	reviewed	Mycobacterium tuberculosis (strain ATCC 25618 / H37Rv)	ATP-binding;Cytoplasm;Nucleotide-binding;Reference proteome	631
NP_214797	P9WNR3	reviewed	Mycobacterium tuberculosis (strain ATCC 25618 / H37Rv)	ATP-binding;Cell inner membrane;Cell membrane;Hydrolase;Membrane;Nucleotide-binding;Reference proteome;Transmembrane;Transmembrane helix;Transport	538
NP_214801	O53692	reviewed	Mycobacterium tuberculosis (strain ATCC 25618 / H37Rv)	3D-structure;Acetylation;Reference proteome;Secreted;Virulence	97
NP_214802	P9WNK3	reviewed	Mycobacterium tuberculosis (strain ATCC 25618 / H37Rv)	3D-structure;Direct protein sequencing;Metal-binding;Reference proteome;Secreted;Virulence;Zinc	96
NP_214803	P9WJC7	reviewed	Mycobacterium tuberculosis (strain ATCC 25618 / H37Rv)	3D-structure;Chaperone;Cytoplasm;Reference proteome	295
NP_214804	P9WNQ3	reviewed	Mycobacterium tuberculosis (strain ATCC 25618 / H37Rv)	Cell inner membrane;Cell membrane;Membrane;Reference proteome;Transmembrane;Transmembrane helix;Transport	472
NP_214805	O53695	reviewed	Mycobacterium tuberculosis (strain ATCC 25618 / H37Rv)	Cell membrane;Hydrolase;Membrane;Protease;Reference proteome;Serine protease;Signal;Transmembrane;Transmembrane helix	461
NP_214806	P9WJE5	reviewed	Mycobacterium tuberculosis (strain ATCC 25618 / H37Rv)	Cell inner membrane;Cell membrane;Membrane;Reference proteome;Transmembrane;Transmembrane helix;Transport	331
NP_214809	O53699	reviewed	Mycobacterium tuberculosis (strain ATCC 25618 / H37Rv)	Carbohydrate metabolism;Reference proteome;Transferase	267
NP_214867	O06302	unreviewed	Mycobacterium tuberculosis (strain ATCC 25618 / H37Rv)	Coiled coil;DNA-binding;Reference proteome;Stress response;Transcription;Transcription regulation	126
NP_214946	P9WGE9	reviewed	Mycobacterium tuberculosis (strain ATCC 25618 / H37Rv)	3D-structure;Antioxidant;Cell membrane;Copper;Disulfide bond;Lipoprotein;Membrane;Metal-binding;Oxidoreductase;Palmitate;Reference proteome;Signal;Zinc	240
NP_214989	P9WIP9	reviewed	Mycobacterium tuberculosis (strain ATCC 25618 / H37Rv)	Cell adhesion;Direct protein sequencing;Glycoprotein;Hemagglutinin;Heparin-binding;Reference proteome;Virulence	199
NP_215156	Q79FX8	reviewed	Mycobacterium tuberculosis (strain ATCC 25618 / H37Rv)	3D-structure;Lipid biosynthesis;Lipid metabolism;Methyltransferase;Reference proteome;S-adenosyl-L-methionine;Transferase	301
NP_215271	P71814	unreviewed	Mycobacterium tuberculosis (strain ATCC 25618 / H37Rv)	3D-structure;Calcium;DNA-binding;Metal-binding;Phosphoprotein;Reference proteome;Transcription;Transcription regulation;Two-component regulatory system	247
NP_215272	P71815	unreviewed	Mycobacterium tuberculosis (strain ATCC 25618 / H37Rv)	3D-structure;Kinase;Membrane;Phosphoprotein;Reference proteome;Transferase;Transmembrane;Transmembrane helix;Two-component regulatory system	485
NP_215496	P9WGM9	reviewed	Mycobacterium tuberculosis (strain ATCC 25618 / H37Rv)	Activator;Cytoplasm;DNA-binding;Phosphoprotein;Reference proteome;Repressor;Stress response;Transcription;Transcription regulation;Two-component regulatory system;Virulence	230
NP_215497	P9WGL1	reviewed	Mycobacterium tuberculosis (strain ATCC 25618 / H37Rv)	ATP-binding;Cell membrane;Hydrolase;Kinase;Magnesium;Manganese;Membrane;Nucleotide-binding;Phosphoprotein;Protein phosphatase;Reference proteome;Stress response;Transferase;Transmembrane;Transmembrane helix;Two-component regulatory system;Virulence	504
NP_215678	O06560	unreviewed	Mycobacterium tuberculosis (strain ATCC 25618 / H37Rv)	4Fe-4S;Electron transport;Iron;Iron-sulfur;Metal-binding;Reference proteome;Repeat;Transport	558
NP_215679	O06561	unreviewed	Mycobacterium tuberculosis (strain ATCC 25618 / H37Rv)	Nitrate assimilation;Reference proteome	201
NP_215680	O06562	unreviewed	Mycobacterium tuberculosis (strain ATCC 25618 / H37Rv)	Cell membrane;Electron transport;Heme;Iron;Membrane;Metal-binding;Molybdenum;Nitrate assimilation;Oxidoreductase;Reference proteome;Transmembrane;Transmembrane helix;Transport	246
NP_215737	P9WGG7	reviewed	Mycobacterium tuberculosis (strain ATCC 25618 / H37Rv)	3D-structure;Alternative promoter usage;DNA-binding;Reference proteome;Sigma factor;Transcription;Transcription regulation	257
NP_215860	P9WQF1	reviewed	Mycobacterium tuberculosis (strain ATCC 25618 / H37Rv)	Cytoplasm;Phosphopantetheine;Phosphoprotein;Reference proteome	84
NP_215861	P9WQ41	reviewed	Mycobacterium tuberculosis (strain ATCC 25618 / H37Rv)	ATP-binding;Ligase;Nucleotide-binding;Reference proteome	521
NP_215862	P9WQF9	reviewed	Mycobacterium tuberculosis (strain ATCC 25618 / H37Rv)	3D-structure;FAD;Flavoprotein;Oxidoreductase;Reference proteome	386
NP_215863	P9WK15	reviewed	Mycobacterium tuberculosis (strain ATCC 25618 / H37Rv)	3D-structure;Acyltransferase;Reference proteome;Transferase	210
NP_216151.1	O06152	unreviewed	Mycobacterium tuberculosis (strain ATCC 25618 / H37Rv)	Cell membrane;Glycosyltransferase;Membrane;Reference proteome;Transferase;Transmembrane;Transmembrane helix	556
NP_216298	P9WNQ9	reviewed	Mycobacterium tuberculosis (strain ATCC 25618 / H37Rv)	3D-structure;ATP-binding;Cell inner membrane;Cell membrane;Disulfide bond;Hydrolase;Membrane;Nucleotide-binding;Reference proteome;Transmembrane;Transmembrane helix;Transport	506
NP_216301	P9WPL3	reviewed	Mycobacterium tuberculosis (strain ATCC 25618 / H37Rv)	3D-structure;Acetylation;Heme;Iron;Metal-binding;Monooxygenase;Oxidoreductase;Reference proteome	393
NP_216302	O53937	reviewed	Mycobacterium tuberculosis (strain ATCC 25618 / H37Rv)	3D-structure;3Fe-4S;Electron transport;Iron;Iron-sulfur;Metal-binding;Reference proteome;Transport	67
NP_216310	O53943	reviewed	Mycobacterium tuberculosis (strain ATCC 25618 / H37Rv)	3D-structure;Chaperone;Cytoplasm;Reference proteome	300
NP_216311	P9WNP9	reviewed	Mycobacterium tuberculosis (strain ATCC 25618 / H37Rv)	3D-structure;Cell inner membrane;Cell membrane;Membrane;Reference proteome;Transmembrane;Transmembrane helix;Transport	503
NP_216312	O53945	reviewed	Mycobacterium tuberculosis (strain ATCC 25618 / H37Rv)	3D-structure;Cell membrane;Hydrolase;Membrane;Protease;Reference proteome;Serine protease;Signal;Transmembrane;Transmembrane helix	585
NP_216313	P9WJE3	reviewed	Mycobacterium tuberculosis (strain ATCC 25618 / H37Rv)	Cell inner membrane;Cell membrane;Membrane;Reference proteome;Transmembrane;Transmembrane helix;Transport	406
NP_216314	P9WPI1	reviewed	Mycobacterium tuberculosis (strain ATCC 25618 / H37Rv)	3D-structure;Acetylation;ATP-binding;Cytoplasm;Nucleotide-binding;Reference proteome	610
NP_216327	I6YBN6	unreviewed	Mycobacterium tuberculosis (strain ATCC 25618 / H37Rv)	Cell membrane;Membrane;Reference proteome;Transmembrane;Transmembrane helix	234
NP_216364.1	P9WFE7	reviewed	Mycobacterium tuberculosis (strain ATCC 25618 / H37Rv)	3D-structure;Cytoplasm;Direct protein sequencing;Hydrolase;Reference proteome	100
NP_216365.1	P9WFE9	reviewed	Mycobacterium tuberculosis (strain ATCC 25618 / H37Rv)	Cytoplasm;Direct protein sequencing;Hydrolase;Reference proteome	104
NP_216366.1	P9WFF1	reviewed	Mycobacterium tuberculosis (strain ATCC 25618 / H37Rv)	Cytoplasm;Direct protein sequencing;Hydrolase;Metal-binding;Nickel;Reference proteome	577
NP_216367.1	P9WFE5	reviewed	Mycobacterium tuberculosis (strain ATCC 25618 / H37Rv)	Chaperone;Cytoplasm;Nickel insertion;Reference proteome	211
NP_216368.1	P9WFE3	reviewed	Mycobacterium tuberculosis (strain ATCC 25618 / H37Rv)	Chaperone;Cytoplasm;Direct protein sequencing;Disulfide bond;GTP-binding;Nickel insertion;Nucleotide-binding;Reference proteome	224
NP_216369.1	P95161	unreviewed	Mycobacterium tuberculosis (strain ATCC 25618 / H37Rv)	Chaperone;Reference proteome	208
NP_216402	P9WQP1	reviewed	Mycobacterium tuberculosis (strain ATCC 25618 / H37Rv)	3D-structure;Acyltransferase;Direct protein sequencing;Disulfide bond;Reference proteome;Secreted;Signal;Transferase	325
NP_216424	P9WIE5	reviewed	Mycobacterium tuberculosis (strain ATCC 25618 / H37Rv)	3D-structure;Antibiotic resistance;Heme;Hydrogen peroxide;Iron;Metal-binding;Organic radical;Oxidoreductase;Peroxidase;Reference proteome;Virulence	740
NP_216424	I6YBX7	unreviewed	Mycobacterium tuberculosis (strain ATCC 25618 / H37Rv)	Heme;Hydrogen peroxide;Iron;Metal-binding;Oxidoreductase;Peroxidase	740
NP_216547	P9WMK1	reviewed	Mycobacterium tuberculosis (strain ATCC 25618 / H37Rv)	Cell wall;Chaperone;Cytoplasm;Direct protein sequencing;Isopeptide bond;Reference proteome;Secreted;Ubl conjugation	144
NP_216697.1	P9WMZ9	reviewed	Mycobacterium tuberculosis (strain ATCC 25618 / H37Rv)	Cell membrane;Glycosyltransferase;Lipid biosynthesis;Lipid metabolism;Membrane;Phospholipid biosynthesis;Phospholipid metabolism;Reference proteome;Transferase;Transmembrane;Transmembrane helix;Virulence	427
NP_216893	P9WIP5	reviewed	Mycobacterium tuberculosis (strain ATCC 25618 / H37Rv)	3D-structure;Reference proteome	71
NP_216894	P9WKF7	reviewed	Mycobacterium tuberculosis (strain ATCC 25618 / H37Rv)	FAD;Flavoprotein;Monooxygenase;NADP;Oxidoreductase;Reference proteome;Signal	431
NP_216897	P71719	unreviewed	Mycobacterium tuberculosis (strain ATCC 25618 / H37Rv)	Phosphopantetheine;Phosphoprotein;Reference proteome;Transferase	1004
NP_216898	P71718	unreviewed	Mycobacterium tuberculosis (strain ATCC 25618 / H37Rv)	Reference proteome;Transferase	444
NP_216900	P71716	reviewed	Mycobacterium tuberculosis (strain ATCC 25618 / H37Rv)	ATP-binding;Ligase;Nucleotide-binding;Reference proteome;Transferase	565
NP_216944	P9WQB7	reviewed	Mycobacterium tuberculosis (strain ATCC 25618 / H37Rv)	3D-structure;Antioxidant;Cytoplasm;Direct protein sequencing;Disulfide bond;Oxidoreductase;Peroxidase;Redox-active center;Reference proteome;Stress response	195
NP_217099	P9WHG9	reviewed	Mycobacterium tuberculosis (strain ATCC 25618 / H37Rv)	3D-structure;ATP-binding;Direct protein sequencing;GTP-binding;Hydrolase;Kinase;Magnesium;Manganese;Metal-binding;Nucleotide-binding;Reference proteome;Transferase	738
NP_217219	P9WGI1	reviewed	Mycobacterium tuberculosis (strain ATCC 25618 / H37Rv)	3D-structure;Cytoplasm;DNA-binding;Reference proteome;Sigma factor;Transcription;Transcription regulation	528
NP_217227	P9WMH1	reviewed	Mycobacterium tuberculosis (strain ATCC 25618 / H37Rv)	3D-structure;Activator;Cytoplasm;DNA-binding;Iron;Reference proteome;Repressor;Transcription;Transcription regulation	230
NP_217444	P9WQD5	reviewed	Mycobacterium tuberculosis (strain ATCC 25618 / H37Rv)	3D-structure;Hydrolase;Lipid biosynthesis;Lipid metabolism;Reference proteome;Virulence	261
NP_217446	P9WQ43	reviewed	Mycobacterium tuberculosis (strain ATCC 25618 / H37Rv)	ATP-binding;Fatty acid metabolism;Ligase;Lipid metabolism;Nucleotide-binding;Reference proteome	583
NP_217452	P9WQL9	reviewed	Mycobacterium tuberculosis (strain ATCC 25618 / H37Rv)	Antibiotic resistance;ATP-binding;Cell membrane;Membrane;Nucleotide-binding;Reference proteome;Translocase;Transport	331
NP_217453	P9WG23	reviewed	Mycobacterium tuberculosis (strain ATCC 25618 / H37Rv)	Antibiotic resistance;Cell membrane;Membrane;Reference proteome;Transmembrane;Transmembrane helix;Transport	289
NP_217454	P9WG21	reviewed	Mycobacterium tuberculosis (strain ATCC 25618 / H37Rv)	Antibiotic resistance;Cell membrane;Membrane;Reference proteome;Transmembrane;Transmembrane helix;Transport	276
NP_217455	P9WIN5	reviewed	Mycobacterium tuberculosis (strain ATCC 25618 / H37Rv)	3D-structure;Acetylation;Acyltransferase;Lipid biosynthesis;Lipid metabolism;Phosphoprotein;Reference proteome;Transferase	422
NP_217457	P9WQ59	reviewed	Mycobacterium tuberculosis (strain ATCC 25618 / H37Rv)	3D-structure;ATP-binding;Fatty acid metabolism;Ligase;Lipid metabolism;Nucleotide-binding;Reference proteome	580
NP_217458	P9WJU7	reviewed	Mycobacterium tuberculosis (strain ATCC 25618 / H37Rv)	Cell inner membrane;Cell membrane;Cell wall biogenesis/degradation;Lipid transport;Membrane;Phosphoprotein;Reference proteome;Transmembrane;Transmembrane helix;Transport;Virulence	920
NP_217461	P9WK65	reviewed	Mycobacterium tuberculosis (strain ATCC 25618 / H37Rv)	3D-structure;Cell membrane;Cell wall;Glycoprotein;Lipid transport;Lipoprotein;Membrane;Palmitate;Reference proteome;Secreted;Signal;Transport;Virulence	233
NP_217463	P96284	reviewed	Mycobacterium tuberculosis (strain ATCC 25618 / H37Rv)	Reference proteome;Transferase	496
NP_217464	P9WQ61	reviewed	Mycobacterium tuberculosis (strain ATCC 25618 / H37Rv)	Fatty acid metabolism;Ligase;Lipid metabolism;Phosphopantetheine;Phosphoprotein;Reference proteome	705
NP_217465	P9WIC5	reviewed	Mycobacterium tuberculosis (strain ATCC 25618 / H37Rv)	Lyase;Reference proteome	199
NP_217466	P95141	reviewed	Mycobacterium tuberculosis (strain ATCC 25618 / H37Rv)	ATP-binding;Fatty acid metabolism;Ligase;Lipid metabolism;Nucleotide-binding;Reference proteome	619
NP_217467	P9WIB7	reviewed	Mycobacterium tuberculosis (strain ATCC 25618 / H37Rv)	Lipid biosynthesis;Lipid metabolism;Oxidoreductase;Reference proteome	381
NP_217468	P9WIN3	reviewed	Mycobacterium tuberculosis (strain ATCC 25618 / H37Rv)	Lipid biosynthesis;Lipid metabolism;Methyltransferase;Reference proteome;Transferase	270
NP_217469	P9WGV5	reviewed	Mycobacterium tuberculosis (strain ATCC 25618 / H37Rv)	Lipid biosynthesis;Lipid metabolism;Oxidoreductase;Reference proteome	418
NP_217470	I6X5U4	unreviewed	Mycobacterium tuberculosis (strain ATCC 25618 / H37Rv)	Reference proteome	241
NP_217471	P95137	unreviewed	Mycobacterium tuberculosis (strain ATCC 25618 / H37Rv)	Reference proteome	321
NP_217472	I6Y242	unreviewed	Mycobacterium tuberculosis (strain ATCC 25618 / H37Rv)	Reference proteome	243
NP_217473	P9WMX7	reviewed	Mycobacterium tuberculosis (strain ATCC 25618 / H37Rv)	Glycosyltransferase;Reference proteome;Transferase	256
NP_217474	P9WFR1	reviewed	Mycobacterium tuberculosis (strain ATCC 25618 / H37Rv)	Glycosyltransferase;Reference proteome;Transferase	428
NP_217475	P9WIM5	reviewed	Mycobacterium tuberculosis (strain ATCC 25618 / H37Rv)	Lipid biosynthesis;Lipid metabolism;Methyltransferase;Reference proteome;Signal;Transferase	245
NP_217478	P9WN09	reviewed	Mycobacterium tuberculosis (strain ATCC 25618 / H37Rv)	Glycosyltransferase;Reference proteome;Transferase	449
NP_217648	P9WGK3	reviewed	Mycobacterium tuberculosis (strain ATCC 25618 / H37Rv)	3D-structure;Acetylation;ATP-binding;Cytoplasm;Heme;Iron;Kinase;Magnesium;Metal-binding;Nucleotide-binding;Phosphoprotein;Reference proteome;Repeat;Transferase;Two-component regulatory system	578
NP_217649	P9WMF9	reviewed	Mycobacterium tuberculosis (strain ATCC 25618 / H37Rv)	3D-structure;Activator;Cytoplasm;DNA-binding;Host cytoplasmic vesicle;Phosphoprotein;Reference proteome;Transcription;Transcription regulation;Two-component regulatory system	217
NP_217739	P9WGH9	reviewed	Mycobacterium tuberculosis (strain ATCC 25618 / H37Rv)	3D-structure;Direct protein sequencing;DNA-binding;Phosphoprotein;Reference proteome;Sigma factor;Stress response;Transcription;Transcription regulation	216
NP_217803	P9WGI3	reviewed	Mycobacterium tuberculosis (strain ATCC 25618 / H37Rv)	3D-structure;DNA-binding;Reference proteome;Sigma factor;Transcription;Transcription regulation	261
NP_217933	P9WF41	reviewed	Mycobacterium tuberculosis (strain ATCC 25618 / H37Rv)	3D-structure;4Fe-4S;Cytoplasm;Disulfide bond;DNA-binding;Iron;Iron-sulfur;Metal-binding;Reference proteome;Stress response;Transcription;Transcription regulation;Virulence	102
NP_218004	O06350	reviewed	Mycobacterium tuberculosis (strain ATCC 25618 / H37Rv)	Cell wall;Direct protein sequencing;Hydrolase;Reference proteome;Secreted;Serine esterase;Stress response	373
NP_218118	P9WIL3	reviewed	Mycobacterium tuberculosis (strain ATCC 25618 / H37Rv)	3D-structure;Autocatalytic cleavage;Cytoplasm;Decarboxylase;Direct protein sequencing;Lyase;Pantothenate biosynthesis;Pyruvate;Reference proteome;Schiff base;Virulence;Zymogen	139
NP_218119	P9WIL5	reviewed	Mycobacterium tuberculosis (strain ATCC 25618 / H37Rv)	3D-structure;Acetylation;ATP-binding;Cytoplasm;Direct protein sequencing;Ligase;Magnesium;Metal-binding;Nucleotide-binding;Pantothenate biosynthesis;Reference proteome;Virulence	309
NP_218131	P9WJD5	reviewed	Mycobacterium tuberculosis (strain ATCC 25618 / H37Rv)	Reference proteome;Secreted;Virulence	184
NP_218132	P9WJD7	reviewed	Mycobacterium tuberculosis (strain ATCC 25618 / H37Rv)	Acetylation;Reference proteome;Secreted;Virulence	103
NP_218133	P9WJE1	reviewed	Mycobacterium tuberculosis (strain ATCC 25618 / H37Rv)	Disulfide bond;Reference proteome;Secreted;Virulence	392
NP_218321	P9WQP3	reviewed	Mycobacterium tuberculosis (strain ATCC 25618 / H37Rv)	3D-structure;Acyltransferase;Cell wall;Cytoplasm;Direct protein sequencing;Disulfide bond;Reference proteome;Secreted;Signal;Transferase	338
NP_218322.1	O53582	reviewed	Mycobacterium tuberculosis (strain ATCC 25618 / H37Rv)	Cell wall biogenesis/degradation;Glycosyltransferase;Membrane;Reference proteome;Signal;Transferase;Transmembrane;Transmembrane helix	627
NP_218327	P9WIQ7	reviewed	Mycobacterium tuberculosis (strain ATCC 25618 / H37Rv)	Cell membrane;Membrane;Reference proteome;Repeat;Signal;Transmembrane;Transmembrane helix	284
NP_218341	P9WIK9	reviewed	Mycobacterium tuberculosis (strain ATCC 25618 / H37Rv)	Acyltransferase;Cell wall biogenesis/degradation;Lipid biosynthesis;Lipid metabolism;Reference proteome;Transferase	511
NP_218363	P9WGE7	reviewed	Mycobacterium tuberculosis (strain ATCC 25618 / H37Rv)	3D-structure;Direct protein sequencing;Iron;Isopeptide bond;Metal-binding;Oxidoreductase;Reference proteome;Secreted;Ubl conjugation	207
NP_218366	P9WJB7	reviewed	Mycobacterium tuberculosis (strain ATCC 25618 / H37Rv)	3D-structure;Activator;Cytoplasm;DNA-binding;Reference proteome;Repressor;Transcription;Transcription regulation;Virulence	132
NP_218381	P9WJD3	reviewed	Mycobacterium tuberculosis (strain ATCC 25618 / H37Rv)	Cell inner membrane;Cell membrane;Membrane;Reference proteome;Transmembrane;Transmembrane helix	402
NP_218382	P9WJD1	reviewed	Mycobacterium tuberculosis (strain ATCC 25618 / H37Rv)	Acetylation;Reference proteome	103
NP_218383	P96210	reviewed	Mycobacterium tuberculosis (strain ATCC 25618 / H37Rv)	Chaperone;Cytoplasm;Reference proteome	283
NP_218384	O69732	reviewed	Mycobacterium tuberculosis (strain ATCC 25618 / H37Rv)	Reference proteome	183
NP_218385	P9WPH9	reviewed	Mycobacterium tuberculosis (strain ATCC 25618 / H37Rv)	3D-structure;ATP-binding;Cytoplasm;Direct protein sequencing;Nucleotide-binding;Reference proteome	573
NP_218386	P9WNR7	reviewed	Mycobacterium tuberculosis (strain ATCC 25618 / H37Rv)	3D-structure;ATP-binding;Cell inner membrane;Cell membrane;Disulfide bond;Hydrolase;Membrane;Nucleotide-binding;Reference proteome;Repeat;Transmembrane;Transmembrane helix;Transport	480
NP_218387	P9WNB3	reviewed	Mycobacterium tuberculosis (strain ATCC 25618 / H37Rv)	ATP-binding;Cell inner membrane;Cell membrane;Membrane;Nucleotide-binding;Reference proteome;Transmembrane;Transmembrane helix;Transport	747
NP_218388	P9WNB1	reviewed	Mycobacterium tuberculosis (strain ATCC 25618 / H37Rv)	3D-structure;ATP-binding;Cytoplasm;Nucleotide-binding;Reference proteome;Repeat	591
NP_218391	P9WNK5	reviewed	Mycobacterium tuberculosis (strain ATCC 25618 / H37Rv)	3D-structure;Acetylation;Cell wall;Chaperone;Coiled coil;Direct protein sequencing;Host endoplasmic reticulum;Reference proteome;Secreted;Virulence	100
NP_218393	P9WJC5	reviewed	Mycobacterium tuberculosis (strain ATCC 25618 / H37Rv)	ATP-binding;Nucleotide-binding;Reference proteome	666
NP_218394	P9WNQ7	reviewed	Mycobacterium tuberculosis (strain ATCC 25618 / H37Rv)	3D-structure;Acetylation;Cell inner membrane;Cell membrane;Membrane;Reference proteome;Transmembrane;Transmembrane helix;Transport	511
NP_218395	P9WJC3	reviewed	Mycobacterium tuberculosis (strain ATCC 25618 / H37Rv)	Phosphoprotein;Reference proteome;Secreted;Virulence	280
NP_218396	P9WJC1	reviewed	Mycobacterium tuberculosis (strain ATCC 25618 / H37Rv)	3D-structure;Cytoplasm;Reference proteome	729
NP_218397	P9WJB9	reviewed	Mycobacterium tuberculosis (strain ATCC 25618 / H37Rv)	Acetylation;Reference proteome	115
NP_218398	P9WJD9	reviewed	Mycobacterium tuberculosis (strain ATCC 25618 / H37Rv)	3D-structure;Acetylation;Direct protein sequencing;Reference proteome;Secreted;Virulence	460
NP_218399	P9WJE9	reviewed	Mycobacterium tuberculosis (strain ATCC 25618 / H37Rv)	Cell inner membrane;Cell membrane;Membrane;Reference proteome;Transmembrane;Transmembrane helix;Transport	462
NP_218400	O05461	reviewed	Mycobacterium tuberculosis (strain ATCC 25618 / H37Rv)	Cell membrane;Hydrolase;Membrane;Protease;Reference proteome;Serine protease;Signal;Transmembrane;Transmembrane helix	446
NP_219502	O84883	reviewed	Chlamydia trachomatis serovar D (strain ATCC VR-885 / DSM 19411 / UW-3/Cx)	Reference proteome	591
NP_219507	O84008	reviewed	Chlamydia trachomatis serovar D (strain ATCC VR-885 / DSM 19411 / UW-3/Cx)	Cell membrane;Membrane;Reference proteome;Transmembrane;Transmembrane helix	363
NP_219508	O84009	reviewed	Chlamydia trachomatis serovar D (strain ATCC VR-885 / DSM 19411 / UW-3/Cx)	Cell membrane;Membrane;Reference proteome;Transmembrane;Transmembrane helix	189
NP_219519.1	O84020	unreviewed	Chlamydia trachomatis serovar D (strain ATCC VR-885 / DSM 19411 / UW-3/Cx)	Reference proteome	433
NP_219545	O84046	unreviewed	Chlamydia trachomatis serovar D (strain ATCC VR-885 / DSM 19411 / UW-3/Cx)	Hydrolase;Reference proteome	666
NP_219546	O84047	unreviewed	Chlamydia trachomatis serovar D (strain ATCC VR-885 / DSM 19411 / UW-3/Cx)	Reference proteome	167
NP_219556	O84056	unreviewed	Chlamydia trachomatis serovar D (strain ATCC VR-885 / DSM 19411 / UW-3/Cx)	Coiled coil;Reference proteome	148
NP_219563	O84063	unreviewed	Chlamydia trachomatis serovar D (strain ATCC VR-885 / DSM 19411 / UW-3/Cx)	Cell projection;Cilium;Flagellum;Membrane;Reference proteome;Transmembrane;Transmembrane helix	605
NP_219586	O84085	unreviewed	Chlamydia trachomatis serovar D (strain ATCC VR-885 / DSM 19411 / UW-3/Cx)	Reference proteome	160
NP_219591	O84090	unreviewed	Chlamydia trachomatis serovar D (strain ATCC VR-885 / DSM 19411 / UW-3/Cx)	Reference proteome	146
NP_219592	O84091	unreviewed	Chlamydia trachomatis serovar D (strain ATCC VR-885 / DSM 19411 / UW-3/Cx)	Reference proteome	421
NP_219593	O84092	unreviewed	Chlamydia trachomatis serovar D (strain ATCC VR-885 / DSM 19411 / UW-3/Cx)	Cell inner membrane;Cell membrane;Membrane;Reference proteome;Transmembrane;Transmembrane helix;Transport	708
NP_219594	O84093	unreviewed	Chlamydia trachomatis serovar D (strain ATCC VR-885 / DSM 19411 / UW-3/Cx)	3D-structure;Cell membrane;Membrane;Reference proteome;Transmembrane;Transmembrane helix	360
NP_219604	O84103	unreviewed	Chlamydia trachomatis serovar D (strain ATCC VR-885 / DSM 19411 / UW-3/Cx)	Membrane;Reference proteome;Transmembrane;Transmembrane helix	153
NP_219608	O84107	unreviewed	Chlamydia trachomatis serovar D (strain ATCC VR-885 / DSM 19411 / UW-3/Cx)	Reference proteome	656
NP_219618	P0DJI3	reviewed	Chlamydia trachomatis serovar D (strain ATCC VR-885 / DSM 19411 / UW-3/Cx)	Host membrane;Membrane;Reference proteome;Secreted;Transmembrane;Transmembrane helix;Virulence	141
NP_219619	P0DJI4	reviewed	Chlamydia trachomatis serovar D (strain ATCC VR-885 / DSM 19411 / UW-3/Cx)	3D-structure;Host membrane;Membrane;Reference proteome;Secreted;Transmembrane;Transmembrane helix;Virulence	132
NP_219620	P0DJI5	reviewed	Chlamydia trachomatis serovar D (strain ATCC VR-885 / DSM 19411 / UW-3/Cx)	Host membrane;Membrane;Reference proteome;Secreted;Transmembrane;Transmembrane helix;Virulence	104
NP_219621	P0DPS6	reviewed	Chlamydia trachomatis serovar D (strain ATCC VR-885 / DSM 19411 / UW-3/Cx)	Host membrane;Membrane;Phosphoprotein;Reference proteome;Secreted;Transmembrane;Transmembrane helix;Virulence	167
NP_219622	P0CI27	reviewed	Chlamydia trachomatis serovar D (strain ATCC VR-885 / DSM 19411 / UW-3/Cx)	3D-structure;Coiled coil;Host membrane;Membrane;Reference proteome;Secreted;Transmembrane;Transmembrane helix;Virulence	273
NP_219637	O84136	unreviewed	Chlamydia trachomatis serovar D (strain ATCC VR-885 / DSM 19411 / UW-3/Cx)	Membrane;Reference proteome;Transmembrane;Transmembrane helix	137
NP_219638	O84137	unreviewed	Chlamydia trachomatis serovar D (strain ATCC VR-885 / DSM 19411 / UW-3/Cx)	Membrane;Reference proteome;Transmembrane;Transmembrane helix	360
NP_219645	O84144	unreviewed	Chlamydia trachomatis serovar D (strain ATCC VR-885 / DSM 19411 / UW-3/Cx)	Reference proteome	285
NP_219646	O84145	unreviewed	Chlamydia trachomatis serovar D (strain ATCC VR-885 / DSM 19411 / UW-3/Cx)	Reference proteome	280
NP_219647	O84146	unreviewed	Chlamydia trachomatis serovar D (strain ATCC VR-885 / DSM 19411 / UW-3/Cx)	Reference proteome	285
NP_219659	O84158	unreviewed	Chlamydia trachomatis serovar D (strain ATCC VR-885 / DSM 19411 / UW-3/Cx)	Reference proteome	113
NP_219664	O84163	unreviewed	Chlamydia trachomatis serovar D (strain ATCC VR-885 / DSM 19411 / UW-3/Cx)	Reference proteome	246
NP_219666	O84165	unreviewed	Chlamydia trachomatis serovar D (strain ATCC VR-885 / DSM 19411 / UW-3/Cx)	Membrane;Reference proteome;Transmembrane;Transmembrane helix	548
NP_219683	O84182	unreviewed	Chlamydia trachomatis serovar D (strain ATCC VR-885 / DSM 19411 / UW-3/Cx)	Membrane;Reference proteome;Transmembrane;Transmembrane helix	170
NP_219696	O84195	unreviewed	Chlamydia trachomatis serovar D (strain ATCC VR-885 / DSM 19411 / UW-3/Cx)	Membrane;Reference proteome;Transmembrane;Transmembrane helix	257
NP_219707	O84206	reviewed	Chlamydia trachomatis serovar D (strain ATCC VR-885 / DSM 19411 / UW-3/Cx)	Reference proteome	251
NP_219728	O84226	unreviewed	Chlamydia trachomatis serovar D (strain ATCC VR-885 / DSM 19411 / UW-3/Cx)	Coiled coil;Membrane;Reference proteome;Transmembrane;Transmembrane helix	270
NP_219729	O84227	unreviewed	Chlamydia trachomatis serovar D (strain ATCC VR-885 / DSM 19411 / UW-3/Cx)	Membrane;Reference proteome;Transmembrane;Transmembrane helix	147
NP_219730	O84228	unreviewed	Chlamydia trachomatis serovar D (strain ATCC VR-885 / DSM 19411 / UW-3/Cx)	Membrane;Reference proteome;Transmembrane;Transmembrane helix	122
NP_219731	O84229	unreviewed	Chlamydia trachomatis serovar D (strain ATCC VR-885 / DSM 19411 / UW-3/Cx)	Coiled coil;Membrane;Reference proteome;Transmembrane;Transmembrane helix	176
NP_219732	O84230	unreviewed	Chlamydia trachomatis serovar D (strain ATCC VR-885 / DSM 19411 / UW-3/Cx)	Membrane;Reference proteome;Transmembrane;Transmembrane helix	133
NP_219733	O84231	unreviewed	Chlamydia trachomatis serovar D (strain ATCC VR-885 / DSM 19411 / UW-3/Cx)	Coiled coil;Membrane;Reference proteome;Transmembrane;Transmembrane helix	196
NP_219734	O84232	unreviewed	Chlamydia trachomatis serovar D (strain ATCC VR-885 / DSM 19411 / UW-3/Cx)	Membrane;Reference proteome;Transmembrane;Transmembrane helix	215
NP_219737	O84235	unreviewed	Chlamydia trachomatis serovar D (strain ATCC VR-885 / DSM 19411 / UW-3/Cx)	Membrane;Reference proteome;Transmembrane;Transmembrane helix	115
NP_219738	O84236	unreviewed	Chlamydia trachomatis serovar D (strain ATCC VR-885 / DSM 19411 / UW-3/Cx)	Membrane;Reference proteome;Transmembrane;Transmembrane helix	178
NP_219754	O84251	unreviewed	Chlamydia trachomatis serovar D (strain ATCC VR-885 / DSM 19411 / UW-3/Cx)	Membrane;Reference proteome;Transmembrane;Transmembrane helix	116
NP_219765	O84262	unreviewed	Chlamydia trachomatis serovar D (strain ATCC VR-885 / DSM 19411 / UW-3/Cx)	Reference proteome	163
NP_219779	O84276	unreviewed	Chlamydia trachomatis serovar D (strain ATCC VR-885 / DSM 19411 / UW-3/Cx)	Reference proteome	139
NP_219793	O84290	reviewed	Chlamydia trachomatis serovar D (strain ATCC VR-885 / DSM 19411 / UW-3/Cx)	Host membrane;Membrane;Reference proteome;Secreted;Transmembrane;Transmembrane helix;Virulence	563
NP_219852	O84349	unreviewed	Chlamydia trachomatis serovar D (strain ATCC VR-885 / DSM 19411 / UW-3/Cx)	Membrane;Reference proteome;Transmembrane;Transmembrane helix	121
NP_219867	O84363	unreviewed	Chlamydia trachomatis serovar D (strain ATCC VR-885 / DSM 19411 / UW-3/Cx)	Membrane;Reference proteome;Transmembrane;Transmembrane helix	178
NP_219893	O84388	unreviewed	Chlamydia trachomatis serovar D (strain ATCC VR-885 / DSM 19411 / UW-3/Cx)	Membrane;Reference proteome;Transmembrane;Transmembrane helix	243
NP_219908	O84403	unreviewed	Chlamydia trachomatis serovar D (strain ATCC VR-885 / DSM 19411 / UW-3/Cx)	Coiled coil;Reference proteome	254
NP_219922.1	O84417	reviewed	Chlamydia trachomatis serovar D (strain ATCC VR-885 / DSM 19411 / UW-3/Cx)	Cell outer membrane;Cell wall;Membrane;Reference proteome;Secreted;Signal;Transmembrane;Transmembrane beta strand	975
NP_219941	O84436	reviewed	Chlamydia trachomatis serovar D (strain ATCC VR-885 / DSM 19411 / UW-3/Cx)	Reference proteome	329
NP_219952	O84447	unreviewed	Chlamydia trachomatis serovar D (strain ATCC VR-885 / DSM 19411 / UW-3/Cx)	Membrane;Reference proteome;Transmembrane;Transmembrane helix	112
NP_219954	O84449	reviewed	Chlamydia trachomatis serovar D (strain ATCC VR-885 / DSM 19411 / UW-3/Cx)	Membrane;Reference proteome;Transmembrane;Transmembrane helix	150
NP_219955	P0CC04	reviewed	Chlamydia trachomatis serovar D (strain ATCC VR-885 / DSM 19411 / UW-3/Cx)	Cell shape;Disulfide bond;Periplasm;Reference proteome;Signal	547
NP_219962	O84455	unreviewed	Chlamydia trachomatis serovar D (strain ATCC VR-885 / DSM 19411 / UW-3/Cx)	Membrane;Reference proteome;Transmembrane;Transmembrane helix	110
NP_219969	O84462	reviewed	Chlamydia trachomatis serovar D (strain ATCC VR-885 / DSM 19411 / UW-3/Cx)	Phosphoprotein;Reference proteome;Secreted;Virulence	1005
NP_219986	O84479	reviewed	Chlamydia trachomatis serovar D (strain ATCC VR-885 / DSM 19411 / UW-3/Cx)	Cell inner membrane;Cell membrane;Membrane;Reference proteome	104
NP_219997	O84490	unreviewed	Chlamydia trachomatis serovar D (strain ATCC VR-885 / DSM 19411 / UW-3/Cx)	Membrane;Reference proteome;Transmembrane;Transmembrane helix	121
NP_220044	O84534	unreviewed	Chlamydia trachomatis serovar D (strain ATCC VR-885 / DSM 19411 / UW-3/Cx)	Membrane;Reference proteome;Transmembrane;Transmembrane helix	298
NP_220065	O84554	unreviewed	Chlamydia trachomatis serovar D (strain ATCC VR-885 / DSM 19411 / UW-3/Cx)	Reference proteome	141
NP_220074	O84563	unreviewed	Chlamydia trachomatis serovar D (strain ATCC VR-885 / DSM 19411 / UW-3/Cx)	Cell outer membrane;Lipoprotein;Membrane;Palmitate;Reference proteome;Signal;Transmembrane;Transmembrane helix	326
NP_220075	O84564	unreviewed	Chlamydia trachomatis serovar D (strain ATCC VR-885 / DSM 19411 / UW-3/Cx)	Reference proteome	278
NP_220076	O84565	unreviewed	Chlamydia trachomatis serovar D (strain ATCC VR-885 / DSM 19411 / UW-3/Cx)	Bacterial flagellum biogenesis;Bacterial flagellum protein export;Cytoplasm;Protein transport;Reference proteome;Transport	223
NP_220077	O84566	unreviewed	Chlamydia trachomatis serovar D (strain ATCC VR-885 / DSM 19411 / UW-3/Cx)	Cell membrane;Lipoprotein;Membrane;Palmitate;Reference proteome;Signal;Transmembrane;Transmembrane helix	306
NP_220078	O84567	unreviewed	Chlamydia trachomatis serovar D (strain ATCC VR-885 / DSM 19411 / UW-3/Cx)	Cell membrane;Membrane;Reference proteome;Transmembrane;Transmembrane helix	94
NP_220079	O84568	unreviewed	Chlamydia trachomatis serovar D (strain ATCC VR-885 / DSM 19411 / UW-3/Cx)	Cell membrane;Membrane;Reference proteome;Transmembrane;Transmembrane helix	289
NP_220080	O84569	unreviewed	Chlamydia trachomatis serovar D (strain ATCC VR-885 / DSM 19411 / UW-3/Cx)	Membrane;Reference proteome;Transmembrane;Transmembrane helix	147
NP_220091	O84580	unreviewed	Chlamydia trachomatis serovar D (strain ATCC VR-885 / DSM 19411 / UW-3/Cx)	Reference proteome	232
NP_220092	O84581	unreviewed	Chlamydia trachomatis serovar D (strain ATCC VR-885 / DSM 19411 / UW-3/Cx)	Reference proteome	119
NP_220093	O84582	unreviewed	Chlamydia trachomatis serovar D (strain ATCC VR-885 / DSM 19411 / UW-3/Cx)	Membrane;Reference proteome;Transmembrane;Transmembrane helix	487
NP_220094	O84583	reviewed	Chlamydia trachomatis serovar D (strain ATCC VR-885 / DSM 19411 / UW-3/Cx)	Reference proteome	439
NP_220099	O84588	reviewed	Chlamydia trachomatis serovar D (strain ATCC VR-885 / DSM 19411 / UW-3/Cx)	Reference proteome	183
NP_220123	O84612	unreviewed	Chlamydia trachomatis serovar D (strain ATCC VR-885 / DSM 19411 / UW-3/Cx)	Reference proteome	79
NP_220127	O84616	reviewed	Chlamydia trachomatis serovar D (strain ATCC VR-885 / DSM 19411 / UW-3/Cx)	3D-structure;Host cytoplasm;Iron;Manganese;Metal-binding;Oxidoreductase;Reference proteome;Secreted;Toxin;Virulence	231
NP_220135	O84623	unreviewed	Chlamydia trachomatis serovar D (strain ATCC VR-885 / DSM 19411 / UW-3/Cx)	Membrane;Reference proteome;Transmembrane;Transmembrane helix	266
NP_220136	O84624	unreviewed	Chlamydia trachomatis serovar D (strain ATCC VR-885 / DSM 19411 / UW-3/Cx)	Coiled coil;Reference proteome	877
NP_220137	O84625	unreviewed	Chlamydia trachomatis serovar D (strain ATCC VR-885 / DSM 19411 / UW-3/Cx)	Coiled coil;Reference proteome	838
NP_220138	O84626	unreviewed	Chlamydia trachomatis serovar D (strain ATCC VR-885 / DSM 19411 / UW-3/Cx)	Reference proteome	832
NP_220139	O84627	unreviewed	Chlamydia trachomatis serovar D (strain ATCC VR-885 / DSM 19411 / UW-3/Cx)	Coiled coil;Reference proteome	647
NP_220171	O84659	unreviewed	Chlamydia trachomatis serovar D (strain ATCC VR-885 / DSM 19411 / UW-3/Cx)	Reference proteome	59
NP_220175	O84663	unreviewed	Chlamydia trachomatis serovar D (strain ATCC VR-885 / DSM 19411 / UW-3/Cx)	Reference proteome	97
NP_220182	O84670	reviewed	Chlamydia trachomatis serovar D (strain ATCC VR-885 / DSM 19411 / UW-3/Cx)	Reference proteome	133
NP_220183	O84671	unreviewed	Chlamydia trachomatis serovar D (strain ATCC VR-885 / DSM 19411 / UW-3/Cx)	3D-structure;Membrane;Reference proteome;Transmembrane;Transmembrane helix	829
NP_220184	O84672	reviewed	Chlamydia trachomatis serovar D (strain ATCC VR-885 / DSM 19411 / UW-3/Cx)	Reference proteome	83
NP_220185	O84673	reviewed	Chlamydia trachomatis serovar D (strain ATCC VR-885 / DSM 19411 / UW-3/Cx)	Reference proteome	83
NP_220186	O84674	unreviewed	Chlamydia trachomatis serovar D (strain ATCC VR-885 / DSM 19411 / UW-3/Cx)	Reference proteome	149
NP_220189	O84677	unreviewed	Chlamydia trachomatis serovar D (strain ATCC VR-885 / DSM 19411 / UW-3/Cx)	3D-structure;Coiled coil;Reference proteome	168
NP_220190	O84678	reviewed	Chlamydia trachomatis serovar D (strain ATCC VR-885 / DSM 19411 / UW-3/Cx)	Reference proteome	283
NP_220191	O84679	unreviewed	Chlamydia trachomatis serovar D (strain ATCC VR-885 / DSM 19411 / UW-3/Cx)	Cell projection;Cilium;Flagellum;Reference proteome	373
NP_220192	O84680	unreviewed	Chlamydia trachomatis serovar D (strain ATCC VR-885 / DSM 19411 / UW-3/Cx)	ATP-binding;Kinase;Nucleotide-binding;Reference proteome;Serine/threonine-protein kinase;Transferase	490
NP_220193	O84681	unreviewed	Chlamydia trachomatis serovar D (strain ATCC VR-885 / DSM 19411 / UW-3/Cx)	Coiled coil;Membrane;Reference proteome;Signal;Transmembrane;Transport	921
NP_220200	Q46409	reviewed	Chlamydia trachomatis serovar D (strain ATCC VR-885 / DSM 19411 / UW-3/Cx)	Cell outer membrane;Cell shape;Disulfide bond;Ion transport;Membrane;Porin;Reference proteome;Signal;Transmembrane;Transmembrane beta strand;Transport	393
NP_220213	O84700	unreviewed	Chlamydia trachomatis serovar D (strain ATCC VR-885 / DSM 19411 / UW-3/Cx)	Reference proteome	323
NP_220214	O84701	unreviewed	Chlamydia trachomatis serovar D (strain ATCC VR-885 / DSM 19411 / UW-3/Cx)	Reference proteome	398
NP_220230	O84717	unreviewed	Chlamydia trachomatis serovar D (strain ATCC VR-885 / DSM 19411 / UW-3/Cx)	Reference proteome	767
NP_220231	O84718	unreviewed	Chlamydia trachomatis serovar D (strain ATCC VR-885 / DSM 19411 / UW-3/Cx)	Coiled coil;Reference proteome	390
NP_220236	O84722	unreviewed	Chlamydia trachomatis serovar D (strain ATCC VR-885 / DSM 19411 / UW-3/Cx)	ATP-binding;Cytoplasm;Nucleotide-binding;Protein transport;Reference proteome;Translocase;Transport	434
NP_220238	O84724	unreviewed	Chlamydia trachomatis serovar D (strain ATCC VR-885 / DSM 19411 / UW-3/Cx)	Cell projection;Cilium;Flagellum;Membrane;Reference proteome;Transmembrane;Transmembrane helix	334
NP_220256	O84742	unreviewed	Chlamydia trachomatis serovar D (strain ATCC VR-885 / DSM 19411 / UW-3/Cx)	Reference proteome	219
NP_220257	O84743	unreviewed	Chlamydia trachomatis serovar D (strain ATCC VR-885 / DSM 19411 / UW-3/Cx)	Hydrolase;Reference proteome	262
NP_220318	O84804	reviewed	Chlamydia trachomatis serovar D (strain ATCC VR-885 / DSM 19411 / UW-3/Cx)	Glycogen biosynthesis;Glycosyltransferase;Reference proteome;Transferase	474
NP_220333	O84819	unreviewed	Chlamydia trachomatis serovar D (strain ATCC VR-885 / DSM 19411 / UW-3/Cx)	Coiled coil;Membrane;Reference proteome;Transmembrane;Transmembrane helix	264
NP_220368	O84854	unreviewed	Chlamydia trachomatis serovar D (strain ATCC VR-885 / DSM 19411 / UW-3/Cx)	Reference proteome	172
NP_220369	O84855	unreviewed	Chlamydia trachomatis serovar D (strain ATCC VR-885 / DSM 19411 / UW-3/Cx)	Reference proteome	168
NP_220370	O84856	unreviewed	Chlamydia trachomatis serovar D (strain ATCC VR-885 / DSM 19411 / UW-3/Cx)	Coiled coil;Reference proteome	159
NP_220372	O84858	unreviewed	Chlamydia trachomatis serovar D (strain ATCC VR-885 / DSM 19411 / UW-3/Cx)	Coiled coil;Membrane;Reference proteome;Transmembrane;Transmembrane helix	405
NP_220380	O84866	reviewed	Chlamydia trachomatis serovar D (strain ATCC VR-885 / DSM 19411 / UW-3/Cx)	3D-structure;Reference proteome	601
NP_220382	O84868	unreviewed	Chlamydia trachomatis serovar D (strain ATCC VR-885 / DSM 19411 / UW-3/Cx)	Reference proteome	493
NP_220383	O84869	unreviewed	Chlamydia trachomatis serovar D (strain ATCC VR-885 / DSM 19411 / UW-3/Cx)	Membrane;Reference proteome;Transmembrane;Transmembrane helix	506
NP_220384	O84870	unreviewed	Chlamydia trachomatis serovar D (strain ATCC VR-885 / DSM 19411 / UW-3/Cx)	Reference proteome	198
NP_220385	O84871	unreviewed	Chlamydia trachomatis serovar D (strain ATCC VR-885 / DSM 19411 / UW-3/Cx)	Reference proteome	482
NP_220391.1	O84877	reviewed	Chlamydia trachomatis serovar D (strain ATCC VR-885 / DSM 19411 / UW-3/Cx)	Cell outer membrane;Cell wall;Membrane;Reference proteome;Secreted;Signal;Transmembrane;Transmembrane beta strand	964
NP_220393.1	O84879	reviewed	Chlamydia trachomatis serovar D (strain ATCC VR-885 / DSM 19411 / UW-3/Cx)	Cell outer membrane;Cell wall;Membrane;Reference proteome;Secreted;Signal;Transmembrane;Transmembrane beta strand	1013
NP_220394.1	O84880	reviewed	Chlamydia trachomatis serovar D (strain ATCC VR-885 / DSM 19411 / UW-3/Cx)	Cell outer membrane;Cell wall;Membrane;Reference proteome;Secreted;Signal;Transmembrane;Transmembrane beta strand	1016
NP_220396.1	O84882	reviewed	Chlamydia trachomatis serovar D (strain ATCC VR-885 / DSM 19411 / UW-3/Cx)	Cell outer membrane;Cell wall;Membrane;Reference proteome;Secreted;Signal;Transmembrane;Transmembrane beta strand	878
NP_248741	Q9I781	unreviewed	Pseudomonas aeruginosa (strain ATCC 15692 / DSM 22644 / CIP 104116 / JCM 14847 / LMG 12228 / 1C / PRS 101 / PAO1)	Amino-acid biosynthesis;Asparagine biosynthesis;ATP-binding;Glutamine amidotransferase;Nucleotide-binding;Reference proteome	610
NP_248760	Q9I762	unreviewed	Pseudomonas aeruginosa (strain ATCC 15692 / DSM 22644 / CIP 104116 / JCM 14847 / LMG 12228 / 1C / PRS 101 / PAO1)	Reference proteome;Signal	304
NP_248761	Q9I761	unreviewed	Pseudomonas aeruginosa (strain ATCC 15692 / DSM 22644 / CIP 104116 / JCM 14847 / LMG 12228 / 1C / PRS 101 / PAO1)	Coiled coil;Reference proteome;Signal	570
NP_248762	Q9I760	unreviewed	Pseudomonas aeruginosa (strain ATCC 15692 / DSM 22644 / CIP 104116 / JCM 14847 / LMG 12228 / 1C / PRS 101 / PAO1)	Cell membrane;Membrane;Reference proteome;Transmembrane;Transmembrane helix	399
NP_248763	Q9I759	unreviewed	Pseudomonas aeruginosa (strain ATCC 15692 / DSM 22644 / CIP 104116 / JCM 14847 / LMG 12228 / 1C / PRS 101 / PAO1)	ATP-binding;Nucleotide-binding;Reference proteome	239
NP_248765	Q9I757	unreviewed	Pseudomonas aeruginosa (strain ATCC 15692 / DSM 22644 / CIP 104116 / JCM 14847 / LMG 12228 / 1C / PRS 101 / PAO1)	3D-structure;Hydrolase;Metal-binding;Protein phosphatase;Reference proteome	242
NP_248766	Q9I756	unreviewed	Pseudomonas aeruginosa (strain ATCC 15692 / DSM 22644 / CIP 104116 / JCM 14847 / LMG 12228 / 1C / PRS 101 / PAO1)	3D-structure;Reference proteome	226
NP_248768	Q9I754	unreviewed	Pseudomonas aeruginosa (strain ATCC 15692 / DSM 22644 / CIP 104116 / JCM 14847 / LMG 12228 / 1C / PRS 101 / PAO1)	3D-structure;Membrane;Reference proteome;Transmembrane;Transmembrane helix	449
NP_248769	Q9I753	reviewed	Pseudomonas aeruginosa (strain ATCC 15692 / DSM 22644 / CIP 104116 / JCM 14847 / LMG 12228 / 1C / PRS 101 / PAO1)	Reference proteome	444
NP_248770	Q9I752	unreviewed	Pseudomonas aeruginosa (strain ATCC 15692 / DSM 22644 / CIP 104116 / JCM 14847 / LMG 12228 / 1C / PRS 101 / PAO1)	3D-structure;Lipoprotein;Palmitate;Reference proteome;Signal	154
NP_248771	Q9I751	unreviewed	Pseudomonas aeruginosa (strain ATCC 15692 / DSM 22644 / CIP 104116 / JCM 14847 / LMG 12228 / 1C / PRS 101 / PAO1)	Reference proteome	497
NP_248772	Q9I750	reviewed	Pseudomonas aeruginosa (strain ATCC 15692 / DSM 22644 / CIP 104116 / JCM 14847 / LMG 12228 / 1C / PRS 101 / PAO1)	Reference proteome	344
NP_248773	Q9I749	reviewed	Pseudomonas aeruginosa (strain ATCC 15692 / DSM 22644 / CIP 104116 / JCM 14847 / LMG 12228 / 1C / PRS 101 / PAO1)	3D-structure;Reference proteome	172
NP_248774	Q9I748	reviewed	Pseudomonas aeruginosa (strain ATCC 15692 / DSM 22644 / CIP 104116 / JCM 14847 / LMG 12228 / 1C / PRS 101 / PAO1)	3D-structure;Reference proteome	498
NP_248775	Q9I747	reviewed	Pseudomonas aeruginosa (strain ATCC 15692 / DSM 22644 / CIP 104116 / JCM 14847 / LMG 12228 / 1C / PRS 101 / PAO1)	3D-structure;Reference proteome;Secreted	162
NP_248776	Q9I746	reviewed	Pseudomonas aeruginosa (strain ATCC 15692 / DSM 22644 / CIP 104116 / JCM 14847 / LMG 12228 / 1C / PRS 101 / PAO1)	3D-structure;Reference proteome	281
NP_248777	Q9I745	reviewed	Pseudomonas aeruginosa (strain ATCC 15692 / DSM 22644 / CIP 104116 / JCM 14847 / LMG 12228 / 1C / PRS 101 / PAO1)	Cytoplasm;Reference proteome	169
NP_248778	Q9I744	reviewed	Pseudomonas aeruginosa (strain ATCC 15692 / DSM 22644 / CIP 104116 / JCM 14847 / LMG 12228 / 1C / PRS 101 / PAO1)	Reference proteome	619
NP_248779	Q9I743	unreviewed	Pseudomonas aeruginosa (strain ATCC 15692 / DSM 22644 / CIP 104116 / JCM 14847 / LMG 12228 / 1C / PRS 101 / PAO1)	Reference proteome	348
NP_248780	Q9I742	reviewed	Pseudomonas aeruginosa (strain ATCC 15692 / DSM 22644 / CIP 104116 / JCM 14847 / LMG 12228 / 1C / PRS 101 / PAO1)	3D-structure;ATP-binding;Chaperone;Coiled coil;Cytoplasm;Nucleotide-binding;Reference proteome;Repeat	902
NP_248783.1	Q9I739	reviewed	Pseudomonas aeruginosa (strain ATCC 15692 / DSM 22644 / CIP 104116 / JCM 14847 / LMG 12228 / 1C / PRS 101 / PAO1)	3D-structure;Hydrolase;Membrane;Reference proteome;Transmembrane;Transmembrane helix;Virulence	430
NP_248785	Q9I737	reviewed	Pseudomonas aeruginosa (strain ATCC 15692 / DSM 22644 / CIP 104116 / JCM 14847 / LMG 12228 / 1C / PRS 101 / PAO1)	Reference proteome;Secreted	741
NP_248789	Q9I733	reviewed	Pseudomonas aeruginosa (strain ATCC 15692 / DSM 22644 / CIP 104116 / JCM 14847 / LMG 12228 / 1C / PRS 101 / PAO1)	Hydrolase;Reference proteome;Virulence	386
NP_248953.1	Q9I6M7	reviewed	Pseudomonas aeruginosa (strain ATCC 15692 / DSM 22644 / CIP 104116 / JCM 14847 / LMG 12228 / 1C / PRS 101 / PAO1)	3D-structure;Hydrolase;Metal-binding;Reference proteome;Secreted;Zinc	1019
NP_249086	P24559	reviewed	Pseudomonas aeruginosa (strain ATCC 15692 / DSM 22644 / CIP 104116 / JCM 14847 / LMG 12228 / 1C / PRS 101 / PAO1)	3D-structure;ATP-binding;Cytoplasm;Fimbrium biogenesis;Nucleotide-binding;Reference proteome;Transport	344
NP_249087	G3XCX3	reviewed	Pseudomonas aeruginosa (strain ATCC 15692 / DSM 22644 / CIP 104116 / JCM 14847 / LMG 12228 / 1C / PRS 101 / PAO1)	ATP-binding;Cytoplasm;Nucleotide-binding;Reference proteome	382
NP_249087	Q51532	unreviewed	Pseudomonas aeruginosa		382
NP_249099	P46384	reviewed	Pseudomonas aeruginosa (strain ATCC 15692 / DSM 22644 / CIP 104116 / JCM 14847 / LMG 12228 / 1C / PRS 101 / PAO1)	Phosphoprotein;Reference proteome;Two-component regulatory system	135
NP_249100	P43501	reviewed	Pseudomonas aeruginosa (strain ATCC 15692 / DSM 22644 / CIP 104116 / JCM 14847 / LMG 12228 / 1C / PRS 101 / PAO1)	Phosphoprotein;Reference proteome;Two-component regulatory system	121
NP_249101	P43502	reviewed	Pseudomonas aeruginosa (strain ATCC 15692 / DSM 22644 / CIP 104116 / JCM 14847 / LMG 12228 / 1C / PRS 101 / PAO1)	Reference proteome;Sensory transduction	178
NP_249102	P42257	reviewed	Pseudomonas aeruginosa (strain ATCC 15692 / DSM 22644 / CIP 104116 / JCM 14847 / LMG 12228 / 1C / PRS 101 / PAO1)	3D-structure;Cell inner membrane;Cell membrane;Membrane;Methylation;Reference proteome;Transducer;Transmembrane;Transmembrane helix	682
NP_249103	G3XCT5	unreviewed	Pseudomonas aeruginosa (strain ATCC 15692 / DSM 22644 / CIP 104116 / JCM 14847 / LMG 12228 / 1C / PRS 101 / PAO1)	Methyltransferase;Reference proteome;S-adenosyl-L-methionine;Transferase	291
NP_249103	Q51346	unreviewed	Pseudomonas aeruginosa	Methyltransferase;S-adenosyl-L-methionine;Transferase	291
NP_249105	G3XD63	unreviewed	Pseudomonas aeruginosa (strain ATCC 15692 / DSM 22644 / CIP 104116 / JCM 14847 / LMG 12228 / 1C / PRS 101 / PAO1)	Chemotaxis;Hydrolase;Reference proteome	343
NP_249106	G3XD95	unreviewed	Pseudomonas aeruginosa (strain ATCC 15692 / DSM 22644 / CIP 104116 / JCM 14847 / LMG 12228 / 1C / PRS 101 / PAO1)	Reference proteome	168
NP_249107	G3XCU1	unreviewed	Pseudomonas aeruginosa (strain ATCC 15692 / DSM 22644 / CIP 104116 / JCM 14847 / LMG 12228 / 1C / PRS 101 / PAO1)	Activator;DNA-binding;Reference proteome;Transcription;Transcription regulation	264
NP_249108	O87005	reviewed	Pseudomonas aeruginosa (strain ATCC 15692 / DSM 22644 / CIP 104116 / JCM 14847 / LMG 12228 / 1C / PRS 101 / PAO1)	Cell membrane;Membrane;Reference proteome;Transmembrane;Transmembrane helix	203
NP_249343	P55222	reviewed	Pseudomonas aeruginosa (strain ATCC 15692 / DSM 22644 / CIP 104116 / JCM 14847 / LMG 12228 / 1C / PRS 101 / PAO1)	3D-structure;cAMP;cAMP-binding;DNA-binding;Nucleotide-binding;Reference proteome;Transcription;Transcription regulation;Virulence	214
NP_249453	Q06198	reviewed	Pseudomonas aeruginosa (strain ATCC 15692 / DSM 22644 / CIP 104116 / JCM 14847 / LMG 12228 / 1C / PRS 101 / PAO1)	3D-structure;Alginate biosynthesis;DNA-binding;Reference proteome;Sigma factor;Transcription;Transcription regulation	193
NP_249454	P38107	reviewed	Pseudomonas aeruginosa (strain ATCC 15692 / DSM 22644 / CIP 104116 / JCM 14847 / LMG 12228 / 1C / PRS 101 / PAO1)	3D-structure;Alginate biosynthesis;Cell membrane;Membrane;Reference proteome;Transmembrane;Transmembrane helix	194
NP_249455	P38108	reviewed	Pseudomonas aeruginosa (strain ATCC 15692 / DSM 22644 / CIP 104116 / JCM 14847 / LMG 12228 / 1C / PRS 101 / PAO1)	3D-structure;Alginate biosynthesis;Periplasm;Reference proteome;Signal	316
NP_249456	G3XCY1	unreviewed	Pseudomonas aeruginosa (strain ATCC 15692 / DSM 22644 / CIP 104116 / JCM 14847 / LMG 12228 / 1C / PRS 101 / PAO1)	Membrane;Reference proteome;Transmembrane;Transmembrane helix	151
NP_249456	Q57429	unreviewed	Pseudomonas aeruginosa	Membrane;Transmembrane;Transmembrane helix	151
NP_249457	G3XD20	unreviewed	Pseudomonas aeruginosa (strain ATCC 15692 / DSM 22644 / CIP 104116 / JCM 14847 / LMG 12228 / 1C / PRS 101 / PAO1)	Hydrolase;Periplasm;Protease;Reference proteome;Repeat;Serine protease;Signal;Stress response	474
NP_249457	Q57155	unreviewed	Pseudomonas aeruginosa	Hydrolase;Periplasm;Protease;Repeat;Serine protease;Signal;Stress response	474
NP_249768	Q9I4Q2	unreviewed	Pseudomonas aeruginosa (strain ATCC 15692 / DSM 22644 / CIP 104116 / JCM 14847 / LMG 12228 / 1C / PRS 101 / PAO1)	Bacterial flagellum;Cell projection;Cilium;Flagellum;Reference proteome	135
NP_249769	Q9I4Q1	unreviewed	Pseudomonas aeruginosa (strain ATCC 15692 / DSM 22644 / CIP 104116 / JCM 14847 / LMG 12228 / 1C / PRS 101 / PAO1)	Bacterial flagellum;Cell projection;Cilium;Flagellum;Reference proteome	146
NP_249770	Q9I4Q0	unreviewed	Pseudomonas aeruginosa (strain ATCC 15692 / DSM 22644 / CIP 104116 / JCM 14847 / LMG 12228 / 1C / PRS 101 / PAO1)	3D-structure;Bacterial flagellum biogenesis;Cell projection;Cilium;Flagellum;Reference proteome	237
NP_249771	Q9I4P9	unreviewed	Pseudomonas aeruginosa (strain ATCC 15692 / DSM 22644 / CIP 104116 / JCM 14847 / LMG 12228 / 1C / PRS 101 / PAO1)	3D-structure;Bacterial flagellum;Cell projection;Cilium;Flagellum;Reference proteome	462
NP_249772	Q9I4P8	unreviewed	Pseudomonas aeruginosa (strain ATCC 15692 / DSM 22644 / CIP 104116 / JCM 14847 / LMG 12228 / 1C / PRS 101 / PAO1)	Bacterial flagellum;Cell projection;Cilium;Flagellum;Reference proteome	249
NP_249773	Q9I4P7	unreviewed	Pseudomonas aeruginosa (strain ATCC 15692 / DSM 22644 / CIP 104116 / JCM 14847 / LMG 12228 / 1C / PRS 101 / PAO1)	Bacterial flagellum;Cell projection;Cilium;Flagellum;Reference proteome	261
NP_249774	Q9I4P6	reviewed	Pseudomonas aeruginosa (strain ATCC 15692 / DSM 22644 / CIP 104116 / JCM 14847 / LMG 12228 / 1C / PRS 101 / PAO1)	Bacterial flagellum;Cell outer membrane;Lipoprotein;Membrane;Palmitate;Reference proteome;Signal	231
NP_249775	Q9I4P5	reviewed	Pseudomonas aeruginosa (strain ATCC 15692 / DSM 22644 / CIP 104116 / JCM 14847 / LMG 12228 / 1C / PRS 101 / PAO1)	Bacterial flagellum;Periplasm;Reference proteome;Signal	369
NP_249776	Q9I4P4	reviewed	Pseudomonas aeruginosa (strain ATCC 15692 / DSM 22644 / CIP 104116 / JCM 14847 / LMG 12228 / 1C / PRS 101 / PAO1)	Bacterial flagellum biogenesis;Cell wall biogenesis/degradation;Glycosidase;Hydrolase;Periplasm;Reference proteome	400
NP_249777	Q9I4P3	unreviewed	Pseudomonas aeruginosa (strain ATCC 15692 / DSM 22644 / CIP 104116 / JCM 14847 / LMG 12228 / 1C / PRS 101 / PAO1)	Bacterial flagellum;Cell projection;Cilium;Flagellum;Reference proteome;Secreted	683
NP_249778	Q9I4P2	unreviewed	Pseudomonas aeruginosa (strain ATCC 15692 / DSM 22644 / CIP 104116 / JCM 14847 / LMG 12228 / 1C / PRS 101 / PAO1)	Bacterial flagellum;Cell projection;Cilium;Flagellum;Reference proteome;Secreted	439
NP_249783	P72151	reviewed	Pseudomonas aeruginosa (strain ATCC 15692 / DSM 22644 / CIP 104116 / JCM 14847 / LMG 12228 / 1C / PRS 101 / PAO1)	3D-structure;Bacterial flagellum;Phosphoprotein;Reference proteome;Secreted	488
NP_249784	Q9I4N7	unreviewed	Pseudomonas aeruginosa (strain ATCC 15692 / DSM 22644 / CIP 104116 / JCM 14847 / LMG 12228 / 1C / PRS 101 / PAO1)	Reference proteome	123
NP_249785	Q9K3C5	reviewed	Pseudomonas aeruginosa (strain ATCC 15692 / DSM 22644 / CIP 104116 / JCM 14847 / LMG 12228 / 1C / PRS 101 / PAO1)	3D-structure;Bacterial flagellum;Coiled coil;Reference proteome;Secreted	474
NP_249786	Q9I4N6	reviewed	Pseudomonas aeruginosa (strain ATCC 15692 / DSM 22644 / CIP 104116 / JCM 14847 / LMG 12228 / 1C / PRS 101 / PAO1)	Bacterial flagellum biogenesis;Chaperone;Cytoplasm;Reference proteome	126
NP_249787	Q9I4N5	unreviewed	Pseudomonas aeruginosa (strain ATCC 15692 / DSM 22644 / CIP 104116 / JCM 14847 / LMG 12228 / 1C / PRS 101 / PAO1)	Bacterial flagellum biogenesis;Chaperone;Cytoplasm;Reference proteome	98
NP_249788	G3XCV0	reviewed	Pseudomonas aeruginosa (strain ATCC 15692 / DSM 22644 / CIP 104116 / JCM 14847 / LMG 12228 / 1C / PRS 101 / PAO1)	3D-structure;ATP-binding;DNA-binding;Nucleotide-binding;Reference proteome;Transcription;Transcription regulation	490
NP_249789	Q9I4N4	reviewed	Pseudomonas aeruginosa (strain ATCC 15692 / DSM 22644 / CIP 104116 / JCM 14847 / LMG 12228 / 1C / PRS 101 / PAO1)	ATP-binding;Kinase;Nucleotide-binding;Phosphoprotein;Reference proteome;Transferase;Two-component regulatory system	402
NP_249790	Q9I4N3	reviewed	Pseudomonas aeruginosa (strain ATCC 15692 / DSM 22644 / CIP 104116 / JCM 14847 / LMG 12228 / 1C / PRS 101 / PAO1)	3D-structure;ATP-binding;DNA-binding;Nucleotide-binding;Phosphoprotein;Reference proteome;Transcription;Transcription regulation;Two-component regulatory system	473
NP_249791	Q51462	reviewed	Pseudomonas aeruginosa (strain ATCC 15692 / DSM 22644 / CIP 104116 / JCM 14847 / LMG 12228 / 1C / PRS 101 / PAO1)	Bacterial flagellum;Reference proteome	109
NP_249792	Q51463	reviewed	Pseudomonas aeruginosa (strain ATCC 15692 / DSM 22644 / CIP 104116 / JCM 14847 / LMG 12228 / 1C / PRS 101 / PAO1)	Bacterial flagellum;Cell inner membrane;Cell membrane;Membrane;Reference proteome;Transmembrane;Transmembrane helix	598
NP_249793	Q51464	reviewed	Pseudomonas aeruginosa (strain ATCC 15692 / DSM 22644 / CIP 104116 / JCM 14847 / LMG 12228 / 1C / PRS 101 / PAO1)	Bacterial flagellum;Cell inner membrane;Cell membrane;Chemotaxis;Flagellar rotation;Membrane;Reference proteome	338
NP_249794	Q9I4N2	unreviewed	Pseudomonas aeruginosa (strain ATCC 15692 / DSM 22644 / CIP 104116 / JCM 14847 / LMG 12228 / 1C / PRS 101 / PAO1)	Bacterial flagellum biogenesis;Bacterial flagellum protein export;Cell projection;Cilium;Flagellum;Protein transport;Reference proteome;Transport	268
NP_249796	Q9I4N0	unreviewed	Pseudomonas aeruginosa (strain ATCC 15692 / DSM 22644 / CIP 104116 / JCM 14847 / LMG 12228 / 1C / PRS 101 / PAO1)	Bacterial flagellum biogenesis;Bacterial flagellum protein export;Cell membrane;Cell projection;Chemotaxis;Cilium;Coiled coil;Flagellum;Membrane;Protein transport;Reference proteome;Transport	147
NP_249821	Q9I4K5	unreviewed	Pseudomonas aeruginosa (strain ATCC 15692 / DSM 22644 / CIP 104116 / JCM 14847 / LMG 12228 / 1C / PRS 101 / PAO1)	Glycosyltransferase;Reference proteome;Transferase	325
NP_249940	Q03023	reviewed	Pseudomonas aeruginosa (strain ATCC 15692 / DSM 22644 / CIP 104116 / JCM 14847 / LMG 12228 / 1C / PRS 101 / PAO1)	3D-structure;Calcium;Hydrolase;Metal-binding;Metalloprotease;Protease;Reference proteome;Repeat;Secreted;Zinc;Zymogen	479
NP_250121	P25084	reviewed	Pseudomonas aeruginosa (strain ATCC 15692 / DSM 22644 / CIP 104116 / JCM 14847 / LMG 12228 / 1C / PRS 101 / PAO1)	3D-structure;Activator;DNA-binding;Quorum sensing;Reference proteome;Transcription;Transcription regulation	239
NP_250123	P33883	reviewed	Pseudomonas aeruginosa (strain ATCC 15692 / DSM 22644 / CIP 104116 / JCM 14847 / LMG 12228 / 1C / PRS 101 / PAO1)	3D-structure;Autoinducer synthesis;Quorum sensing;Reference proteome;S-adenosyl-L-methionine;Transferase	201
NP_250132	Q9I3Q6	unreviewed	Pseudomonas aeruginosa (strain ATCC 15692 / DSM 22644 / CIP 104116 / JCM 14847 / LMG 12228 / 1C / PRS 101 / PAO1)	Reference proteome	427
NP_250133	Q9I3Q5	unreviewed	Pseudomonas aeruginosa (strain ATCC 15692 / DSM 22644 / CIP 104116 / JCM 14847 / LMG 12228 / 1C / PRS 101 / PAO1)	Cell inner membrane;Cell membrane;Chemotaxis;Flagellar rotation;Membrane;Reference proteome;Transmembrane;Transmembrane helix	173
NP_250134	Q51465	reviewed	Pseudomonas aeruginosa (strain ATCC 15692 / DSM 22644 / CIP 104116 / JCM 14847 / LMG 12228 / 1C / PRS 101 / PAO1)	Bacterial flagellum;Cell inner membrane;Cell membrane;Chemotaxis;Flagellar rotation;Membrane;Reference proteome	323
NP_250135	Q51466	reviewed	Pseudomonas aeruginosa (strain ATCC 15692 / DSM 22644 / CIP 104116 / JCM 14847 / LMG 12228 / 1C / PRS 101 / PAO1)	Bacterial flagellum;Cell inner membrane;Cell membrane;Chemotaxis;Flagellar rotation;Membrane;Reference proteome	157
NP_250136	Q51467	reviewed	Pseudomonas aeruginosa (strain ATCC 15692 / DSM 22644 / CIP 104116 / JCM 14847 / LMG 12228 / 1C / PRS 101 / PAO1)	Bacterial flagellum;Cell membrane;Chemotaxis;Flagellar rotation;Membrane;Reference proteome;Transmembrane;Transmembrane helix	150
NP_250137	Q51468	reviewed	Pseudomonas aeruginosa (strain ATCC 15692 / DSM 22644 / CIP 104116 / JCM 14847 / LMG 12228 / 1C / PRS 101 / PAO1)	Bacterial flagellum;Bacterial flagellum biogenesis;Bacterial flagellum protein export;Cell membrane;Membrane;Protein transport;Reference proteome;Transmembrane;Transmembrane helix;Transport	255
NP_250138	Q9I3Q4	unreviewed	Pseudomonas aeruginosa (strain ATCC 15692 / DSM 22644 / CIP 104116 / JCM 14847 / LMG 12228 / 1C / PRS 101 / PAO1)	Bacterial flagellum;Cell membrane;Cell projection;Cilium;Flagellum;Membrane;Reference proteome;Transmembrane;Transmembrane helix	89
NP_250139	Q9I3Q3	unreviewed	Pseudomonas aeruginosa (strain ATCC 15692 / DSM 22644 / CIP 104116 / JCM 14847 / LMG 12228 / 1C / PRS 101 / PAO1)	Bacterial flagellum;Cell membrane;Cell projection;Cilium;Flagellum;Membrane;Reference proteome;Transmembrane;Transmembrane helix	258
NP_250140	Q9I3Q2	unreviewed	Pseudomonas aeruginosa (strain ATCC 15692 / DSM 22644 / CIP 104116 / JCM 14847 / LMG 12228 / 1C / PRS 101 / PAO1)	Bacterial flagellum biogenesis;Bacterial flagellum protein export;Cell membrane;Cell projection;Cilium;Flagellum;Membrane;Protein transport;Reference proteome;Transmembrane;Transmembrane helix;Transport	378
NP_250143	Q9I3P9	unreviewed	Pseudomonas aeruginosa (strain ATCC 15692 / DSM 22644 / CIP 104116 / JCM 14847 / LMG 12228 / 1C / PRS 101 / PAO1)	Bacterial flagellum biogenesis;Bacterial flagellum protein export;Cell membrane;Cell projection;Cilium;Flagellum;Membrane;Protein transport;Reference proteome;Transmembrane;Transmembrane helix;Transport	707
NP_250144	Q9I3P8	reviewed	Pseudomonas aeruginosa (strain ATCC 15692 / DSM 22644 / CIP 104116 / JCM 14847 / LMG 12228 / 1C / PRS 101 / PAO1)	Bacterial flagellum biogenesis;Bacterial flagellum protein export;Cell membrane;GTP-binding;Membrane;Nucleotide-binding;Protein transport;Reference proteome;Transport	429
NP_250145	G3XD64	reviewed	Pseudomonas aeruginosa (strain ATCC 15692 / DSM 22644 / CIP 104116 / JCM 14847 / LMG 12228 / 1C / PRS 101 / PAO1)	3D-structure;ATP-binding;Nucleotide-binding;Reference proteome	280
NP_250146	P29248	reviewed	Pseudomonas aeruginosa (strain ATCC 15692 / DSM 22644 / CIP 104116 / JCM 14847 / LMG 12228 / 1C / PRS 101 / PAO1)	Cytoplasm;DNA-binding;Reference proteome;Sigma factor;Transcription;Transcription regulation	247
NP_250147	Q51455	reviewed	Pseudomonas aeruginosa (strain ATCC 15692 / DSM 22644 / CIP 104116 / JCM 14847 / LMG 12228 / 1C / PRS 101 / PAO1)	Chemotaxis;Cytoplasm;Flagellar rotation;Magnesium;Metal-binding;Phosphoprotein;Reference proteome;Two-component regulatory system	124
NP_250148	Q51434	reviewed	Pseudomonas aeruginosa (strain ATCC 15692 / DSM 22644 / CIP 104116 / JCM 14847 / LMG 12228 / 1C / PRS 101 / PAO1)	Chemotaxis;Cytoplasm;Flagellar rotation;Hydrolase;Protein phosphatase;Reference proteome	227
NP_250149	G3XCT6	unreviewed	Pseudomonas aeruginosa (strain ATCC 15692 / DSM 22644 / CIP 104116 / JCM 14847 / LMG 12228 / 1C / PRS 101 / PAO1)	Kinase;Phosphoprotein;Reference proteome;Transferase;Two-component regulatory system	753
NP_250149	O87124	unreviewed	Pseudomonas aeruginosa	Kinase;Phosphoprotein;Transferase;Two-component regulatory system	753
NP_250150	O87125	reviewed	Pseudomonas aeruginosa (strain ATCC 15692 / DSM 22644 / CIP 104116 / JCM 14847 / LMG 12228 / 1C / PRS 101 / PAO1)	Chemotaxis;Cytoplasm;Hydrolase;Phosphoprotein;Reference proteome	368
NP_250151	G3XD73	unreviewed	Pseudomonas aeruginosa (strain ATCC 15692 / DSM 22644 / CIP 104116 / JCM 14847 / LMG 12228 / 1C / PRS 101 / PAO1)	Cell membrane;Flagellar rotation;Membrane;Protein transport;Reference proteome;Transmembrane;Transmembrane helix;Transport	246
NP_250151	O87126	unreviewed	Pseudomonas aeruginosa	Cell membrane;Cell projection;Cilium;Flagellar rotation;Flagellum;Membrane;Protein transport;Transmembrane;Transmembrane helix;Transport	246
NP_250152	G3XD90	unreviewed	Pseudomonas aeruginosa (strain ATCC 15692 / DSM 22644 / CIP 104116 / JCM 14847 / LMG 12228 / 1C / PRS 101 / PAO1)	Cell membrane;Membrane;Reference proteome;Transmembrane;Transmembrane helix	296
NP_250152	O87127	unreviewed	Pseudomonas aeruginosa	Cell membrane;Cell projection;Cilium;Flagellum;Membrane;Transmembrane;Transmembrane helix	296
NP_250155	G3XD72	unreviewed	Pseudomonas aeruginosa (strain ATCC 15692 / DSM 22644 / CIP 104116 / JCM 14847 / LMG 12228 / 1C / PRS 101 / PAO1)	Reference proteome	159
NP_250155	O87130	unreviewed	Pseudomonas aeruginosa		159
NP_250202	Q9I3K1	reviewed	Pseudomonas aeruginosa (strain ATCC 15692 / DSM 22644 / CIP 104116 / JCM 14847 / LMG 12228 / 1C / PRS 101 / PAO1)	Reference proteome	842
NP_250203	Q9HI36	reviewed	Pseudomonas aeruginosa (strain ATCC 15692 / DSM 22644 / CIP 104116 / JCM 14847 / LMG 12228 / 1C / PRS 101 / PAO1)	3D-structure;Reference proteome;Secreted	172
NP_250347	Q9I369	unreviewed	Pseudomonas aeruginosa (strain ATCC 15692 / DSM 22644 / CIP 104116 / JCM 14847 / LMG 12228 / 1C / PRS 101 / PAO1)	Reference proteome	518
NP_250348	Q9I368	unreviewed	Pseudomonas aeruginosa (strain ATCC 15692 / DSM 22644 / CIP 104116 / JCM 14847 / LMG 12228 / 1C / PRS 101 / PAO1)	Reference proteome	168
NP_250349	Q9I367	unreviewed	Pseudomonas aeruginosa (strain ATCC 15692 / DSM 22644 / CIP 104116 / JCM 14847 / LMG 12228 / 1C / PRS 101 / PAO1)	Reference proteome	491
NP_250350	Q9I366	unreviewed	Pseudomonas aeruginosa (strain ATCC 15692 / DSM 22644 / CIP 104116 / JCM 14847 / LMG 12228 / 1C / PRS 101 / PAO1)	Reference proteome	135
NP_250351	Q9I365	unreviewed	Pseudomonas aeruginosa (strain ATCC 15692 / DSM 22644 / CIP 104116 / JCM 14847 / LMG 12228 / 1C / PRS 101 / PAO1)	Reference proteome	526
NP_250352	Q9I364	unreviewed	Pseudomonas aeruginosa (strain ATCC 15692 / DSM 22644 / CIP 104116 / JCM 14847 / LMG 12228 / 1C / PRS 101 / PAO1)	Reference proteome	335
NP_250353	Q9I363	unreviewed	Pseudomonas aeruginosa (strain ATCC 15692 / DSM 22644 / CIP 104116 / JCM 14847 / LMG 12228 / 1C / PRS 101 / PAO1)	ATP-binding;Chaperone;Hydrolase;Nucleotide-binding;Protease;Reference proteome;Repeat	877
NP_250354	Q9I362	unreviewed	Pseudomonas aeruginosa (strain ATCC 15692 / DSM 22644 / CIP 104116 / JCM 14847 / LMG 12228 / 1C / PRS 101 / PAO1)	Activator;ATP-binding;Cytoplasm;DNA-binding;Nucleotide-binding;Phosphoprotein;Reference proteome;Repressor;Transcription;Transcription regulation;Two-component regulatory system	503
NP_250356	Q9I360	unreviewed	Pseudomonas aeruginosa (strain ATCC 15692 / DSM 22644 / CIP 104116 / JCM 14847 / LMG 12228 / 1C / PRS 101 / PAO1)	Reference proteome	397
NP_250357	Q9I359	unreviewed	Pseudomonas aeruginosa (strain ATCC 15692 / DSM 22644 / CIP 104116 / JCM 14847 / LMG 12228 / 1C / PRS 101 / PAO1)	Lipoprotein;Palmitate;Reference proteome;Signal	168
NP_250358	Q9I358	unreviewed	Pseudomonas aeruginosa (strain ATCC 15692 / DSM 22644 / CIP 104116 / JCM 14847 / LMG 12228 / 1C / PRS 101 / PAO1)	Reference proteome	443
NP_250359	Q9I357	unreviewed	Pseudomonas aeruginosa (strain ATCC 15692 / DSM 22644 / CIP 104116 / JCM 14847 / LMG 12228 / 1C / PRS 101 / PAO1)	Membrane;Reference proteome;Transmembrane;Transmembrane helix	289
NP_250361	Q9I355	unreviewed	Pseudomonas aeruginosa (strain ATCC 15692 / DSM 22644 / CIP 104116 / JCM 14847 / LMG 12228 / 1C / PRS 101 / PAO1)	Hydrolase;Metal-binding;Protein phosphatase;Reference proteome	242
NP_250362	Q9I354	unreviewed	Pseudomonas aeruginosa (strain ATCC 15692 / DSM 22644 / CIP 104116 / JCM 14847 / LMG 12228 / 1C / PRS 101 / PAO1)	ATP-binding;Kinase;Nucleotide-binding;Reference proteome;Serine/threonine-protein kinase;Transferase	329
NP_250381	Q9I337	unreviewed	Pseudomonas aeruginosa (strain ATCC 15692 / DSM 22644 / CIP 104116 / JCM 14847 / LMG 12228 / 1C / PRS 101 / PAO1)	3D-structure;Cell membrane;Membrane;Reference proteome;Transmembrane;Transmembrane helix;Virulence	349
NP_250382	Q9I336	unreviewed	Pseudomonas aeruginosa (strain ATCC 15692 / DSM 22644 / CIP 104116 / JCM 14847 / LMG 12228 / 1C / PRS 101 / PAO1)	Cell membrane;Membrane;Reference proteome;Transmembrane;Transmembrane helix	262
NP_250383	Q9I335	unreviewed	Pseudomonas aeruginosa (strain ATCC 15692 / DSM 22644 / CIP 104116 / JCM 14847 / LMG 12228 / 1C / PRS 101 / PAO1)	Cell membrane;Membrane;Reference proteome;Transmembrane;Transmembrane helix;Virulence	88
NP_250384	Q9I334	unreviewed	Pseudomonas aeruginosa (strain ATCC 15692 / DSM 22644 / CIP 104116 / JCM 14847 / LMG 12228 / 1C / PRS 101 / PAO1)	Cell membrane;Membrane;Reference proteome;Transmembrane;Transmembrane helix	217
NP_250385	Q9I333	unreviewed	Pseudomonas aeruginosa (strain ATCC 15692 / DSM 22644 / CIP 104116 / JCM 14847 / LMG 12228 / 1C / PRS 101 / PAO1)	Reference proteome;Virulence	309
NP_250386	Q9I332	unreviewed	Pseudomonas aeruginosa (strain ATCC 15692 / DSM 22644 / CIP 104116 / JCM 14847 / LMG 12228 / 1C / PRS 101 / PAO1)	3D-structure;Reference proteome	369
NP_250387	Q9I331	unreviewed	Pseudomonas aeruginosa (strain ATCC 15692 / DSM 22644 / CIP 104116 / JCM 14847 / LMG 12228 / 1C / PRS 101 / PAO1)	Coiled coil;Reference proteome	158
NP_250389	G3XCX6	unreviewed	Pseudomonas aeruginosa (strain ATCC 15692 / DSM 22644 / CIP 104116 / JCM 14847 / LMG 12228 / 1C / PRS 101 / PAO1)	Reference proteome	288
NP_250390	G3XCT8	unreviewed	Pseudomonas aeruginosa (strain ATCC 15692 / DSM 22644 / CIP 104116 / JCM 14847 / LMG 12228 / 1C / PRS 101 / PAO1)	Reference proteome	92
NP_250391	Q9I329	unreviewed	Pseudomonas aeruginosa (strain ATCC 15692 / DSM 22644 / CIP 104116 / JCM 14847 / LMG 12228 / 1C / PRS 101 / PAO1)	Reference proteome	123
NP_250392	G3XD37	unreviewed	Pseudomonas aeruginosa (strain ATCC 15692 / DSM 22644 / CIP 104116 / JCM 14847 / LMG 12228 / 1C / PRS 101 / PAO1)	Reference proteome	121
NP_250393	Q9I328	unreviewed	Pseudomonas aeruginosa (strain ATCC 15692 / DSM 22644 / CIP 104116 / JCM 14847 / LMG 12228 / 1C / PRS 101 / PAO1)	Chaperone;Cytoplasm;Reference proteome	109
NP_250394	Q9I327	unreviewed	Pseudomonas aeruginosa (strain ATCC 15692 / DSM 22644 / CIP 104116 / JCM 14847 / LMG 12228 / 1C / PRS 101 / PAO1)	Cell inner membrane;Cell membrane;Membrane;Reference proteome;Transmembrane;Transmembrane helix;Transport	706
NP_250395	G3XCW4	unreviewed	Pseudomonas aeruginosa (strain ATCC 15692 / DSM 22644 / CIP 104116 / JCM 14847 / LMG 12228 / 1C / PRS 101 / PAO1)	Reference proteome	144
NP_250396	Q9I326	unreviewed	Pseudomonas aeruginosa (strain ATCC 15692 / DSM 22644 / CIP 104116 / JCM 14847 / LMG 12228 / 1C / PRS 101 / PAO1)	Reference proteome	98
NP_250397	G3XD49	unreviewed	Pseudomonas aeruginosa (strain ATCC 15692 / DSM 22644 / CIP 104116 / JCM 14847 / LMG 12228 / 1C / PRS 101 / PAO1)	3D-structure;Reference proteome	294
NP_250398	Q9I325	unreviewed	Pseudomonas aeruginosa (strain ATCC 15692 / DSM 22644 / CIP 104116 / JCM 14847 / LMG 12228 / 1C / PRS 101 / PAO1)	3D-structure;Reference proteome	167
NP_250399	Q9I324	unreviewed	Pseudomonas aeruginosa (strain ATCC 15692 / DSM 22644 / CIP 104116 / JCM 14847 / LMG 12228 / 1C / PRS 101 / PAO1)	Coiled coil;Host membrane;Membrane;Reference proteome;Transmembrane;Transmembrane helix;Virulence	390
NP_250400	Q9I323	unreviewed	Pseudomonas aeruginosa (strain ATCC 15692 / DSM 22644 / CIP 104116 / JCM 14847 / LMG 12228 / 1C / PRS 101 / PAO1)	Membrane;Reference proteome;Transmembrane;Transmembrane helix	295
NP_250401	P26995	reviewed	Pseudomonas aeruginosa (strain ATCC 15692 / DSM 22644 / CIP 104116 / JCM 14847 / LMG 12228 / 1C / PRS 101 / PAO1)	3D-structure;Cytoplasm;Reference proteome	145
NP_250402	Q9I322	reviewed	Pseudomonas aeruginosa (strain ATCC 15692 / DSM 22644 / CIP 104116 / JCM 14847 / LMG 12228 / 1C / PRS 101 / PAO1)	3D-structure;Cytoplasm;Reference proteome;Secreted	81
NP_250403	P26994	reviewed	Pseudomonas aeruginosa (strain ATCC 15692 / DSM 22644 / CIP 104116 / JCM 14847 / LMG 12228 / 1C / PRS 101 / PAO1)	3D-structure;Cell outer membrane;Membrane;Reference proteome;Signal;Virulence	137
NP_250404	P26993	reviewed	Pseudomonas aeruginosa (strain ATCC 15692 / DSM 22644 / CIP 104116 / JCM 14847 / LMG 12228 / 1C / PRS 101 / PAO1)	3D-structure;Activator;DNA-binding;Reference proteome;Transcription;Transcription regulation	278
NP_250405	Q9I321	reviewed	Pseudomonas aeruginosa (strain ATCC 15692 / DSM 22644 / CIP 104116 / JCM 14847 / LMG 12228 / 1C / PRS 101 / PAO1)	Reference proteome	276
NP_250406	Q9I320	unreviewed	Pseudomonas aeruginosa (strain ATCC 15692 / DSM 22644 / CIP 104116 / JCM 14847 / LMG 12228 / 1C / PRS 101 / PAO1)	Reference proteome	140
NP_250407	Q9I319	unreviewed	Pseudomonas aeruginosa (strain ATCC 15692 / DSM 22644 / CIP 104116 / JCM 14847 / LMG 12228 / 1C / PRS 101 / PAO1)	Cell outer membrane;Membrane;Protein transport;Reference proteome;Signal;Translocation;Transport;Virulence	600
NP_250408	Q9I318	unreviewed	Pseudomonas aeruginosa (strain ATCC 15692 / DSM 22644 / CIP 104116 / JCM 14847 / LMG 12228 / 1C / PRS 101 / PAO1)	3D-structure;Membrane;Reference proteome;Transmembrane;Transmembrane helix	432
NP_250409	Q9I317	reviewed	Pseudomonas aeruginosa (strain ATCC 15692 / DSM 22644 / CIP 104116 / JCM 14847 / LMG 12228 / 1C / PRS 101 / PAO1)	3D-structure;Coiled coil;Cytoplasm;Reference proteome;Virulence	67
NP_250410	P95434	reviewed	Pseudomonas aeruginosa (strain ATCC 15692 / DSM 22644 / CIP 104116 / JCM 14847 / LMG 12228 / 1C / PRS 101 / PAO1)	3D-structure;Coiled coil;Protein transport;Reference proteome;Secreted;Transport;Virulence	85
NP_250411	P95435	reviewed	Pseudomonas aeruginosa (strain ATCC 15692 / DSM 22644 / CIP 104116 / JCM 14847 / LMG 12228 / 1C / PRS 101 / PAO1)	3D-structure;Cytoplasm;Reference proteome;Virulence	115
NP_250412	Q9I316	unreviewed	Pseudomonas aeruginosa (strain ATCC 15692 / DSM 22644 / CIP 104116 / JCM 14847 / LMG 12228 / 1C / PRS 101 / PAO1)	Reference proteome	143
NP_250413	Q9I315	reviewed	Pseudomonas aeruginosa (strain ATCC 15692 / DSM 22644 / CIP 104116 / JCM 14847 / LMG 12228 / 1C / PRS 101 / PAO1)	Reference proteome	112
NP_250414	Q9I314	unreviewed	Pseudomonas aeruginosa (strain ATCC 15692 / DSM 22644 / CIP 104116 / JCM 14847 / LMG 12228 / 1C / PRS 101 / PAO1)	Cell outer membrane;Lipoprotein;Membrane;Palmitate;Reference proteome;Signal;Transmembrane;Transmembrane helix	248
NP_250415	Q9I313	unreviewed	Pseudomonas aeruginosa (strain ATCC 15692 / DSM 22644 / CIP 104116 / JCM 14847 / LMG 12228 / 1C / PRS 101 / PAO1)	3D-structure;Reference proteome	208
NP_250416	Q9I312	unreviewed	Pseudomonas aeruginosa (strain ATCC 15692 / DSM 22644 / CIP 104116 / JCM 14847 / LMG 12228 / 1C / PRS 101 / PAO1)	Coiled coil;Cytoplasm;Protein transport;Reference proteome;Transport	214
NP_250513	Q9I2S3	reviewed	Pseudomonas aeruginosa (strain ATCC 15692 / DSM 22644 / CIP 104116 / JCM 14847 / LMG 12228 / 1C / PRS 101 / PAO1)	Cytoplasm;Reference proteome	562
NP_250535	Q9I2Q1	reviewed	Pseudomonas aeruginosa (strain ATCC 15692 / DSM 22644 / CIP 104116 / JCM 14847 / LMG 12228 / 1C / PRS 101 / PAO1)	3D-structure;Disulfide bond;Host membrane;Hydrolase;Membrane;Reference proteome;Secreted	154
NP_250562	P14789	reviewed	Pseudomonas aeruginosa (strain ATCC 15692 / DSM 22644 / CIP 104116 / JCM 14847 / LMG 12228 / 1C / PRS 101 / PAO1)	3D-structure;Direct protein sequencing;Disulfide bond;Hydrolase;Metal-binding;Metalloprotease;Protease;Reference proteome;Secreted;Signal;Virulence;Zinc;Zymogen	418
NP_250590	Q9I2J9	reviewed	Pseudomonas aeruginosa (strain ATCC 15692 / DSM 22644 / CIP 104116 / JCM 14847 / LMG 12228 / 1C / PRS 101 / PAO1)	Antibiotic biosynthesis;Reference proteome;Virulence	162
NP_250591	Q9S508	reviewed	Pseudomonas aeruginosa (strain ATCC 15692 / DSM 22644 / CIP 104116 / JCM 14847 / LMG 12228 / 1C / PRS 101 / PAO1)	3D-structure;Antibiotic biosynthesis;Reference proteome;Virulence	162
NP_250641	Q9I2F3	reviewed	Pseudomonas aeruginosa (strain ATCC 15692 / DSM 22644 / CIP 104116 / JCM 14847 / LMG 12228 / 1C / PRS 101 / PAO1)	Cell outer membrane;Coiled coil;Membrane;Protein transport;Reference proteome;Secreted;Signal;Transport	421
NP_250642	Q9I2F2	reviewed	Pseudomonas aeruginosa (strain ATCC 15692 / DSM 22644 / CIP 104116 / JCM 14847 / LMG 12228 / 1C / PRS 101 / PAO1)	Amyloid;Cell adhesion;Fimbrium;Reference proteome;Secreted;Signal	250
NP_250643	Q9I2F1	reviewed	Pseudomonas aeruginosa (strain ATCC 15692 / DSM 22644 / CIP 104116 / JCM 14847 / LMG 12228 / 1C / PRS 101 / PAO1)	ATP-binding;Hydrolase;Nucleotide-binding;Periplasm;Protease;Reference proteome;Signal;Thiol protease	226
NP_250644	Q9I2F0	reviewed	Pseudomonas aeruginosa (strain ATCC 15692 / DSM 22644 / CIP 104116 / JCM 14847 / LMG 12228 / 1C / PRS 101 / PAO1)	Amyloid;Cell adhesion;Fimbrium;Reference proteome;Repeat;Secreted;Signal	340
NP_250645	Q9I2E9	reviewed	Pseudomonas aeruginosa (strain ATCC 15692 / DSM 22644 / CIP 104116 / JCM 14847 / LMG 12228 / 1C / PRS 101 / PAO1)	Amyloid;Cell adhesion;Fimbrium;Reference proteome;Repeat;Secreted;Signal	189
NP_250646	Q9I2E8	reviewed	Pseudomonas aeruginosa (strain ATCC 15692 / DSM 22644 / CIP 104116 / JCM 14847 / LMG 12228 / 1C / PRS 101 / PAO1)	Chaperone;Periplasm;Reference proteome;Signal	162
NP_250881	Q9I1S4	unreviewed	Pseudomonas aeruginosa (strain ATCC 15692 / DSM 22644 / CIP 104116 / JCM 14847 / LMG 12228 / 1C / PRS 101 / PAO1)	3D-structure;Metal-binding;Reference proteome	378
NP_250944	Q9I1L5	reviewed	Pseudomonas aeruginosa (strain ATCC 15692 / DSM 22644 / CIP 104116 / JCM 14847 / LMG 12228 / 1C / PRS 101 / PAO1)	3D-structure;Lyase;Reference proteome	328
NP_250945	Q9I1L4	reviewed	Pseudomonas aeruginosa (strain ATCC 15692 / DSM 22644 / CIP 104116 / JCM 14847 / LMG 12228 / 1C / PRS 101 / PAO1)	3D-structure;Iron;Metal-binding;Oxidoreductase;Reference proteome	291
NP_250946	O30372	reviewed	Pseudomonas aeruginosa (strain ATCC 15692 / DSM 22644 / CIP 104116 / JCM 14847 / LMG 12228 / 1C / PRS 101 / PAO1)	FAD;Flavoprotein;Oxidoreductase;Reference proteome	500
NP_250947	G3XCY7	unreviewed	Pseudomonas aeruginosa (strain ATCC 15692 / DSM 22644 / CIP 104116 / JCM 14847 / LMG 12228 / 1C / PRS 101 / PAO1)	Electron transport;Heme;Iron;Metal-binding;Periplasm;Reference proteome;Signal;Transport	215
NP_250947	O30373	unreviewed	Pseudomonas aeruginosa	Electron transport;Heme;Iron;Metal-binding;Periplasm;Transport	215
NP_250948	P72131	reviewed	Pseudomonas aeruginosa (strain ATCC 15692 / DSM 22644 / CIP 104116 / JCM 14847 / LMG 12228 / 1C / PRS 101 / PAO1)	Activator;DNA-binding;Reference proteome;Repressor;Transcription;Transcription regulation	312
NP_251049	Q9I1C0	unreviewed	Pseudomonas aeruginosa (strain ATCC 15692 / DSM 22644 / CIP 104116 / JCM 14847 / LMG 12228 / 1C / PRS 101 / PAO1)	ATP-binding;DNA-binding;Nucleotide-binding;Reference proteome;Transcription;Transcription regulation	361
NP_251050	Q9I1B9	unreviewed	Pseudomonas aeruginosa (strain ATCC 15692 / DSM 22644 / CIP 104116 / JCM 14847 / LMG 12228 / 1C / PRS 101 / PAO1)	Reference proteome	366
NP_251052	Q9I1B7	unreviewed	Pseudomonas aeruginosa (strain ATCC 15692 / DSM 22644 / CIP 104116 / JCM 14847 / LMG 12228 / 1C / PRS 101 / PAO1)	Membrane;Reference proteome;Transmembrane;Transmembrane helix	252
NP_251053	Q9I1B6	unreviewed	Pseudomonas aeruginosa (strain ATCC 15692 / DSM 22644 / CIP 104116 / JCM 14847 / LMG 12228 / 1C / PRS 101 / PAO1)	Reference proteome	443
NP_251054	Q9I1B5	unreviewed	Pseudomonas aeruginosa (strain ATCC 15692 / DSM 22644 / CIP 104116 / JCM 14847 / LMG 12228 / 1C / PRS 101 / PAO1)	Lipoprotein;Membrane;Palmitate;Reference proteome;Signal;Transmembrane;Transmembrane helix	158
NP_251055	Q9I1B4	unreviewed	Pseudomonas aeruginosa (strain ATCC 15692 / DSM 22644 / CIP 104116 / JCM 14847 / LMG 12228 / 1C / PRS 101 / PAO1)	Reference proteome	181
NP_251056	Q9I1B3	unreviewed	Pseudomonas aeruginosa (strain ATCC 15692 / DSM 22644 / CIP 104116 / JCM 14847 / LMG 12228 / 1C / PRS 101 / PAO1)	Reference proteome	494
NP_251057	Q9I1B2	unreviewed	Pseudomonas aeruginosa (strain ATCC 15692 / DSM 22644 / CIP 104116 / JCM 14847 / LMG 12228 / 1C / PRS 101 / PAO1)	Reference proteome	165
NP_251058	Q9I1B1	unreviewed	Pseudomonas aeruginosa (strain ATCC 15692 / DSM 22644 / CIP 104116 / JCM 14847 / LMG 12228 / 1C / PRS 101 / PAO1)	Reference proteome	141
NP_251059	Q9I1B0	unreviewed	Pseudomonas aeruginosa (strain ATCC 15692 / DSM 22644 / CIP 104116 / JCM 14847 / LMG 12228 / 1C / PRS 101 / PAO1)	Reference proteome	597
NP_251060	Q9I1A9	unreviewed	Pseudomonas aeruginosa (strain ATCC 15692 / DSM 22644 / CIP 104116 / JCM 14847 / LMG 12228 / 1C / PRS 101 / PAO1)	Reference proteome	338
NP_251061	Q9I1A8	unreviewed	Pseudomonas aeruginosa (strain ATCC 15692 / DSM 22644 / CIP 104116 / JCM 14847 / LMG 12228 / 1C / PRS 101 / PAO1)	ATP-binding;Chaperone;Hydrolase;Nucleotide-binding;Protease;Reference proteome;Repeat	849
NP_251063	Q9I1A6	unreviewed	Pseudomonas aeruginosa (strain ATCC 15692 / DSM 22644 / CIP 104116 / JCM 14847 / LMG 12228 / 1C / PRS 101 / PAO1)	Reference proteome;Secreted	668
NP_251073	Q9I196	unreviewed	Pseudomonas aeruginosa (strain ATCC 15692 / DSM 22644 / CIP 104116 / JCM 14847 / LMG 12228 / 1C / PRS 101 / PAO1)	DNA-binding;Reference proteome;Transcription;Transcription regulation	306
NP_251074	Q9I195	unreviewed	Pseudomonas aeruginosa (strain ATCC 15692 / DSM 22644 / CIP 104116 / JCM 14847 / LMG 12228 / 1C / PRS 101 / PAO1)	Reference proteome	107
NP_251075	Q9I194	reviewed	Pseudomonas aeruginosa (strain ATCC 15692 / DSM 22644 / CIP 104116 / JCM 14847 / LMG 12228 / 1C / PRS 101 / PAO1)	3D-structure;Direct protein sequencing;Hydrolase;Periplasm;Quorum sensing;Reference proteome;Signal;Zymogen	762
NP_251076	Q51548	reviewed	Pseudomonas aeruginosa (strain ATCC 15692 / DSM 22644 / CIP 104116 / JCM 14847 / LMG 12228 / 1C / PRS 101 / PAO1)	3D-structure;Cell inner membrane;Cell membrane;FAD;Flavoprotein;Membrane;Monooxygenase;NADP;Oxidoreductase;Reference proteome	443
NP_251077	Q9I193	unreviewed	Pseudomonas aeruginosa (strain ATCC 15692 / DSM 22644 / CIP 104116 / JCM 14847 / LMG 12228 / 1C / PRS 101 / PAO1)	Reference proteome;Sigma factor;Transcription;Transcription regulation	159
NP_251078	Q9I192	unreviewed	Pseudomonas aeruginosa (strain ATCC 15692 / DSM 22644 / CIP 104116 / JCM 14847 / LMG 12228 / 1C / PRS 101 / PAO1)	Membrane;Reference proteome;Transmembrane;Transmembrane helix	331
NP_251082	Q9I188	unreviewed	Pseudomonas aeruginosa (strain ATCC 15692 / DSM 22644 / CIP 104116 / JCM 14847 / LMG 12228 / 1C / PRS 101 / PAO1)	3D-structure;Metal-binding;Reference proteome;Signal	544
NP_251083	Q9I187	unreviewed	Pseudomonas aeruginosa (strain ATCC 15692 / DSM 22644 / CIP 104116 / JCM 14847 / LMG 12228 / 1C / PRS 101 / PAO1)	Reference proteome	448
NP_251084	G3XCY5	unreviewed	Pseudomonas aeruginosa (strain ATCC 15692 / DSM 22644 / CIP 104116 / JCM 14847 / LMG 12228 / 1C / PRS 101 / PAO1)	3D-structure;Pyridoxal phosphate;Reference proteome;Signal	427
NP_251085	Q9I185	unreviewed	Pseudomonas aeruginosa (strain ATCC 15692 / DSM 22644 / CIP 104116 / JCM 14847 / LMG 12228 / 1C / PRS 101 / PAO1)	3D-structure;Calcium;Metal-binding;Reference proteome;Signal	284
NP_251086	Q9I184	unreviewed	Pseudomonas aeruginosa (strain ATCC 15692 / DSM 22644 / CIP 104116 / JCM 14847 / LMG 12228 / 1C / PRS 101 / PAO1)	3D-structure;Purine biosynthesis;Reference proteome;Transferase	275
NP_251087	Q9I183	unreviewed	Pseudomonas aeruginosa (strain ATCC 15692 / DSM 22644 / CIP 104116 / JCM 14847 / LMG 12228 / 1C / PRS 101 / PAO1)	ATP-binding;Cell inner membrane;Cell membrane;Membrane;Nucleotide-binding;Reference proteome;Transmembrane;Transmembrane helix	549
NP_251088	P48632	reviewed	Pseudomonas aeruginosa (strain ATCC 15692 / DSM 22644 / CIP 104116 / JCM 14847 / LMG 12228 / 1C / PRS 101 / PAO1)	3D-structure;Cell outer membrane;Direct protein sequencing;Ion transport;Iron;Iron transport;Membrane;Receptor;Reference proteome;Signal;TonB box;Transmembrane;Transmembrane beta strand;Transport	815
NP_251102	Q9I169	unreviewed	Pseudomonas aeruginosa (strain ATCC 15692 / DSM 22644 / CIP 104116 / JCM 14847 / LMG 12228 / 1C / PRS 101 / PAO1)	3D-structure;Reference proteome	72
NP_251103	Q9I168	unreviewed	Pseudomonas aeruginosa (strain ATCC 15692 / DSM 22644 / CIP 104116 / JCM 14847 / LMG 12228 / 1C / PRS 101 / PAO1)	Aminotransferase;Pyridoxal phosphate;Reference proteome;Transferase	469
NP_251115	Q9I156	unreviewed	Pseudomonas aeruginosa (strain ATCC 15692 / DSM 22644 / CIP 104116 / JCM 14847 / LMG 12228 / 1C / PRS 101 / PAO1)	Reference proteome	254
NP_251116	G3XCV1	unreviewed	Pseudomonas aeruginosa (strain ATCC 15692 / DSM 22644 / CIP 104116 / JCM 14847 / LMG 12228 / 1C / PRS 101 / PAO1)	Reference proteome;Sigma factor;Transcription;Transcription regulation	187
NP_251116	P95425	unreviewed	Pseudomonas aeruginosa	DNA-directed RNA polymerase;Sigma factor;Transcription;Transcription regulation	187
NP_251117	Q9I155	unreviewed	Pseudomonas aeruginosa (strain ATCC 15692 / DSM 22644 / CIP 104116 / JCM 14847 / LMG 12228 / 1C / PRS 101 / PAO1)	Reference proteome	155
NP_251392	Q9I0E0	reviewed	Pseudomonas aeruginosa (strain ATCC 15692 / DSM 22644 / CIP 104116 / JCM 14847 / LMG 12228 / 1C / PRS 101 / PAO1)	3D-structure;Reference proteome;Secreted	158
NP_251464.1	Q9I069	reviewed	Pseudomonas aeruginosa (strain ATCC 15692 / DSM 22644 / CIP 104116 / JCM 14847 / LMG 12228 / 1C / PRS 101 / PAO1)	Host membrane;Membrane;Reference proteome;Secreted;Transmembrane;Transmembrane helix;Virulence	195
NP_251650	G3XCZ3	unreviewed	Pseudomonas aeruginosa (strain ATCC 15692 / DSM 22644 / CIP 104116 / JCM 14847 / LMG 12228 / 1C / PRS 101 / PAO1)	Reference proteome	118
NP_251650	Q51538	unreviewed	Pseudomonas aeruginosa		118
NP_251785	P25061	reviewed	Pseudomonas aeruginosa (strain ATCC 15692 / DSM 22644 / CIP 104116 / JCM 14847 / LMG 12228 / 1C / PRS 101 / PAO1)	Cell inner membrane;Cell membrane;Membrane;Protein transport;Reference proteome;Transmembrane;Transmembrane helix;Transport	174
NP_251786	P25060	reviewed	Pseudomonas aeruginosa (strain ATCC 15692 / DSM 22644 / CIP 104116 / JCM 14847 / LMG 12228 / 1C / PRS 101 / PAO1)	3D-structure;Cell inner membrane;Cell membrane;Membrane;Protein transport;Reference proteome;Transmembrane;Transmembrane helix;Transport	382
NP_251787	Q00518	reviewed	Pseudomonas aeruginosa (strain ATCC 15692 / DSM 22644 / CIP 104116 / JCM 14847 / LMG 12228 / 1C / PRS 101 / PAO1)	3D-structure;Cell inner membrane;Cell membrane;Membrane;Protein transport;Reference proteome;Transmembrane;Transmembrane helix;Transport	333
NP_251788	Q00517	reviewed	Pseudomonas aeruginosa (strain ATCC 15692 / DSM 22644 / CIP 104116 / JCM 14847 / LMG 12228 / 1C / PRS 101 / PAO1)	3D-structure;Cell inner membrane;Cell membrane;Membrane;Methylation;Protein transport;Reference proteome;Transmembrane;Transmembrane helix;Transport	237
NP_251789	Q00516	reviewed	Pseudomonas aeruginosa (strain ATCC 15692 / DSM 22644 / CIP 104116 / JCM 14847 / LMG 12228 / 1C / PRS 101 / PAO1)	3D-structure;Cell inner membrane;Cell membrane;Membrane;Methylation;Protein transport;Reference proteome;Transmembrane;Transmembrane helix;Transport	129
NP_251790	Q00515	reviewed	Pseudomonas aeruginosa (strain ATCC 15692 / DSM 22644 / CIP 104116 / JCM 14847 / LMG 12228 / 1C / PRS 101 / PAO1)	Cell inner membrane;Cell membrane;Membrane;Methylation;Protein transport;Reference proteome;Transmembrane;Transmembrane helix;Transport	172
NP_251791	Q00514	reviewed	Pseudomonas aeruginosa (strain ATCC 15692 / DSM 22644 / CIP 104116 / JCM 14847 / LMG 12228 / 1C / PRS 101 / PAO1)	3D-structure;Cell inner membrane;Cell membrane;Membrane;Methylation;Protein transport;Reference proteome;Transmembrane;Transmembrane helix;Transport	142
NP_251792	Q00513	reviewed	Pseudomonas aeruginosa (strain ATCC 15692 / DSM 22644 / CIP 104116 / JCM 14847 / LMG 12228 / 1C / PRS 101 / PAO1)	Calcium;Cell inner membrane;Cell membrane;Membrane;Metal-binding;Protein transport;Reference proteome;Transmembrane;Transmembrane helix;Transport	405
NP_251793	Q00512	reviewed	Pseudomonas aeruginosa (strain ATCC 15692 / DSM 22644 / CIP 104116 / JCM 14847 / LMG 12228 / 1C / PRS 101 / PAO1)	ATP-binding;Cell inner membrane;Cell membrane;Membrane;Metal-binding;Nucleotide-binding;Protein transport;Reference proteome;Translocase;Transport;Zinc	502
NP_251794	Q51575	reviewed	Pseudomonas aeruginosa (strain ATCC 15692 / DSM 22644 / CIP 104116 / JCM 14847 / LMG 12228 / 1C / PRS 101 / PAO1)	Cell inner membrane;Cell membrane;Membrane;Protein transport;Reference proteome;Signal-anchor;Transmembrane;Transmembrane helix;Transport	235
NP_251795	P35818	reviewed	Pseudomonas aeruginosa (strain ATCC 15692 / DSM 22644 / CIP 104116 / JCM 14847 / LMG 12228 / 1C / PRS 101 / PAO1)	3D-structure;Cell outer membrane;Membrane;Protein transport;Reference proteome;Signal;Transmembrane;Transmembrane beta strand;Transport	658
NP_251805	Q9HZA6	reviewed	Pseudomonas aeruginosa (strain ATCC 15692 / DSM 22644 / CIP 104116 / JCM 14847 / LMG 12228 / 1C / PRS 101 / PAO1)	3D-structure;Cell inner membrane;Cell membrane;Coiled coil;Membrane;Reference proteome;Signal;Transmembrane;Transmembrane helix	919
NP_251831	Q9HZ86	unreviewed	Pseudomonas aeruginosa (strain ATCC 15692 / DSM 22644 / CIP 104116 / JCM 14847 / LMG 12228 / 1C / PRS 101 / PAO1)	Membrane;Reference proteome;Transmembrane;Transmembrane helix	665
NP_251832	Q9HZ85	unreviewed	Pseudomonas aeruginosa (strain ATCC 15692 / DSM 22644 / CIP 104116 / JCM 14847 / LMG 12228 / 1C / PRS 101 / PAO1)	Reference proteome	101
NP_251835	G3XD50	unreviewed	Pseudomonas aeruginosa (strain ATCC 15692 / DSM 22644 / CIP 104116 / JCM 14847 / LMG 12228 / 1C / PRS 101 / PAO1)	Cell membrane;Magnesium;Membrane;Metal-binding;Reference proteome;Transferase;Transmembrane;Transmembrane helix	339
NP_251836	Q9HZ81	unreviewed	Pseudomonas aeruginosa (strain ATCC 15692 / DSM 22644 / CIP 104116 / JCM 14847 / LMG 12228 / 1C / PRS 101 / PAO1)	Reference proteome	316
NP_251837	Q9HZ80	unreviewed	Pseudomonas aeruginosa (strain ATCC 15692 / DSM 22644 / CIP 104116 / JCM 14847 / LMG 12228 / 1C / PRS 101 / PAO1)	Membrane;Reference proteome;Transferase;Transmembrane;Transmembrane helix	413
NP_251838	G3XD61	reviewed	Pseudomonas aeruginosa (strain ATCC 15692 / DSM 22644 / CIP 104116 / JCM 14847 / LMG 12228 / 1C / PRS 101 / PAO1)	Cell wall biogenesis/degradation;Isomerase;Lipopolysaccharide biosynthesis;Reference proteome	354
NP_251839	G3XD85	unreviewed	Pseudomonas aeruginosa (strain ATCC 15692 / DSM 22644 / CIP 104116 / JCM 14847 / LMG 12228 / 1C / PRS 101 / PAO1)	Glycosyltransferase;Reference proteome;Transferase	373
NP_251839	P72141	unreviewed	Pseudomonas aeruginosa	Glycosyltransferase;Transferase	373
NP_251840	Q9HZ78	unreviewed	Pseudomonas aeruginosa (strain ATCC 15692 / DSM 22644 / CIP 104116 / JCM 14847 / LMG 12228 / 1C / PRS 101 / PAO1)	Reference proteome	377
NP_251841	P72139	reviewed	Pseudomonas aeruginosa (strain ATCC 15692 / DSM 22644 / CIP 104116 / JCM 14847 / LMG 12228 / 1C / PRS 101 / PAO1)	Amino-acid biosynthesis;Cytoplasm;Histidine biosynthesis;Lyase;Reference proteome	251
NP_251842	P72138	reviewed	Pseudomonas aeruginosa (strain ATCC 15692 / DSM 22644 / CIP 104116 / JCM 14847 / LMG 12228 / 1C / PRS 101 / PAO1)	Amino-acid biosynthesis;Cytoplasm;Glutamine amidotransferase;Histidine biosynthesis;Hydrolase;Lyase;Reference proteome	202
NP_251843	G3XD19	unreviewed	Pseudomonas aeruginosa (strain ATCC 15692 / DSM 22644 / CIP 104116 / JCM 14847 / LMG 12228 / 1C / PRS 101 / PAO1)	Cell membrane;Membrane;Reference proteome;Transmembrane;Transmembrane helix	411
NP_251843	P72137	unreviewed	Pseudomonas aeruginosa	Cell membrane;Membrane;Transmembrane;Transmembrane helix	411
NP_251844	G3XCW3	reviewed	Pseudomonas aeruginosa (strain ATCC 15692 / DSM 22644 / CIP 104116 / JCM 14847 / LMG 12228 / 1C / PRS 101 / PAO1)	Cell inner membrane;Cell membrane;Lipopolysaccharide biosynthesis;Membrane;Reference proteome;Transferase;Transmembrane;Transmembrane helix	438
NP_251845	Q9HZ76	reviewed	Pseudomonas aeruginosa (strain ATCC 15692 / DSM 22644 / CIP 104116 / JCM 14847 / LMG 12228 / 1C / PRS 101 / PAO1)	3D-structure;Aminotransferase;Cell wall biogenesis/degradation;Lipopolysaccharide biosynthesis;Pyridoxal phosphate;Reference proteome;Transferase	359
NP_251846	G3XD01	reviewed	Pseudomonas aeruginosa (strain ATCC 15692 / DSM 22644 / CIP 104116 / JCM 14847 / LMG 12228 / 1C / PRS 101 / PAO1)	Acyltransferase;Cell wall biogenesis/degradation;Lipopolysaccharide biosynthesis;Reference proteome;Repeat;Transferase	191
NP_251847	Q9HZ74	unreviewed	Pseudomonas aeruginosa (strain ATCC 15692 / DSM 22644 / CIP 104116 / JCM 14847 / LMG 12228 / 1C / PRS 101 / PAO1)	Acyltransferase;Cell membrane;Membrane;Reference proteome;Transferase;Transmembrane;Transmembrane helix	629
NP_251848	G3XD23	reviewed	Pseudomonas aeruginosa (strain ATCC 15692 / DSM 22644 / CIP 104116 / JCM 14847 / LMG 12228 / 1C / PRS 101 / PAO1)	3D-structure;Cell wall biogenesis/degradation;Lipopolysaccharide biosynthesis;NAD;Nucleotide-binding;Oxidoreductase;Reference proteome	316
NP_251849	G3XD94	reviewed	Pseudomonas aeruginosa (strain ATCC 15692 / DSM 22644 / CIP 104116 / JCM 14847 / LMG 12228 / 1C / PRS 101 / PAO1)	Cell wall biogenesis/degradation;Lipopolysaccharide biosynthesis;Membrane;NAD;Oxidoreductase;Reference proteome;Transmembrane;Transmembrane helix	436
NP_251850	G3XCY2	unreviewed	Pseudomonas aeruginosa (strain ATCC 15692 / DSM 22644 / CIP 104116 / JCM 14847 / LMG 12228 / 1C / PRS 101 / PAO1)	Cell membrane;Coiled coil;Membrane;Reference proteome;Transmembrane;Transmembrane helix	348
NP_252038	O87131	reviewed	Pseudomonas aeruginosa (strain ATCC 15692 / DSM 22644 / CIP 104116 / JCM 14847 / LMG 12228 / 1C / PRS 101 / PAO1)	3D-structure;Methyltransferase;Reference proteome;S-adenosyl-L-methionine;Transferase	274
NP_252039	Q9HYP7	unreviewed	Pseudomonas aeruginosa (strain ATCC 15692 / DSM 22644 / CIP 104116 / JCM 14847 / LMG 12228 / 1C / PRS 101 / PAO1)	Phosphoprotein;Reference proteome	310
NP_252040	Q9HYP6	unreviewed	Pseudomonas aeruginosa (strain ATCC 15692 / DSM 22644 / CIP 104116 / JCM 14847 / LMG 12228 / 1C / PRS 101 / PAO1)	Bacterial flagellum biogenesis;Periplasm;Reference proteome;Signal	232
NP_252041	Q9HYP5	unreviewed	Pseudomonas aeruginosa (strain ATCC 15692 / DSM 22644 / CIP 104116 / JCM 14847 / LMG 12228 / 1C / PRS 101 / PAO1)	Bacterial flagellum biogenesis;Reference proteome;Repressor;Transcription;Transcription regulation	107
NP_252042	Q9HYP4	unreviewed	Pseudomonas aeruginosa (strain ATCC 15692 / DSM 22644 / CIP 104116 / JCM 14847 / LMG 12228 / 1C / PRS 101 / PAO1)	3D-structure;Bacterial flagellum biogenesis;Reference proteome	156
NP_252166	P54291	reviewed	Pseudomonas aeruginosa (strain ATCC 15692 / DSM 22644 / CIP 104116 / JCM 14847 / LMG 12228 / 1C / PRS 101 / PAO1)	Autoinducer synthesis;Quorum sensing;Reference proteome;S-adenosyl-L-methionine;Transferase	201
NP_252167	P54292	reviewed	Pseudomonas aeruginosa (strain ATCC 15692 / DSM 22644 / CIP 104116 / JCM 14847 / LMG 12228 / 1C / PRS 101 / PAO1)	3D-structure;Activator;Cytoplasm;DNA-binding;Quorum sensing;Reference proteome;Repressor;Transcription;Transcription regulation	241
NP_252168	Q9HYD1	unreviewed	Pseudomonas aeruginosa (strain ATCC 15692 / DSM 22644 / CIP 104116 / JCM 14847 / LMG 12228 / 1C / PRS 101 / PAO1)	Reference proteome	426
NP_252169	Q51559	reviewed	Pseudomonas aeruginosa (strain ATCC 15692 / DSM 22644 / CIP 104116 / JCM 14847 / LMG 12228 / 1C / PRS 101 / PAO1)	3D-structure;Acyltransferase;Lipid biosynthesis;Lipid metabolism;Reference proteome;Stress response;Transferase	295
NP_252174	Q9HYC5	reviewed	Pseudomonas aeruginosa (strain ATCC 15692 / DSM 22644 / CIP 104116 / JCM 14847 / LMG 12228 / 1C / PRS 101 / PAO1)	3D-structure;Calcium;Host membrane;Hydrolase;Membrane;Metal-binding;Reference proteome;Secreted	408
NP_252216	Q9HY83	unreviewed	Pseudomonas aeruginosa (strain ATCC 15692 / DSM 22644 / CIP 104116 / JCM 14847 / LMG 12228 / 1C / PRS 101 / PAO1)	Membrane;Reference proteome;Signal	321
NP_252230	P11759	reviewed	Pseudomonas aeruginosa (strain ATCC 15692 / DSM 22644 / CIP 104116 / JCM 14847 / LMG 12228 / 1C / PRS 101 / PAO1)	3D-structure;Alginate biosynthesis;Direct protein sequencing;NAD;Oxidoreductase;Reference proteome	436
NP_252231	Q52463	reviewed	Pseudomonas aeruginosa (strain ATCC 15692 / DSM 22644 / CIP 104116 / JCM 14847 / LMG 12228 / 1C / PRS 101 / PAO1)	Alginate biosynthesis;Cell membrane;Glycosyltransferase;Membrane;Reference proteome;Transferase;Transmembrane;Transmembrane helix	494
NP_252232	Q9HY69	reviewed	Pseudomonas aeruginosa (strain ATCC 15692 / DSM 22644 / CIP 104116 / JCM 14847 / LMG 12228 / 1C / PRS 101 / PAO1)	3D-structure;Alginate biosynthesis;Glycosyltransferase;Periplasm;Reference proteome;Transferase	389
NP_252233	P96956	reviewed	Pseudomonas aeruginosa (strain ATCC 15692 / DSM 22644 / CIP 104116 / JCM 14847 / LMG 12228 / 1C / PRS 101 / PAO1)	Alginate biosynthesis;Cell outer membrane;Lipoprotein;Membrane;Palmitate;Reference proteome;Signal	475
NP_252234	P18895	reviewed	Pseudomonas aeruginosa (strain ATCC 15692 / DSM 22644 / CIP 104116 / JCM 14847 / LMG 12228 / 1C / PRS 101 / PAO1)	3D-structure;Alginate biosynthesis;Cell outer membrane;Direct protein sequencing;Membrane;Reference proteome;Signal	490
NP_252235	Q51371	reviewed	Pseudomonas aeruginosa (strain ATCC 15692 / DSM 22644 / CIP 104116 / JCM 14847 / LMG 12228 / 1C / PRS 101 / PAO1)	Alginate biosynthesis;Direct protein sequencing;Isomerase;Periplasm;Reference proteome;Repeat;Signal	543
NP_252236	Q51372	reviewed	Pseudomonas aeruginosa (strain ATCC 15692 / DSM 22644 / CIP 104116 / JCM 14847 / LMG 12228 / 1C / PRS 101 / PAO1)	3D-structure;Acyltransferase;Alginate biosynthesis;Direct protein sequencing;Disulfide bond;Periplasm;Reference proteome;Signal;Transferase	474
NP_252237	Q06749	reviewed	Pseudomonas aeruginosa (strain ATCC 15692 / DSM 22644 / CIP 104116 / JCM 14847 / LMG 12228 / 1C / PRS 101 / PAO1)	3D-structure;Direct protein sequencing;Lyase;Periplasm;Reference proteome;Signal	367
NP_252238	Q51392	reviewed	Pseudomonas aeruginosa (strain ATCC 15692 / DSM 22644 / CIP 104116 / JCM 14847 / LMG 12228 / 1C / PRS 101 / PAO1)	Acyltransferase;Alginate biosynthesis;Cell inner membrane;Cell membrane;Membrane;Reference proteome;Transferase;Transmembrane;Transmembrane helix	520
NP_252239	Q51393	reviewed	Pseudomonas aeruginosa (strain ATCC 15692 / DSM 22644 / CIP 104116 / JCM 14847 / LMG 12228 / 1C / PRS 101 / PAO1)	Acyltransferase;Alginate biosynthesis;Cell inner membrane;Cell membrane;Membrane;Periplasm;Reference proteome;Signal;Transferase	391
NP_252240	Q06062	reviewed	Pseudomonas aeruginosa (strain ATCC 15692 / DSM 22644 / CIP 104116 / JCM 14847 / LMG 12228 / 1C / PRS 101 / PAO1)	3D-structure;Alginate biosynthesis;Periplasm;Reference proteome;Signal	216
NP_252241	P07874	reviewed	Pseudomonas aeruginosa (strain ATCC 15692 / DSM 22644 / CIP 104116 / JCM 14847 / LMG 12228 / 1C / PRS 101 / PAO1)	Alginate biosynthesis;Cobalt;Direct protein sequencing;GTP-binding;Isomerase;Multifunctional enzyme;Nucleotide-binding;Nucleotidyltransferase;Reference proteome;Transferase	481
NP_252312	P45684	reviewed	Pseudomonas aeruginosa (strain ATCC 15692 / DSM 22644 / CIP 104116 / JCM 14847 / LMG 12228 / 1C / PRS 101 / PAO1)	3D-structure;Cytoplasm;DNA-binding;Reference proteome;Sigma factor;Transcription;Transcription regulation	334
NP_252413	P14756	reviewed	Pseudomonas aeruginosa (strain ATCC 15692 / DSM 22644 / CIP 104116 / JCM 14847 / LMG 12228 / 1C / PRS 101 / PAO1)	3D-structure;Autocatalytic cleavage;Calcium;Direct protein sequencing;Disulfide bond;Hydrolase;Metal-binding;Metalloprotease;Protease;Reference proteome;Secreted;Signal;Virulence;Zinc;Zymogen	498
NP_252494	Q9HXJ2	reviewed	Pseudomonas aeruginosa (strain ATCC 15692 / DSM 22644 / CIP 104116 / JCM 14847 / LMG 12228 / 1C / PRS 101 / PAO1)	3D-structure;Cell outer membrane;Lipoprotein;Membrane;Palmitate;Reference proteome;Repeat;Signal;TPR repeat	252
NP_252531	G3XD93	unreviewed	Pseudomonas aeruginosa (strain ATCC 15692 / DSM 22644 / CIP 104116 / JCM 14847 / LMG 12228 / 1C / PRS 101 / PAO1)	3D-structure;Reference proteome	116
NP_252531	Q51450	unreviewed	Pseudomonas aeruginosa		116
NP_252722	Q9HWZ4	unreviewed	Pseudomonas aeruginosa (strain ATCC 15692 / DSM 22644 / CIP 104116 / JCM 14847 / LMG 12228 / 1C / PRS 101 / PAO1)	Reference proteome	89
NP_252898	Q9HWH2	reviewed	Pseudomonas aeruginosa (strain ATCC 15692 / DSM 22644 / CIP 104116 / JCM 14847 / LMG 12228 / 1C / PRS 101 / PAO1)	3D-structure;Methyltransferase;Reference proteome;S-adenosyl-L-methionine;Transferase	334
NP_252899	Q9HWH1	reviewed	Pseudomonas aeruginosa (strain ATCC 15692 / DSM 22644 / CIP 104116 / JCM 14847 / LMG 12228 / 1C / PRS 101 / PAO1)	Antibiotic biosynthesis;Reference proteome	162
NP_252900	O69753	reviewed	Pseudomonas aeruginosa (strain ATCC 15692 / DSM 22644 / CIP 104116 / JCM 14847 / LMG 12228 / 1C / PRS 101 / PAO1)	Antibiotic biosynthesis;Reference proteome	162
NP_252901	Q7DC82	unreviewed	Pseudomonas aeruginosa (strain ATCC 15692 / DSM 22644 / CIP 104116 / JCM 14847 / LMG 12228 / 1C / PRS 101 / PAO1)	Cadmium;Cobalt;Manganese;Reference proteome;Transferase	405
NP_252902	P0DPB9	reviewed	Pseudomonas aeruginosa (strain ATCC 15692 / DSM 22644 / CIP 104116 / JCM 14847 / LMG 12228 / 1C / PRS 101 / PAO1)	Antibiotic biosynthesis;Hydrolase;Reference proteome	207
NP_252903	Q7DC81	unreviewed	Pseudomonas aeruginosa (strain ATCC 15692 / DSM 22644 / CIP 104116 / JCM 14847 / LMG 12228 / 1C / PRS 101 / PAO1)	Glutamine amidotransferase;Lyase;Reference proteome	627
NP_252904	O69754	reviewed	Pseudomonas aeruginosa (strain ATCC 15692 / DSM 22644 / CIP 104116 / JCM 14847 / LMG 12228 / 1C / PRS 101 / PAO1)	3D-structure;Antibiotic biosynthesis;Isomerase;Reference proteome	278
NP_252905	Q820A5	unreviewed	Pseudomonas aeruginosa (strain ATCC 15692 / DSM 22644 / CIP 104116 / JCM 14847 / LMG 12228 / 1C / PRS 101 / PAO1)	Flavoprotein;FMN;Oxidoreductase;Reference proteome	215
NP_252906	G3XCV4	unreviewed	Pseudomonas aeruginosa (strain ATCC 15692 / DSM 22644 / CIP 104116 / JCM 14847 / LMG 12228 / 1C / PRS 101 / PAO1)	Flavoprotein;FMN;Oxidoreductase;Reference proteome	214
NP_252907	Q9HWG9	reviewed	Pseudomonas aeruginosa (strain ATCC 15692 / DSM 22644 / CIP 104116 / JCM 14847 / LMG 12228 / 1C / PRS 101 / PAO1)	3D-structure;FAD;Flavoprotein;Monooxygenase;NAD;Oxidoreductase;Reference proteome	402
NP_252908	Q9HWG8	unreviewed	Pseudomonas aeruginosa (strain ATCC 15692 / DSM 22644 / CIP 104116 / JCM 14847 / LMG 12228 / 1C / PRS 101 / PAO1)	Cell membrane;Membrane;Reference proteome;Transmembrane;Transmembrane helix;Transport	414
NP_252910	P42513	reviewed	Pseudomonas aeruginosa (strain ATCC 15692 / DSM 22644 / CIP 104116 / JCM 14847 / LMG 12228 / 1C / PRS 101 / PAO1)	Cell membrane;Membrane;Reference proteome;Signal;Transmembrane;Transmembrane helix	93
NP_252911	P42512	reviewed	Pseudomonas aeruginosa (strain ATCC 15692 / DSM 22644 / CIP 104116 / JCM 14847 / LMG 12228 / 1C / PRS 101 / PAO1)	3D-structure;Cell outer membrane;Direct protein sequencing;Ion transport;Iron;Iron transport;Membrane;Receptor;Reference proteome;Signal;TonB box;Transmembrane;Transmembrane beta strand;Transport	720
NP_252912	Q9HWG7	unreviewed	Pseudomonas aeruginosa (strain ATCC 15692 / DSM 22644 / CIP 104116 / JCM 14847 / LMG 12228 / 1C / PRS 101 / PAO1)	ATP-binding;Cell inner membrane;Cell membrane;Membrane;Nucleotide-binding;Reference proteome;Transmembrane;Transmembrane helix	574
NP_252913	Q9HWG6	unreviewed	Pseudomonas aeruginosa (strain ATCC 15692 / DSM 22644 / CIP 104116 / JCM 14847 / LMG 12228 / 1C / PRS 101 / PAO1)	ATP-binding;Cell inner membrane;Cell membrane;Membrane;Nucleotide-binding;Reference proteome;Transmembrane;Transmembrane helix	570
NP_252913	G3XCL8	unreviewed	Pseudomonas aeruginosa	ATP-binding;Membrane;Nucleotide-binding;Transmembrane;Transmembrane helix	570
NP_252914	Q9HWG5	unreviewed	Pseudomonas aeruginosa (strain ATCC 15692 / DSM 22644 / CIP 104116 / JCM 14847 / LMG 12228 / 1C / PRS 101 / PAO1)	Reference proteome	349
NP_252914	G3XCL0	unreviewed	Pseudomonas aeruginosa		349
NP_252917	P40883	reviewed	Pseudomonas aeruginosa (strain ATCC 15692 / DSM 22644 / CIP 104116 / JCM 14847 / LMG 12228 / 1C / PRS 101 / PAO1)	Activator;DNA-binding;Reference proteome;Transcription;Transcription regulation	296
NP_252918	Q9HWG3	reviewed	Pseudomonas aeruginosa (strain ATCC 15692 / DSM 22644 / CIP 104116 / JCM 14847 / LMG 12228 / 1C / PRS 101 / PAO1)	3D-structure;Antibiotic biosynthesis;Ligase;Reference proteome	547
NP_252919	Q9HWG2	unreviewed	Pseudomonas aeruginosa (strain ATCC 15692 / DSM 22644 / CIP 104116 / JCM 14847 / LMG 12228 / 1C / PRS 101 / PAO1)	Hydrolase;Reference proteome	251
NP_252920	Q51507	reviewed	Pseudomonas aeruginosa (strain ATCC 15692 / DSM 22644 / CIP 104116 / JCM 14847 / LMG 12228 / 1C / PRS 101 / PAO1)	3D-structure;Direct protein sequencing;Isomerase;Lyase;Reference proteome	101
NP_252921	Q51508	reviewed	Pseudomonas aeruginosa (strain ATCC 15692 / DSM 22644 / CIP 104116 / JCM 14847 / LMG 12228 / 1C / PRS 101 / PAO1)	Isomerase;Reference proteome	476
NP_253136	Q9HVX1	unreviewed	Pseudomonas aeruginosa (strain ATCC 15692 / DSM 22644 / CIP 104116 / JCM 14847 / LMG 12228 / 1C / PRS 101 / PAO1)	3D-structure;Hydrolase;Protease;Reference proteome;Serine protease	389
NP_253136	A5JJ04	unreviewed	Pseudomonas aeruginosa	Hydrolase;Protease;Serine protease	389
NP_253152	P49988	reviewed	Pseudomonas aeruginosa (strain ATCC 15692 / DSM 22644 / CIP 104116 / JCM 14847 / LMG 12228 / 1C / PRS 101 / PAO1)	DNA-binding;DNA-directed RNA polymerase;Nucleotidyltransferase;Reference proteome;Sigma factor;Transcription;Transcription regulation;Transferase	497
NP_253215	P04739	reviewed	Pseudomonas aeruginosa (strain ATCC 15692 / DSM 22644 / CIP 104116 / JCM 14847 / LMG 12228 / 1C / PRS 101 / PAO1)	3D-structure;Cell inner membrane;Cell membrane;Disulfide bond;Fimbrium;Host endoplasmic reticulum;Host membrane;Membrane;Methylation;Reference proteome;Transmembrane;Transmembrane helix	149
NP_253216	P22608	reviewed	Pseudomonas aeruginosa (strain ATCC 15692 / DSM 22644 / CIP 104116 / JCM 14847 / LMG 12228 / 1C / PRS 101 / PAO1)	ATP-binding;Cytoplasm;Fimbrium biogenesis;Metal-binding;Nucleotide-binding;Protein transport;Reference proteome;Transport;Zinc	566
NP_253218	P22610	reviewed	Pseudomonas aeruginosa (strain ATCC 15692 / DSM 22644 / CIP 104116 / JCM 14847 / LMG 12228 / 1C / PRS 101 / PAO1)	Cell inner membrane;Cell membrane;Hydrolase;Membrane;Metal-binding;Methyltransferase;Multifunctional enzyme;Protease;Reference proteome;S-adenosyl-L-methionine;Transferase;Transmembrane;Transmembrane helix;Zinc	290
NP_253236	P33639	reviewed	Pseudomonas aeruginosa (strain ATCC 15692 / DSM 22644 / CIP 104116 / JCM 14847 / LMG 12228 / 1C / PRS 101 / PAO1)	ATP-binding;Cell inner membrane;Cell membrane;Kinase;Membrane;Nucleotide-binding;Phosphoprotein;Reference proteome;Transferase;Transmembrane;Transmembrane helix;Two-component regulatory system	530
NP_253237	Q00934	reviewed	Pseudomonas aeruginosa (strain ATCC 15692 / DSM 22644 / CIP 104116 / JCM 14847 / LMG 12228 / 1C / PRS 101 / PAO1)	Activator;ATP-binding;Cytoplasm;DNA-binding;Nucleotide-binding;Phosphoprotein;Reference proteome;Transcription;Transcription regulation;Two-component regulatory system	445
NP_253239	Q9HVN0	unreviewed	Pseudomonas aeruginosa (strain ATCC 15692 / DSM 22644 / CIP 104116 / JCM 14847 / LMG 12228 / 1C / PRS 101 / PAO1)	Cell inner membrane;Cell membrane;Membrane;Methylation;Reference proteome;Transmembrane;Transmembrane helix	169
NP_253240	G3XCZ0	unreviewed	Pseudomonas aeruginosa (strain ATCC 15692 / DSM 22644 / CIP 104116 / JCM 14847 / LMG 12228 / 1C / PRS 101 / PAO1)	3D-structure;Cell inner membrane;Cell membrane;Membrane;Methylation;Reference proteome;Transmembrane;Transmembrane helix	168
NP_253240	Q59652	unreviewed	Pseudomonas aeruginosa	Cell inner membrane;Cell membrane;Membrane;Methylation;Transmembrane;Transmembrane helix	168
NP_253241	G3XD84	unreviewed	Pseudomonas aeruginosa (strain ATCC 15692 / DSM 22644 / CIP 104116 / JCM 14847 / LMG 12228 / 1C / PRS 101 / PAO1)	Membrane;Reference proteome;Transmembrane;Transmembrane helix	185
NP_253241	Q57003	unreviewed	Pseudomonas aeruginosa	Membrane;Transmembrane;Transmembrane helix	185
NP_253242	G3XD15	unreviewed	Pseudomonas aeruginosa (strain ATCC 15692 / DSM 22644 / CIP 104116 / JCM 14847 / LMG 12228 / 1C / PRS 101 / PAO1)	Membrane;Reference proteome;Transmembrane;Transmembrane helix	274
NP_253242	Q51534	unreviewed	Pseudomonas aeruginosa	Membrane;Transmembrane;Transmembrane helix	274
NP_253243	Q9HVM9	unreviewed	Pseudomonas aeruginosa (strain ATCC 15692 / DSM 22644 / CIP 104116 / JCM 14847 / LMG 12228 / 1C / PRS 101 / PAO1)	Membrane;Reference proteome;Transmembrane;Transmembrane helix	195
NP_253245	G3XD55	unreviewed	Pseudomonas aeruginosa (strain ATCC 15692 / DSM 22644 / CIP 104116 / JCM 14847 / LMG 12228 / 1C / PRS 101 / PAO1)	Reference proteome;Signal	115
NP_253245	Q51537	unreviewed	Pseudomonas aeruginosa	3D-structure;Signal	115
NP_253246	G3XD43	reviewed	Pseudomonas aeruginosa (strain ATCC 15692 / DSM 22644 / CIP 104116 / JCM 14847 / LMG 12228 / 1C / PRS 101 / PAO1)	3D-structure;Cell inner membrane;Cell membrane;Disulfide bond;Membrane;Reference proteome;Transmembrane;Transmembrane helix	141
NP_253246	Q60148	unreviewed	Pseudomonas aeruginosa	Membrane;Transmembrane;Transmembrane helix	141
NP_253640	Q9HUL2	unreviewed	Pseudomonas aeruginosa (strain ATCC 15692 / DSM 22644 / CIP 104116 / JCM 14847 / LMG 12228 / 1C / PRS 101 / PAO1)	Cell membrane;Membrane;Reference proteome;Transmembrane;Transmembrane helix	347
NP_253641	Q9HUL1	unreviewed	Pseudomonas aeruginosa (strain ATCC 15692 / DSM 22644 / CIP 104116 / JCM 14847 / LMG 12228 / 1C / PRS 101 / PAO1)	Cell inner membrane;Cell membrane;Chemotaxis;Flagellar rotation;Hydrogen ion transport;Ion transport;Membrane;Reference proteome;Transmembrane;Transmembrane helix;Transport	283
NP_253646	Q9HUK6	unreviewed	Pseudomonas aeruginosa (strain ATCC 15692 / DSM 22644 / CIP 104116 / JCM 14847 / LMG 12228 / 1C / PRS 101 / PAO1)	3D-structure;Metal-binding;Nucleotide-binding;Reference proteome	691
NP_253675	Q9HUH7	unreviewed	Pseudomonas aeruginosa (strain ATCC 15692 / DSM 22644 / CIP 104116 / JCM 14847 / LMG 12228 / 1C / PRS 101 / PAO1)	Cell membrane;Lipopolysaccharide biosynthesis;Membrane;Reference proteome;Signal-anchor;Transferase;Transmembrane	425
NP_253696	Q9HUF7	reviewed	Pseudomonas aeruginosa (strain ATCC 15692 / DSM 22644 / CIP 104116 / JCM 14847 / LMG 12228 / 1C / PRS 101 / PAO1)	3D-structure;ATP-binding;Cytoplasm;Direct protein sequencing;Kinase;Lipopolysaccharide biosynthesis;Magnesium;Nucleotide-binding;Phosphoprotein;Reference proteome;Transferase;Tyrosine-protein kinase	268
NP_253697	Q9HUF6	unreviewed	Pseudomonas aeruginosa (strain ATCC 15692 / DSM 22644 / CIP 104116 / JCM 14847 / LMG 12228 / 1C / PRS 101 / PAO1)	3D-structure;Nucleotide-binding;Reference proteome	373
NP_253698	Q9HUF5	reviewed	Pseudomonas aeruginosa (strain ATCC 15692 / DSM 22644 / CIP 104116 / JCM 14847 / LMG 12228 / 1C / PRS 101 / PAO1)	Cell inner membrane;Cell membrane;Glycosyltransferase;Lipopolysaccharide biosynthesis;Membrane;Reference proteome;Transferase	355
NP_253699	G3XD35	unreviewed	Pseudomonas aeruginosa (strain ATCC 15692 / DSM 22644 / CIP 104116 / JCM 14847 / LMG 12228 / 1C / PRS 101 / PAO1)	Glycosyltransferase;Reference proteome;Transferase	345
NP_253699	O05196	unreviewed	Pseudomonas aeruginosa	Glycosyltransferase;Transferase	345
NP_253727	P34750	reviewed	Pseudomonas aeruginosa (strain ATCC 15692 / DSM 22644 / CIP 104116 / JCM 14847 / LMG 12228 / 1C / PRS 101 / PAO1)	3D-structure;Cell outer membrane;Fimbrium biogenesis;Membrane;Protein transport;Reference proteome;Signal;Transport	714
NP_253728	G3XCX7	reviewed	Pseudomonas aeruginosa (strain ATCC 15692 / DSM 22644 / CIP 104116 / JCM 14847 / LMG 12228 / 1C / PRS 101 / PAO1)	3D-structure;Cell inner membrane;Cell membrane;Lipoprotein;Membrane;Palmitate;Reference proteome;Signal	174
NP_253728	Q51354	unreviewed	Pseudomonas aeruginosa	3D-structure;Lipoprotein;Palmitate;Signal	174
NP_253729	G3XD51	reviewed	Pseudomonas aeruginosa (strain ATCC 15692 / DSM 22644 / CIP 104116 / JCM 14847 / LMG 12228 / 1C / PRS 101 / PAO1)	Cell inner membrane;Cell membrane;Membrane;Reference proteome;Transmembrane;Transmembrane helix	207
NP_253729	Q51353	unreviewed	Pseudomonas aeruginosa	3D-structure;Coiled coil;Membrane;Transmembrane;Transmembrane helix	207
NP_253730	G3XD30	reviewed	Pseudomonas aeruginosa (strain ATCC 15692 / DSM 22644 / CIP 104116 / JCM 14847 / LMG 12228 / 1C / PRS 101 / PAO1)	3D-structure;Cell inner membrane;Cell membrane;Membrane;Reference proteome;Transmembrane;Transmembrane helix	198
NP_253730	Q51352	unreviewed	Pseudomonas aeruginosa	Coiled coil;Membrane;Transmembrane;Transmembrane helix	198
NP_253731	G3XD28	reviewed	Pseudomonas aeruginosa (strain ATCC 15692 / DSM 22644 / CIP 104116 / JCM 14847 / LMG 12228 / 1C / PRS 101 / PAO1)	3D-structure;ATP-binding;Cytoplasm;Magnesium;Metal-binding;Nucleotide-binding;Reference proteome	354
NP_253731	Q51351	unreviewed	Pseudomonas aeruginosa		354
NP_253776.1	Q9HU94	unreviewed	Pseudomonas aeruginosa (strain ATCC 15692 / DSM 22644 / CIP 104116 / JCM 14847 / LMG 12228 / 1C / PRS 101 / PAO1)	Coiled coil;Hydrolase;Lipid metabolism;Reference proteome;Repeat	745
NP_253940	P15276	reviewed	Pseudomonas aeruginosa (strain ATCC 15692 / DSM 22644 / CIP 104116 / JCM 14847 / LMG 12228 / 1C / PRS 101 / PAO1)	Activator;Alginate biosynthesis;DNA-binding;Reference proteome;Repeat;Transcription;Transcription regulation	352
NP_253942	P15275	reviewed	Pseudomonas aeruginosa (strain ATCC 15692 / DSM 22644 / CIP 104116 / JCM 14847 / LMG 12228 / 1C / PRS 101 / PAO1)	Activator;Alginate biosynthesis;Reference proteome;Transcription;Transcription regulation	160
NP_253948	P26275	reviewed	Pseudomonas aeruginosa (strain ATCC 15692 / DSM 22644 / CIP 104116 / JCM 14847 / LMG 12228 / 1C / PRS 101 / PAO1)	Activator;Alginate biosynthesis;DNA-binding;Phosphoprotein;Reference proteome;Transcription;Transcription regulation;Two-component regulatory system	248
NP_253949	G3XCZ2	unreviewed	Pseudomonas aeruginosa (strain ATCC 15692 / DSM 22644 / CIP 104116 / JCM 14847 / LMG 12228 / 1C / PRS 101 / PAO1)	Membrane;Reference proteome;Transmembrane;Transmembrane helix	358
NP_253949	P77568	unreviewed	Pseudomonas aeruginosa	Kinase;Membrane;Transferase;Transmembrane;Transmembrane helix	358
NP_254019	G3XDB0	unreviewed	Pseudomonas aeruginosa (strain ATCC 15692 / DSM 22644 / CIP 104116 / JCM 14847 / LMG 12228 / 1C / PRS 101 / PAO1)	3D-structure;Cytoplasm;DNA damage;DNA repair;Exonuclease;Hydrolase;Magnesium;Manganese;Metal-binding;Nuclease;Reference proteome	259
NP_254019	Q51380	unreviewed	Pseudomonas aeruginosa	3D-structure;Cytoplasm;DNA damage;DNA repair;Exonuclease;Hydrolase;Magnesium;Manganese;Metal-binding;Nuclease	259
NP_254170	P23747	reviewed	Pseudomonas aeruginosa (strain ATCC 15692 / DSM 22644 / CIP 104116 / JCM 14847 / LMG 12228 / 1C / PRS 101 / PAO1)	Activator;Alginate biosynthesis;ATP-binding;DNA-binding;Nucleotide-binding;Phosphoprotein;Reference proteome;Transcription;Transcription regulation;Two-component regulatory system	449
NP_309594	A0A0H3JFN8	unreviewed	Escherichia coli O157:H7	Reference proteome	91
NP_309848	A0A0H3JDI4	unreviewed	Escherichia coli O157:H7	Reference proteome	92
NP_448047	Q8ZPA6	reviewed	Salmonella typhimurium (strain LT2 / SGSC1412 / ATCC 700720)	Host cytoplasm;Reference proteome;Secreted;Virulence	133
NP_459263	Q93IT5	unreviewed	Salmonella typhimurium (strain LT2 / SGSC1412 / ATCC 700720)	Reference proteome	351
NP_459264	Q8ZRM0	unreviewed	Salmonella typhimurium (strain LT2 / SGSC1412 / ATCC 700720)	Reference proteome	331
NP_459265	Q8ZRL9	unreviewed	Salmonella typhimurium (strain LT2 / SGSC1412 / ATCC 700720)	Reference proteome	627
NP_459266	Q93IT2	unreviewed	Salmonella typhimurium (strain LT2 / SGSC1412 / ATCC 700720)	Reference proteome	164
NP_459267	Q8ZRL8	unreviewed	Salmonella typhimurium (strain LT2 / SGSC1412 / ATCC 700720)	Reference proteome	274
NP_459268	Q93IT0	unreviewed	Salmonella typhimurium (strain LT2 / SGSC1412 / ATCC 700720)	Reference proteome	300
NP_459269	Q93IS9	unreviewed	Salmonella typhimurium (strain LT2 / SGSC1412 / ATCC 700720)	ATP-binding;Chaperone;Nucleotide-binding;Reference proteome;Repeat	879
NP_459270	Q93IS8	unreviewed	Salmonella typhimurium (strain LT2 / SGSC1412 / ATCC 700720)	Reference proteome	180
NP_459271	Q8ZRL7	unreviewed	Salmonella typhimurium (strain LT2 / SGSC1412 / ATCC 700720)	Reference proteome	502
NP_459273	Q8ZRL6	unreviewed	Salmonella typhimurium (strain LT2 / SGSC1412 / ATCC 700720)	Reference proteome	110
NP_459274	Q7CR58	unreviewed	Salmonella typhimurium (strain LT2 / SGSC1412 / ATCC 700720)	Reference proteome	161
NP_459275	Q93IS4	unreviewed	Salmonella typhimurium (strain LT2 / SGSC1412 / ATCC 700720)	3D-structure;Reference proteome	161
NP_459276	Q8ZRL5	unreviewed	Salmonella typhimurium (strain LT2 / SGSC1412 / ATCC 700720)	3D-structure;Reference proteome	127
NP_459277	Q93IS3	unreviewed	Salmonella typhimurium (strain LT2 / SGSC1412 / ATCC 700720)	Reference proteome	161
NP_459278	Q8ZRL4	unreviewed	Salmonella typhimurium (strain LT2 / SGSC1412 / ATCC 700720)	Lipoprotein;Palmitate;Reference proteome;Signal	178
NP_459279	Q93IS1	unreviewed	Salmonella typhimurium (strain LT2 / SGSC1412 / ATCC 700720)	Reference proteome	447
NP_459280	Q93IS0	unreviewed	Salmonella typhimurium (strain LT2 / SGSC1412 / ATCC 700720)	Membrane;Reference proteome;Transmembrane;Transmembrane helix	434
NP_459281	Q93IR9	unreviewed	Salmonella typhimurium (strain LT2 / SGSC1412 / ATCC 700720)	Membrane;Reference proteome;Transmembrane;Transmembrane helix	257
NP_459282	Q8ZRL3	unreviewed	Salmonella typhimurium (strain LT2 / SGSC1412 / ATCC 700720)	Reference proteome	143
NP_459284	Q93IR6	unreviewed	Salmonella typhimurium (strain LT2 / SGSC1412 / ATCC 700720)	Reference proteome	262
NP_459285	Q93IR5	unreviewed	Salmonella typhimurium (strain LT2 / SGSC1412 / ATCC 700720)	Reference proteome;Signal	138
NP_459286	Q93IR4	unreviewed	Salmonella typhimurium (strain LT2 / SGSC1412 / ATCC 700720)	Reference proteome	173
NP_459287	Q8ZRL1	unreviewed	Salmonella typhimurium (strain LT2 / SGSC1412 / ATCC 700720)	3D-structure;Reference proteome;Secreted	729
NP_459288	Q7CR57	unreviewed	Salmonella typhimurium (strain LT2 / SGSC1412 / ATCC 700720)	3D-structure;Reference proteome	148
NP_459304	Q8ZRJ9	reviewed	Salmonella typhimurium (strain LT2 / SGSC1412 / ATCC 700720)	Cell outer membrane;Membrane;Reference proteome;Signal;Transmembrane;Transmembrane beta strand;Virulence	239
NP_459538	P37921	reviewed	Salmonella typhimurium (strain LT2 / SGSC1412 / ATCC 700720)	Direct protein sequencing;Disulfide bond;Fimbrium;Reference proteome;Signal	185
NP_459539	P37922	reviewed	Salmonella typhimurium (strain LT2 / SGSC1412 / ATCC 700720)	Disulfide bond;Fimbrium;Reference proteome;Signal	177
NP_459540	P37923	reviewed	Salmonella typhimurium (strain LT2 / SGSC1412 / ATCC 700720)	Chaperone;Fimbrium biogenesis;Immunoglobulin domain;Periplasm;Reference proteome;Signal	230
NP_459541	P37924	reviewed	Salmonella typhimurium (strain LT2 / SGSC1412 / ATCC 700720)	Cell outer membrane;Disulfide bond;Fimbrium biogenesis;Membrane;Reference proteome;Signal;Transmembrane;Transmembrane beta strand;Transport	870
NP_459542	P37925	reviewed	Salmonella typhimurium (strain LT2 / SGSC1412 / ATCC 700720)	Fimbrium;Reference proteome;Signal	335
NP_459543	P37926	reviewed	Salmonella typhimurium (strain LT2 / SGSC1412 / ATCC 700720)	Disulfide bond;Fimbrium;Reference proteome;Signal	172
NP_459544	P26319	reviewed	Salmonella typhimurium (strain LT2 / SGSC1412 / ATCC 700720)	Activator;Cytoplasm;DNA-binding;Phosphoprotein;Reference proteome;Transcription;Transcription regulation	210
NP_459545	P26318	reviewed	Salmonella typhimurium (strain LT2 / SGSC1412 / ATCC 700720)	Activator;Cytoplasm;DNA-binding;Reference proteome;Transcription;Transcription regulation	240
NP_459547	P37928	reviewed	Salmonella typhimurium (strain LT2 / SGSC1412 / ATCC 700720)	Cytoplasm;DNA-binding;Reference proteome;Repressor;Transcription;Transcription regulation	198
NP_459678	Q7CQY3	unreviewed	Salmonella typhimurium (strain LT2 / SGSC1412 / ATCC 700720)	Cytoplasm;DNA-binding;Iron;Metal-binding;Reference proteome;Repressor;Transcription;Transcription regulation;Zinc	150
NP_459778	Q8ZQQ2	reviewed	Salmonella typhimurium (strain LT2 / SGSC1412 / ATCC 700720)	Host cytoplasm;Leucine-rich repeat;Reference proteome;Repeat;Secreted;Transferase;Ubl conjugation;Ubl conjugation pathway;Virulence	765
NP_459947	Q8ZQC8	reviewed	Salmonella typhimurium (strain LT2 / SGSC1412 / ATCC 700720)	3D-structure;Host cell membrane;Host membrane;Membrane;Reference proteome;Secreted;Virulence	319
NP_460061	Q8ZQ59	reviewed	Salmonella typhimurium (strain LT2 / SGSC1412 / ATCC 700720)	Host membrane;Membrane;Reference proteome;Repeat;Secreted;Virulence	291
NP_460064	O30916	reviewed	Salmonella typhimurium (strain LT2 / SGSC1412 / ATCC 700720)	3D-structure;Hydrolase;Reference proteome;Secreted;Virulence	561
NP_460110	P0A204	reviewed	Salmonella typhimurium (strain LT2 / SGSC1412 / ATCC 700720)	Cell membrane;Lipoprotein;Membrane;Palmitate;Reference proteome;Signal	277
NP_460111	P0A202	reviewed	Salmonella typhimurium (strain LT2 / SGSC1412 / ATCC 700720)	Reference proteome;Signal	138
NP_460112	P0A200	reviewed	Salmonella typhimurium (strain LT2 / SGSC1412 / ATCC 700720)	Reference proteome;Signal	131
NP_460113	O54294	reviewed	Salmonella typhimurium (strain LT2 / SGSC1412 / ATCC 700720)	3D-structure;DNA-binding;Reference proteome;Transcription;Transcription regulation	216
NP_460114	P0A1E8	reviewed	Salmonella typhimurium (strain LT2 / SGSC1412 / ATCC 700720)	Fimbrium;Reference proteome;Signal	151
NP_460115	P0A1E5	reviewed	Salmonella typhimurium (strain LT2 / SGSC1412 / ATCC 700720)	Fimbrium;Reference proteome;Signal	151
NP_460116	P0A1Z8	reviewed	Salmonella typhimurium (strain LT2 / SGSC1412 / ATCC 700720)	Chaperone;Periplasm;Reference proteome;Signal	108
NP_460194	Q56061	reviewed	Salmonella typhimurium (strain LT2 / SGSC1412 / ATCC 700720)	3D-structure;Host cell membrane;Host cytoplasm;Host membrane;Membrane;Reference proteome;Secreted;Virulence	336
NP_460201	P0DM78	reviewed	Salmonella typhimurium (strain LT2 / SGSC1412 / ATCC 700720)	Activator;Cytoplasm;DNA-binding;Growth regulation;Phosphoprotein;Reference proteome;Repressor;Transcription;Transcription regulation;Two-component regulatory system;Virulence	224
NP_460356	Q7CQM5	reviewed	Salmonella typhimurium (strain LT2 / SGSC1412 / ATCC 700720)	Activator;Cytoplasm;Disulfide bond;DNA-binding;Phosphoprotein;Reference proteome;S-nitrosylation;Transcription;Transcription regulation;Two-component regulatory system;Virulence	212
NP_460357	Q8ZPP5	reviewed	Salmonella typhimurium (strain LT2 / SGSC1412 / ATCC 700720)	ATP-binding;Cell inner membrane;Cell membrane;Coiled coil;Kinase;Membrane;Nucleotide-binding;Phosphoprotein;Reference proteome;Transferase;Transmembrane;Transmembrane helix;Two-component regulatory system;Virulence	920
NP_460358	P0CZ04	reviewed	Salmonella typhimurium (strain LT2 / SGSC1412 / ATCC 700720)	Cytoplasm;Protein transport;Reference proteome;Secreted;Transport;Virulence	133
NP_460359	H9L495	unreviewed	Salmonella typhimurium (strain LT2 / SGSC1412 / ATCC 700720)	Cell outer membrane;Membrane;Protein transport;Reference proteome;Signal;Translocation;Transport	497
NP_460360	Q8ZPP4	unreviewed	Salmonella typhimurium (strain LT2 / SGSC1412 / ATCC 700720)	Membrane;Reference proteome;Transmembrane;Transmembrane helix	403
NP_460361	H9L4A0	unreviewed	Salmonella typhimurium (strain LT2 / SGSC1412 / ATCC 700720)	Reference proteome	80
NP_460362	O84944	reviewed	Salmonella typhimurium (strain LT2 / SGSC1412 / ATCC 700720)	Chaperone;Coiled coil;Cytoplasm;Reference proteome;Virulence	108
NP_460363	Q7BVH7	reviewed	Salmonella typhimurium (strain LT2 / SGSC1412 / ATCC 700720)	Protein transport;Reference proteome;Secreted;Transport;Virulence	196
NP_460364	H9L426	unreviewed	Salmonella typhimurium (strain LT2 / SGSC1412 / ATCC 700720)	Reference proteome	157
NP_460366	Q9R803	reviewed	Salmonella typhimurium (strain LT2 / SGSC1412 / ATCC 700720)	Coiled coil;Direct protein sequencing;Host membrane;Membrane;Reference proteome;Secreted;Transmembrane;Transmembrane helix;Virulence	195
NP_460367	H9L446	unreviewed	Salmonella typhimurium (strain LT2 / SGSC1412 / ATCC 700720)	Reference proteome	138
NP_460368	H9L491	unreviewed	Salmonella typhimurium (strain LT2 / SGSC1412 / ATCC 700720)	Reference proteome	144
NP_460369	H9L407	unreviewed	Salmonella typhimurium (strain LT2 / SGSC1412 / ATCC 700720)	Membrane;Reference proteome;Transmembrane;Transmembrane helix	260
NP_460370	H9L486	unreviewed	Salmonella typhimurium (strain LT2 / SGSC1412 / ATCC 700720)	Membrane;Reference proteome;Transmembrane;Transmembrane helix	229
NP_460371	H9L4C5	reviewed	Salmonella typhimurium (strain LT2 / SGSC1412 / ATCC 700720)	Protein transport;Reference proteome;Secreted;Transport;Virulence	71
NP_460372	H9L480	unreviewed	Salmonella typhimurium (strain LT2 / SGSC1412 / ATCC 700720)	Reference proteome	75
NP_460373	H9L496	unreviewed	Salmonella typhimurium (strain LT2 / SGSC1412 / ATCC 700720)	Reference proteome	82
NP_460374	P74852	reviewed	Salmonella typhimurium (strain LT2 / SGSC1412 / ATCC 700720)	Cell outer membrane;Lipoprotein;Membrane;Palmitate;Protein transport;Reference proteome;Signal;Transmembrane;Transmembrane helix;Transport	249
NP_460375	Q8ZPP3	unreviewed	Salmonella typhimurium (strain LT2 / SGSC1412 / ATCC 700720)	Reference proteome	182
NP_460376	P74853	reviewed	Salmonella typhimurium (strain LT2 / SGSC1412 / ATCC 700720)	Cytoplasm;Protein transport;Reference proteome;Transport;Virulence	224
NP_460377	P74854	reviewed	Salmonella typhimurium (strain LT2 / SGSC1412 / ATCC 700720)	Protein transport;Reference proteome;Transport	338
NP_460378	P74855	reviewed	Salmonella typhimurium (strain LT2 / SGSC1412 / ATCC 700720)	Protein transport;Reference proteome;Transport	122
NP_460379	P74856	reviewed	Salmonella typhimurium (strain LT2 / SGSC1412 / ATCC 700720)	3D-structure;Cell inner membrane;Cell membrane;Membrane;Protein transport;Reference proteome;Transmembrane;Transmembrane helix;Transport	681
NP_460381	P74858	reviewed	Salmonella typhimurium (strain LT2 / SGSC1412 / ATCC 700720)	Protein transport;Reference proteome;Transport	125
NP_460382	P0A239	reviewed	Salmonella typhimurium (strain LT2 / SGSC1412 / ATCC 700720)	Protein transport;Reference proteome;Transport	124
NP_460383	P74860	reviewed	Salmonella typhimurium (strain LT2 / SGSC1412 / ATCC 700720)	Protein transport;Reference proteome;Transport	322
NP_460384	P74890	reviewed	Salmonella typhimurium (strain LT2 / SGSC1412 / ATCC 700720)	Cell membrane;Membrane;Reference proteome;Transmembrane;Transmembrane helix;Virulence	215
NP_460385	P74891	reviewed	Salmonella typhimurium (strain LT2 / SGSC1412 / ATCC 700720)	Cell membrane;Membrane;Protein transport;Reference proteome;Transmembrane;Transmembrane helix;Transport	88
NP_460386	P96068	reviewed	Salmonella typhimurium (strain LT2 / SGSC1412 / ATCC 700720)	Cell membrane;Membrane;Protein transport;Reference proteome;Transmembrane;Transmembrane helix;Transport	259
NP_460387	P96069	reviewed	Salmonella typhimurium (strain LT2 / SGSC1412 / ATCC 700720)	Cell membrane;Membrane;Protein transport;Reference proteome;Transmembrane;Transmembrane helix;Transport	352
NP_460542	Q8ZPD7	reviewed	Salmonella typhimurium (strain LT2 / SGSC1412 / ATCC 700720)	Host cytoplasm;Reference proteome;Secreted;Virulence	210
NP_460561	Q9KIB9	reviewed	Salmonella typhimurium (strain LT2 / SGSC1412 / ATCC 700720)	Host cytoplasm;Reference proteome;Secreted;Virulence	316
NP_460590	Q9FD10	reviewed	Salmonella typhimurium (strain LT2 / SGSC1412 / ATCC 700720)	Host cytoplasm;Hydrolase;Reference proteome;Secreted;Virulence	408
NP_460656	Q8ZP57	reviewed	Salmonella typhimurium (strain LT2 / SGSC1412 / ATCC 700720)	ATP-binding;Host cytoplasm;Kinase;Nucleotide-binding;Reference proteome;Secreted;Transferase;Virulence	457
NP_461011	Q8ZNR3	reviewed	Salmonella typhimurium (strain LT2 / SGSC1412 / ATCC 700720)	3D-structure;Reference proteome;Secreted;Transferase;Ubl conjugation;Ubl conjugation pathway;Virulence	782
NP_461083.1	Q8ZNP2	unreviewed	Salmonella typhimurium (strain LT2 / SGSC1412 / ATCC 700720)	Membrane;Reference proteome;Transmembrane;Transmembrane helix	111
NP_461184	P0CE12	reviewed	Salmonella typhimurium (strain LT2 / SGSC1412 / ATCC 700720)	3D-structure;Host cell membrane;Host cytoplasm;Host membrane;Leucine-rich repeat;Membrane;Reference proteome;Repeat;Secreted;Transferase;Ubl conjugation;Ubl conjugation pathway;Virulence	788
NP_461229	Q8ZNG2	reviewed	Salmonella typhimurium (strain LT2 / SGSC1412 / ATCC 700720)	3D-structure;Host cytoplasm;Hydrolase;Protease;Reference proteome;Secreted;Thiol protease;Virulence	340
NP_461452	H9L456	unreviewed	Salmonella typhimurium (strain LT2 / SGSC1412 / ATCC 700720)	Reference proteome;Signal	730
NP_461706	Q8ZMM8	reviewed	Salmonella typhimurium (strain LT2 / SGSC1412 / ATCC 700720)	3D-structure;Host membrane;Membrane;Reference proteome;Repeat;Secreted;Virulence	350
NP_461708	Q8ZMM6	unreviewed	Salmonella typhimurium (strain LT2 / SGSC1412 / ATCC 700720)	Reference proteome	298
NP_461786	Q8ZMI3	unreviewed	Salmonella typhimurium (strain LT2 / SGSC1412 / ATCC 700720)	Acyltransferase;Reference proteome;Transferase	302
NP_461787	H9L474	unreviewed	Salmonella typhimurium (strain LT2 / SGSC1412 / ATCC 700720)	Reference proteome	251
NP_461788	P0CL09	reviewed	Salmonella typhimurium (strain LT2 / SGSC1412 / ATCC 700720)	Activator;DNA-binding;Reference proteome;Transcription;Transcription regulation	295
NP_461789	Q8ZMI2	unreviewed	Salmonella typhimurium (strain LT2 / SGSC1412 / ATCC 700720)	Reference proteome	150
NP_461791	P0CL44	reviewed	Salmonella typhimurium (strain LT2 / SGSC1412 / ATCC 700720)	Reference proteome;Virulence	199
NP_461792	P41786	reviewed	Salmonella typhimurium (strain LT2 / SGSC1412 / ATCC 700720)	3D-structure;Cell outer membrane;Lipoprotein;Membrane;Palmitate;Protein transport;Reference proteome;Signal;Transmembrane;Transmembrane helix;Transport;Virulence	252
NP_461793	P41785	reviewed	Salmonella typhimurium (strain LT2 / SGSC1412 / ATCC 700720)	3D-structure;Protein transport;Reference proteome;Transport;Virulence	101
NP_461794	P41784	reviewed	Salmonella typhimurium (strain LT2 / SGSC1412 / ATCC 700720)	3D-structure;Protein transport;Reference proteome;Secreted;Transport;Virulence	80
NP_461795	P41783	reviewed	Salmonella typhimurium (strain LT2 / SGSC1412 / ATCC 700720)	3D-structure;Cell membrane;Membrane;Reference proteome;Transmembrane;Transmembrane helix;Virulence	392
NP_461796	P0CL08	reviewed	Salmonella typhimurium (strain LT2 / SGSC1412 / ATCC 700720)	Activator;DNA-binding;Reference proteome;Transcription;Transcription regulation	309
NP_461797	P43015	reviewed	Salmonella typhimurium (strain LT2 / SGSC1412 / ATCC 700720)	Activator;DNA-binding;Phosphoprotein;Reference proteome;TPR repeat;Transcription;Transcription regulation;Two-component regulatory system;Virulence	553
NP_461798	P0CL15	reviewed	Salmonella typhimurium (strain LT2 / SGSC1412 / ATCC 700720)	Reference proteome;Signal;Virulence	160
NP_461799	P74873	reviewed	Salmonella typhimurium (strain LT2 / SGSC1412 / ATCC 700720)	3D-structure;GTPase activation;Host cytoplasm;Hydrolase;Protein phosphatase;Reference proteome;Secreted;Virulence	543
NP_461800	P0CL16	reviewed	Salmonella typhimurium (strain LT2 / SGSC1412 / ATCC 700720)	3D-structure;Chaperone;Cytoplasm;Reference proteome;Virulence	116
NP_461802	P0CL00	reviewed	Salmonella typhimurium (strain LT2 / SGSC1412 / ATCC 700720)	Cytoplasm;Phosphopantetheine;Phosphoprotein;Reference proteome	82
NP_461803	P0CL52	reviewed	Salmonella typhimurium (strain LT2 / SGSC1412 / ATCC 700720)	3D-structure;Actin-binding;Reference proteome;Secreted;Virulence	685
NP_461804	Q56026	reviewed	Salmonella typhimurium (strain LT2 / SGSC1412 / ATCC 700720)	3D-structure;Coiled coil;Reference proteome;Secreted;Virulence	343
NP_461805	P0CL47	reviewed	Salmonella typhimurium (strain LT2 / SGSC1412 / ATCC 700720)	Actin-binding;Host membrane;Membrane;Reference proteome;Secreted;Transmembrane;Transmembrane helix;Virulence	409
NP_461806	Q56019	reviewed	Salmonella typhimurium (strain LT2 / SGSC1412 / ATCC 700720)	3D-structure;Coiled coil;Host membrane;Membrane;Reference proteome;Secreted;Transmembrane;Transmembrane helix;Virulence	593
NP_461807	P69066	reviewed	Salmonella typhimurium (strain LT2 / SGSC1412 / ATCC 700720)	Activator;Chaperone;Cytoplasm;Reference proteome;Transcription;Transcription regulation;Virulence	165
NP_461808	P40702	reviewed	Salmonella typhimurium (strain LT2 / SGSC1412 / ATCC 700720)	3D-structure;Cell inner membrane;Cell membrane;Membrane;Reference proteome;Transmembrane;Transmembrane helix;Virulence	356
NP_461809	P40701	reviewed	Salmonella typhimurium (strain LT2 / SGSC1412 / ATCC 700720)	3D-structure;Cell membrane;Membrane;Reference proteome;Transmembrane;Transmembrane helix;Virulence	263
NP_461810	P0A1L7	reviewed	Salmonella typhimurium (strain LT2 / SGSC1412 / ATCC 700720)	3D-structure;Cell membrane;Membrane;Reference proteome;Transmembrane;Transmembrane helix;Virulence	86
NP_461811	P40700	reviewed	Salmonella typhimurium (strain LT2 / SGSC1412 / ATCC 700720)	3D-structure;Cell membrane;Membrane;Reference proteome;Transmembrane;Transmembrane helix;Virulence	224
NP_461812	P40699	reviewed	Salmonella typhimurium (strain LT2 / SGSC1412 / ATCC 700720)	3D-structure;Reference proteome;Virulence	303
NP_461813	P40613	reviewed	Salmonella typhimurium (strain LT2 / SGSC1412 / ATCC 700720)	Cytoplasm;Reference proteome;Virulence	336
NP_461814	P40612	reviewed	Salmonella typhimurium (strain LT2 / SGSC1412 / ATCC 700720)	Reference proteome;Virulence	147
NP_461816	P0A1N0	reviewed	Salmonella typhimurium (strain LT2 / SGSC1412 / ATCC 700720)	3D-structure;Chaperone;Reference proteome;Virulence	135
NP_461817	P0A1I3	reviewed	Salmonella typhimurium (strain LT2 / SGSC1412 / ATCC 700720)	3D-structure;Cell inner membrane;Cell membrane;Membrane;Protein transport;Reference proteome;Transmembrane;Transmembrane helix;Transport;Virulence	685
NP_461818	P35671	reviewed	Salmonella typhimurium (strain LT2 / SGSC1412 / ATCC 700720)	3D-structure;Cell membrane;Membrane;Reference proteome;Virulence	372
NP_461819	P35672	reviewed	Salmonella typhimurium (strain LT2 / SGSC1412 / ATCC 700720)	3D-structure;Cell outer membrane;Membrane;Protein transport;Reference proteome;Signal;Translocation;Transport;Virulence	562
NP_461820	P69343	reviewed	Salmonella typhimurium (strain LT2 / SGSC1412 / ATCC 700720)	Activator;DNA-binding;Reference proteome;Transcription;Transcription regulation;Virulence	216
NP_461821	P0CL43	reviewed	Salmonella typhimurium (strain LT2 / SGSC1412 / ATCC 700720)	3D-structure;Cell outer membrane;Lipoprotein;Membrane;Palmitate;Reference proteome;Signal;Virulence	147
NP_461845	P0DM81	reviewed	Salmonella typhimurium (strain LT2 / SGSC1412 / ATCC 700720)	Cytoplasm;DNA-binding;Reference proteome;Sigma factor;Stress response;Transcription;Transcription regulation	330
NP_461866	P40722	reviewed	Salmonella typhimurium (strain LT2 / SGSC1412 / ATCC 700720)	3D-structure;Host cell membrane;Host cytoplasm;Host membrane;Membrane;Reference proteome;Secreted;Virulence	317
NP_462537	P43664	reviewed	Salmonella typhimurium (strain LT2 / SGSC1412 / ATCC 700720)	Fimbrium;Reference proteome;Signal	175
NP_462538	P43663	reviewed	Salmonella typhimurium (strain LT2 / SGSC1412 / ATCC 700720)	Fimbrium;Reference proteome;Signal	359
NP_462539	P43662	reviewed	Salmonella typhimurium (strain LT2 / SGSC1412 / ATCC 700720)	Cell outer membrane;Disulfide bond;Fimbrium biogenesis;Membrane;Reference proteome;Signal;Transmembrane;Transmembrane beta strand;Transport	842
NP_462540	P43661	reviewed	Salmonella typhimurium (strain LT2 / SGSC1412 / ATCC 700720)	Chaperone;Fimbrium biogenesis;Immunoglobulin domain;Periplasm;Reference proteome;Signal	232
NP_462541	P43660	reviewed	Salmonella typhimurium (strain LT2 / SGSC1412 / ATCC 700720)	Fimbrium;Reference proteome;Signal	178
NP_462656	H9L455	unreviewed	Salmonella typhimurium (strain LT2 / SGSC1412 / ATCC 700720)	Cell membrane;Cell outer membrane;Membrane;Reference proteome;Signal	955
NP_462662	P22036	reviewed	Salmonella typhimurium (strain LT2 / SGSC1412 / ATCC 700720)	ATP-binding;Cell inner membrane;Cell membrane;Magnesium;Membrane;Metal-binding;Nucleotide-binding;Phosphoprotein;Reference proteome;Translocase;Transmembrane;Transmembrane helix;Transport	908
NP_462663	P0CI70	reviewed	Salmonella typhimurium (strain LT2 / SGSC1412 / ATCC 700720)	Cell inner membrane;Cell membrane;Membrane;Reference proteome;Transmembrane;Transmembrane helix;Virulence	231
NP_463156.1	P36557	reviewed	Salmonella typhimurium (strain LT2 / SGSC1412 / ATCC 700720)	ATP-binding;Cell inner membrane;Cell membrane;Kinase;Membrane;Nucleotide-binding;Phosphoprotein;Reference proteome;Transferase;Transmembrane;Transmembrane helix;Two-component regulatory system;Virulence	356
NP_463157.1	P36556	reviewed	Salmonella typhimurium (strain LT2 / SGSC1412 / ATCC 700720)	Activator;Antibiotic resistance;Cytoplasm;DNA-binding;Phosphoprotein;Reference proteome;Repressor;Transcription;Transcription regulation;Two-component regulatory system;Virulence	222
NP_463287.1	H9L4C2	unreviewed	Salmonella typhimurium (strain LT2 / SGSC1412 / ATCC 700720)	Calcium;Glycosidase;Hydrolase;Metal-binding;Reference proteome;Signal	447
NP_463731	P22262	reviewed	Listeria monocytogenes serovar 1/2a (strain ATCC BAA-679 / EGD-e)	3D-structure;Activator;DNA-binding;Reference proteome;Transcription;Transcription regulation;Virulence	237
NP_463734	P23224	reviewed	Listeria monocytogenes serovar 1/2a (strain ATCC BAA-679 / EGD-e)	Hydrolase;Metal-binding;Metalloprotease;Protease;Reference proteome;Secreted;Signal;Zinc;Zymogen	510
NP_463735	P33379	reviewed	Listeria monocytogenes serovar 1/2a (strain ATCC BAA-679 / EGD-e)	3D-structure;Cell membrane;Direct protein sequencing;Membrane;Reference proteome;Repeat;Signal;Transmembrane;Transmembrane helix;Virulence	639
NP_463763	Q8YAB6	unreviewed	Listeria monocytogenes serovar 1/2a (strain ATCC BAA-679 / EGD-e)	ATP-binding;Chaperone;Coiled coil;Nucleotide-binding;Reference proteome;Repeat	820
NP_463850	Q7AP83	unreviewed	Listeria monocytogenes serovar 1/2a (strain ATCC BAA-679 / EGD-e)	Cell wall;Coiled coil;Peptidoglycan-anchor;Reference proteome;Secreted;Signal	399
NP_463939	Q8Y9W0	unreviewed	Listeria monocytogenes serovar 1/2a (strain ATCC BAA-679 / EGD-e)	Cell wall;Leucine-rich repeat;Peptidoglycan-anchor;Reference proteome;Repeat;Secreted;Signal	821
NP_463962	P0DJM0	reviewed	Listeria monocytogenes serovar 1/2a (strain ATCC BAA-679 / EGD-e)	3D-structure;Cell wall;Direct protein sequencing;Leucine-rich repeat;Peptidoglycan-anchor;Reference proteome;Repeat;Secreted;Signal;Virulence	800
NP_463963	P0DQD2	reviewed	Listeria monocytogenes serovar 1/2a (strain ATCC BAA-679 / EGD-e)	3D-structure;Cell membrane;Cytoplasm;Heparin-binding;Leucine-rich repeat;Lipid-binding;Membrane;Reference proteome;Repeat;Secreted;Signal;Virulence	630
NP_463967	Q8Y9T5	reviewed	Listeria monocytogenes serovar 1/2a (strain ATCC BAA-679 / EGD-e)	3D-structure;Host nucleus;Reference proteome;Secreted;Signal;Virulence	205
NP_463967	W5U178	unreviewed	Listeria monocytogenes serovar 1/2a (strain ATCC BAA-679 / EGD-e)		205
NP_464110	P21171	reviewed	Listeria monocytogenes serovar 1/2a (strain ATCC BAA-679 / EGD-e)	Direct protein sequencing;Hydrolase;Protease;Reference proteome;Repeat;Secreted;Signal;Thiol protease	484
NP_464364	Q8Y8Q8	unreviewed	Listeria monocytogenes serovar 1/2a (strain ATCC BAA-679 / EGD-e)	Membrane;Reference proteome;Transmembrane;Transmembrane helix;Transport	461
NP_464456	Q8Y8H3	unreviewed	Listeria monocytogenes serovar 1/2a (strain ATCC BAA-679 / EGD-e)	ATP-binding;Ligase;Nucleotide-binding;Reference proteome	331
NP_464522	Q8Y8B1	unreviewed	Listeria monocytogenes serovar 1/2a (strain ATCC BAA-679 / EGD-e)	ATP-binding;Chaperone;Hydrolase;Nucleotide-binding;Protease;Reference proteome	724
NP_464601	Q8Y842	unreviewed	Listeria monocytogenes serovar 1/2a (strain ATCC BAA-679 / EGD-e)	3D-structure;Cell wall biogenesis/degradation;Hydrolase;Reference proteome;Secreted;Signal	572
NP_464815	Q8Y7I7	unreviewed	Listeria monocytogenes serovar 1/2a (strain ATCC BAA-679 / EGD-e)	3D-structure;Cell wall;Membrane;Peptidoglycan-anchor;Reference proteome;Secreted;Signal;Transmembrane;Transmembrane helix	598
NP_464816	Q8Y7I6	reviewed	Listeria monocytogenes serovar 1/2a (strain ATCC BAA-679 / EGD-e)	Acyltransferase;Antibiotic resistance;Cell membrane;Cell wall;Membrane;Reference proteome;Secreted;Transferase;Transmembrane;Transmembrane helix;Virulence	622
NP_465159	Q8Y6Q0	unreviewed	Listeria monocytogenes serovar 1/2a (strain ATCC BAA-679 / EGD-e)	Iron;Multifunctional enzyme;NAD;Oxidoreductase;Reference proteome	866
NP_465311	Q8Y6A8	unreviewed	Listeria monocytogenes serovar 1/2a (strain ATCC BAA-679 / EGD-e)	Leucine-rich repeat;Reference proteome;Repeat;Secreted;Signal	296
NP_465354	Q8Y670	unreviewed	Listeria monocytogenes serovar 1/2a (strain ATCC BAA-679 / EGD-e)	Coiled coil;Protein biosynthesis;Reference proteome;RNA-binding;rRNA-binding;tRNA-binding	570
NP_465369	Q8Y656	reviewed	Listeria monocytogenes serovar 1/2a (strain ATCC BAA-679 / EGD-e)	Aspartyl protease;Cell membrane;Hydrolase;Membrane;Protease;Reference proteome;Transmembrane;Transmembrane helix	154
NP_465372	Q8Y653	reviewed	Listeria monocytogenes serovar 1/2a (strain ATCC BAA-679 / EGD-e)	3D-structure;Cell membrane;Lipoprotein;Manganese;Membrane;Metal-binding;Palmitate;Reference proteome;Signal;Transport	310
NP_465591	Q8Y5J3	unreviewed	Listeria monocytogenes serovar 1/2a (strain ATCC BAA-679 / EGD-e)	Hydrolase;Lipid metabolism;Reference proteome	325
NP_465709	Q7AP54	reviewed	Listeria monocytogenes serovar 1/2a (strain ATCC BAA-679 / EGD-e)	3D-structure;Cell wall;Heme;Ion transport;Iron;Iron transport;Metal-binding;Peptidoglycan-anchor;Reference proteome;Repeat;Secreted;Signal;Transport;Virulence	569
NP_465710	Q8Y585	reviewed	Listeria monocytogenes serovar 1/2a (strain ATCC BAA-679 / EGD-e)	Cell wall;Direct protein sequencing;Ion transport;Iron;Iron transport;Peptidoglycan-anchor;Reference proteome;Secreted;Signal;Transport	207
NP_465743	Q8Y557	reviewed	Listeria monocytogenes serovar 1/2a (strain ATCC BAA-679 / EGD-e)	Cell membrane;Isomerase;Lipoprotein;Membrane;Palmitate;Reference proteome;Rotamase;Signal	293
NP_465991	Q9RQI6	reviewed	Listeria monocytogenes serovar 1/2a (strain ATCC BAA-679 / EGD-e)	3D-structure;Cytoplasm;Hydrolase;Protease;Reference proteome;Serine protease	198
NP_465993	Q8Y4H2	unreviewed	Listeria monocytogenes serovar 1/2a (strain ATCC BAA-679 / EGD-e)	3D-structure;Calcium;Leucine-rich repeat;Metal-binding;Reference proteome;Repeat;Signal	388
NP_466072	L8DWN7	unreviewed	Listeria monocytogenes	Membrane;Transmembrane;Transmembrane helix	145
NP_466072	P58412	reviewed	Listeria monocytogenes serovar 1/2a (strain ATCC BAA-679 / EGD-e)	Cell membrane;Membrane;Reference proteome;Transmembrane;Transmembrane helix;Transport	145
NP_466081	Q8Y496	unreviewed	Listeria monocytogenes serovar 1/2a (strain ATCC BAA-679 / EGD-e)	Cell membrane;Membrane;Reference proteome;Repeat;Signal	917
NP_466343	Q8Y3L4	reviewed	Listeria monocytogenes serovar 1/2a (strain ATCC BAA-679 / EGD-e)	3D-structure;Cell adhesion;Cell wall;Leucine-rich repeat;Peptidoglycan-anchor;Reference proteome;Repeat;Secreted;Signal;Virulence	851
NP_490501	H9L494	unreviewed	Salmonella typhimurium (strain LT2 / SGSC1412 / ATCC 700720)	Membrane;Plasmid;Reference proteome;Signal;Transmembrane;Transmembrane beta strand	185
NP_490508	Q93GS2	unreviewed	Salmonella typhimurium (strain LT2 / SGSC1412 / ATCC 700720)	Chaperone;Fimbrium biogenesis;Immunoglobulin domain;Periplasm;Plasmid;Reference proteome;Signal	230
NP_490509	P37868	reviewed	Salmonella typhimurium (strain LT2 / SGSC1412 / ATCC 700720)	Cell outer membrane;Disulfide bond;Fimbrium biogenesis;Membrane;Plasmid;Reference proteome;Signal;Transmembrane;Transmembrane beta strand;Transport	802
NP_490510	H9L498	unreviewed	Salmonella typhimurium (strain LT2 / SGSC1412 / ATCC 700720)	Plasmid;Reference proteome;Signal	172
NP_490511	H9L439	unreviewed	Salmonella typhimurium (strain LT2 / SGSC1412 / ATCC 700720)	Plasmid;Reference proteome;Transcription;Transcription regulation	100
NP_490527	P0A2N2	reviewed	Salmonella typhimurium (strain LT2 / SGSC1412 / ATCC 700720)	3D-structure;Plasmid;Reference proteome;Virulence	216
NP_490529	H9L477	unreviewed	Salmonella typhimurium (strain LT2 / SGSC1412 / ATCC 700720)	3D-structure;Glycosyltransferase;NAD;NADP;Nucleotide-binding;Nucleotidyltransferase;Plasmid;Reference proteome;Secreted;Toxin;Transferase;Virulence	591
NP_490536	Q7DAP2	unreviewed	Salmonella typhimurium (strain LT2 / SGSC1412 / ATCC 700720)	Metal-binding;Plasmid;Reference proteome;Signal;Zinc	246
NP_706257	A0A0H2UXC7	unreviewed	Shigella flexneri	Membrane;Reference proteome;Transmembrane;Transmembrane helix;Transport	120
NP_706258	P68667	reviewed	Shigella flexneri	Cell membrane;Glycosyltransferase;Membrane;Reference proteome;Transferase;Transmembrane;Transmembrane helix	309
NP_706259	A0A0H2UXC8	unreviewed	Shigella flexneri	Membrane;Reference proteome;Transferase;Transmembrane;Transmembrane helix	486
NP_706650	A0A0H2UY03	unreviewed	Shigella flexneri	Host cytoplasm;Leucine-rich repeat;Reference proteome;Repeat;Secreted;Transferase;Ubl conjugation;Ubl conjugation pathway;Virulence	587
NP_707728	Q83R64	unreviewed	Shigella flexneri	3D-structure;Host cytoplasm;Leucine-rich repeat;Reference proteome;Repeat;Secreted;Transferase;Ubl conjugation;Ubl conjugation pathway;Virulence	583
NP_708400	A0A0H2V170	unreviewed	Shigella flexneri	Host cytoplasm;Leucine-rich repeat;Reference proteome;Repeat;Secreted;Transferase;Ubl conjugation;Ubl conjugation pathway;Virulence	608
NP_709454	Q9XCH4	unreviewed	Shigella flexneri	Reference proteome	593
NP_709455	A0A384KJH6	unreviewed	Shigella flexneri	Cytoplasm;Reference proteome;Transferase	315
NP_709456	A0A0H2V2U5	unreviewed	Shigella flexneri	Reference proteome	580
NP_709457	Q9XCH1	unreviewed	Shigella flexneri	FAD;Flavoprotein;NADP;Oxidoreductase;Reference proteome	445
NP_709458	A0A0H2V2V1	unreviewed	Shigella flexneri	Cell outer membrane;Ion transport;Iron;Iron transport;Membrane;Receptor;Reference proteome;Signal;TonB box;Transmembrane;Transmembrane beta strand;Transport	731
NP_819024	Q45952	reviewed	Coxiella burnetii (strain RSA 493 / Nine Mile phase I)	Coiled coil;Plasmid;Reference proteome	341
NP_819030	H7C7F5	unreviewed	Coxiella burnetii (strain RSA 493 / Nine Mile phase I)	Plasmid;Reference proteome	243
NP_819031	Q83A11	unreviewed	Coxiella burnetii (strain RSA 493 / Nine Mile phase I)	Plasmid;Reference proteome	77
NP_819032	B5U8Q2	unreviewed	Coxiella burnetii (strain RSA 493 / Nine Mile phase I)	Plasmid;Reference proteome	227
NP_819033	P26688	reviewed	Coxiella burnetii (strain RSA 493 / Nine Mile phase I)	Cytoplasm;Plasmid;Reference proteome	341
NP_819037	Q83A08	unreviewed	Coxiella burnetii (strain RSA 493 / Nine Mile phase I)	Plasmid;Reference proteome	283
NP_819040	Q83A05	unreviewed	Coxiella burnetii (strain RSA 493 / Nine Mile phase I)	Plasmid;Reference proteome	233
NP_819042	Q83A04	unreviewed	Coxiella burnetii (strain RSA 493 / Nine Mile phase I)	Plasmid;Reference proteome	86
NP_819050	Q839Z8	unreviewed	Coxiella burnetii (strain RSA 493 / Nine Mile phase I)	Membrane;Plasmid;Reference proteome;Transmembrane;Transmembrane helix	68
NP_819077	Q83FB9	unreviewed	Coxiella burnetii (strain RSA 493 / Nine Mile phase I)	Reference proteome	809
NP_819096	Q83FA5	reviewed	Coxiella burnetii (strain RSA 493 / Nine Mile phase I)	Coiled coil;Reference proteome	710
NP_819115	Q83F86	unreviewed	Coxiella burnetii (strain RSA 493 / Nine Mile phase I)	Chaperone;Coiled coil;Reference proteome	501
NP_819125	Q83F76	unreviewed	Coxiella burnetii (strain RSA 493 / Nine Mile phase I)	Reference proteome	399
NP_819130	Q83F71	unreviewed	Coxiella burnetii (strain RSA 493 / Nine Mile phase I)	Membrane;Reference proteome;Transmembrane;Transmembrane helix	263
NP_819163	Q83F38	unreviewed	Coxiella burnetii (strain RSA 493 / Nine Mile phase I)	Reference proteome	70
NP_819172	Q83F29	unreviewed	Coxiella burnetii (strain RSA 493 / Nine Mile phase I)	Membrane;Reference proteome;Transmembrane;Transmembrane helix	92
NP_819221	Q820B6	unreviewed	Coxiella burnetii (strain RSA 493 / Nine Mile phase I)	Kinase;Reference proteome;Serine/threonine-protein kinase;Transferase	246
NP_819229	Q83EX5	unreviewed	Coxiella burnetii (strain RSA 493 / Nine Mile phase I)	Reference proteome	90
NP_819247	Q83EV7	unreviewed	Coxiella burnetii (strain RSA 493 / Nine Mile phase I)	ANK repeat;Reference proteome;Repeat	131
NP_819314	Q83EP5	reviewed	Coxiella burnetii (strain RSA 493 / Nine Mile phase I)	Fatty acid biosynthesis;Fatty acid metabolism;Lipid biosynthesis;Lipid metabolism;NAD;Oxidoreductase;Reference proteome	406
NP_819338	Q83EM2	unreviewed	Coxiella burnetii (strain RSA 493 / Nine Mile phase I)	Reference proteome	489
NP_819363	Q83EJ9	unreviewed	Coxiella burnetii (strain RSA 493 / Nine Mile phase I)	Membrane;Reference proteome;Transmembrane;Transmembrane helix	257
NP_819412	Q83EF1	unreviewed	Coxiella burnetii (strain RSA 493 / Nine Mile phase I)	Membrane;Reference proteome;Transmembrane;Transmembrane helix	454
NP_819448	Q83EB6	unreviewed	Coxiella burnetii (strain RSA 493 / Nine Mile phase I)	Membrane;Reference proteome;Transmembrane;Transmembrane helix	578
NP_819463	Q83EA1	unreviewed	Coxiella burnetii (strain RSA 493 / Nine Mile phase I)	Reference proteome	455
NP_819484	Q83E81	unreviewed	Coxiella burnetii (strain RSA 493 / Nine Mile phase I)	ANK repeat;Reference proteome;Repeat	184
NP_819504	Q83E62	unreviewed	Coxiella burnetii (strain RSA 493 / Nine Mile phase I)	Reference proteome	67
NP_819545	Q83E23	unreviewed	Coxiella burnetii (strain RSA 493 / Nine Mile phase I)	Carbohydrate metabolism;Gluconeogenesis;Hydrolase;Lyase;Magnesium;Metal-binding;Reference proteome;Schiff base	382
NP_819566	Q83E03	unreviewed	Coxiella burnetii (strain RSA 493 / Nine Mile phase I)	Membrane;Reference proteome;Transmembrane;Transmembrane helix	398
NP_819620	Q83DV2	unreviewed	Coxiella burnetii (strain RSA 493 / Nine Mile phase I)	Reference proteome	57
NP_819656	Q83DR9	unreviewed	Coxiella burnetii (strain RSA 493 / Nine Mile phase I)	Reference proteome	695
NP_819665	Q83DR1	unreviewed	Coxiella burnetii (strain RSA 493 / Nine Mile phase I)	Membrane;Reference proteome;Transmembrane;Transmembrane helix	496
NP_819667	Q83DQ9	unreviewed	Coxiella burnetii (strain RSA 493 / Nine Mile phase I)	Oxidoreductase;Reference proteome	253
NP_819695	Q83DN3	unreviewed	Coxiella burnetii (strain RSA 493 / Nine Mile phase I)	Reference proteome	328
NP_819795	Q83DG3	unreviewed	Coxiella burnetii (strain RSA 493 / Nine Mile phase I)	Reference proteome	156
NP_819802	Q83DF6	reviewed	Coxiella burnetii (strain RSA 493 / Nine Mile phase I)	ANK repeat;Coiled coil;Reference proteome;Repeat	338
NP_819814	Q83DE4	unreviewed	Coxiella burnetii (strain RSA 493 / Nine Mile phase I)	Coiled coil;Reference proteome	464
NP_819821	Q83DD7	unreviewed	Coxiella burnetii (strain RSA 493 / Nine Mile phase I)	3D-structure;Acyltransferase;Cytoplasm;Reference proteome;Transferase	145
NP_819899	Q83D60	unreviewed	Coxiella burnetii (strain RSA 493 / Nine Mile phase I)	Reference proteome	221
NP_819902	Q83D57	unreviewed	Coxiella burnetii (strain RSA 493 / Nine Mile phase I)	Reference proteome	388
NP_819950	Q83D09	reviewed	Coxiella burnetii (strain RSA 493 / Nine Mile phase I)	Coiled coil;Reference proteome;Signal	465
NP_819986	Q83CX3	unreviewed	Coxiella burnetii (strain RSA 493 / Nine Mile phase I)	Reference proteome	155
NP_820063	Q83CP6	unreviewed	Coxiella burnetii (strain RSA 493 / Nine Mile phase I)	Reference proteome	468
NP_820078	Q83CN2	unreviewed	Coxiella burnetii (strain RSA 493 / Nine Mile phase I)	Reference proteome	198
NP_820193	Q83CC8	unreviewed	Coxiella burnetii (strain RSA 493 / Nine Mile phase I)	Reference proteome	178
NP_820208	Q83CB4	unreviewed	Coxiella burnetii (strain RSA 493 / Nine Mile phase I)	ANK repeat;Reference proteome;Repeat	657
NP_820212	Q83CB0	unreviewed	Coxiella burnetii (strain RSA 493 / Nine Mile phase I)	Reference proteome	497
NP_820262	Q83C61	unreviewed	Coxiella burnetii (strain RSA 493 / Nine Mile phase I)	Reference proteome	357
NP_820305	Q83C21	unreviewed	Coxiella burnetii (strain RSA 493 / Nine Mile phase I)	Reference proteome	214
NP_820338	Q83BY8	unreviewed	Coxiella burnetii (strain RSA 493 / Nine Mile phase I)	Reference proteome	579
NP_820359	Q83BW7	unreviewed	Coxiella burnetii (strain RSA 493 / Nine Mile phase I)	Reference proteome	328
NP_820376	Q83BV2	unreviewed	Coxiella burnetii (strain RSA 493 / Nine Mile phase I)	Reference proteome	216
NP_820393	H7C7E3	unreviewed	Coxiella burnetii (strain RSA 493 / Nine Mile phase I)	Reference proteome	278
NP_820409	Q83BS7	unreviewed	Coxiella burnetii (strain RSA 493 / Nine Mile phase I)	Lipoprotein;Membrane;Palmitate;Reference proteome;Signal;Transmembrane;Transmembrane helix	150
NP_820417	Q83BR9	reviewed	Coxiella burnetii (strain RSA 493 / Nine Mile phase I)	Cytoplasm;Reference proteome;Ribosome biogenesis	153
NP_820440	Q83BP6	unreviewed	Coxiella burnetii (strain RSA 493 / Nine Mile phase I)	Reference proteome	674
NP_820443	Q83BP3	unreviewed	Coxiella burnetii (strain RSA 493 / Nine Mile phase I)	Reference proteome	261
NP_820476	Q83BL2	unreviewed	Coxiella burnetii (strain RSA 493 / Nine Mile phase I)	Reference proteome	557
NP_820513	Q83BH8	unreviewed	Coxiella burnetii (strain RSA 493 / Nine Mile phase I)	Membrane;Reference proteome;Transmembrane;Transmembrane helix	645
NP_820526	Q83BG5	unreviewed	Coxiella burnetii (strain RSA 493 / Nine Mile phase I)	Coiled coil;Membrane;Reference proteome;Transmembrane;Transmembrane helix	188
NP_820539	Q83BF4	unreviewed	Coxiella burnetii (strain RSA 493 / Nine Mile phase I)	Membrane;Reference proteome;Transmembrane;Transmembrane helix	567
NP_820549	Q83BE4	reviewed	Coxiella burnetii (strain RSA 493 / Nine Mile phase I)	3D-structure;Cytoplasm;DNA-binding;Reference proteome;Transcription;Transcription regulation	244
NP_820552	Q83BE1	unreviewed	Coxiella burnetii (strain RSA 493 / Nine Mile phase I)	Reference proteome	547
NP_820559	Q83BD5	unreviewed	Coxiella burnetii (strain RSA 493 / Nine Mile phase I)	Reference proteome	839
NP_820577	Q83BB8	unreviewed	Coxiella burnetii (strain RSA 493 / Nine Mile phase I)	Reference proteome	149
NP_820589	Q83BA6	unreviewed	Coxiella burnetii (strain RSA 493 / Nine Mile phase I)	Reference proteome	132
NP_820596	Q83B99	unreviewed	Coxiella burnetii (strain RSA 493 / Nine Mile phase I)	Reference proteome	139
NP_820604	Q83B91	unreviewed	Coxiella burnetii (strain RSA 493 / Nine Mile phase I)	Reference proteome	1003
NP_820605	Q83B90	unreviewed	Coxiella burnetii (strain RSA 493 / Nine Mile phase I)	Reference proteome	212
NP_820606	Q83B89	unreviewed	Coxiella burnetii (strain RSA 493 / Nine Mile phase I)	Membrane;Reference proteome;Transmembrane;Transmembrane helix	138
NP_820607	Q83B88	unreviewed	Coxiella burnetii (strain RSA 493 / Nine Mile phase I)	Membrane;Reference proteome;Transmembrane;Transmembrane helix	169
NP_820608	Q83B87	unreviewed	Coxiella burnetii (strain RSA 493 / Nine Mile phase I)	Coiled coil;Membrane;Reference proteome;Transmembrane;Transmembrane helix	244
NP_820610	Q83B85	unreviewed	Coxiella burnetii (strain RSA 493 / Nine Mile phase I)	Reference proteome	351
NP_820611	Q83B84	unreviewed	Coxiella burnetii (strain RSA 493 / Nine Mile phase I)	Membrane;Reference proteome;Transmembrane;Transmembrane helix	218
NP_820612	Q83B83	unreviewed	Coxiella burnetii (strain RSA 493 / Nine Mile phase I)	Membrane;Reference proteome;Transmembrane;Transmembrane helix	207
NP_820613	Q83B82	unreviewed	Coxiella burnetii (strain RSA 493 / Nine Mile phase I)	Membrane;Reference proteome;Transmembrane;Transmembrane helix	212
NP_820614	Q83B81	unreviewed	Coxiella burnetii (strain RSA 493 / Nine Mile phase I)	Membrane;Reference proteome;Transmembrane;Transmembrane helix	792
NP_820615	Q83B80	unreviewed	Coxiella burnetii (strain RSA 493 / Nine Mile phase I)	Membrane;Reference proteome;Transmembrane;Transmembrane helix	387
NP_820616	Q83B79	unreviewed	Coxiella burnetii (strain RSA 493 / Nine Mile phase I)	Reference proteome	238
NP_820618	Q83B77	unreviewed	Coxiella burnetii (strain RSA 493 / Nine Mile phase I)	Reference proteome	391
NP_820621	Q83B74	unreviewed	Coxiella burnetii (strain RSA 493 / Nine Mile phase I)	Reference proteome	398
NP_820623	H7C7F3	unreviewed	Coxiella burnetii (strain RSA 493 / Nine Mile phase I)	Membrane;Reference proteome;Transmembrane;Transmembrane helix	85
NP_820624	Q83B73	unreviewed	Coxiella burnetii (strain RSA 493 / Nine Mile phase I)	Reference proteome	112
NP_820625	Q83B72	unreviewed	Coxiella burnetii (strain RSA 493 / Nine Mile phase I)	Reference proteome	169
NP_820626	Q83B71	unreviewed	Coxiella burnetii (strain RSA 493 / Nine Mile phase I)	Lipoprotein;Palmitate;Reference proteome;Signal	274
NP_820627	Q83B70	unreviewed	Coxiella burnetii (strain RSA 493 / Nine Mile phase I)	ATP-binding;Nucleotide-binding;Reference proteome	372
NP_820631	Q83B66	unreviewed	Coxiella burnetii (strain RSA 493 / Nine Mile phase I)	Membrane;Reference proteome;Transmembrane;Transmembrane helix	164
NP_820632	Q83B65	unreviewed	Coxiella burnetii (strain RSA 493 / Nine Mile phase I)	Reference proteome	149
NP_820634	Q83B63	unreviewed	Coxiella burnetii (strain RSA 493 / Nine Mile phase I)	Reference proteome;Signal	376
NP_820647	Q83B50	unreviewed	Coxiella burnetii (strain RSA 493 / Nine Mile phase I)	Reference proteome	579
NP_820658	Q83B42	unreviewed	Coxiella burnetii (strain RSA 493 / Nine Mile phase I)	Reference proteome	361
NP_820659	Q83B41	unreviewed	Coxiella burnetii (strain RSA 493 / Nine Mile phase I)	Coiled coil;Reference proteome	144
NP_820667	Q83B33	unreviewed	Coxiella burnetii (strain RSA 493 / Nine Mile phase I)	Reference proteome	473
NP_820668	Q83B32	unreviewed	Coxiella burnetii (strain RSA 493 / Nine Mile phase I)	Reference proteome	773
NP_820705	Q83B01	unreviewed	Coxiella burnetii (strain RSA 493 / Nine Mile phase I)	Reference proteome	747
NP_820731	Q83AX6	unreviewed	Coxiella burnetii (strain RSA 493 / Nine Mile phase I)	Coiled coil;Reference proteome	420
NP_820732	Q83AX5	unreviewed	Coxiella burnetii (strain RSA 493 / Nine Mile phase I)	Reference proteome	412
NP_820734	Q83AX3	reviewed	Coxiella burnetii (strain RSA 493 / Nine Mile phase I)	Reference proteome	198
NP_820749	Q83AV9	unreviewed	Coxiella burnetii (strain RSA 493 / Nine Mile phase I)	3D-structure;Hydrolase;Reference proteome	205
NP_820769	Q83AU0	unreviewed	Coxiella burnetii (strain RSA 493 / Nine Mile phase I)	Hydrolase;Metal-binding;Reference proteome;Zinc	288
NP_820770	Q83AT9	unreviewed	Coxiella burnetii (strain RSA 493 / Nine Mile phase I)	Reference proteome	634
NP_820773	Q83AT6	unreviewed	Coxiella burnetii (strain RSA 493 / Nine Mile phase I)	Reference proteome	272
NP_820797	Q83AR2	reviewed	Coxiella burnetii (strain RSA 493 / Nine Mile phase I)	Membrane;Reference proteome;Transmembrane;Transmembrane helix	481
NP_820798	Q83AR1	reviewed	Coxiella burnetii (strain RSA 493 / Nine Mile phase I)	Membrane;Reference proteome;Transmembrane;Transmembrane helix	377
NP_820802	Q83AQ7	unreviewed	Coxiella burnetii (strain RSA 493 / Nine Mile phase I)	Reference proteome	349
NP_820804	Q83AQ5	unreviewed	Coxiella burnetii (strain RSA 493 / Nine Mile phase I)	Reference proteome	115
NP_820840	Q83AM0	unreviewed	Coxiella burnetii (strain RSA 493 / Nine Mile phase I)	Membrane;Reference proteome;Transmembrane;Transmembrane helix	603
NP_820982	Q83A99	unreviewed	Coxiella burnetii (strain RSA 493 / Nine Mile phase I)	Reference proteome	395
NP_820988	Q83A93	unreviewed	Coxiella burnetii (strain RSA 493 / Nine Mile phase I)	Reference proteome	365
NP_820990	Q83A91	unreviewed	Coxiella burnetii (strain RSA 493 / Nine Mile phase I)	Reference proteome	198
NP_821001	Q83A80	unreviewed	Coxiella burnetii (strain RSA 493 / Nine Mile phase I)	Reference proteome	248
NP_821023	Q83A58	unreviewed	Coxiella burnetii (strain RSA 493 / Nine Mile phase I)	Reference proteome	300
NP_821027	Q83A54	unreviewed	Coxiella burnetii (strain RSA 493 / Nine Mile phase I)	Reference proteome	220
NP_821046	Q83A35	unreviewed	Coxiella burnetii (strain RSA 493 / Nine Mile phase I)	Reference proteome	105
NP_821048	Q83A33	unreviewed	Coxiella burnetii (strain RSA 493 / Nine Mile phase I)	ATP-binding;Nucleotide-binding;Reference proteome	348
NP_858136	Q99Q23	unreviewed	Shigella flexneri	Plasmid;Reference proteome	288
NP_858142	A0A0H2USB0	unreviewed	Shigella flexneri	Plasmid;Reference proteome	569
NP_858155	A0A2S4MRS5	unreviewed	Shigella flexneri	Plasmid;Reference proteome	225
NP_858157	A0A0H2US92	unreviewed	Shigella flexneri	Plasmid;Reference proteome	188
NP_858157	Q9AJW7	unreviewed	Shigella flexneri	3D-structure;Plasmid	188
NP_858179	P0A2T1	reviewed	Shigella flexneri	Activator;DNA-binding;Plasmid;Reference proteome;Transcription;Transcription regulation;Virulence	262
NP_858187	A0A0H2USC0	reviewed	Shigella flexneri	3D-structure;Host cytoplasm;Leucine-rich repeat;Plasmid;Reference proteome;Repeat;Secreted;Transferase;Ubl conjugation;Ubl conjugation pathway;Virulence	563
NP_858211	P18014	reviewed	Shigella flexneri	3D-structure;Direct protein sequencing;Host cytoplasm;Leucine-rich repeat;Plasmid;Reference proteome;Repeat;Secreted;Transferase;Ubl conjugation;Ubl conjugation pathway;Virulence	565
NP_858212	P18009	reviewed	Shigella flexneri	Direct protein sequencing;Host cytoplasm;Leucine-rich repeat;Plasmid;Reference proteome;Repeat;Secreted;Transferase;Ubl conjugation;Ubl conjugation pathway;Virulence	574
NP_858226	Q99Q01	reviewed	Shigella flexneri	Hydrolase;Plasmid;Protease;Reference proteome;Secreted;Toxin;Virulence	565
NP_858255	Q54150	reviewed	Shigella flexneri	Host cytoplasm;Hydrolase;Plasmid;Protease;Reference proteome;Secreted;Virulence	259
NP_858256	P0A247	reviewed	Shigella flexneri	3D-structure;Activator;DNA-binding;Plasmid;Reference proteome;Transcription;Transcription regulation;Virulence	309
NP_858258	P18010	reviewed	Shigella flexneri	3D-structure;Actin-binding;Plasmid;Reference proteome;Secreted;Virulence	633
NP_858259	P18013	reviewed	Shigella flexneri	3D-structure;Coiled coil;Plasmid;Reference proteome;Secreted;Virulence	332
NP_858260	P18012	reviewed	Shigella flexneri	Direct protein sequencing;Host membrane;Membrane;Plasmid;Reference proteome;Secreted;Transmembrane;Transmembrane helix;Virulence	363
NP_858261	P18011	reviewed	Shigella flexneri	3D-structure;Coiled coil;Direct protein sequencing;Host membrane;Host nucleus;Membrane;Plasmid;Reference proteome;Secreted;Transmembrane;Transmembrane helix;Virulence	580
NP_858262	P0A2U4	reviewed	Shigella flexneri	3D-structure;Chaperone;Cytoplasm;Plasmid;Reference proteome;Virulence	155
NP_858264	P33547	reviewed	Shigella flexneri	Chaperone;Cytoplasm;Plasmid;Reference proteome;Virulence	129
NP_858265	P33546	reviewed	Shigella flexneri	Acyltransferase;Plasmid;Reference proteome;Secreted;Transferase;Virulence	494
NP_858266	Q07566	reviewed	Shigella flexneri	Hydrolase;Plasmid;Reference proteome;Secreted;Virulence	538
NP_858267	Q6XVY3	reviewed	Shigella flexneri	Chaperone;Cytoplasm;Direct protein sequencing;Plasmid;Reference proteome;Virulence	120
NP_858268	Q07568	reviewed	Shigella flexneri	Plasmid;Reference proteome;Signal;Virulence	152
NP_858269	P0A221	reviewed	Shigella flexneri	3D-structure;Cell inner membrane;Cell membrane;Cell outer membrane;Membrane;Plasmid;Reference proteome;Transmembrane;Transmembrane helix;Virulence	371
NP_858270	P0A223	reviewed	Shigella flexneri	3D-structure;Plasmid;Protein transport;Reference proteome;Secreted;Transport;Virulence	83
NP_858271	P0A225	reviewed	Shigella flexneri	3D-structure;Plasmid;Protein transport;Reference proteome;Transport;Virulence	97
NP_858272	Q06081	reviewed	Shigella flexneri	3D-structure;Cell outer membrane;Lipoprotein;Membrane;Palmitate;Plasmid;Protein transport;Reference proteome;Signal;Transport;Virulence	241
NP_858273	P0A227	reviewed	Shigella flexneri	Plasmid;Reference proteome;Virulence	175
NP_858274	Q99PY0	reviewed	Shigella flexneri	Cytoplasm;Plasmid;Protein transport;Reference proteome;Transport;Virulence	231
NP_858275	A0A2S4MR78	unreviewed	Shigella flexneri	Plasmid;Reference proteome	135
NP_858276	P0A1X2	reviewed	Shigella flexneri	3D-structure;Cell outer membrane;Lipoprotein;Membrane;Palmitate;Plasmid;Reference proteome;Signal;Virulence	142
NP_858277	P0A2S7	reviewed	Shigella flexneri	DNA-binding;Plasmid;Reference proteome;Transcription;Transcription regulation;Transport;Virulence	210
NP_858278	Q04641	reviewed	Shigella flexneri	3D-structure;Cell outer membrane;Membrane;Plasmid;Protein transport;Reference proteome;Signal;Translocation;Transport;Virulence	566
NP_858279	Q04640	reviewed	Shigella flexneri	3D-structure;Direct protein sequencing;Plasmid;Reference proteome;Secreted;Transport;Virulence	355
NP_858280	P0A1I5	reviewed	Shigella flexneri	3D-structure;Cell inner membrane;Cell membrane;Membrane;Plasmid;Protein transport;Reference proteome;Transmembrane;Transmembrane helix;Transport;Virulence	686
NP_858281	P35530	reviewed	Shigella flexneri	3D-structure;Chaperone;Plasmid;Reference proteome;Virulence	133
NP_858283	P0A1K3	reviewed	Shigella flexneri	Plasmid;Reference proteome;Virulence	112
NP_858284	P0A1K5	reviewed	Shigella flexneri	Cell outer membrane;Direct protein sequencing;Disulfide bond;Membrane;Plasmid;Reference proteome;Secreted;Virulence	292
NP_858285	P0A1K9	reviewed	Shigella flexneri	3D-structure;Plasmid;Reference proteome;Virulence	293
NP_858286	P0A1L3	reviewed	Shigella flexneri	3D-structure;Cell membrane;Membrane;Plasmid;Reference proteome;Transmembrane;Transmembrane helix;Virulence	216
NP_858287	P0A1M4	reviewed	Shigella flexneri	3D-structure;Cell membrane;Membrane;Plasmid;Reference proteome;Transmembrane;Transmembrane helix;Virulence	86
NP_858288	P0A1M6	reviewed	Shigella flexneri	3D-structure;Cell membrane;Membrane;Plasmid;Reference proteome;Transmembrane;Transmembrane helix;Virulence	256
NP_858289	P0A1M8	reviewed	Shigella flexneri	3D-structure;Cell inner membrane;Cell membrane;Membrane;Plasmid;Reference proteome;Transmembrane;Transmembrane helix;Virulence	342
NP_858314	Q7BU69	reviewed	Shigella flexneri	3D-structure;Direct protein sequencing;Hydrolase;Plasmid;Protease;Reference proteome;Secreted;Thiol protease;Virulence	400
NP_858342	A0A0H2USH7	unreviewed	Shigella flexneri	Plasmid;Reference proteome	212
NP_858342	Q8VSD5	unreviewed	Shigella flexneri	3D-structure;Plasmid	212
NP_858359	Q8VSC3	reviewed	Shigella flexneri	3D-structure;Direct protein sequencing;Host cytoplasm;Host nucleus;Leucine-rich repeat;Plasmid;Reference proteome;Repeat;Secreted;Transferase;Ubl conjugation;Ubl conjugation pathway;Virulence	545
NP_858360	Q99PZ6	reviewed	Shigella flexneri	3D-structure;Direct protein sequencing;Kinase;Phosphoprotein;Plasmid;Reference proteome;Secreted;Transferase;Virulence	196
NP_858398	A0A0H2USG1	reviewed	Shigella flexneri	3D-structure;Host cytoplasm;Leucine-rich repeat;Plasmid;Reference proteome;Repeat;Secreted;Transferase;Ubl conjugation;Ubl conjugation pathway;Virulence	575
WP_000002969.1	Q8NV88	reviewed	Staphylococcus aureus (strain MW2)	Chaperone;Cytoplasm;GTP-binding;Nickel insertion;Nucleotide-binding	204
WP_000002969.1	Q6G729	reviewed	Staphylococcus aureus (strain MSSA476)	Chaperone;Cytoplasm;GTP-binding;Nickel insertion;Nucleotide-binding	204
WP_000004104	Q9KTI0	unreviewed	Vibrio cholerae serotype O1 (strain ATCC 39315 / El Tor Inaba N16961)	Membrane;Reference proteome;Transmembrane;Transmembrane helix	406
WP_000004827	O25306	unreviewed	Helicobacter pylori (strain ATCC 700392 / 26695) (Campylobacter pylori)	3D-structure;Cell membrane;Cell projection;Chemotaxis;Cilium;Coiled coil;Flagellar rotation;Flagellum;Membrane;Reference proteome	123
WP_000006206	A0A0H2VC30	unreviewed	Escherichia coli O6:H1 (strain CFT073 / ATCC 700928 / UPEC)	Reference proteome;Transcription;Transcription regulation	77
WP_000006206	Q47439	unreviewed	Escherichia coli	Transcription;Transcription regulation	77
WP_000006208	P62585	reviewed	Escherichia coli O6:H1 (strain CFT073 / ATCC 700928 / UPEC)	Activator;Fimbrium biogenesis;Reference proteome;Transcription;Transcription regulation	77
WP_000006208	P62584	reviewed	Escherichia coli	3D-structure;Activator;Fimbrium biogenesis;Transcription;Transcription regulation	77
WP_000006208	Q47193	unreviewed	Escherichia coli	Transcription;Transcription regulation	77
WP_000006706	Q8DQ36	reviewed	Streptococcus pneumoniae (strain ATCC BAA-255 / R6)	3D-structure;Cytoplasm;Protein biosynthesis;Reference proteome;RNA-binding;rRNA-binding;tRNA-binding	551
WP_000008673.1	P67403	reviewed	Staphylococcus aureus (strain Mu50 / ATCC 700699)	Cytoplasm;Hydrolase;Metal-binding;Nickel	571
WP_000008673.1	P67404	reviewed	Staphylococcus aureus (strain N315)	Cytoplasm;Hydrolase;Metal-binding;Nickel	571
WP_000008673.1	P67405	reviewed	Staphylococcus aureus (strain MW2)	Cytoplasm;Hydrolase;Metal-binding;Nickel	571
WP_000008673.1	Q6G732	reviewed	Staphylococcus aureus (strain MSSA476)	Cytoplasm;Hydrolase;Metal-binding;Nickel	571
WP_000008673.1	Q2FEK3	reviewed	Staphylococcus aureus (strain USA300)	Cytoplasm;Hydrolase;Metal-binding;Nickel;Reference proteome	571
WP_000008673.1	A7X5M3	reviewed	Staphylococcus aureus (strain Mu3 / ATCC 700698)	Cytoplasm;Hydrolase;Metal-binding;Nickel	571
WP_000008673.1	A6QJD0	reviewed	Staphylococcus aureus (strain Newman)	Cytoplasm;Hydrolase;Metal-binding;Nickel	571
WP_000008673.1	A8Z387	reviewed	Staphylococcus aureus (strain USA300 / TCH1516)	Cytoplasm;Hydrolase;Metal-binding;Nickel	571
WP_000008673.1	Q2G2K5	reviewed	Staphylococcus aureus (strain NCTC 8325 / PS 47)	Cytoplasm;Hydrolase;Metal-binding;Nickel;Reference proteome	571
WP_000008673.1	Q5HDR8	reviewed	Staphylococcus aureus (strain COL)	Cytoplasm;Hydrolase;Metal-binding;Nickel	571
WP_000010636	Q2FD82	unreviewed	Acinetobacter baumannii	Coiled coil;Reference proteome	406
WP_000010636	A0A7U4DHY6	unreviewed	Acinetobacter baumannii (strain AB0057)	Coiled coil;Reference proteome	406
WP_000012013	B4F6A0	unreviewed	Escherichia coli	Repressor;Transcription;Transcription regulation	246
WP_000012016	A0A0H2V656	unreviewed	Escherichia coli O6:H1 (strain CFT073 / ATCC 700928 / UPEC)	Reference proteome;Repressor;Transcription;Transcription regulation	246
WP_000012016	Q6KD99	unreviewed	Escherichia coli	Repressor;Transcription;Transcription regulation	246
WP_000020034	A0A0H2VBT7	unreviewed	Escherichia coli O6:H1 (strain CFT073 / ATCC 700928 / UPEC)	Reference proteome	164
WP_000020034	A0A0H2Z3N3	unreviewed	Escherichia coli O1:K1 / APEC	Reference proteome	164
WP_000020034	B7MEK6	unreviewed	Escherichia coli O45:K1 (strain S88 / ExPEC)	Reference proteome	164
WP_000020038	Q32AY0	unreviewed	Shigella dysenteriae serotype 1 (strain Sd197)	Reference proteome	164
WP_000020038	O70017	unreviewed	Shigella dysenteriae		164
WP_000020049	Q8X5N5	unreviewed	Escherichia coli O157:H7	3D-structure;Reference proteome	164
WP_000020697	P29480	reviewed	Vibrio cholerae serotype O1 (strain ATCC 39315 / El Tor Inaba N16961)	ATP-binding;Cytoplasm;Nucleotide-binding;Protein transport;Reference proteome;Transport	503
WP_000020697	Q7BGC2	unreviewed	Vibrio cholerae	ATP-binding;Nucleotide-binding	503
WP_000020713.1	V5VG41	unreviewed	Acinetobacter baumannii	Reference proteome	364
WP_000020713.1	A0A7U3Y5G4	unreviewed	Acinetobacter baumannii (strain AB0057)	Reference proteome	364
WP_000022419	O24967	unreviewed	Helicobacter pylori (strain ATCC 700392 / 26695) (Campylobacter pylori)	Glycosyltransferase;Metal-binding;Reference proteome;Transferase	372
WP_000022458	Q8XB62	unreviewed	Escherichia coli O157:H7	Reference proteome	217
WP_000026784	A0A0H2V534	unreviewed	Escherichia coli O6:H1 (strain CFT073 / ATCC 700928 / UPEC)	Acyltransferase;ATP-binding;Enterobactin biosynthesis;Ligase;Membrane;Nucleotide-binding;Reference proteome;Transferase	536
WP_000030755	A0A0H2Z2Q1	unreviewed	Escherichia coli O1:K1 / APEC	Cytoplasm;Lipopolysaccharide biosynthesis;Nucleotidyltransferase;Reference proteome;Transferase	246
WP_000030755	Q4FBB7	unreviewed	Escherichia coli	Cytoplasm;Lipopolysaccharide biosynthesis;Nucleotidyltransferase;Transferase	246
WP_000030755	B7MN86	unreviewed	Escherichia coli O45:K1 (strain S88 / ExPEC)	Cytoplasm;Lipopolysaccharide biosynthesis;Nucleotidyltransferase;Reference proteome;Transferase	246
WP_000031391	Q9KN58	unreviewed	Vibrio cholerae serotype O1 (strain ATCC 39315 / El Tor Inaba N16961)	3D-structure;Reference proteome	168
WP_000033553	O24925	unreviewed	Helicobacter pylori (strain ATCC 700392 / 26695) (Campylobacter pylori)	Coiled coil;Membrane;Reference proteome;Transducer;Transmembrane;Transmembrane helix	675
WP_000034987	Q9KTI2	unreviewed	Vibrio cholerae serotype O1 (strain ATCC 39315 / El Tor Inaba N16961)	Reference proteome	382
WP_000037389	Q3Z5C4	unreviewed	Shigella sonnei (strain Ss046)	Reference proteome	166
WP_000037389	A7ZHX1	unreviewed	Escherichia coli O139:H28 (strain E24377A / ETEC)	Reference proteome	166
WP_000037389	B7LHD9	unreviewed	Escherichia coli (strain 55989 / EAEC)	Reference proteome	166
WP_000037963	N0A3U6	unreviewed	Acinetobacter baumannii	Transferase	349
WP_000038461	A0A0H2Z3G2	unreviewed	Escherichia coli O1:K1 / APEC	Reference proteome;Repeat;Transferase	207
WP_000038461	B7MN93	unreviewed	Escherichia coli O45:K1 (strain S88 / ExPEC)	Reference proteome;Repeat;Transferase	207
WP_000044711	P0ADH8	reviewed	Escherichia coli O6:H1 (strain CFT073 / ATCC 700928 / UPEC)	DNA integration;DNA recombination;Fimbrium biogenesis;Reference proteome;Transcription;Transcription regulation	198
WP_000044711	A0A0N9YI43	unreviewed	Escherichia coli str. K-12 substr. MG1655	DNA integration;DNA recombination;Fimbrium biogenesis;Transcription;Transcription regulation	198
WP_000044711	B7MMK3	unreviewed	Escherichia coli O45:K1 (strain S88 / ExPEC)	DNA integration;DNA recombination;Fimbrium biogenesis;Reference proteome;Transcription;Transcription regulation	198
WP_000044711	P0ADH9	reviewed	Shigella flexneri	DNA integration;DNA recombination;Fimbrium biogenesis;Reference proteome;Transcription;Transcription regulation	198
WP_000044711	P0ADH7	reviewed	Escherichia coli (strain K12)	DNA integration;DNA recombination;Fimbrium biogenesis;Reference proteome;Transcription;Transcription regulation	198
WP_000045495	B2I056	reviewed	Acinetobacter baumannii (strain ACICU)	Cytoplasm;Gluconeogenesis;Glycolysis;Isomerase	556
WP_000045495	N0A3V4	unreviewed	Acinetobacter baumannii	Cytoplasm;Gluconeogenesis;Glycolysis;Isomerase	556
WP_000046975	A0A0H2V864	unreviewed	Escherichia coli O6:H1 (strain CFT073 / ATCC 700928 / UPEC)	Reference proteome;Transcription;Transcription regulation	109
WP_000046975	Q93K76	unreviewed	Escherichia coli	3D-structure;Transcription;Transcription regulation	109
WP_000051920	Q9KQ08	unreviewed	Vibrio cholerae serotype O1 (strain ATCC 39315 / El Tor Inaba N16961)	Bacterial flagellum;Cell projection;Cilium;Flagellum;Reference proteome	138
WP_000052031	Q9KQ63	reviewed	Vibrio cholerae serotype O1 (strain ATCC 39315 / El Tor Inaba N16961)	Bacterial flagellum;Coiled coil;Reference proteome;Secreted	666
WP_000052242	P43112	reviewed	Salmonella typhi	Polysaccharide transport;Reference proteome;Sugar transport;Transport	656
WP_000056222	O25120	unreviewed	Helicobacter pylori (strain ATCC 700392 / 26695) (Campylobacter pylori)	Bacterial flagellum biogenesis;Bacterial flagellum protein export;Cell projection;Cilium;Coiled coil;Flagellum;Protein transport;Reference proteome;Transport	258
WP_000061137	A0A059ZRC4	unreviewed	Acinetobacter baumannii	Reference proteome	91
WP_000061137	A0A7U3Y5U6	unreviewed	Acinetobacter baumannii (strain AB0057)	Reference proteome	91
WP_000064875	V5VC42	unreviewed	Acinetobacter baumannii	Acyltransferase;Cytoplasm;Lipid A biosynthesis;Lipid biosynthesis;Lipid metabolism;Reference proteome;Repeat;Transferase	262
WP_000064875	A0A7U3Y8Q6	unreviewed	Acinetobacter baumannii (strain AB0057)	Acyltransferase;Cytoplasm;Lipid A biosynthesis;Lipid biosynthesis;Lipid metabolism;Reference proteome;Repeat;Transferase	262
WP_000064875	A0ABX6CJS7	unreviewed	Acinetobacter baumannii (strain ATCC 19606 / DSM 30007 / JCM 6841 / CCUG 19606 / CIP 70.34 / NBRC 109757 / NCIMB 12457 / NCTC 12156 / 81)	Acyltransferase;Cytoplasm;Lipid A biosynthesis;Lipid biosynthesis;Lipid metabolism;Reference proteome;Repeat;Transferase	262
WP_000066003	Q46675	unreviewed	Escherichia coli	Transferase	346
WP_000066003	B7MN92	unreviewed	Escherichia coli O45:K1 (strain S88 / ExPEC)	Reference proteome;Transferase	346
WP_000066579	P59590	reviewed	Escherichia coli O6:H1 (strain CFT073 / ATCC 700928 / UPEC)	Chaperone;Fimbrium biogenesis;Immunoglobulin domain;Periplasm;Reference proteome;Signal	241
WP_000066579	A0A0H2Z6Q8	unreviewed	Escherichia coli O1:K1 / APEC	Chaperone;Fimbrium biogenesis;Periplasm;Reference proteome;Signal	241
WP_000066579	A0A0H3ESX5	unreviewed	Escherichia coli O83:H1 (strain NRG 857C / AIEC)	Chaperone;Fimbrium biogenesis;Periplasm;Reference proteome;Signal	241
WP_000069296	Q8NWM5	reviewed	Staphylococcus aureus (strain MW2)	Cell membrane;Membrane;Transmembrane;Transmembrane helix	486
WP_000069296	Q6G983	reviewed	Staphylococcus aureus (strain MSSA476)	Cell membrane;Membrane;Transmembrane;Transmembrane helix	486
WP_000069596	P97227	reviewed	Helicobacter pylori (strain ATCC 700392 / 26695) (Campylobacter pylori)	3D-structure;Reference proteome	196
WP_000070768	O25152	reviewed	Helicobacter pylori (strain ATCC 700392 / 26695) (Campylobacter pylori)	Reference proteome	165
WP_000074207	A0A0H2YWY2	unreviewed	Escherichia coli O1:K1 / APEC	Coiled coil;Lipoprotein;Membrane;Palmitate;Reference proteome;Signal;Transmembrane;Transmembrane beta strand	460
WP_000074207	B7MEY3	unreviewed	Escherichia coli O45:K1 (strain S88 / ExPEC)	Coiled coil;Lipoprotein;Membrane;Palmitate;Reference proteome;Signal;Transmembrane;Transmembrane beta strand	460
WP_000074784	Q6X913	unreviewed	Salmonella enterica subsp. enterica serovar Paratyphi C	Cell membrane;Membrane;Transmembrane;Transmembrane helix	361
WP_000074784	A0ABZ3NN54	unreviewed	Salmonella typhi	Cell membrane;Membrane;Transmembrane;Transmembrane helix	361
WP_000074784	Q9ZIV0	unreviewed	Salmonella typhi	Cell membrane;Membrane;Reference proteome;Transmembrane;Transmembrane helix	361
WP_000074784	Q7BLH0	unreviewed	Salmonella dublin	Cell membrane;Membrane;Transmembrane;Transmembrane helix	361
WP_000075896	A0ABX9FGM3	unreviewed	Vibrio paracholerae	Reference proteome	164
WP_000076440	V2UND6	unreviewed	Acinetobacter tjernbergiae DSM 14971 = CIP 107465	Cytoplasm;DNA-binding;Phosphoprotein;Reference proteome;Transcription;Transcription regulation;Two-component regulatory system	238
WP_000076440	A0AA36KDB9	unreviewed	Acinetobacter nosocomialis 28F	Cytoplasm;DNA-binding;Phosphoprotein;Reference proteome;Transcription;Transcription regulation;Two-component regulatory system	238
WP_000076440	N8S5R3	unreviewed	Acinetobacter seifertii	Cytoplasm;DNA-binding;Phosphoprotein;Reference proteome;Transcription;Transcription regulation;Two-component regulatory system	238
WP_000076440	A0A1V2V9Y8	unreviewed	Acinetobacter genomosp. 33YU	Cytoplasm;DNA-binding;Phosphoprotein;Reference proteome;Transcription;Transcription regulation;Two-component regulatory system	238
WP_000076440	A0A151YT08	unreviewed	Acinetobacter lactucae	Cytoplasm;DNA-binding;Phosphoprotein;Reference proteome;Transcription;Transcription regulation;Two-component regulatory system	238
WP_000076440	A0ABT8Z974	unreviewed	Acinetobacter geminorum	Cytoplasm;DNA-binding;Phosphoprotein;Reference proteome;Transcription;Transcription regulation;Two-component regulatory system	238
WP_000076440	A0A0D5YLW0	unreviewed	Acinetobacter baumannii	Cytoplasm;DNA-binding;Phosphoprotein;Reference proteome;Transcription;Transcription regulation;Two-component regulatory system	238
WP_000076440	Q2VSW6	unreviewed	Acinetobacter baumannii	3D-structure;Cytoplasm;DNA-binding;Metal-binding;Phosphoprotein;Transcription;Transcription regulation;Two-component regulatory system	238
WP_000076440	A0A7U3Y5N1	unreviewed	Acinetobacter baumannii (strain AB0057)	Cytoplasm;DNA-binding;Phosphoprotein;Reference proteome;Transcription;Transcription regulation;Two-component regulatory system	238
WP_000076440	A0ABX6CDN7	unreviewed	Acinetobacter baumannii (strain ATCC 19606 / DSM 30007 / JCM 6841 / CCUG 19606 / CIP 70.34 / NBRC 109757 / NCIMB 12457 / NCTC 12156 / 81)	Cytoplasm;DNA-binding;Phosphoprotein;Reference proteome;Transcription;Transcription regulation;Two-component regulatory system	238
WP_000076440	D0C9D6	unreviewed	Acinetobacter baumannii (strain ATCC 19606 / DSM 30007 / JCM 6841 / CCUG 19606 / CIP 70.34 / NBRC 109757 / NCIMB 12457 / NCTC 12156 / 81)	3D-structure;Cytoplasm;DNA-binding;Phosphoprotein;Transcription;Transcription regulation;Two-component regulatory system	238
WP_000076440	Q6FE74	unreviewed	Acinetobacter baylyi (strain ATCC 33305 / BD413 / ADP1)	Cytoplasm;DNA-binding;Phosphoprotein;Reference proteome;Transcription;Transcription regulation;Two-component regulatory system	238
WP_000076440	F0KPL8	unreviewed	Acinetobacter pittii (strain PHEA-2)	Cytoplasm;DNA-binding;Phosphoprotein;Reference proteome;Transcription;Transcription regulation;Two-component regulatory system	238
WP_000077424	Q9AHC3	unreviewed	Streptococcus pneumoniae	Isomerase;Lipopolysaccharide biosynthesis	351
WP_000077424	A0A0H2UNF8	unreviewed	Streptococcus pneumoniae serotype 4 (strain ATCC BAA-334 / TIGR4)	Isomerase;Lipopolysaccharide biosynthesis;Reference proteome	351
WP_000083409	Q9KN50	unreviewed	Vibrio cholerae serotype O1 (strain ATCC 39315 / El Tor Inaba N16961)	3D-structure;Membrane;Reference proteome;Transmembrane;Transmembrane helix	257
WP_000083625.1	A0A059ZMS6	unreviewed	Acinetobacter baumannii	Membrane;Reference proteome;Transmembrane;Transmembrane helix	268
WP_000084793	Q9KN48	reviewed	Vibrio cholerae serotype O1 (strain ATCC 39315 / El Tor Inaba N16961)	ATP-binding;DNA-binding;Nucleotide-binding;Reference proteome;Transcription;Transcription regulation	530
WP_000087467	O52134	unreviewed	Escherichia coli	Chaperone	151
WP_000087467	B7UMB4	unreviewed	Escherichia coli O127:H6 (strain E2348/69 / EPEC)	Chaperone;Reference proteome	151
WP_000087467	Q7DB63	unreviewed	Escherichia coli O157:H7	Chaperone;Reference proteome	151
WP_000089574	Q32AX7	unreviewed	Shigella dysenteriae serotype 1 (strain Sd197)	Cell outer membrane;Membrane;Receptor;Reference proteome;Signal;TonB box;Transmembrane;Transmembrane beta strand;Transport	660
WP_000089574	P72412	unreviewed	Shigella dysenteriae	3D-structure;Cell outer membrane;Membrane;Receptor;Signal;TonB box;Transmembrane;Transmembrane beta strand;Transport	660
WP_000089583	A0A023L3G7	unreviewed	Escherichia coli	3D-structure;Cell outer membrane;Heme;Iron;Membrane;Metal-binding;Receptor;Signal;TonB box;Transmembrane;Transmembrane beta strand;Transport	660
WP_000089593	P77069	unreviewed	Escherichia coli	Cell outer membrane;Membrane;Signal;TonB box;Transmembrane;Transmembrane beta strand;Transport	660
WP_000089593	Q7DB97	unreviewed	Escherichia coli O157:H7	Cell outer membrane;Membrane;Reference proteome;Signal;TonB box;Transmembrane;Transmembrane beta strand;Transport	660
WP_000091082	Q9AHD5	unreviewed	Streptococcus pneumoniae	Membrane;Transmembrane;Transmembrane helix	481
WP_000091082	A0A0H2UNF1	unreviewed	Streptococcus pneumoniae serotype 4 (strain ATCC BAA-334 / TIGR4)	Membrane;Reference proteome;Transmembrane;Transmembrane helix	481
WP_000091735	A7KT36	unreviewed	Streptococcus pneumoniae	3D-structure;Hydrolase;Lipoprotein;Membrane;Palmitate;Signal;Transmembrane;Transmembrane helix	283
WP_000091735	A0A0H2UNN1	unreviewed	Streptococcus pneumoniae serotype 4 (strain ATCC BAA-334 / TIGR4)	Hydrolase;Lipoprotein;Membrane;Palmitate;Reference proteome;Signal;Transmembrane;Transmembrane helix	283
WP_000096764	A0A0H2V530	unreviewed	Escherichia coli O6:H1 (strain CFT073 / ATCC 700928 / UPEC)	Cell membrane;Membrane;Reference proteome;Transmembrane;Transmembrane helix	377
WP_000098186	Q9KTI3	unreviewed	Vibrio cholerae serotype O1 (strain ATCC 39315 / El Tor Inaba N16961)	Acyltransferase;Membrane;Reference proteome;Repeat;Transferase;Transmembrane;Transmembrane helix	184
WP_000098791	Q5WMC8	unreviewed	Escherichia coli		156
WP_000098791	P21244	reviewed	Escherichia coli O127:H6 (strain E2348/69 / EPEC)	3D-structure;Chaperone;Cytoplasm;Reference proteome;Virulence	156
WP_000098793	P58233	reviewed	Escherichia coli O157:H7	3D-structure;Chaperone;Cytoplasm;Reference proteome;Virulence	156
WP_000101096.1	A0ABN3ANQ3	unreviewed	Actinomadura napierensis	Phosphoprotein;Reference proteome	120
WP_000101096.1	A0ABT8Z839	unreviewed	Acinetobacter geminorum	Phosphoprotein;Reference proteome	120
WP_000101096.1	V5V9M9	unreviewed	Acinetobacter baumannii	Phosphoprotein;Reference proteome	120
WP_000101096.1	A0A7U3Y7W4	unreviewed	Acinetobacter baumannii (strain AB0057)	Phosphoprotein;Reference proteome	120
WP_000101096.1	A0ABX6CJ59	unreviewed	Acinetobacter baumannii (strain ATCC 19606 / DSM 30007 / JCM 6841 / CCUG 19606 / CIP 70.34 / NBRC 109757 / NCIMB 12457 / NCTC 12156 / 81)	Phosphoprotein;Reference proteome	120
WP_000103365	Q3Z5C2	unreviewed	Shigella sonnei (strain Ss046)	Reference proteome	713
WP_000113295	Q9KN42	reviewed	Vibrio cholerae serotype O1 (strain ATCC 39315 / El Tor Inaba N16961)	3D-structure;Hydrolase;Reference proteome;Secreted	1017
WP_000119661	Q9KQD7	unreviewed	Vibrio cholerae serotype O1 (strain ATCC 39315 / El Tor Inaba N16961)	Kinase;Phosphoprotein;Reference proteome;Transferase;Two-component regulatory system	785
WP_000120946	A0A0H2VFD9	unreviewed	Escherichia coli O6:H1 (strain CFT073 / ATCC 700928 / UPEC)	Cell outer membrane;Fimbrium biogenesis;Membrane;Reference proteome;Signal;Transmembrane;Transmembrane beta strand;Transport	878
WP_000122825	Q9KQ10	unreviewed	Vibrio cholerae serotype O1 (strain ATCC 39315 / El Tor Inaba N16961)	Bacterial flagellum;Cell projection;Cilium;Flagellum;Reference proteome	434
WP_000124301	A0A0H2Z2R2	unreviewed	Escherichia coli O1:K1 / APEC	Cell inner membrane;Cell membrane;Membrane;Reference proteome;Transmembrane;Transmembrane helix;Transport	258
WP_000124301	P23889	reviewed	Escherichia coli	Cell inner membrane;Cell membrane;Membrane;Transmembrane;Transmembrane helix;Transport	258
WP_000125387	Q9KQ06	reviewed	Vibrio cholerae serotype O1 (strain ATCC 39315 / El Tor Inaba N16961)	Methyltransferase;Reference proteome;S-adenosyl-L-methionine;Transferase	275
WP_000125846	A0A0H2V760	reviewed	Escherichia coli O6:H1 (strain CFT073 / ATCC 700928 / UPEC)	Cytoplasm;Hydrolase;Reference proteome	400
WP_000127537	P45774	reviewed	Vibrio cholerae serotype O1 (strain ATCC 39315 / El Tor Inaba N16961)	3D-structure;Cell inner membrane;Cell membrane;Membrane;Methylation;Protein transport;Reference proteome;Transmembrane;Transmembrane helix;Transport	194
WP_000127915	Q04973	reviewed	Salmonella typhi	Capsule biogenesis/degradation;Isomerase;NAD;Nucleotide-binding;Reference proteome	348
WP_000129338	Q8XA51	unreviewed	Escherichia coli O157:H7	Reference proteome	473
WP_000130773	Q9KQ75	unreviewed	Vibrio cholerae serotype O1 (strain ATCC 39315 / El Tor Inaba N16961)	Bacterial flagellum;Cell inner membrane;Cell membrane;Cell projection;Chemotaxis;Cilium;Flagellar rotation;Flagellum;Membrane;Reference proteome	349
WP_000133885	Q7BK04	unreviewed	Helicobacter pylori (Campylobacter pylori)	3D-structure;Metal-binding;Nucleotide-binding	330
WP_000133885	B5Z6P8	unreviewed	Helicobacter pylori (strain G27)	Reference proteome	330
WP_000133885	G5EB02	unreviewed	Helicobacter pylori (strain ATCC 700392 / 26695) (Campylobacter pylori)	Reference proteome	330
WP_000135483	Q9KQ16	unreviewed	Vibrio cholerae serotype O1 (strain ATCC 39315 / El Tor Inaba N16961)	Bacterial flagellum;Cell projection;Cilium;Flagellum;Reference proteome;Secreted	624
WP_000138174	P37093	reviewed	Vibrio cholerae serotype O1 (strain ATCC 39315 / El Tor Inaba N16961)	3D-structure;ATP-binding;Cell inner membrane;Cell membrane;Membrane;Metal-binding;Nucleotide-binding;Protein transport;Reference proteome;Translocase;Transport;Zinc	503
WP_000138174	A0ABX9FLW1	unreviewed	Vibrio paracholerae	ATP-binding;Cell inner membrane;Cell membrane;Membrane;Metal-binding;Nucleotide-binding;Protein transport;Reference proteome;Translocase;Transport;Zinc	503
WP_000140406	Q66C18	unreviewed	Yersinia pseudotuberculosis serotype I (strain IP32953)	DNA-binding;Reference proteome;Transcription;Transcription regulation	319
WP_000140406	A4GZD0	unreviewed	Klebsiella pneumoniae	DNA-binding;Transcription;Transcription regulation	319
WP_000140406	A0AA97PZ13	unreviewed	Yersinia pestis	DNA-binding;Reference proteome;Transcription;Transcription regulation	319
WP_000140406	Q56951	unreviewed	Yersinia pestis	DNA-binding;Reference proteome;Transcription;Transcription regulation	319
WP_000140634	A0A0H2V546	unreviewed	Escherichia coli O6:H1 (strain CFT073 / ATCC 700928 / UPEC)	ATP-binding;Cell membrane;Ion transport;Iron;Iron transport;Membrane;Nucleotide-binding;Reference proteome;Translocase;Transport	271
WP_000140634	B7UKN1	unreviewed	Escherichia coli O127:H6 (strain E2348/69 / EPEC)	ATP-binding;Cell membrane;Ion transport;Iron;Iron transport;Membrane;Nucleotide-binding;Reference proteome;Translocase;Transport	271
WP_000140634	B7MF00	unreviewed	Escherichia coli O45:K1 (strain S88 / ExPEC)	ATP-binding;Cell membrane;Ion transport;Iron;Iron transport;Membrane;Nucleotide-binding;Reference proteome;Translocase;Transport	271
WP_000140634	A0A0H3EEQ4	unreviewed	Escherichia coli O83:H1 (strain NRG 857C / AIEC)	ATP-binding;Cell membrane;Ion transport;Iron;Iron transport;Membrane;Nucleotide-binding;Reference proteome;Translocase;Transport	271
WP_000145786	Q9KQ05	unreviewed	Vibrio cholerae serotype O1 (strain ATCC 39315 / El Tor Inaba N16961)	Phosphoprotein;Reference proteome	308
WP_000145786	A0AAX1QXQ5	unreviewed	Vibrio paracholerae	Phosphoprotein;Reference proteome	308
WP_000149377.1	A0ABX6CJX6	unreviewed	Acinetobacter baumannii (strain ATCC 19606 / DSM 30007 / JCM 6841 / CCUG 19606 / CIP 70.34 / NBRC 109757 / NCIMB 12457 / NCTC 12156 / 81)	Membrane;Reference proteome;Transmembrane;Transmembrane helix	272
WP_000151812	O85644	unreviewed	Escherichia coli		199
WP_000151812	Q7DB54	unreviewed	Escherichia coli O157:H7	Reference proteome	199
WP_000151816	O52125	unreviewed	Escherichia coli		199
WP_000151816	B7UMC3	unreviewed	Escherichia coli O127:H6 (strain E2348/69 / EPEC)	Reference proteome	199
WP_000154827	P0C6C3	reviewed	Vibrio cholerae serotype O1 (strain ATCC 39315 / El Tor Inaba N16961)	3D-structure;Bacterial flagellum;Coiled coil;Reference proteome;Secreted;Virulence	379
WP_000154827	A5F672	reviewed	Vibrio cholerae serotype O1 (strain ATCC 39541 / Classical Ogawa 395 / O395)	Bacterial flagellum;Coiled coil;Secreted;Virulence	379
WP_000160859	Q99UX4	reviewed	Staphylococcus aureus (strain Mu50 / ATCC 700699)	3D-structure;Cell wall;Heme;Iron;Metal-binding;Peptidoglycan-anchor;Secreted;Signal	350
WP_000160859	Q7A655	reviewed	Staphylococcus aureus (strain N315)	3D-structure;Cell wall;Heme;Iron;Metal-binding;Peptidoglycan-anchor;Secreted;Signal	350
WP_000160859	Q7A152	reviewed	Staphylococcus aureus (strain MW2)	Cell wall;Heme;Iron;Metal-binding;Peptidoglycan-anchor;Secreted;Signal	350
WP_000160859	Q6GA85	reviewed	Staphylococcus aureus (strain MSSA476)	Cell wall;Heme;Iron;Metal-binding;Peptidoglycan-anchor;Secreted;Signal	350
WP_000160859	A5IS16	reviewed	Staphylococcus aureus (strain JH9)	Cell wall;Heme;Iron;Metal-binding;Peptidoglycan-anchor;Secreted;Signal	350
WP_000160859	Q2FHV1	reviewed	Staphylococcus aureus (strain USA300)	Cell wall;Heme;Iron;Metal-binding;Peptidoglycan-anchor;Reference proteome;Secreted;Signal;Virulence	350
WP_000160859	A7X148	reviewed	Staphylococcus aureus (strain Mu3 / ATCC 700698)	Cell wall;Heme;Iron;Metal-binding;Peptidoglycan-anchor;Secreted;Signal	350
WP_000160859	A6QG31	reviewed	Staphylococcus aureus (strain Newman)	Cell wall;Heme;Iron;Metal-binding;Peptidoglycan-anchor;Secreted;Signal	350
WP_000160859	A8Z1R0	reviewed	Staphylococcus aureus (strain USA300 / TCH1516)	Cell wall;Heme;Iron;Metal-binding;Peptidoglycan-anchor;Secreted;Signal	350
WP_000160859	Q2FZE9	reviewed	Staphylococcus aureus (strain NCTC 8325 / PS 47)	3D-structure;Cell wall;Direct protein sequencing;Heme;Iron;Metal-binding;Peptidoglycan-anchor;Reference proteome;Secreted;Signal	350
WP_000172211	N0A1T3	unreviewed	Acinetobacter baumannii	Cell membrane;Membrane;Transmembrane;Transmembrane helix	410
WP_000181212	O87184	unreviewed	Streptococcus agalactiae		318
WP_000187051	Q9KQ79	unreviewed	Vibrio cholerae serotype O1 (strain ATCC 39315 / El Tor Inaba N16961)	Bacterial flagellum;Cell membrane;Cell projection;Cilium;Flagellum;Membrane;Reference proteome;Transmembrane;Transmembrane helix	89
WP_000189352	Q8X5N4	unreviewed	Escherichia coli O157:H7	3D-structure;Reference proteome	207
WP_000189356	A0A0H2VDD2	unreviewed	Escherichia coli O6:H1 (strain CFT073 / ATCC 700928 / UPEC)	3D-structure;Reference proteome	207
WP_000189360	Q32AY1	unreviewed	Shigella dysenteriae serotype 1 (strain Sd197)	Reference proteome	207
WP_000189360	O70016	unreviewed	Shigella dysenteriae		207
WP_000189792	Q9KN55	unreviewed	Vibrio cholerae serotype O1 (strain ATCC 39315 / El Tor Inaba N16961)	Reference proteome	589
WP_000190444	Q9KUV6	unreviewed	Vibrio cholerae serotype O1 (strain ATCC 39315 / El Tor Inaba N16961)	Cell inner membrane;Cell membrane;Membrane;Reference proteome;Transmembrane;Transmembrane helix;Transport	407
WP_000197412	Q04663	reviewed	Streptococcus agalactiae serotype III (strain NEM316)	ATP-binding;Capsule biogenesis/degradation;Exopolysaccharide synthesis;Kinase;Nucleotide-binding;Phosphoprotein;Transferase;Tyrosine-protein kinase	232
WP_000200580	Q9KTH2	unreviewed	Vibrio cholerae serotype O1 (strain ATCC 39315 / El Tor Inaba N16961)	3D-structure;Calcium;Metal-binding;Reference proteome;Signal	957
WP_000200715	Q81RQ5	reviewed	Bacillus anthracis	Acyltransferase;Reference proteome;Transferase	327
WP_000200715	A0A4Y1W1N0	unreviewed	Bacillus anthracis (anthrax bacterium)	Reference proteome	327
WP_000200904	P0C6D5	reviewed	Vibrio cholerae serotype O1 (strain ATCC 39315 / El Tor Inaba N16961)	Cell membrane;Membrane;Reference proteome;Transmembrane;Transmembrane helix	151
WP_000200904	A5F396	reviewed	Vibrio cholerae serotype O1 (strain ATCC 39541 / Classical Ogawa 395 / O395)	Cell membrane;Membrane;Transmembrane;Transmembrane helix	151
WP_000200904	Q7BGC4	unreviewed	Vibrio cholerae	Membrane;Transmembrane;Transmembrane helix	151
WP_000201853	O25119	reviewed	Helicobacter pylori (strain ATCC 700392 / 26695) (Campylobacter pylori)	3D-structure;Bacterial flagellum;Cell inner membrane;Cell membrane;Chemotaxis;Flagellar rotation;Membrane;Reference proteome	343
WP_000209220	Q6V4K7	unreviewed	Escherichia coli	Membrane;Plasmid;Transmembrane;Transmembrane helix	376
WP_000209960	A0ABX6CAH7	unreviewed	Acinetobacter baumannii (strain ATCC 19606 / DSM 30007 / JCM 6841 / CCUG 19606 / CIP 70.34 / NBRC 109757 / NCIMB 12457 / NCTC 12156 / 81)	Isomerase;Magnesium;Metal-binding;Phosphoprotein;Reference proteome	456
WP_000212125	Q9KNE7	reviewed	Vibrio cholerae serotype O1 (strain ATCC 39315 / El Tor Inaba N16961)	Reference proteome;Secreted	694
WP_000218700	Q6X910	unreviewed	Salmonella enterica subsp. enterica serovar Paratyphi C	Membrane;Transmembrane;Transmembrane helix	220
WP_000218700	A0ABZ3NN40	unreviewed	Salmonella typhi	Membrane;Transmembrane;Transmembrane helix	220
WP_000218700	Q9ZIU7	unreviewed	Salmonella typhi	Membrane;Reference proteome;Transmembrane;Transmembrane helix	220
WP_000218700	Q7BLG7	unreviewed	Salmonella dublin	Membrane;Transmembrane;Transmembrane helix	220
WP_000221000	A0AAU8W9G5	unreviewed	Vibrio tarriae	Reference proteome	145
WP_000221000	Q9KN56	unreviewed	Vibrio cholerae serotype O1 (strain ATCC 39315 / El Tor Inaba N16961)	Reference proteome	145
WP_000225871	A7ZRY1	unreviewed	Escherichia coli O139:H28 (strain E24377A / ETEC)	Reference proteome	238
WP_000225947	Q8XB17	unreviewed	Escherichia coli O157:H7	Reference proteome	802
WP_000228583	O85624	unreviewed	Escherichia coli		135
WP_000228583	Q7DB82	unreviewed	Escherichia coli O157:H7	Reference proteome	135
WP_000228584	O52150	unreviewed	Escherichia coli		135
WP_000228584	B7UM91	unreviewed	Escherichia coli O127:H6 (strain E2348/69 / EPEC)	Reference proteome	135
WP_000237768	P13429	reviewed	Escherichia coli O6:K15:H31 (strain 536 / UPEC)	Disulfide bond;Fimbrium;Signal	175
WP_000237770	A0A0H2V619	unreviewed	Escherichia coli O6:H1 (strain CFT073 / ATCC 700928 / UPEC)	Reference proteome;Signal	175
WP_000237770	Q57129	unreviewed	Escherichia coli	Signal	175
WP_000238762	Q1CV86	reviewed	Helicobacter pylori (strain HPAG1)	Chaperone;Cytoplasm;GTP-binding;Nickel insertion;Nucleotide-binding	199
WP_000238762	B5Z671	reviewed	Helicobacter pylori (strain G27)	Chaperone;Cytoplasm;GTP-binding;Nickel insertion;Nucleotide-binding;Reference proteome	199
WP_000238762	Q09066	reviewed	Helicobacter pylori (strain ATCC 700392 / 26695) (Campylobacter pylori)	3D-structure;Chaperone;Cytoplasm;GTP-binding;Nickel insertion;Nucleotide-binding;Reference proteome;Virulence	199
WP_000240338	Q99WU0	reviewed	Staphylococcus aureus (strain Mu50 / ATCC 700699)	Cell membrane;Coiled coil;Membrane;Transmembrane;Transmembrane helix;Virulence	444
WP_000240338	Q7A7S0	reviewed	Staphylococcus aureus (strain N315)	Cell membrane;Coiled coil;Membrane;Transmembrane;Transmembrane helix;Virulence	444
WP_000240338	Q7A1V2	reviewed	Staphylococcus aureus (strain MW2)	Cell membrane;Coiled coil;Membrane;Transmembrane;Transmembrane helix;Virulence	444
WP_000240338	Q6GCI6	reviewed	Staphylococcus aureus (strain MSSA476)	Cell membrane;Coiled coil;Membrane;Transmembrane;Transmembrane helix;Virulence	444
WP_000240338	A0A0H2XG66	reviewed	Staphylococcus aureus (strain USA300)	Cell membrane;Coiled coil;Membrane;Reference proteome;Transmembrane;Transmembrane helix;Virulence	444
WP_000240338	P0C053	reviewed	Staphylococcus aureus (strain Newman)	Cell membrane;Coiled coil;Membrane;Transmembrane;Transmembrane helix;Virulence	444
WP_000240338	Q2G185	reviewed	Staphylococcus aureus (strain NCTC 8325 / PS 47)	3D-structure;Cell membrane;Coiled coil;Membrane;Reference proteome;Transmembrane;Transmembrane helix	444
WP_000240338	Q5HJ87	reviewed	Staphylococcus aureus (strain COL)	Cell membrane;Coiled coil;Membrane;Transmembrane;Transmembrane helix;Virulence	444
WP_000240580	Q7A2K4	reviewed	Staphylococcus aureus (strain Mu50 / ATCC 700699)	Cell membrane;Membrane;Transmembrane;Transmembrane helix	101
WP_000240580	Q7A350	reviewed	Staphylococcus aureus (strain N315)	Cell membrane;Membrane;Transmembrane;Transmembrane helix	101
WP_000240580	Q79ZV3	reviewed	Staphylococcus aureus (strain MW2)	Cell membrane;Membrane;Transmembrane;Transmembrane helix	101
WP_000240580	Q6G607	reviewed	Staphylococcus aureus (strain MSSA476)	Cell membrane;Membrane;Transmembrane;Transmembrane helix	101
WP_000240580	Q9RQP8	reviewed	Staphylococcus aureus (strain NCTC 8325 / PS 47)	Cell membrane;Membrane;Reference proteome;Transmembrane;Transmembrane helix	101
WP_000240580	Q5HCN0	reviewed	Staphylococcus aureus (strain COL)	Cell membrane;Membrane;Transmembrane;Transmembrane helix	101
WP_000240700	B2I1I9	reviewed	Acinetobacter baumannii (strain ACICU)	Hydrolase;Lipid A biosynthesis;Lipid biosynthesis;Lipid metabolism;Metal-binding;Zinc	300
WP_000240700	A0A059ZJD9	unreviewed	Acinetobacter baumannii	Hydrolase;Lipid A biosynthesis;Lipid biosynthesis;Lipid metabolism;Metal-binding;Reference proteome;Zinc	300
WP_000240700	A0A7U5LZZ8	unreviewed	Acinetobacter baumannii (strain AB0057)	Hydrolase;Lipid A biosynthesis;Lipid biosynthesis;Lipid metabolism;Metal-binding;Reference proteome;Zinc	300
WP_000240700	B0V9D9	reviewed	Acinetobacter baumannii (strain AYE)	Hydrolase;Lipid A biosynthesis;Lipid biosynthesis;Lipid metabolism;Metal-binding;Zinc	300
WP_000240700	B7GV79	reviewed	Acinetobacter baumannii (strain AB307-0294)	Hydrolase;Lipid A biosynthesis;Lipid biosynthesis;Lipid metabolism;Metal-binding;Zinc	300
WP_000245814	O52151	unreviewed	Escherichia coli		92
WP_000245814	B7UM89	unreviewed	Escherichia coli O127:H6 (strain E2348/69 / EPEC)	Reference proteome	92
WP_000245816	O85623	unreviewed	Escherichia coli		92
WP_000245816	Q7DB84	unreviewed	Escherichia coli O157:H7	Reference proteome	92
WP_000245963	O25447	unreviewed	Helicobacter pylori (strain ATCC 700392 / 26695) (Campylobacter pylori)	Cell projection;Cilium;Flagellum;Reference proteome	119
WP_000249362	Q32C45	unreviewed	Shigella dysenteriae serotype 1 (strain Sd197)	ATP-binding;Cell inner membrane;Cell membrane;Membrane;Metal-binding;Nucleotide-binding;Protein transport;Reference proteome;Translocase;Transport;Zinc	497
WP_000251148	O25337	reviewed	Helicobacter pylori (strain ATCC 700392 / 26695) (Campylobacter pylori)	Phosphoprotein;Reference proteome	313
WP_000252812	H9L4T2	unreviewed	Vibrio cholerae serotype O1 (strain ATCC 39315 / El Tor Inaba N16961)	Reference proteome;Signal	105
WP_000252812	Q56672	unreviewed	Vibrio cholerae	Signal	105
WP_000253757	Q0H044	unreviewed	Escherichia coli	Membrane;Plasmid;Transmembrane;Transmembrane helix	193
WP_000253757	P33553	reviewed	Escherichia coli O127:H6 (strain E2348/69 / EPEC)	3D-structure;Direct protein sequencing;Disulfide bond;Fimbrium;Membrane;Methylation;Plasmid;Reference proteome;Transmembrane;Transmembrane helix	193
WP_000260524	Q29XT8	unreviewed	Escherichia coli	Cell outer membrane;Membrane;Plasmid;Transmembrane;Transmembrane beta strand	603
WP_000261297	A0A0H2VDA9	unreviewed	Escherichia coli O6:H1 (strain CFT073 / ATCC 700928 / UPEC)	Membrane;Reference proteome;Transmembrane;Transmembrane helix	193
WP_000261297	Q8VR40	unreviewed	Escherichia coli	Membrane;Transmembrane;Transmembrane helix	193
WP_000262522	O87186	unreviewed	Streptococcus agalactiae	Transferase	341
WP_000265729	Q8VR39	unreviewed	Escherichia coli	Chaperone;Fimbrium biogenesis;Immunoglobulin domain;Periplasm;Signal	244
WP_000266337	O25864	unreviewed	Helicobacter pylori (strain ATCC 700392 / 26695) (Campylobacter pylori)	Cell projection;Cilium;Flagellum;Reference proteome;Signal	801
WP_000266826	A0AAU8WHP0	unreviewed	Vibrio tarriae	Acyltransferase;Reference proteome;Repeat;Transferase	143
WP_000266826	Q9KTH9	unreviewed	Vibrio cholerae serotype O1 (strain ATCC 39315 / El Tor Inaba N16961)	Acyltransferase;Reference proteome;Repeat;Transferase	143
WP_000269343	P45776	reviewed	Vibrio cholerae serotype O1 (strain ATCC 39315 / El Tor Inaba N16961)	Cell inner membrane;Cell membrane;Membrane;Methylation;Protein transport;Reference proteome;Transmembrane;Transmembrane helix;Transport	221
WP_000271272	A0A0H2V871	reviewed	Escherichia coli O6:H1 (strain CFT073 / ATCC 700928 / UPEC)	3D-structure;Cell inner membrane;Cell membrane;Hydrolase;Membrane;Reference proteome;Serine esterase;Transmembrane;Transmembrane helix	318
WP_000271272	Q6KD95	unreviewed	Escherichia coli	3D-structure;Hydrolase;Signal	318
WP_000279216.1	V5VH04	unreviewed	Acinetobacter baumannii	Cell inner membrane;Cell membrane;Membrane;Reference proteome;Transmembrane;Transmembrane helix;Transport	408
WP_000279216.1	A0A7U3Y485	unreviewed	Acinetobacter baumannii (strain AB0057)	Cell inner membrane;Cell membrane;Membrane;Reference proteome;Transmembrane;Transmembrane helix;Transport	408
WP_000279216.1	A0ABX6CBA8	unreviewed	Acinetobacter baumannii (strain ATCC 19606 / DSM 30007 / JCM 6841 / CCUG 19606 / CIP 70.34 / NBRC 109757 / NCIMB 12457 / NCTC 12156 / 81)	Cell inner membrane;Cell membrane;Membrane;Reference proteome;Transmembrane;Transmembrane helix;Transport	408
WP_000281360	H9L4Q2	unreviewed	Vibrio cholerae serotype O1 (strain ATCC 39315 / El Tor Inaba N16961)	Reference proteome	281
WP_000281360	Q56674	unreviewed	Vibrio cholerae		281
WP_000284457	Q7A189	reviewed	Staphylococcus aureus (strain MW2)	3D-structure;Cytoplasm;Protease inhibitor;Thiol protease inhibitor;Virulence	109
WP_000284457	Q6GAG6	reviewed	Staphylococcus aureus (strain MSSA476)	Cytoplasm;Protease inhibitor;Thiol protease inhibitor;Virulence	109
WP_000284457	A0A0H2XE71	unreviewed	Staphylococcus aureus (strain USA300)	Cytoplasm;Hydrolase;Protease;Protease inhibitor;Reference proteome;Thiol protease inhibitor;Virulence	109
WP_000284457	Q9EYW6	reviewed	Staphylococcus aureus (strain NCTC 8325 / PS 47)	3D-structure;Cytoplasm;Direct protein sequencing;Protease inhibitor;Reference proteome;Thiol protease inhibitor;Virulence	109
WP_000284457	Q5HH37	reviewed	Staphylococcus aureus (strain COL)	Cytoplasm;Protease inhibitor;Thiol protease inhibitor;Virulence	109
WP_000290371	P0C6C6	reviewed	Vibrio cholerae serotype O1 (strain ATCC 39315 / El Tor Inaba N16961)	3D-structure;Bacterial flagellum;Coiled coil;Direct protein sequencing;Reference proteome;Secreted	377
WP_000290371	A5F6C5	reviewed	Vibrio cholerae serotype O1 (strain ATCC 39541 / Classical Ogawa 395 / O395)	Bacterial flagellum;Coiled coil;Secreted	377
WP_000290380	P0C6C5	reviewed	Vibrio cholerae serotype O1 (strain ATCC 39315 / El Tor Inaba N16961)	3D-structure;Bacterial flagellum;Coiled coil;Reference proteome;Secreted	377
WP_000290380	A5F671	reviewed	Vibrio cholerae serotype O1 (strain ATCC 39541 / Classical Ogawa 395 / O395)	Bacterial flagellum;Coiled coil;Secreted	377
WP_000334696	Q6X911	unreviewed	Salmonella enterica subsp. enterica serovar Paratyphi C	Signal	158
WP_000334696	Q9ZIU8	unreviewed	Salmonella typhi	Reference proteome;Signal	158
WP_000334696	Q7BLG8	unreviewed	Salmonella dublin	Signal	158
WP_000340821	Q9KTK9	unreviewed	Vibrio cholerae serotype O1 (strain ATCC 39315 / El Tor Inaba N16961)	Cell membrane;Membrane;Reference proteome;Transmembrane;Transmembrane helix	318
WP_000342347	O25153	reviewed	Helicobacter pylori (strain ATCC 700392 / 26695) (Campylobacter pylori)	Kinase;Phosphoprotein;Reference proteome;Transferase	803
WP_000343289	Q3Z5D4	unreviewed	Shigella sonnei (strain Ss046)	Membrane;Reference proteome;Transmembrane;Transmembrane helix	253
WP_000344351.1	Q6G728	reviewed	Staphylococcus aureus (strain MSSA476)	Chaperone;Cytoplasm;Nickel insertion	278
WP_000348788	Q3Z5C9	unreviewed	Shigella sonnei (strain Ss046)	Reference proteome	360
WP_000357404	Q09065	reviewed	Helicobacter pylori (strain ATCC 700392 / 26695) (Campylobacter pylori)	3D-structure;Chaperone;Cytoplasm;Nickel insertion;Reference proteome;Virulence	254
WP_000359621	A0A0D7TN80	unreviewed	Acinetobacter baumannii	Membrane;Reference proteome;Transmembrane;Transmembrane helix	146
WP_000359621	A0A7U4DG48	unreviewed	Acinetobacter baumannii (strain AB0057)	Membrane;Reference proteome;Transmembrane;Transmembrane helix	146
WP_000366185	B5Z7H7	unreviewed	Helicobacter pylori (strain G27)	Cell membrane;Cell projection;Cilium;Flagellar rotation;Flagellum;Membrane;Reference proteome;Transmembrane;Transmembrane helix;Transport	257
WP_000366185	P65410	reviewed	Helicobacter pylori (strain ATCC 700392 / 26695) (Campylobacter pylori)	Cell inner membrane;Cell membrane;Chemotaxis;Flagellar rotation;Hydrogen ion transport;Ion transport;Membrane;Reference proteome;Transmembrane;Transmembrane helix;Transport	257
WP_000366185	P65411	reviewed	Helicobacter pylori (strain J99 / ATCC 700824) (Campylobacter pylori J99)	Cell inner membrane;Cell membrane;Chemotaxis;Flagellar rotation;Hydrogen ion transport;Ion transport;Membrane;Transmembrane;Transmembrane helix;Transport	257
WP_000370514	A7KT63	unreviewed	Streptococcus pneumoniae	3D-structure;Hydrolase;Membrane;Transmembrane;Transmembrane helix	297
WP_000373284	Q9KQ11	unreviewed	Vibrio cholerae serotype O1 (strain ATCC 39315 / El Tor Inaba N16961)	Bacterial flagellum;Cell projection;Cilium;Flagellum;Reference proteome	249
WP_000379425	O52128	unreviewed	Escherichia coli	Cell membrane;Membrane;Transmembrane;Transmembrane helix;Virulence	89
WP_000379425	B7UMC0	unreviewed	Escherichia coli O127:H6 (strain E2348/69 / EPEC)	Cell membrane;Membrane;Reference proteome;Transmembrane;Transmembrane helix;Virulence	89
WP_000379425	Q7DB57	unreviewed	Escherichia coli O157:H7	Cell membrane;Membrane;Reference proteome;Transmembrane;Transmembrane helix;Virulence	89
WP_000380989	O25962	unreviewed	Helicobacter pylori (strain ATCC 700392 / 26695) (Campylobacter pylori)	Glycosyltransferase;Metal-binding;Reference proteome;Transferase	367
WP_000381516	O69412	unreviewed	Escherichia coli		192
WP_000381516	Q7DB80	unreviewed	Escherichia coli O157:H7	Reference proteome	192
WP_000381567	Q47184	unreviewed	Escherichia coli	3D-structure	192
WP_000381567	B7UM94	unreviewed	Escherichia coli O127:H6 (strain E2348/69 / EPEC)	3D-structure;Reference proteome	192
WP_000386949	O54598	unreviewed	Escherichia coli	Membrane;Transmembrane;Transmembrane helix	99
WP_000386949	Q7DB68	unreviewed	Escherichia coli O157:H7	Membrane;Reference proteome;Transmembrane;Transmembrane helix	99
WP_000389022	A0A0H3EG72	unreviewed	Escherichia coli O83:H1 (strain NRG 857C / AIEC)	Cytoplasm;DNA-binding;Reference proteome;Transcription;Transcription regulation	180
WP_000389061.1	A0AA36K9J0	unreviewed	Acinetobacter nosocomialis 28F	Phosphoprotein;Reference proteome;Two-component regulatory system	127
WP_000389061.1	A0ABR9NJM6	unreviewed	Acinetobacter oleivorans	Phosphoprotein;Reference proteome;Two-component regulatory system	127
WP_000389061.1	N8SEF7	unreviewed	Acinetobacter seifertii	Phosphoprotein;Reference proteome;Two-component regulatory system	127
WP_000389061.1	R8Z307	unreviewed	Acinetobacter lactucae	Phosphoprotein;Reference proteome;Two-component regulatory system	127
WP_000389061.1	V5VA30	unreviewed	Acinetobacter baumannii	Phosphoprotein;Reference proteome;Two-component regulatory system	127
WP_000389061.1	A0A7U4DH32	unreviewed	Acinetobacter baumannii (strain AB0057)	Phosphoprotein;Reference proteome;Two-component regulatory system	127
WP_000389061.1	A0ABX6CIZ6	unreviewed	Acinetobacter baumannii (strain ATCC 19606 / DSM 30007 / JCM 6841 / CCUG 19606 / CIP 70.34 / NBRC 109757 / NCIMB 12457 / NCTC 12156 / 81)	Phosphoprotein;Reference proteome;Two-component regulatory system	127
WP_000389061.1	F0KN68	unreviewed	Acinetobacter pittii (strain PHEA-2)	Phosphoprotein;Reference proteome;Two-component regulatory system	127
WP_000389061.1	A0ABN0K337	unreviewed	Acinetobacter calcoaceticus DSM 30006 = CIP 81.8	Phosphoprotein;Reference proteome;Two-component regulatory system	127
WP_000389328	O25260	unreviewed	Helicobacter pylori (strain ATCC 700392 / 26695) (Campylobacter pylori)	3D-structure;Cell membrane;Membrane;Reference proteome;Transmembrane;Transmembrane helix	748
WP_000393837	Q3Z5C8	unreviewed	Shigella sonnei (strain Ss046)	Reference proteome	616
WP_000394676	P45777	reviewed	Vibrio cholerae serotype O1 (strain ATCC 39315 / El Tor Inaba N16961)	3D-structure;Cell inner membrane;Cell membrane;Membrane;Protein transport;Reference proteome;Transmembrane;Transmembrane helix;Transport	305
WP_000405330	P0C6D4	reviewed	Vibrio cholerae serotype O1 (strain ATCC 39315 / El Tor Inaba N16961)	Reference proteome	153
WP_000405330	A5F6C3	reviewed	Vibrio cholerae serotype O1 (strain ATCC 39541 / Classical Ogawa 395 / O395)		153
WP_000418747	H9L4S3	unreviewed	Vibrio cholerae serotype O1 (strain ATCC 39315 / El Tor Inaba N16961)	Cell inner membrane;Cell membrane;Hydrolase;Membrane;Methyltransferase;Multifunctional enzyme;Protease;Reference proteome;S-adenosyl-L-methionine;Transferase;Transmembrane;Transmembrane helix	291
WP_000418747	O68839	unreviewed	Vibrio cholerae	Cell inner membrane;Cell membrane;Hydrolase;Membrane;Methyltransferase;Multifunctional enzyme;Protease;S-adenosyl-L-methionine;Transferase;Transmembrane;Transmembrane helix	291
WP_000418809	O25261	unreviewed	Helicobacter pylori (strain ATCC 700392 / 26695) (Campylobacter pylori)	3D-structure;Reference proteome	199
WP_000426093	Q9KN46	unreviewed	Vibrio cholerae serotype O1 (strain ATCC 39315 / El Tor Inaba N16961)	3D-structure;Reference proteome	469
WP_000431675	P43111	reviewed	Salmonella typhi	Capsule biogenesis/degradation;Cell inner membrane;Cell membrane;Membrane;Polysaccharide transport;Reference proteome;Sugar transport;Transmembrane;Transmembrane helix;Transport	434
WP_000442290	O25234	unreviewed	Helicobacter pylori (strain ATCC 700392 / 26695) (Campylobacter pylori)	3D-structure;Cell outer membrane;Lipoprotein;Membrane;Palmitate;Reference proteome;Signal	278
WP_000444178	O52133	unreviewed	Escherichia coli		137
WP_000444178	B7UMB5	unreviewed	Escherichia coli O127:H6 (strain E2348/69 / EPEC)	Reference proteome	137
WP_000444180	O85637	unreviewed	Escherichia coli		137
WP_000444180	B5ARL5	unreviewed	Escherichia coli O157:H7		137
WP_000444180	Q7DB62	unreviewed	Escherichia coli O157:H7	3D-structure;Reference proteome	137
WP_000445741	B5Z940	unreviewed	Helicobacter pylori (strain G27)	Bacterial flagellum;Cell membrane;Cell projection;Cilium;Flagellum;Membrane;Reference proteome;Transmembrane;Transmembrane helix	88
WP_000445741	P0A0S3	reviewed	Helicobacter pylori (strain ATCC 700392 / 26695) (Campylobacter pylori)	Bacterial flagellum;Cell membrane;Membrane;Reference proteome;Transmembrane;Transmembrane helix	88
WP_000445741	P0A0S4	reviewed	Helicobacter pylori (strain J99 / ATCC 700824) (Campylobacter pylori J99)	Bacterial flagellum;Cell membrane;Membrane;Transmembrane;Transmembrane helix	88
WP_000455463	Q8Z1K9	unreviewed	Salmonella typhi	Reference proteome	155
WP_000456297	Q9KQ80	unreviewed	Vibrio cholerae serotype O1 (strain ATCC 39315 / El Tor Inaba N16961)	Bacterial flagellum;Cell membrane;Cell projection;Cilium;Flagellum;Membrane;Reference proteome;Transmembrane;Transmembrane helix	260
WP_000456980	P0C6D9	reviewed	Vibrio cholerae serotype O1 (strain ATCC 39315 / El Tor Inaba N16961)	Cell inner membrane;Cell membrane;Hydrolase;Membrane;Metal-binding;Methyltransferase;Multifunctional enzyme;Protease;Reference proteome;S-adenosyl-L-methionine;Transferase;Transmembrane;Transmembrane helix;Zinc	253
WP_000456980	A5F385	reviewed	Vibrio cholerae serotype O1 (strain ATCC 39541 / Classical Ogawa 395 / O395)	Cell inner membrane;Cell membrane;Hydrolase;Membrane;Metal-binding;Methyltransferase;Multifunctional enzyme;Protease;S-adenosyl-L-methionine;Transferase;Transmembrane;Transmembrane helix;Zinc	253
WP_000456980	Q7BGB9	unreviewed	Vibrio cholerae	Cell inner membrane;Cell membrane;Hydrolase;Membrane;Methyltransferase;Multifunctional enzyme;Protease;Transferase;Transmembrane;Transmembrane helix	253
WP_000458007	A0AAU8WHM9	unreviewed	Vibrio tarriae	Reference proteome	444
WP_000458007	Q9KN51	unreviewed	Vibrio cholerae serotype O1 (strain ATCC 39315 / El Tor Inaba N16961)	Reference proteome	444
WP_000458188	A0A0H2US50	unreviewed	Streptococcus pneumoniae serotype 4 (strain ATCC BAA-334 / TIGR4)	3D-structure;Reference proteome;Repeat;Signal	693
WP_000459062	P72371	unreviewed	Staphylococcus aureus	Isomerase;Lipopolysaccharide biosynthesis;Lyase	342
WP_000459062	A0A0H3JPH0	unreviewed	Staphylococcus aureus (strain Mu50 / ATCC 700699)	3D-structure;Isomerase;Lipopolysaccharide biosynthesis;Nucleotide-binding	342
WP_000462193	O25259	unreviewed	Helicobacter pylori (strain ATCC 700392 / 26695) (Campylobacter pylori)	Reference proteome	169
WP_000464849	Q0H040	unreviewed	Escherichia coli	Plasmid;Signal	164
WP_000464849	B7UTD5	unreviewed	Escherichia coli O127:H6 (strain E2348/69 / EPEC)	Plasmid;Reference proteome;Signal	164
WP_000466893	Q04972	reviewed	Salmonella typhi	Capsule biogenesis/degradation;NAD;Oxidoreductase;Reference proteome	425
WP_000467404	P43110	reviewed	Salmonella typhi	ATP-binding;Cell inner membrane;Cell membrane;Membrane;Nucleotide-binding;Polysaccharide transport;Reference proteome;Sugar transport;Transport	231
WP_000467802	O25321	unreviewed	Helicobacter pylori (strain ATCC 700392 / 26695) (Campylobacter pylori)	Coiled coil;Reference proteome;Transducer	433
WP_000470346	Q0H0D4	unreviewed	Escherichia coli	Membrane;Plasmid;Transmembrane;Transmembrane helix	181
WP_000470346	B7UTE1	unreviewed	Escherichia coli O127:H6 (strain E2348/69 / EPEC)	Membrane;Plasmid;Reference proteome;Transmembrane;Transmembrane helix	181
WP_000470518	X2FJ03	unreviewed	Acinetobacter baumannii	Aminotransferase;Pyridoxal phosphate;Transferase	386
WP_000471445.1	A0A059ZI91	unreviewed	Acinetobacter baumannii	Reference proteome	454
WP_000472465	Q2VSW5	unreviewed	Acinetobacter baumannii	ATP-binding;Cell membrane;Kinase;Membrane;Nucleotide-binding;Phosphoprotein;Transferase;Transmembrane;Transmembrane helix	549
WP_000472465	A0ABX6CCF0	unreviewed	Acinetobacter baumannii (strain ATCC 19606 / DSM 30007 / JCM 6841 / CCUG 19606 / CIP 70.34 / NBRC 109757 / NCIMB 12457 / NCTC 12156 / 81)	ATP-binding;Cell membrane;Kinase;Membrane;Nucleotide-binding;Phosphoprotein;Reference proteome;Transferase;Transmembrane;Transmembrane helix	549
WP_000480097	O26080	unreviewed	Helicobacter pylori (strain ATCC 700392 / 26695) (Campylobacter pylori)	Bacterial flagellum;Cell projection;Cilium;Flagellum;Reference proteome	161
WP_000480603	Q99X56	reviewed	Staphylococcus aureus (strain Mu50 / ATCC 700699)	3D-structure;Cytoplasm;Heme;Iron;Metal-binding;Monooxygenase;Oxidoreductase	108
WP_000480603	Q7A827	reviewed	Staphylococcus aureus (strain N315)	3D-structure;Cytoplasm;Heme;Iron;Metal-binding;Monooxygenase;Oxidoreductase	108
WP_000480603	Q7A1Y8	reviewed	Staphylococcus aureus (strain MW2)	Cytoplasm;Heme;Iron;Metal-binding;Monooxygenase;Oxidoreductase	108
WP_000480603	Q6GCW1	reviewed	Staphylococcus aureus (strain MSSA476)	Cytoplasm;Heme;Iron;Metal-binding;Monooxygenase;Oxidoreductase	108
WP_000480603	Q2FK96	reviewed	Staphylococcus aureus (strain USA300)	Cytoplasm;Heme;Iron;Metal-binding;Monooxygenase;Oxidoreductase;Reference proteome	108
WP_000480603	A7WXE5	reviewed	Staphylococcus aureus (strain Mu3 / ATCC 700698)	Cytoplasm;Heme;Iron;Metal-binding;Monooxygenase;Oxidoreductase	108
WP_000480603	A6QDF1	reviewed	Staphylococcus aureus (strain Newman)	Cytoplasm;Heme;Iron;Metal-binding;Monooxygenase;Oxidoreductase	108
WP_000480603	Q2G1J2	reviewed	Staphylococcus aureus (strain NCTC 8325 / PS 47)	Cytoplasm;Heme;Iron;Metal-binding;Monooxygenase;Oxidoreductase;Reference proteome	108
WP_000480603	Q5HJK5	reviewed	Staphylococcus aureus (strain COL)	Cytoplasm;Heme;Iron;Metal-binding;Monooxygenase;Oxidoreductase	108
WP_000481500	A0A0H2V8A9	unreviewed	Escherichia coli O6:H1 (strain CFT073 / ATCC 700928 / UPEC)	DNA-binding;Reference proteome;Transcription;Transcription regulation	216
WP_000481500	A7ZKE2	unreviewed	Escherichia coli O139:H28 (strain E24377A / ETEC)	DNA-binding;Reference proteome;Transcription;Transcription regulation	216
WP_000481500	A0A0H2YXT1	unreviewed	Escherichia coli O1:K1 / APEC	DNA-binding;Reference proteome;Transcription;Transcription regulation	216
WP_000481500	B2CY47	unreviewed	Escherichia coli	DNA-binding;Transcription;Transcription regulation	216
WP_000481500	B7UP54	unreviewed	Escherichia coli O127:H6 (strain E2348/69 / EPEC)	DNA-binding;Reference proteome;Transcription;Transcription regulation	216
WP_000481500	B7MII0	unreviewed	Escherichia coli O45:K1 (strain S88 / ExPEC)	DNA-binding;Reference proteome;Transcription;Transcription regulation	216
WP_000481500	B7LFF0	unreviewed	Escherichia coli (strain 55989 / EAEC)	DNA-binding;Reference proteome;Transcription;Transcription regulation	216
WP_000481500	A0A384LDN0	unreviewed	Shigella flexneri	DNA-binding;Reference proteome;Transcription;Transcription regulation	216
WP_000481500	A0A0H3EFL6	unreviewed	Escherichia coli O83:H1 (strain NRG 857C / AIEC)	DNA-binding;Reference proteome;Transcription;Transcription regulation	216
WP_000481500	Q8X9J3	unreviewed	Escherichia coli O157:H7	DNA-binding;Reference proteome;Transcription;Transcription regulation	216
WP_000481884	O25264	unreviewed	Helicobacter pylori (strain ATCC 700392 / 26695) (Campylobacter pylori)	Membrane;Reference proteome;Transmembrane;Transmembrane helix	535
WP_000484243	Q8X519	unreviewed	Escherichia coli O157:H7	Leucine-rich repeat;Reference proteome;Repeat	379
WP_000487428	O25142	unreviewed	Helicobacter pylori (strain ATCC 700392 / 26695) (Campylobacter pylori)	Cytoplasm;Glycosyltransferase;Lipopolysaccharide biosynthesis;Membrane;Reference proteome;Transferase	425
WP_000487430	O25366	unreviewed	Helicobacter pylori (strain ATCC 700392 / 26695) (Campylobacter pylori)	Coiled coil;Cytoplasm;Glycosyltransferase;Lipopolysaccharide biosynthesis;Membrane;Reference proteome;Transferase	476
WP_000488766	O25258	unreviewed	Helicobacter pylori (strain ATCC 700392 / 26695) (Campylobacter pylori)	Coiled coil;Reference proteome;Signal	481
WP_000489955	Q02192	reviewed	Streptococcus agalactiae serotype Ia (strain ATCC 27591 / A909 / CDC SS700)	3D-structure;Cell wall;Peptidoglycan-anchor;Repeat;Secreted;Signal;Virulence	1020
WP_000492638	Q9R8E4	unreviewed	Escherichia coli	3D-structure	203
WP_000492638	Q7DB76	unreviewed	Escherichia coli O157:H7	Reference proteome	203
WP_000495305	Q9KTH8	unreviewed	Vibrio cholerae serotype O1 (strain ATCC 39315 / El Tor Inaba N16961)	Reference proteome	446
WP_000495985	Q48252	reviewed	Helicobacter pylori (strain ATCC 700392 / 26695) (Campylobacter pylori)	ATP-binding;Cell inner membrane;Cell membrane;Membrane;Nucleotide-binding;Reference proteome;Translocase;Virulence	983
WP_000505931.1	V5VA86	unreviewed	Acinetobacter baumannii	Membrane;Reference proteome;Transducer;Transmembrane;Transmembrane helix	692
WP_000505931.1	A0A7U3Y7V0	unreviewed	Acinetobacter baumannii (strain AB0057)	Membrane;Reference proteome;Transducer;Transmembrane;Transmembrane helix	692
WP_000505931.1	A0ABX6CIZ2	unreviewed	Acinetobacter baumannii (strain ATCC 19606 / DSM 30007 / JCM 6841 / CCUG 19606 / CIP 70.34 / NBRC 109757 / NCIMB 12457 / NCTC 12156 / 81)	Membrane;Reference proteome;Transducer;Transmembrane;Transmembrane helix	692
WP_000508899	O25744	unreviewed	Helicobacter pylori (strain ATCC 700392 / 26695) (Campylobacter pylori)	Bacterial flagellum;Cell projection;Cilium;Coiled coil;Flagellum;Reference proteome;Secreted	606
WP_000509667	Q8NYF1	reviewed	Staphylococcus aureus (strain MW2)	Secreted;Virulence	104
WP_000509667	Q6GCI3	reviewed	Staphylococcus aureus (strain MSSA476)	Secreted;Virulence	104
WP_000510181	Q9KN54	unreviewed	Vibrio cholerae serotype O1 (strain ATCC 39315 / El Tor Inaba N16961)	Reference proteome	338
WP_000515955	V5RBW4	unreviewed	Acinetobacter baumannii	Glycoprotein;Glycosyltransferase;Membrane;Transferase	274
WP_000529349	O25263	unreviewed	Helicobacter pylori (strain ATCC 700392 / 26695) (Campylobacter pylori)	3D-structure;Coiled coil;Reference proteome;Signal	522
WP_000539682	Q6X920	unreviewed	Salmonella enterica subsp. enterica serovar Paratyphi C		139
WP_000539682	A0ABZ3NN29	unreviewed	Salmonella typhi		139
WP_000539682	Q9RHF3	unreviewed	Salmonella typhi	Reference proteome	139
WP_000542596	P29485	reviewed	Vibrio cholerae serotype O1 (strain ATCC 39315 / El Tor Inaba N16961)	Cell membrane;DNA-binding;Membrane;Reference proteome;Transmembrane;Transmembrane helix	221
WP_000542596	Q7BGC9	unreviewed	Vibrio cholerae	DNA-binding;Membrane;Transmembrane;Transmembrane helix	221
WP_000545928.1	P67718	reviewed	Staphylococcus aureus (strain Mu50 / ATCC 700699)	Cytoplasm;Hydrolase	100
WP_000545928.1	P67719	reviewed	Staphylococcus aureus (strain N315)	Cytoplasm;Hydrolase	100
WP_000545928.1	A0A077W0W4	unreviewed	Staphylococcus schweitzeri	Cytoplasm;Hydrolase;Reference proteome	100
WP_000545928.1	P67720	reviewed	Staphylococcus aureus (strain MW2)	Cytoplasm;Hydrolase	100
WP_000545928.1	Q2YYQ8	reviewed	Staphylococcus aureus (strain bovine RF122 / ET3-1)	Cytoplasm;Hydrolase	100
WP_000545928.1	Q6GEE6	reviewed	Staphylococcus aureus (strain MRSA252)	Cytoplasm;Hydrolase	100
WP_000545928.1	Q6G734	reviewed	Staphylococcus aureus (strain MSSA476)	Cytoplasm;Hydrolase	100
WP_000545928.1	A5IV69	reviewed	Staphylococcus aureus (strain JH9)	Cytoplasm;Hydrolase	100
WP_000545928.1	Q2FEK5	reviewed	Staphylococcus aureus (strain USA300)	Cytoplasm;Hydrolase;Reference proteome	100
WP_000545928.1	A7X5L9	reviewed	Staphylococcus aureus (strain Mu3 / ATCC 700698)	Cytoplasm;Hydrolase	100
WP_000545928.1	A6QJC8	reviewed	Staphylococcus aureus (strain Newman)	Cytoplasm;Hydrolase	100
WP_000545928.1	A8Z385	reviewed	Staphylococcus aureus (strain USA300 / TCH1516)	Cytoplasm;Hydrolase	100
WP_000545928.1	Q2FVW5	reviewed	Staphylococcus aureus (strain NCTC 8325 / PS 47)	Cytoplasm;Hydrolase;Reference proteome	100
WP_000545928.1	Q5HDS0	reviewed	Staphylococcus aureus (strain COL)	Cytoplasm;Hydrolase	100
WP_000545928.1	A0A7U7JR36	unreviewed	Staphylococcus argenteus	Cytoplasm;Hydrolase;Reference proteome	100
WP_000549073	Q9AGW7	unreviewed	Vibrio cholerae	Membrane;Transmembrane;Transmembrane helix	136
WP_000556298	A0A0H2Z4K0	unreviewed	Escherichia coli O1:K1 / APEC	Cell inner membrane;Cell membrane;Lipid biosynthesis;Lipid metabolism;Lipopolysaccharide biosynthesis;Membrane;Reference proteome;Transferase;Transmembrane;Transmembrane helix	577
WP_000556298	P0CB40	reviewed	Escherichia coli O18:K1:H7 (strain RS218 / NMEC)	Cell inner membrane;Cell membrane;Lipid biosynthesis;Lipid metabolism;Lipopolysaccharide biosynthesis;Membrane;Transferase;Transmembrane;Transmembrane helix	577
WP_000556298	B7MI91	unreviewed	Escherichia coli O45:K1 (strain S88 / ExPEC)	Cell inner membrane;Cell membrane;Lipid biosynthesis;Lipid metabolism;Lipopolysaccharide biosynthesis;Membrane;Reference proteome;Transferase;Transmembrane;Transmembrane helix	577
WP_000556298	A0A0H3EPK7	unreviewed	Escherichia coli O83:H1 (strain NRG 857C / AIEC)	Cell inner membrane;Cell membrane;Lipid biosynthesis;Lipid metabolism;Lipopolysaccharide biosynthesis;Membrane;Reference proteome;Transferase;Transmembrane;Transmembrane helix	577
WP_000562056	Q9KTI1	unreviewed	Vibrio cholerae serotype O1 (strain ATCC 39315 / El Tor Inaba N16961)	Cell membrane;Membrane;Reference proteome;Transmembrane;Transmembrane helix	469
WP_000562556	A0A0H2V8B5	reviewed	Escherichia coli O6:H1 (strain CFT073 / ATCC 700928 / UPEC)	Hydrolase;Membrane;NAD;Reference proteome;Secreted;Transmembrane;Transmembrane helix;Virulence	307
WP_000565255.1	Q8NV89	reviewed	Staphylococcus aureus (strain MW2)	Chaperone;Cytoplasm;Nickel insertion	229
WP_000565255.1	Q6G730	reviewed	Staphylococcus aureus (strain MSSA476)	Chaperone;Cytoplasm;Nickel insertion	229
WP_000565255.1	Q2FEK1	reviewed	Staphylococcus aureus (strain USA300)	Chaperone;Cytoplasm;Nickel insertion;Reference proteome	229
WP_000565255.1	A6QJD2	reviewed	Staphylococcus aureus (strain Newman)	Chaperone;Cytoplasm;Nickel insertion	229
WP_000565255.1	A8Z389	reviewed	Staphylococcus aureus (strain USA300 / TCH1516)	Chaperone;Cytoplasm;Nickel insertion	229
WP_000565255.1	Q2G2K7	reviewed	Staphylococcus aureus (strain NCTC 8325 / PS 47)	Chaperone;Cytoplasm;Nickel insertion;Reference proteome	229
WP_000565255.1	Q5HDR6	reviewed	Staphylococcus aureus (strain COL)	Chaperone;Cytoplasm;Nickel insertion	229
WP_000565352	Q4K337	unreviewed	Streptococcus pneumoniae	Capsule biogenesis/degradation;Exopolysaccharide synthesis;Hydrolase;Manganese;Protein phosphatase	243
WP_000565352	Q9AHD4	reviewed	Streptococcus pneumoniae serotype 4 (strain ATCC BAA-334 / TIGR4)	3D-structure;Capsule biogenesis/degradation;Exopolysaccharide synthesis;Hydrolase;Manganese;Protein phosphatase;Reference proteome	243
WP_000565385	Q04661	reviewed	Streptococcus agalactiae serotype III (strain NEM316)	Capsule biogenesis/degradation;Exopolysaccharide synthesis;Hydrolase;Manganese;Protein phosphatase	243
WP_000575683	Q59392	unreviewed	Escherichia coli	Membrane;Plasmid;Transmembrane;Transmembrane helix	162
WP_000575683	B7UTE3	unreviewed	Escherichia coli O127:H6 (strain E2348/69 / EPEC)	Membrane;Plasmid;Reference proteome;Transmembrane;Transmembrane helix	162
WP_000578446	Q8VT78	unreviewed	Streptococcus agalactiae		157
WP_000579525	A0A0H2Z2W8	unreviewed	Escherichia coli O1:K1 / APEC	3D-structure;Reference proteome	675
WP_000579525	Q4FBB6	unreviewed	Escherichia coli		675
WP_000579525	B7MN87	unreviewed	Escherichia coli O45:K1 (strain S88 / ExPEC)	Reference proteome	675
WP_000579582	P0C6D6	reviewed	Vibrio cholerae serotype O1 (strain ATCC 39315 / El Tor Inaba N16961)	Activator;Cytoplasm;DNA-binding;Reference proteome;Transcription;Transcription regulation;Virulence	276
WP_000579582	A5F384	reviewed	Vibrio cholerae serotype O1 (strain ATCC 39541 / Classical Ogawa 395 / O395)	3D-structure;Activator;Cytoplasm;DNA-binding;Transcription;Transcription regulation;Virulence	276
WP_000579582	Q7BGC0	unreviewed	Vibrio cholerae	3D-structure;DNA-binding;Transcription;Transcription regulation	276
WP_000583097	Q09064	reviewed	Helicobacter pylori (strain ATCC 700392 / 26695) (Campylobacter pylori)	3D-structure;Chaperone;Cytoplasm;Nickel;Nickel insertion;Reference proteome;Virulence	170
WP_000590258	A0A0H2Z2P3	unreviewed	Escherichia coli O1:K1 / APEC	ATP-binding;Nucleotide-binding;Reference proteome;Transport	219
WP_000590258	P23888	reviewed	Escherichia coli	ATP-binding;Cell inner membrane;Cell membrane;Membrane;Nucleotide-binding;Transport	219
WP_000590258	B7MN94	unreviewed	Escherichia coli O45:K1 (strain S88 / ExPEC)	ATP-binding;Hydrolase;Nucleotide-binding;Reference proteome;Transport	219
WP_000591844	P0C6D8	reviewed	Vibrio cholerae serotype O1 (strain ATCC 39315 / El Tor Inaba N16961)	Cell inner membrane;Cell membrane;Membrane;Methylation;Reference proteome;Transducer	620
WP_000591844	Q7BGD0	unreviewed	Vibrio cholerae	Membrane;Transducer;Transmembrane;Transmembrane helix	620
WP_000594468	A0A0H2UNG2	unreviewed	Streptococcus pneumoniae serotype 4 (strain ATCC BAA-334 / TIGR4)	Reference proteome	409
WP_000594644	Q57029	unreviewed	Escherichia coli	Membrane;Plasmid;Transmembrane;Transmembrane helix	402
WP_000594644	B7UTD4	unreviewed	Escherichia coli O127:H6 (strain E2348/69 / EPEC)	3D-structure;Membrane;Plasmid;Reference proteome;Transmembrane;Transmembrane helix	402
WP_000597713	P62533	reviewed	Escherichia coli O6:H1 (strain CFT073 / ATCC 700928 / UPEC)	Fimbrium;Reference proteome;Secreted;Signal	178
WP_000597713	P62532	reviewed	Escherichia coli	3D-structure;Fimbrium;Secreted;Signal	178
WP_000597713	Q7B9X0	unreviewed	Escherichia coli	Signal	178
WP_000597756	P62608	reviewed	Escherichia coli O6:H1 (strain CFT073 / ATCC 700928 / UPEC)	Disulfide bond;Fimbrium;Reference proteome;Signal	188
WP_000597756	P62607	reviewed	Escherichia coli	Disulfide bond;Fimbrium;Signal	188
WP_000598627	Q9AHC8	unreviewed	Streptococcus pneumoniae	Transferase	372
WP_000598627	A0A0H2UNF4	unreviewed	Streptococcus pneumoniae serotype 4 (strain ATCC BAA-334 / TIGR4)	Reference proteome	372
WP_000602430	O25676	unreviewed	Helicobacter pylori (strain ATCC 700392 / 26695) (Campylobacter pylori)	DNA-binding;Initiation factor;Protein biosynthesis;Reference proteome;Sigma factor;Transcription;Transcription regulation	255
WP_000603876	B2HVG6	reviewed	Acinetobacter baumannii (strain ACICU)	Decarboxylase;Lyase;Pyridoxal phosphate	383
WP_000605364	O52132	unreviewed	Escherichia coli		123
WP_000605364	B7UMB6	unreviewed	Escherichia coli O127:H6 (strain E2348/69 / EPEC)	Reference proteome	123
WP_000605370	O85638	unreviewed	Escherichia coli	3D-structure	123
WP_000605370	B5ARL6	unreviewed	Escherichia coli O157:H7		123
WP_000605370	Q7DB61	unreviewed	Escherichia coli O157:H7	3D-structure;Reference proteome	123
WP_000609477	O25277	unreviewed	Helicobacter pylori (strain ATCC 700392 / 26695) (Campylobacter pylori)	Reference proteome;Signal	207
WP_000612128.1	Q8NV90	reviewed	Staphylococcus aureus (strain MW2)	Cytoplasm;Hydrolase	136
WP_000612128.1	Q6G733	reviewed	Staphylococcus aureus (strain MSSA476)	Cytoplasm;Hydrolase	136
WP_000612128.1	Q2FEK4	reviewed	Staphylococcus aureus (strain USA300)	Cytoplasm;Hydrolase;Reference proteome	136
WP_000612128.1	A8Z386	reviewed	Staphylococcus aureus (strain USA300 / TCH1516)	Cytoplasm;Hydrolase	136
WP_000612128.1	Q2G2K6	reviewed	Staphylococcus aureus (strain NCTC 8325 / PS 47)	Cytoplasm;Hydrolase;Reference proteome	136
WP_000612128.1	Q5HDR9	reviewed	Staphylococcus aureus (strain COL)	Cytoplasm;Hydrolase	136
WP_000619136	Q9KN49	unreviewed	Vibrio cholerae serotype O1 (strain ATCC 39315 / El Tor Inaba N16961)	ATP-binding;Chaperone;Nucleotide-binding;Reference proteome;Repeat	869
WP_000619594	Q59373	unreviewed	Escherichia coli	Membrane;Plasmid;Transmembrane;Transmembrane helix	183
WP_000619594	B7UTE2	unreviewed	Escherichia coli O127:H6 (strain E2348/69 / EPEC)	Membrane;Plasmid;Reference proteome;Transmembrane;Transmembrane helix	183
WP_000621745	Q6V4K4	unreviewed	Escherichia coli	ATP-binding;Nucleotide-binding;Plasmid	209
WP_000622316	Q8FCJ1	reviewed	Escherichia coli O6:H1 (strain CFT073 / ATCC 700928 / UPEC)	ATP-binding;Cell inner membrane;Cell membrane;Membrane;Nucleotide-binding;Reference proteome;Translocase;Transport	256
WP_000622316	Q0TBU8	reviewed	Escherichia coli O6:K15:H31 (strain 536 / UPEC)	ATP-binding;Cell inner membrane;Cell membrane;Membrane;Nucleotide-binding;Translocase;Transport	256
WP_000624259	Q9KQD6	unreviewed	Vibrio cholerae serotype O1 (strain ATCC 39315 / El Tor Inaba N16961)	Chemotaxis;Cytoplasm;Flagellar rotation;Hydrolase;Protein phosphatase;Reference proteome	239
WP_000624259	A5F6J8	reviewed	Vibrio cholerae serotype O1 (strain ATCC 39541 / Classical Ogawa 395 / O395)	Chemotaxis;Cytoplasm;Flagellar rotation;Hydrolase;Protein phosphatase	239
WP_000627885	P43261	reviewed	Escherichia coli O157:H7	3D-structure;Cell adhesion;Cell outer membrane;Disulfide bond;Membrane;Reference proteome;Repeat;Signal;Virulence	934
WP_000627910	Q8X606	unreviewed	Escherichia coli O157:H7	ANK repeat;Reference proteome;Repeat	728
WP_000628731	O52123	unreviewed	Escherichia coli		72
WP_000628731	B7UMC5	unreviewed	Escherichia coli O127:H6 (strain E2348/69 / EPEC)	Reference proteome	72
WP_000628731	Q7DB52	unreviewed	Escherichia coli O157:H7	Reference proteome	72
WP_000632616	Q04975	reviewed	Salmonella typhi	Reference proteome	578
WP_000633233	Q32C39	unreviewed	Shigella dysenteriae serotype 1 (strain Sd197)	Cell inner membrane;Cell membrane;Membrane;Protein transport;Reference proteome;Transmembrane;Transmembrane helix;Transport	325
WP_000634589.1	Q99RY1	reviewed	Staphylococcus aureus (strain Mu50 / ATCC 700699)	Chaperone;Cytoplasm;Nickel;Nickel insertion	150
WP_000634589.1	Q7A429	reviewed	Staphylococcus aureus (strain N315)	Chaperone;Cytoplasm;Nickel;Nickel insertion	150
WP_000634589.1	Q7A065	reviewed	Staphylococcus aureus (strain MW2)	Chaperone;Cytoplasm;Nickel;Nickel insertion	150
WP_000634589.1	Q2YYQ5	reviewed	Staphylococcus aureus (strain bovine RF122 / ET3-1)	Chaperone;Cytoplasm;Nickel;Nickel insertion	150
WP_000634589.1	Q6G731	reviewed	Staphylococcus aureus (strain MSSA476)	Chaperone;Cytoplasm;Nickel;Nickel insertion	150
WP_000634589.1	A5IV72	reviewed	Staphylococcus aureus (strain JH9)	Chaperone;Cytoplasm;Nickel;Nickel insertion	150
WP_000634589.1	Q2FEK2	reviewed	Staphylococcus aureus (strain USA300)	Chaperone;Cytoplasm;Nickel;Nickel insertion;Reference proteome	150
WP_000634589.1	A7X5M4	reviewed	Staphylococcus aureus (strain Mu3 / ATCC 700698)	Chaperone;Cytoplasm;Nickel;Nickel insertion	150
WP_000634589.1	A6QJD1	reviewed	Staphylococcus aureus (strain Newman)	Chaperone;Cytoplasm;Nickel;Nickel insertion	150
WP_000634589.1	A8Z388	reviewed	Staphylococcus aureus (strain USA300 / TCH1516)	Chaperone;Cytoplasm;Nickel;Nickel insertion	150
WP_000634589.1	Q2G2K8	reviewed	Staphylococcus aureus (strain NCTC 8325 / PS 47)	Chaperone;Cytoplasm;Nickel;Nickel insertion;Reference proteome	150
WP_000634589.1	Q5HDR7	reviewed	Staphylococcus aureus (strain COL)	Chaperone;Cytoplasm;Nickel;Nickel insertion	150
WP_000640938	A0A0H2V765	unreviewed	Escherichia coli O6:H1 (strain CFT073 / ATCC 700928 / UPEC)	Cell inner membrane;Cell membrane;Lipoprotein;Membrane;Palmitate;Reference proteome;Signal;Transmembrane;Transmembrane helix;Transport	330
WP_000640938	A0A0H2YWZ5	unreviewed	Escherichia coli O1:K1 / APEC	Cell inner membrane;Cell membrane;Lipoprotein;Membrane;Palmitate;Reference proteome;Signal;Transmembrane;Transmembrane helix;Transport	330
WP_000640938	B7MF01	unreviewed	Escherichia coli O45:K1 (strain S88 / ExPEC)	Cell inner membrane;Cell membrane;Lipoprotein;Membrane;Palmitate;Reference proteome;Signal;Transmembrane;Transmembrane helix;Transport	330
WP_000640938	A0A0H3EEB2	unreviewed	Escherichia coli O83:H1 (strain NRG 857C / AIEC)	Cell inner membrane;Cell membrane;Lipoprotein;Membrane;Palmitate;Reference proteome;Signal;Transmembrane;Transmembrane helix;Transport	330
WP_000648511	Q9X4G9	reviewed	Vibrio cholerae serotype O1 (strain ATCC 39315 / El Tor Inaba N16961)	Cell inner membrane;Cell membrane;Fimbrium biogenesis;Membrane;Protein transport;Reference proteome;Transmembrane;Transmembrane helix;Transport	408
WP_000649326	Q9X4G7	unreviewed	Vibrio cholerae	Fimbrium;Membrane;Methylation;Transmembrane;Transmembrane helix	153
WP_000649592	O25273	unreviewed	Helicobacter pylori (strain ATCC 700392 / 26695) (Campylobacter pylori)	3D-structure;Coiled coil;Reference proteome	381
WP_000653195.1	N8S3X6	unreviewed	Acinetobacter seifertii	Reference proteome	167
WP_000653195.1	A0A1V2V3D7	unreviewed	Acinetobacter genomosp. 33YU	Reference proteome	167
WP_000653195.1	A0ABS1AFK8	unreviewed	Acinetobacter lactucae	Reference proteome	167
WP_000653195.1	A0A0D5YJ76	unreviewed	Acinetobacter baumannii	Reference proteome	167
WP_000653195.1	R9RIP4	unreviewed	Acinetobacter baumannii		167
WP_000653195.1	A0A7U3Y5A8	unreviewed	Acinetobacter baumannii (strain AB0057)	Reference proteome	167
WP_000653195.1	A0ABX6CHC6	unreviewed	Acinetobacter baumannii (strain ATCC 19606 / DSM 30007 / JCM 6841 / CCUG 19606 / CIP 70.34 / NBRC 109757 / NCIMB 12457 / NCTC 12156 / 81)	Reference proteome	167
WP_000653195.1	F0KJP8	unreviewed	Acinetobacter pittii (strain PHEA-2)	Reference proteome	167
WP_000653261	Q7A2K5	reviewed	Staphylococcus aureus (strain Mu50 / ATCC 700699)	DNA-binding;Repressor;Transcription;Transcription regulation	186
WP_000653261	Q7A352	reviewed	Staphylococcus aureus (strain N315)	DNA-binding;Repressor;Transcription;Transcription regulation	186
WP_000653261	Q79ZV4	reviewed	Staphylococcus aureus (strain MW2)	DNA-binding;Repressor;Transcription;Transcription regulation	186
WP_000653261	Q6GDD9	reviewed	Staphylococcus aureus (strain MRSA252)	DNA-binding;Repressor;Transcription;Transcription regulation	186
WP_000653261	Q6G609	reviewed	Staphylococcus aureus (strain MSSA476)	DNA-binding;Repressor;Transcription;Transcription regulation	186
WP_000653261	A0A0H2XEA4	unreviewed	Staphylococcus aureus (strain USA300)	DNA-binding;Reference proteome;Repressor;Transcription;Transcription regulation	186
WP_000653261	A6QKF4	reviewed	Staphylococcus aureus (strain Newman)	DNA-binding;Repressor;Transcription;Transcription regulation	186
WP_000653261	Q9RQQ0	reviewed	Staphylococcus aureus (strain NCTC 8325 / PS 47)	DNA-binding;Reference proteome;Repressor;Transcription;Transcription regulation	186
WP_000653261	Q5HCN2	reviewed	Staphylococcus aureus (strain COL)	3D-structure;DNA-binding;Repressor;Transcription;Transcription regulation	186
WP_000657303	O25130	reviewed	Helicobacter pylori (strain ATCC 700392 / 26695) (Campylobacter pylori)	3D-structure;Aminotransferase;Pyridoxal phosphate;Reference proteome;Transferase	375
WP_000659810	O24885	unreviewed	Helicobacter pylori (strain ATCC 700392 / 26695) (Campylobacter pylori)	Lyase;NADP;Reference proteome	381
WP_000660204	Q47071	unreviewed	Escherichia coli	Cell membrane;Membrane;Plasmid;Transmembrane;Transmembrane helix	352
WP_000660204	B7UTD7	unreviewed	Escherichia coli O127:H6 (strain E2348/69 / EPEC)	Cell membrane;Membrane;Plasmid;Reference proteome;Transmembrane;Transmembrane helix	352
WP_000661339	P41851	reviewed	Vibrio cholerae serotype O1 (strain ATCC 39315 / El Tor Inaba N16961)	3D-structure;Cell inner membrane;Cell membrane;Membrane;Protein transport;Reference proteome;Transmembrane;Transmembrane helix;Transport	165
WP_000664160	Q97SJ6	reviewed	Streptococcus pneumoniae serotype 4 (strain ATCC BAA-334 / TIGR4)	Capsule biogenesis/degradation;Cell membrane;Exopolysaccharide synthesis;Membrane;Reference proteome;Transmembrane;Transmembrane helix	230
WP_000666850	N0AA92	unreviewed	Acinetobacter baumannii	Hydrolase	365
WP_000668162	O25278	unreviewed	Helicobacter pylori (strain ATCC 700392 / 26695) (Campylobacter pylori)	Membrane;Reference proteome;Transmembrane;Transmembrane helix	115
WP_000670950	Q99UW8	reviewed	Staphylococcus aureus (strain Mu50 / ATCC 700699)	Cytoplasm;Heme;Iron;Metal-binding;Monooxygenase;Oxidoreductase	107
WP_000670950	Q7A649	reviewed	Staphylococcus aureus (strain N315)	3D-structure;Cytoplasm;Heme;Iron;Metal-binding;Monooxygenase;Oxidoreductase	107
WP_000670950	Q8NX62	reviewed	Staphylococcus aureus (strain MW2)	3D-structure;Cytoplasm;Heme;Iron;Metal-binding;Monooxygenase;Oxidoreductase	107
WP_000670950	Q2YX89	reviewed	Staphylococcus aureus (strain bovine RF122 / ET3-1)	Cytoplasm;Heme;Iron;Metal-binding;Monooxygenase;Oxidoreductase	107
WP_000670950	Q6GHV0	reviewed	Staphylococcus aureus (strain MRSA252)	Cytoplasm;Heme;Iron;Metal-binding;Monooxygenase;Oxidoreductase	107
WP_000670950	Q6GA79	reviewed	Staphylococcus aureus (strain MSSA476)	Cytoplasm;Heme;Iron;Metal-binding;Monooxygenase;Oxidoreductase	107
WP_000670950	Q2FHU5	reviewed	Staphylococcus aureus (strain USA300)	Cytoplasm;Heme;Iron;Metal-binding;Monooxygenase;Oxidoreductase;Reference proteome	107
WP_000670950	A6QG37	reviewed	Staphylococcus aureus (strain Newman)	Cytoplasm;Heme;Iron;Metal-binding;Monooxygenase;Oxidoreductase	107
WP_000670950	A8Z1R5	reviewed	Staphylococcus aureus (strain USA300 / TCH1516)	Cytoplasm;Heme;Iron;Metal-binding;Monooxygenase;Oxidoreductase	107
WP_000670950	Q2FZE2	reviewed	Staphylococcus aureus (strain NCTC 8325 / PS 47)	Cytoplasm;Heme;Iron;Metal-binding;Monooxygenase;Oxidoreductase;Reference proteome	107
WP_000670950	Q5HGU8	reviewed	Staphylococcus aureus (strain COL)	Cytoplasm;Heme;Iron;Metal-binding;Monooxygenase;Oxidoreductase	107
WP_000671689	Q8X9Y4	unreviewed	Escherichia coli O157:H7	Leucine-rich repeat;Reference proteome;Repeat	419
WP_000672505	Q9KTQ7	unreviewed	Vibrio cholerae serotype O1 (strain ATCC 39315 / El Tor Inaba N16961)	Cell membrane;Chemotaxis;Membrane;Reference proteome;Transducer;Transmembrane;Transmembrane helix	626
WP_000672505	H9L3W6	unreviewed	Vibrio cholerae	Cell membrane;Chemotaxis;Membrane;Transducer;Transmembrane;Transmembrane helix	626
WP_000676533	Q8NX98	reviewed	Staphylococcus aureus (strain MW2)	Hydrolase;Protease;Repeat;Secreted;Serine protease;Signal;Virulence;Zymogen	327
WP_000679659	A0A0F7RJ52	reviewed	Bacillus anthracis	ATP-binding;Ligase;Nucleotide-binding;Reference proteome	602
WP_000679659	A0A4Y1W4F8	unreviewed	Bacillus anthracis (anthrax bacterium)	Reference proteome	602
WP_000684509	O25408	reviewed	Helicobacter pylori (strain ATCC 700392 / 26695) (Campylobacter pylori)	ATP-binding;DNA-binding;Nucleotide-binding;Phosphoprotein;Reference proteome;Transcription;Transcription regulation;Two-component regulatory system	381
WP_000684682	O25056	unreviewed	Helicobacter pylori (strain ATCC 700392 / 26695) (Campylobacter pylori)	Cell inner membrane;Cell membrane;Glycosyltransferase;Lipopolysaccharide biosynthesis;Membrane;Reference proteome;Transferase	340
WP_000686134	X2F9U5	unreviewed	Acinetobacter baumannii	NAD;Oxidoreductase	420
WP_000686634	Q9RPC6	unreviewed	Streptococcus agalactiae	Endoplasmic reticulum;Glycosyltransferase;Membrane;Transferase;Transmembrane;Transmembrane helix	149
WP_000689647	Q9KUV5	unreviewed	Vibrio cholerae serotype O1 (strain ATCC 39315 / El Tor Inaba N16961)	Reference proteome	150
WP_000691266	Q9KUV3	unreviewed	Vibrio cholerae serotype O1 (strain ATCC 39315 / El Tor Inaba N16961)	Membrane;Reference proteome;Transmembrane;Transmembrane helix	162
WP_000691946	P0C6C9	reviewed	Vibrio cholerae serotype O1 (strain ATCC 39315 / El Tor Inaba N16961)	3D-structure;Cell inner membrane;Cell membrane;Membrane;Protein transport;Reference proteome;Transmembrane;Transmembrane helix;Transport	340
WP_000691946	A5F382	reviewed	Vibrio cholerae serotype O1 (strain ATCC 39541 / Classical Ogawa 395 / O395)	Cell inner membrane;Cell membrane;Membrane;Transmembrane;Transmembrane helix;Transport	340
WP_000691946	Q7BGC1	unreviewed	Vibrio cholerae	Cell inner membrane;Cell membrane;Membrane;Transmembrane;Transmembrane helix;Transport	340
WP_000694809	O24884	unreviewed	Helicobacter pylori (strain ATCC 700392 / 26695) (Campylobacter pylori)	3D-structure;Coiled coil;GTP-binding;Isomerase;Nucleotide-binding;Nucleotidyltransferase;Reference proteome;Transferase	470
WP_000695065.1	A0ABX6CJU3	unreviewed	Acinetobacter baumannii (strain ATCC 19606 / DSM 30007 / JCM 6841 / CCUG 19606 / CIP 70.34 / NBRC 109757 / NCIMB 12457 / NCTC 12156 / 81)	Lipoprotein;Palmitate;Reference proteome;Signal	175
WP_000695335	Q9AHC1	unreviewed	Streptococcus pneumoniae	Isomerase	394
WP_000695335	A0A0H2UNJ4	unreviewed	Streptococcus pneumoniae serotype 4 (strain ATCC BAA-334 / TIGR4)	Isomerase;Reference proteome	394
WP_000697328	A0A0H2UNL7	unreviewed	Streptococcus pneumoniae serotype 4 (strain ATCC BAA-334 / TIGR4)	Membrane;Reference proteome;Transferase;Transmembrane;Transmembrane helix	409
WP_000697639	O26012	unreviewed	Helicobacter pylori (strain ATCC 700392 / 26695) (Campylobacter pylori)	Bacterial flagellum biogenesis;Periplasm;Reference proteome;Signal	218
WP_000697869	A0ABZ0QHI3	unreviewed	Vibrio porteresiae DSM 19223	Cytoplasm;Magnesium;Metal-binding;Phosphoprotein;Reference proteome;Two-component regulatory system	122
WP_000697869	A0ABS7YGK7	unreviewed	Vibrio tritonius	Cytoplasm;Magnesium;Metal-binding;Phosphoprotein;Reference proteome;Two-component regulatory system	122
WP_000697869	A0A151KXQ0	unreviewed	Vibrio cidicii	Cytoplasm;Kinase;Magnesium;Metal-binding;Phosphoprotein;Reference proteome;Transferase;Two-component regulatory system	122
WP_000697869	A0AAU8WDU6	unreviewed	Vibrio tarriae	Cytoplasm;Magnesium;Metal-binding;Phosphoprotein;Reference proteome;Two-component regulatory system	122
WP_000697869	A0AAW4H2Z7	unreviewed	Vibrio paracholerae	Cytoplasm;Magnesium;Metal-binding;Phosphoprotein;Reference proteome;Two-component regulatory system	122
WP_000698569	Q9KGZ2	unreviewed	Streptococcus pneumoniae	Hydrolase;Repeat	448
WP_000698569	A0A0H2US36	unreviewed	Streptococcus pneumoniae serotype 4 (strain ATCC BAA-334 / TIGR4)	Hydrolase;Reference proteome;Repeat	448
WP_000702263	Q931M7	reviewed	Staphylococcus aureus (strain Mu50 / ATCC 700699)	3D-structure;Secreted;Signal;Virulence	116
WP_000702263	Q7A0F6	reviewed	Staphylococcus aureus (strain MW2)	Secreted;Signal;Virulence	116
WP_000702263	Q6GFB4	reviewed	Staphylococcus aureus (strain MRSA252)	3D-structure;Secreted;Signal;Virulence	116
WP_000702263	Q6G7Z2	reviewed	Staphylococcus aureus (strain MSSA476)	Secreted;Signal;Virulence	116
WP_000702263	Q2FFF8	reviewed	Staphylococcus aureus (strain USA300)	Reference proteome;Secreted;Signal;Virulence	116
WP_000702263	A7X482	reviewed	Staphylococcus aureus (strain Mu3 / ATCC 700698)	Secreted;Signal;Virulence	116
WP_000702263	A6QIG6	reviewed	Staphylococcus aureus (strain Newman)	Secreted;Signal;Virulence	116
WP_000703040	A0AAW3HFK3	unreviewed	Enterobacter chengduensis	Lyase;Magnesium;Metal-binding;Reference proteome	434
WP_000703040	Q66C14	unreviewed	Yersinia pseudotuberculosis serotype I (strain IP32953)	Lyase;Magnesium;Metal-binding;Reference proteome	434
WP_000703040	A0A0H2Z052	unreviewed	Escherichia coli O1:K1 / APEC	Lyase;Magnesium;Metal-binding;Reference proteome	434
WP_000703040	B7MCN0	unreviewed	Escherichia coli O45:K1 (strain S88 / ExPEC)	Lyase;Magnesium;Metal-binding;Reference proteome	434
WP_000703040	Q9Z396	unreviewed	Yersinia pestis	Lyase;Magnesium;Metal-binding;Reference proteome	434
WP_000703040	A0ABS0ZW17	unreviewed	Citrobacter sedlakii	Lyase;Magnesium;Metal-binding;Reference proteome	434
WP_000709741	O25355	unreviewed	Helicobacter pylori (strain ATCC 700392 / 26695) (Campylobacter pylori)	Reference proteome	305
WP_000709989	O25092	reviewed	Helicobacter pylori (strain ATCC 700392 / 26695) (Campylobacter pylori)	Bacterial flagellum;Cell outer membrane;Membrane;Reference proteome;Signal	237
WP_000712783	O25037	unreviewed	Helicobacter pylori (strain ATCC 700392 / 26695) (Campylobacter pylori)	Bacterial flagellum biogenesis;Bacterial flagellum protein export;Cell membrane;Chemotaxis;Coiled coil;Membrane;Protein transport;Reference proteome;Transport	142
WP_000715197	Q9AE22	unreviewed	Streptococcus agalactiae	Coiled coil;Lipoprotein;Palmitate;Signal;Transport	306
WP_000715711	O25166	unreviewed	Helicobacter pylori (strain ATCC 700392 / 26695) (Campylobacter pylori)	3D-structure;Cell outer membrane;Lipoprotein;Membrane;Reference proteome;Signal	249
WP_000716189	O52136	unreviewed	Escherichia coli	Cell outer membrane;Lipoprotein;Membrane;Palmitate;Protein transport;Signal;Transport	190
WP_000716189	B7UMB1	unreviewed	Escherichia coli O127:H6 (strain E2348/69 / EPEC)	Cell outer membrane;Lipoprotein;Membrane;Palmitate;Protein transport;Reference proteome;Signal;Transport	190
WP_000716189	Q7DB66	unreviewed	Escherichia coli O157:H7	Cell outer membrane;Lipoprotein;Membrane;Palmitate;Protein transport;Reference proteome;Signal;Transport	190
WP_000716249	O25840	unreviewed	Helicobacter pylori (strain ATCC 700392 / 26695) (Campylobacter pylori)	Reference proteome;Signal	733
WP_000716386	B5Z1N1	reviewed	Escherichia coli O157:H7 (strain EC4115 / EHEC)	Chaperone;Fimbrium biogenesis;Signal	222
WP_000716386	Q8X6I2	reviewed	Escherichia coli O157:H7	Chaperone;Fimbrium biogenesis;Reference proteome;Signal	222
WP_000717643	Q9S0S6	unreviewed	Streptococcus agalactiae	Glycosidase;Hydrolase	384
WP_000718700	P45780	reviewed	Vibrio cholerae serotype O1 (strain ATCC 39315 / El Tor Inaba N16961)	3D-structure;Calcium;Cell inner membrane;Cell membrane;Membrane;Metal-binding;Protein transport;Reference proteome;Transmembrane;Transmembrane helix;Transport	406
WP_000720235	Q04976	reviewed	Salmonella typhi	Capsule biogenesis/degradation;Cell outer membrane;Ion transport;Lipoprotein;Membrane;Palmitate;Polysaccharide transport;Porin;Reference proteome;Signal;Sugar transport;Transmembrane;Transport	355
WP_000720235	M4WNG2	unreviewed	Salmonella typhi	Lipoprotein;Palmitate;Signal	355
WP_000720637	O52131	unreviewed	Escherichia coli		152
WP_000720637	B7UMB7	unreviewed	Escherichia coli O127:H6 (strain E2348/69 / EPEC)	Reference proteome	152
WP_000720639	O85639	unreviewed	Escherichia coli	Signal	152
WP_000720639	Q7DB60	unreviewed	Escherichia coli O157:H7	Reference proteome;Signal	152
WP_000721278	D3H544	unreviewed	Escherichia coli O44:H18 (strain 042 / EAEC)	Plasmid;Signal	116
WP_000723250	A0A0H2Z2Q7	unreviewed	Escherichia coli O1:K1 / APEC	Reference proteome	391
WP_000723250	Q47400	reviewed	Escherichia coli	Direct protein sequencing	391
WP_000723250	B7MN90	unreviewed	Escherichia coli O45:K1 (strain S88 / ExPEC)	Reference proteome	391
WP_000723540	B9UR18	unreviewed	Streptococcus agalactiae	Cell wall;Membrane;Peptidoglycan-anchor;Secreted;Signal;Transmembrane;Transmembrane helix	674
WP_000723812	B8RDP6	unreviewed	Streptococcus agalactiae	Membrane;Secreted;Signal;Transmembrane;Transmembrane helix	308
WP_000723836	Q7A348	reviewed	Staphylococcus aureus (strain N315)	Cell membrane;Membrane;Transmembrane;Transmembrane helix;Transport	350
WP_000723836	Q79ZV2	reviewed	Staphylococcus aureus (strain MW2)	Cell membrane;Membrane;Transmembrane;Transmembrane helix;Transport	350
WP_000723836	Q6G605	reviewed	Staphylococcus aureus (strain MSSA476)	Cell membrane;Membrane;Transmembrane;Transmembrane helix;Transport	350
WP_000723836	A0A0H2XHR0	unreviewed	Staphylococcus aureus (strain USA300)	Cell membrane;Membrane;Reference proteome;Transmembrane;Transmembrane helix	350
WP_000723836	Q9RQP6	reviewed	Staphylococcus aureus (strain NCTC 8325 / PS 47)	Cell membrane;Membrane;Reference proteome;Transmembrane;Transmembrane helix;Transport	350
WP_000723931	Q5WME2	unreviewed	Escherichia coli	Cell outer membrane;Membrane;Protein transport;Signal;Translocation;Transport;Virulence	512
WP_000723931	B7UMB3	unreviewed	Escherichia coli O127:H6 (strain E2348/69 / EPEC)	Cell outer membrane;Membrane;Protein transport;Reference proteome;Signal;Translocation;Transport;Virulence	512
WP_000723942	O85636	unreviewed	Escherichia coli	Cell outer membrane;Membrane;Protein transport;Signal;Translocation;Transport;Virulence	512
WP_000723942	Q7DB64	unreviewed	Escherichia coli O157:H7	Cell outer membrane;Membrane;Protein transport;Reference proteome;Signal;Translocation;Transport;Virulence	512
WP_000724295	P69996	reviewed	Helicobacter pylori (strain ATCC 700392 / 26695) (Campylobacter pylori)	3D-structure;Cytoplasm;Direct protein sequencing;Hydrolase;Metal-binding;Nickel;Reference proteome;Virulence	569
WP_000724295	P69997	reviewed	Helicobacter pylori (strain J99 / ATCC 700824) (Campylobacter pylori J99)	Cytoplasm;Hydrolase;Metal-binding;Nickel	569
WP_000728269	Q9KGZ1	unreviewed	Streptococcus pneumoniae	Hydrolase;Repeat;Signal	627
WP_000728269	A0A0H2UPM5	unreviewed	Streptococcus pneumoniae serotype 4 (strain ATCC BAA-334 / TIGR4)	Reference proteome;Repeat;Signal	627
WP_000728972	Q8NYF5	reviewed	Staphylococcus aureus (strain MW2)	Cell membrane;Membrane;Transmembrane;Transmembrane helix;Virulence	1009
WP_000728972	Q6GCI9	reviewed	Staphylococcus aureus (strain MSSA476)	Cell membrane;Membrane;Transmembrane;Transmembrane helix;Virulence	1009
WP_000730343.1	A0ABX6CB45	unreviewed	Acinetobacter baumannii (strain ATCC 19606 / DSM 30007 / JCM 6841 / CCUG 19606 / CIP 70.34 / NBRC 109757 / NCIMB 12457 / NCTC 12156 / 81)	Cell inner membrane;Cell membrane;Membrane;Protein transport;Reference proteome;Transmembrane;Transmembrane helix;Transport	247
WP_000730972	B1XE35	reviewed	Escherichia coli (strain K12 / DH10B)	Fimbrium;Signal	195
WP_000730972	B5Z1N2	reviewed	Escherichia coli O157:H7 (strain EC4115 / EHEC)	Fimbrium;Signal	195
WP_000730972	B6E5X7	unreviewed	Escherichia coli	Fimbrium;Signal	195
WP_000730972	B7L424	unreviewed	Escherichia coli (strain 55989 / EAEC)	Fimbrium;Reference proteome;Signal	195
WP_000730972	P0AAA3	reviewed	Escherichia coli (strain K12)	Fimbrium;Reference proteome;Signal	195
WP_000730972	P0AAA4	reviewed	Escherichia coli O157:H7	Fimbrium;Reference proteome;Signal	195
WP_000733059	P0A4G2	reviewed	Streptococcus pneumoniae serotype 4 (strain ATCC BAA-334 / TIGR4)	3D-structure;Cell membrane;Lipoprotein;Manganese;Membrane;Metal-binding;Palmitate;Reference proteome;Signal;Transport	309
WP_000738789	P45773	reviewed	Vibrio cholerae serotype O1 (strain ATCC 39315 / El Tor Inaba N16961)	3D-structure;Cell inner membrane;Cell membrane;Membrane;Methylation;Protein transport;Reference proteome;Transmembrane;Transmembrane helix;Transport	146
WP_000739493	Q9KPZ9	unreviewed	Vibrio cholerae serotype O1 (strain ATCC 39315 / El Tor Inaba N16961)	Reference proteome;Signal	377
WP_000742697	O25094	reviewed	Helicobacter pylori (strain ATCC 700392 / 26695) (Campylobacter pylori)	3D-structure;Acyltransferase;Reference proteome;Transferase	180
WP_000742753	P29490	reviewed	Vibrio cholerae serotype O1 (strain ATCC 39315 / El Tor Inaba N16961)	Reference proteome	150
WP_000742753	Q7BGC6	unreviewed	Vibrio cholerae	Signal	150
WP_000743253	Q9KUW0	unreviewed	Vibrio cholerae serotype O1 (strain ATCC 39315 / El Tor Inaba N16961)	Membrane;Reference proteome;Transmembrane;Transmembrane helix	479
WP_000744066	C1IDV3	unreviewed	Staphylococcus aureus		633
WP_000744276	A0ABZ3NN28	unreviewed	Salmonella typhi	Membrane;Transmembrane;Transmembrane helix	435
WP_000744276	O51801	unreviewed	Salmonella typhi	Membrane;Reference proteome;Transmembrane;Transmembrane helix	435
WP_000744635	Q9KLD5	reviewed	Vibrio cholerae serotype O1 (strain ATCC 39315 / El Tor Inaba N16961)	3D-structure;Chitin-binding;Reference proteome;Secreted;Signal	485
WP_000744635	A9Y370	unreviewed	Vibrio cholerae	Chitin-binding;Secreted;Signal	485
WP_000744635	A6XA54	unreviewed	Vibrio cholerae serotype O1 biovar El Tor	Chitin-binding;Secreted;Signal	485
WP_000745817	Q8NUL0	reviewed	Staphylococcus aureus (strain MW2)	Cell wall;Peptidoglycan-anchor;Secreted;Signal;Virulence	907
WP_000748581	O25026	reviewed	Helicobacter pylori (strain ATCC 700392 / 26695) (Campylobacter pylori)	ATP-binding;Kinase;Nucleotide-binding;Phosphoprotein;Reference proteome;Transferase;Two-component regulatory system	381
WP_000750139	A0A0H2VC61	unreviewed	Escherichia coli O6:H1 (strain CFT073 / ATCC 700928 / UPEC)	FAD;Flavoprotein;NADP;Oxidoreductase;Reference proteome	445
WP_000750979	P29481	reviewed	Vibrio cholerae serotype O1 (strain ATCC 39315 / El Tor Inaba N16961)	Cell membrane;Lipoprotein;Membrane;Palmitate;Reference proteome;Signal;Transmembrane;Transmembrane helix	489
WP_000750979	Q7BGC5	unreviewed	Vibrio cholerae	Lipoprotein;Palmitate;Signal	489
WP_000752739	Q9KQ69	unreviewed	Vibrio cholerae serotype O1 (strain ATCC 39315 / El Tor Inaba N16961)	Bacterial flagellum;Cell membrane;Cell projection;Cilium;Flagellum;Membrane;Reference proteome;Transmembrane;Transmembrane helix	580
WP_000753173	O25556	unreviewed	Helicobacter pylori (strain ATCC 700392 / 26695) (Campylobacter pylori)	Coiled coil;Reference proteome;Signal	708
WP_000755097	A7ZRY0	unreviewed	Escherichia coli O139:H28 (strain E24377A / ETEC)	Reference proteome;Signal	166
WP_000755097	B7LH27	unreviewed	Escherichia coli (strain 55989 / EAEC)	Reference proteome;Signal	166
WP_000756959	A0A1C1E4Q4	unreviewed	Klebsiella quasipneumoniae	Reference proteome;Signal	202
WP_000756959	A0ABX9F033	unreviewed	Enterobacter kobei	Reference proteome;Signal	202
WP_000757130	O25255	unreviewed	Helicobacter pylori (strain ATCC 700392 / 26695) (Campylobacter pylori)	3D-structure;Cell shape;Cell wall biogenesis/degradation;Peptidoglycan synthesis;Reference proteome	330
WP_000758382	Q9AHC4	unreviewed	Streptococcus pneumoniae	Isomerase	365
WP_000758382	A0A0H2UNF3	unreviewed	Streptococcus pneumoniae serotype 4 (strain ATCC BAA-334 / TIGR4)	Isomerase;Reference proteome	365
WP_000758683	A0A0H2VAQ6	reviewed	Escherichia coli O6:H1 (strain CFT073 / ATCC 700928 / UPEC)	Disulfide bond;Fimbrium;Reference proteome;Secreted;Signal	336
WP_000758684	A0A0H2VDP3	unreviewed	Escherichia coli O6:H1 (strain CFT073 / ATCC 700928 / UPEC)	Reference proteome;Signal	336
WP_000758684	Q8VR44	unreviewed	Escherichia coli	Signal	336
WP_000763575	O25675	unreviewed	Helicobacter pylori (strain ATCC 700392 / 26695) (Campylobacter pylori)	3D-structure;Bacterial flagellum;Cell inner membrane;Cell membrane;Cell projection;Chemotaxis;Cilium;Coiled coil;Flagellar rotation;Flagellum;Membrane;Reference proteome	354
WP_000763621	Q6X917	unreviewed	Salmonella enterica subsp. enterica serovar Paratyphi C		428
WP_000763621	Q7BW28	unreviewed	Salmonella typhi		428
WP_000763621	Q9K2P9	unreviewed	Salmonella dublin		428
WP_000766020	Q0H042	unreviewed	Escherichia coli	Lipoprotein;Membrane;Palmitate;Plasmid;Signal	552
WP_000766020	Q47068	reviewed	Escherichia coli O127:H6 (strain E2348/69 / EPEC)	3D-structure;Cell outer membrane;Fimbrium biogenesis;Lipoprotein;Membrane;Palmitate;Plasmid;Reference proteome;Signal	552
WP_000767894	A0A0H2V658	unreviewed	Escherichia coli O6:H1 (strain CFT073 / ATCC 700928 / UPEC)	Reference proteome;Signal	167
WP_000767894	Q46685	unreviewed	Escherichia coli	Signal	167
WP_000767895	Q53297	unreviewed	Escherichia coli	Signal	163
WP_000768217	P62606	reviewed	Escherichia coli O6:H1 (strain CFT073 / ATCC 700928 / UPEC)	Disulfide bond;Fimbrium;Reference proteome;Signal	180
WP_000768217	P62605	reviewed	Escherichia coli	Disulfide bond;Fimbrium;Signal	180
WP_000768217	Q6KDA6	unreviewed	Escherichia coli	Fimbrium;Signal	180
WP_000768218	Q57238	unreviewed	Escherichia coli	Fimbrium;Signal	181
WP_000772151	B5ZAE7	unreviewed	Helicobacter pylori (strain G27)	Chemotaxis;Flagellar rotation;Phosphoprotein;Reference proteome	124
WP_000772151	P71403	reviewed	Helicobacter pylori (strain ATCC 700392 / 26695) (Campylobacter pylori)	3D-structure;Chemotaxis;Cytoplasm;Flagellar rotation;Magnesium;Metal-binding;Phosphoprotein;Reference proteome;Two-component regulatory system	124
WP_000776464	Q6VRP0	unreviewed	Helicobacter pylori (Campylobacter pylori)	3D-structure;Lipoprotein;Palmitate;Signal	280
WP_000777402	B9UQG1	unreviewed	Streptococcus agalactiae	Cell wall;Membrane;Peptidoglycan-anchor;Secreted;Signal;Transmembrane;Transmembrane helix	554
WP_000777402	Q8E0S9	unreviewed	Streptococcus agalactiae serotype V (strain ATCC BAA-611 / 2603 V/R)	3D-structure;Calcium;Cell wall;Membrane;Metal-binding;Peptidoglycan-anchor;Reference proteome;Secreted;Signal;Transmembrane;Transmembrane helix	554
WP_000779223	Q1CV81	reviewed	Helicobacter pylori (strain HPAG1)	Cytoplasm;Hydrolase	238
WP_000779223	P14916	reviewed	Helicobacter pylori (strain ATCC 700392 / 26695) (Campylobacter pylori)	3D-structure;Cytoplasm;Direct protein sequencing;Hydrolase;Reference proteome;Virulence	238
WP_000780681	A0A2Z5XSF7	unreviewed	Escherichia coli O157:H7	Reference proteome	217
WP_000782181	P24153	reviewed	Vibrio cholerae serotype O1 (strain ATCC 39315 / El Tor Inaba N16961)	Calcium;Direct protein sequencing;Hydrolase;Metal-binding;Metalloprotease;Protease;Reference proteome;Secreted;Signal;Zinc;Zymogen	609
WP_000783000.1	A0A059ZQH5	unreviewed	Acinetobacter baumannii	Membrane;Reference proteome;Transmembrane;Transmembrane helix	159
WP_000783000.1	A0A7U4DHX6	unreviewed	Acinetobacter baumannii (strain AB0057)	Membrane;Reference proteome;Transmembrane;Transmembrane helix	159
WP_000783000.1	A0ABX6CKL4	unreviewed	Acinetobacter baumannii (strain ATCC 19606 / DSM 30007 / JCM 6841 / CCUG 19606 / CIP 70.34 / NBRC 109757 / NCIMB 12457 / NCTC 12156 / 81)	Membrane;Reference proteome;Transmembrane;Transmembrane helix	159
WP_000785454	O24864	reviewed	Helicobacter pylori (strain ATCC 700392 / 26695) (Campylobacter pylori)	Phosphoprotein;Reference proteome	321
WP_000785752	O25257	unreviewed	Helicobacter pylori (strain ATCC 700392 / 26695) (Campylobacter pylori)	Membrane;Reference proteome;Transmembrane;Transmembrane helix	115
WP_000789821	Q99UX3	reviewed	Staphylococcus aureus (strain Mu50 / ATCC 700699)	Cell wall;Heme;Iron;Metal-binding;Peptidoglycan-anchor;Secreted;Signal	227
WP_000789821	Q7A654	reviewed	Staphylococcus aureus (strain N315)	Cell wall;Heme;Iron;Metal-binding;Peptidoglycan-anchor;Secreted;Signal	227
WP_000789821	Q7A151	reviewed	Staphylococcus aureus (strain MW2)	3D-structure;Cell wall;Heme;Iron;Metal-binding;Peptidoglycan-anchor;Secreted;Signal	227
WP_000789821	Q6GA84	reviewed	Staphylococcus aureus (strain MSSA476)	Cell wall;Heme;Iron;Metal-binding;Peptidoglycan-anchor;Secreted;Signal	227
WP_000789821	A5IS17	reviewed	Staphylococcus aureus (strain JH9)	Cell wall;Heme;Iron;Metal-binding;Peptidoglycan-anchor;Secreted;Signal	227
WP_000789821	Q2FHV0	reviewed	Staphylococcus aureus (strain USA300)	Cell wall;Heme;Iron;Metal-binding;Peptidoglycan-anchor;Reference proteome;Secreted;Signal	227
WP_000789821	A7X149	reviewed	Staphylococcus aureus (strain Mu3 / ATCC 700698)	Cell wall;Heme;Iron;Metal-binding;Peptidoglycan-anchor;Secreted;Signal	227
WP_000789821	A6QG32	reviewed	Staphylococcus aureus (strain Newman)	Cell wall;Heme;Iron;Metal-binding;Peptidoglycan-anchor;Secreted;Signal	227
WP_000789821	A8Z1R1	reviewed	Staphylococcus aureus (strain USA300 / TCH1516)	Cell wall;Heme;Iron;Metal-binding;Peptidoglycan-anchor;Secreted;Signal	227
WP_000789821	Q8KQR1	reviewed	Staphylococcus aureus (strain NCTC 8325 / PS 47)	3D-structure;Cell wall;Heme;Iron;Metal-binding;Peptidoglycan-anchor;Reference proteome;Secreted;Signal	227
WP_000790104	V5VB91	unreviewed	Acinetobacter baumannii	Reference proteome;Signal	178
WP_000790104	A0A7U4DHQ8	unreviewed	Acinetobacter baumannii (strain AB0057)	Reference proteome;Signal	178
WP_000790574	A0A0H2VE69	unreviewed	Escherichia coli O6:H1 (strain CFT073 / ATCC 700928 / UPEC)	DNA integration;DNA recombination;Fimbrium biogenesis;Reference proteome;Transcription;Transcription regulation	200
WP_000790574	A0A0H2Z5F7	unreviewed	Escherichia coli O1:K1 / APEC	DNA integration;DNA recombination;Fimbrium biogenesis;Reference proteome;Transcription;Transcription regulation	200
WP_000790574	Q47221	unreviewed	Escherichia coli	DNA integration;DNA recombination;Fimbrium biogenesis;Transcription;Transcription regulation	200
WP_000790574	B7UQV1	unreviewed	Escherichia coli O127:H6 (strain E2348/69 / EPEC)	DNA integration;DNA recombination;Fimbrium biogenesis;Reference proteome;Transcription;Transcription regulation	200
WP_000790574	A0A0H3EPP6	unreviewed	Escherichia coli O83:H1 (strain NRG 857C / AIEC)	DNA integration;DNA recombination;Fimbrium biogenesis;Reference proteome;Transcription;Transcription regulation	200
WP_000791650	Q548S0	unreviewed	Escherichia coli	Fimbrium;Signal	151
WP_000791650	B7UP56	unreviewed	Escherichia coli O127:H6 (strain E2348/69 / EPEC)	Fimbrium;Reference proteome;Signal	151
WP_000791650	P0ABK7	reviewed	Escherichia coli (strain K12)	Fimbrium;Reference proteome;Signal	151
WP_000791650	P0ABK8	reviewed	Escherichia coli O157:H7	Fimbrium;Reference proteome;Signal	151
WP_000791729	Q93SM9	unreviewed	Staphylococcus aureus		508
WP_000791729	A0A0H2XEN7	unreviewed	Staphylococcus aureus (strain USA300)	Reference proteome	508
WP_000792571	Q8NV09	reviewed	Staphylococcus aureus (strain MW2)	Cell membrane;IgG-binding protein;Membrane;Repeat;Secreted;Signal;Virulence	437
WP_000792571	Q6G6Q3	reviewed	Staphylococcus aureus (strain MSSA476)	Cell membrane;IgG-binding protein;Membrane;Repeat;Secreted;Signal;Virulence	437
WP_000794648	Q8NUU7	reviewed	Staphylococcus aureus (strain MW2)	Cell adhesion;Cell wall;Peptidoglycan-anchor;Repeat;Secreted;Signal;Virulence	1015
WP_000794648	Q6G6H3	reviewed	Staphylococcus aureus (strain MSSA476)	Cell adhesion;Cell wall;Peptidoglycan-anchor;Repeat;Secreted;Signal;Virulence	1015
WP_000796799	Q9KQ74	unreviewed	Vibrio cholerae serotype O1 (strain ATCC 39315 / El Tor Inaba N16961)	Cell inner membrane;Cell membrane;Cell projection;Chemotaxis;Cilium;Flagellar rotation;Flagellum;Membrane;Reference proteome;Transmembrane;Transmembrane helix	167
WP_000796857	P56416	reviewed	Helicobacter pylori (strain ATCC 700392 / 26695) (Campylobacter pylori)	Bacterial flagellum biogenesis;Bacterial flagellum protein export;Cell inner membrane;Cell membrane;Membrane;Protein transport;Reference proteome;Transmembrane;Transmembrane helix;Transport	358
WP_000797017	B5Z7H1	unreviewed	Helicobacter pylori (strain G27)	Cell membrane;Cell projection;Chemotaxis;Cilium;Flagellar rotation;Flagellum;Membrane;Reference proteome;Transmembrane;Transmembrane helix	183
WP_000797017	O25489	unreviewed	Helicobacter pylori (strain ATCC 700392 / 26695) (Campylobacter pylori)	Cell membrane;Chemotaxis;Flagellar rotation;Membrane;Reference proteome;Transmembrane;Transmembrane helix	183
WP_000802346	P0A4V1	reviewed	Streptococcus agalactiae serotype Ia (strain ATCC 27591 / A909 / CDC SS700)	Capsule biogenesis/degradation;Cytoplasm;Exopolysaccharide synthesis;Magnesium;Manganese;Nucleotidyltransferase;Transferase	413
WP_000802346	P0A4V0	reviewed	Streptococcus agalactiae serotype III (strain NEM316)	Capsule biogenesis/degradation;Cytoplasm;Exopolysaccharide synthesis;Magnesium;Manganese;Nucleotidyltransferase;Transferase	413
WP_000803678	O52143	unreviewed	Escherichia coli		305
WP_000803678	B7UMA3	unreviewed	Escherichia coli O127:H6 (strain E2348/69 / EPEC)	Reference proteome	305
WP_000803687	O85630	unreviewed	Escherichia coli		305
WP_000803687	Q7DB73	unreviewed	Escherichia coli O157:H7	Reference proteome	305
WP_000807831	A0A6L7HJC4	unreviewed	Bacillus anthracis (anthrax bacterium)	3D-structure;Reference proteome	90
WP_000807831	A0AAC8SEP2	unreviewed	Bacillus anthracis (anthrax bacterium)	Reference proteome	90
WP_000807831	A0ABX6I083	unreviewed	Bacillus pacificus	Reference proteome	90
WP_000813718	A0A0H3GUY3	unreviewed	Klebsiella pneumoniae subsp. pneumoniae (strain HS11286)	Cell outer membrane;Fimbrium biogenesis;Membrane;Reference proteome;Signal;Transmembrane;Transmembrane beta strand;Transport	828
WP_000813718	A0ABU9PAF1	unreviewed	Klebsiella grimontii	Cell outer membrane;Fimbrium biogenesis;Membrane;Reference proteome;Signal;Transmembrane;Transmembrane beta strand;Transport	828
WP_000813718	A0ABX9EZP0	unreviewed	Enterobacter kobei	Cell outer membrane;Fimbrium biogenesis;Membrane;Reference proteome;Signal;Transmembrane;Transmembrane beta strand;Transport	828
WP_000813718	A6TDK4	unreviewed	Klebsiella pneumoniae subsp. pneumoniae (strain ATCC 700721 / MGH 78578)	Cell outer membrane;Fimbrium biogenesis;Membrane;Reference proteome;Signal;Transmembrane;Transmembrane beta strand;Transport	828
WP_000813718	A0ABV1ZM81	unreviewed	Enterobacter intestinihominis	Cell outer membrane;Fimbrium biogenesis;Membrane;Reference proteome;Signal;Transmembrane;Transmembrane beta strand;Transport	828
WP_000813718	A0A2A2M7V2	unreviewed	Hafnia paralvei	Cell outer membrane;Fimbrium biogenesis;Membrane;Reference proteome;Signal;Transmembrane;Transmembrane beta strand;Transport	828
WP_000813718	B0ZDW2	unreviewed	Escherichia coli	Cell outer membrane;Fimbrium biogenesis;Membrane;Plasmid;Signal;Transmembrane;Transmembrane beta strand;Transport	828
WP_000813718	G3FT06	unreviewed	Klebsiella pneumoniae	Cell outer membrane;Fimbrium biogenesis;Membrane;Plasmid;Signal;Transmembrane;Transmembrane beta strand;Transport	828
WP_000815035	B9UQ32	unreviewed	Streptococcus agalactiae	Cell wall;Collagen;Membrane;Peptidoglycan-anchor;Secreted;Signal;Transmembrane;Transmembrane helix	307
WP_000815035	Q8E0S8	unreviewed	Streptococcus agalactiae serotype V (strain ATCC BAA-611 / 2603 V/R)	3D-structure;Cell wall;Membrane;Peptidoglycan-anchor;Reference proteome;Secreted;Signal;Transmembrane;Transmembrane helix	307
WP_000817146	P45784	reviewed	Vibrio cholerae serotype O1 (strain ATCC 39315 / El Tor Inaba N16961)	Cell inner membrane;Cell membrane;Membrane;Protein transport;Reference proteome;Transmembrane;Transmembrane helix;Transport	252
WP_000818647	O25154	reviewed	Helicobacter pylori (strain ATCC 700392 / 26695) (Campylobacter pylori)	Phosphoprotein;Reference proteome	311
WP_000820136	Q32C41	unreviewed	Shigella dysenteriae serotype 1 (strain Sd197)	Cell inner membrane;Cell membrane;Membrane;Methylation;Reference proteome;Transmembrane;Transmembrane helix	123
WP_000820818	A0A839CR10	unreviewed	Klebsiella grimontii	Chaperone;Periplasm;Reference proteome;Signal	233
WP_000820818	A0AAW3XL85	unreviewed	Enterobacter kobei	Chaperone;Periplasm;Reference proteome;Signal	233
WP_000820818	A6TDK5	unreviewed	Klebsiella pneumoniae subsp. pneumoniae (strain ATCC 700721 / MGH 78578)	Chaperone;Periplasm;Reference proteome;Signal	233
WP_000820818	A0ABV1ZMF6	unreviewed	Enterobacter intestinihominis	Chaperone;Periplasm;Reference proteome;Signal	233
WP_000820818	A0A2A2M6Q4	unreviewed	Hafnia paralvei	Chaperone;Periplasm;Reference proteome;Signal	233
WP_000820818	B0LHG6	unreviewed	Escherichia coli	Chaperone;Periplasm;Plasmid;Signal	233
WP_000820818	B6S768	unreviewed	Klebsiella pneumoniae	Chaperone;Periplasm;Plasmid;Signal	233
WP_000820818	A0A9N8CUH7	unreviewed	Citrobacter werkmanii	Chaperone;Periplasm;Reference proteome;Signal	233
WP_000823897	O85647	unreviewed	Escherichia coli	Cell membrane;Membrane;Transmembrane;Transmembrane helix	272
WP_000823897	Q7DB49	unreviewed	Escherichia coli O157:H7	Cell membrane;Membrane;Reference proteome;Transmembrane;Transmembrane helix	272
WP_000824100	A0A0H2VDU2	unreviewed	Escherichia coli O6:H1 (strain CFT073 / ATCC 700928 / UPEC)	Fimbrium;Reference proteome;Signal	179
WP_000826956	V5REB5	unreviewed	Acinetobacter baumannii	Membrane;Transferase;Transmembrane;Transmembrane helix	206
WP_000826956	A0ABX6CAG7	unreviewed	Acinetobacter baumannii (strain ATCC 19606 / DSM 30007 / JCM 6841 / CCUG 19606 / CIP 70.34 / NBRC 109757 / NCIMB 12457 / NCTC 12156 / 81)	Membrane;Reference proteome;Transferase;Transmembrane;Transmembrane helix	206
WP_000828585	Q79F49	unreviewed	Vibrio cholerae	Membrane;Transmembrane;Transmembrane helix	175
WP_000831828	A0AAU8WE15	unreviewed	Vibrio tarriae	Bacterial flagellum;Bacterial flagellum biogenesis;Bacterial flagellum protein export;Cell membrane;Cell projection;Cilium;Flagellum;Membrane;Protein transport;Reference proteome;Transmembrane;Transmembrane helix;Transport	299
WP_000831828	Q9KQ78	unreviewed	Vibrio cholerae serotype O1 (strain ATCC 39315 / El Tor Inaba N16961)	Bacterial flagellum;Bacterial flagellum biogenesis;Bacterial flagellum protein export;Cell membrane;Cell projection;Cilium;Flagellum;Membrane;Protein transport;Reference proteome;Transmembrane;Transmembrane helix;Transport	299
WP_000832067	O25028	reviewed	Helicobacter pylori (strain ATCC 700392 / 26695) (Campylobacter pylori)	Bacterial flagellum;Periplasm;Reference proteome;Signal	342
WP_000832235	D2SWC1	unreviewed	Escherichia coli	Fimbrium;Lipoprotein;Palmitate;Signal	300
WP_000833288	P0AE96	reviewed	Escherichia coli O6:H1 (strain CFT073 / ATCC 700928 / UPEC)	Reference proteome;Signal	129
WP_000833288	Q3Z387	unreviewed	Shigella sonnei (strain Ss046)	Reference proteome;Signal	129
WP_000833288	A7ZKE1	unreviewed	Escherichia coli O139:H28 (strain E24377A / ETEC)	Reference proteome;Signal	129
WP_000833288	A0A0H2YXL1	unreviewed	Escherichia coli O1:K1 / APEC	Reference proteome;Signal	129
WP_000833288	B2CY46	unreviewed	Escherichia coli	Signal	129
WP_000833288	B7UP53	unreviewed	Escherichia coli O127:H6 (strain E2348/69 / EPEC)	Reference proteome;Signal	129
WP_000833288	B7MIH9	unreviewed	Escherichia coli O45:K1 (strain S88 / ExPEC)	Reference proteome;Signal	129
WP_000833288	B7LFE9	unreviewed	Escherichia coli (strain 55989 / EAEC)	Reference proteome;Signal	129
WP_000833288	A0A0H3EFY9	unreviewed	Escherichia coli O83:H1 (strain NRG 857C / AIEC)	Reference proteome;Signal	129
WP_000833288	P0AE95	reviewed	Escherichia coli (strain K12)	3D-structure;Reference proteome;Signal	129
WP_000833288	P0AE97	reviewed	Escherichia coli O157:H7	Reference proteome;Signal	129
WP_000835144	H9L4P3	unreviewed	Vibrio cholerae serotype O1 (strain ATCC 39315 / El Tor Inaba N16961)	Membrane;Reference proteome;Transmembrane;Transmembrane helix	216
WP_000835144	Q56671	unreviewed	Vibrio cholerae	Membrane;Transmembrane;Transmembrane helix	216
WP_000835501	O25271	unreviewed	Helicobacter pylori (strain ATCC 700392 / 26695) (Campylobacter pylori)	Coiled coil;Reference proteome	306
WP_000836217	A0A0H2UNM7	unreviewed	Streptococcus pneumoniae serotype 4 (strain ATCC BAA-334 / TIGR4)	3D-structure;Cell wall;Membrane;Peptidoglycan-anchor;Reference proteome;Secreted;Signal;Transmembrane;Transmembrane helix	665
WP_000836911.1	A0ABX6CGB7	unreviewed	Acinetobacter baumannii (strain ATCC 19606 / DSM 30007 / JCM 6841 / CCUG 19606 / CIP 70.34 / NBRC 109757 / NCIMB 12457 / NCTC 12156 / 81)	Cell inner membrane;Cell membrane;Membrane;Methylation;Reference proteome;Transmembrane;Transmembrane helix	126
WP_000837699	A0AAU8WL36	unreviewed	Vibrio tarriae	Cell inner membrane;Cell membrane;Membrane;Methylation;Reference proteome;Transmembrane;Transmembrane helix	117
WP_000837699	P45775	reviewed	Vibrio cholerae serotype O1 (strain ATCC 39315 / El Tor Inaba N16961)	Cell inner membrane;Cell membrane;Membrane;Methylation;Protein transport;Reference proteome;Transmembrane;Transmembrane helix;Transport	117
WP_000837699	A0AAW4GZX7	unreviewed	Vibrio paracholerae	Cell inner membrane;Cell membrane;Membrane;Methylation;Reference proteome;Transmembrane;Transmembrane helix	117
WP_000840548.1	A0A0D5YND1	unreviewed	Acinetobacter baumannii	ATP-binding;DNA-binding;Nucleotide-binding;Phosphoprotein;Reference proteome;Transcription;Transcription regulation	473
WP_000840548.1	A0A7U3Y487	unreviewed	Acinetobacter baumannii (strain AB0057)	ATP-binding;DNA-binding;Nucleotide-binding;Phosphoprotein;Reference proteome;Transcription;Transcription regulation	473
WP_000840982	Q9KQ81	unreviewed	Vibrio cholerae serotype O1 (strain ATCC 39315 / El Tor Inaba N16961)	Bacterial flagellum biogenesis;Bacterial flagellum protein export;Cell membrane;Cell projection;Cilium;Flagellum;Membrane;Protein transport;Reference proteome;Transmembrane;Transmembrane helix;Transport	376
WP_000841373.1	V5VDL8	unreviewed	Acinetobacter baumannii	Membrane;Methylation;Reference proteome;Transmembrane;Transmembrane helix	184
WP_000841373.1	A0A7U3Y6M8	unreviewed	Acinetobacter baumannii (strain AB0057)	Membrane;Methylation;Reference proteome;Transmembrane;Transmembrane helix	184
WP_000842036	Q8NUI5	reviewed	Staphylococcus aureus (strain MW2)	Calcium;Hydrolase;Lipid degradation;Lipid metabolism;Metal-binding;Secreted;Signal;Zymogen	680
WP_000842036	Q6G604	reviewed	Staphylococcus aureus (strain MSSA476)	Calcium;Hydrolase;Lipid degradation;Lipid metabolism;Metal-binding;Secreted;Signal;Zymogen	680
WP_000842036	A0A0H2XG41	unreviewed	Staphylococcus aureus (strain USA300)	Hydrolase;Lipid degradation;Lipid metabolism;Reference proteome;Secreted;Signal	680
WP_000842036	Q2FUU5	reviewed	Staphylococcus aureus (strain NCTC 8325 / PS 47)	Hydrolase;Lipid degradation;Lipid metabolism;Reference proteome;Secreted;Signal;Zymogen	680
WP_000842036	Q5HCM7	reviewed	Staphylococcus aureus (strain COL)	Calcium;Hydrolase;Lipid degradation;Lipid metabolism;Metal-binding;Secreted;Signal;Zymogen	680
WP_000843374	O24911	unreviewed	Helicobacter pylori (strain ATCC 700392 / 26695) (Campylobacter pylori)	3D-structure;Membrane;Reference proteome;Transducer;Transmembrane;Transmembrane helix	673
WP_000843487	Q9KTH6	unreviewed	Vibrio cholerae serotype O1 (strain ATCC 39315 / El Tor Inaba N16961)	Reference proteome	390
WP_000846461	P43313	reviewed	Helicobacter pylori (strain ATCC 700392 / 26695) (Campylobacter pylori)	3D-structure;Cytoplasm;Direct protein sequencing;Iron;Iron storage;Metal-binding;Oxidoreductase;Reference proteome;Virulence	144
WP_000855299	O25272	unreviewed	Helicobacter pylori (strain ATCC 700392 / 26695) (Campylobacter pylori)	3D-structure;Coiled coil;Reference proteome	237
WP_000855900	O25275	unreviewed	Helicobacter pylori (strain ATCC 700392 / 26695) (Campylobacter pylori)	Reference proteome;Signal	142
WP_000861791	A0A0H2UNM3	unreviewed	Streptococcus pneumoniae serotype 4 (strain ATCC BAA-334 / TIGR4)	Cell membrane;Membrane;Reference proteome;Transmembrane;Transmembrane helix	413
WP_000866237	A0ABX6CH43	unreviewed	Acinetobacter baumannii (strain ATCC 19606 / DSM 30007 / JCM 6841 / CCUG 19606 / CIP 70.34 / NBRC 109757 / NCIMB 12457 / NCTC 12156 / 81)	Cell membrane;Glycosyltransferase;Membrane;Reference proteome;Transferase;Transmembrane;Transmembrane helix	415
WP_000868104	B2I321	reviewed	Acinetobacter baumannii (strain ACICU)	Acyltransferase;Lipid A biosynthesis;Lipid biosynthesis;Lipid metabolism;Repeat;Transferase	356
WP_000868321	Q8XA03	unreviewed	Escherichia coli O157:H7	Reference proteome	189
WP_000874844	O24920	unreviewed	Helicobacter pylori (strain ATCC 700392 / 26695) (Campylobacter pylori)	Reference proteome	155
WP_000877317	Q8NUI6	reviewed	Staphylococcus aureus (strain MW2)	Cell wall;Hydrolase;Secreted;Signal	290
WP_000877317	Q6G606	reviewed	Staphylococcus aureus (strain MSSA476)	Cell wall;Hydrolase;Secreted;Signal	290
WP_000877317	A0A0H2XGN8	unreviewed	Staphylococcus aureus (strain USA300)	Cell wall;Hydrolase;Metal-binding;Reference proteome;Secreted;Signal	290
WP_000877317	Q9RQP7	reviewed	Staphylococcus aureus (strain NCTC 8325 / PS 47)	Cell wall;Hydrolase;Reference proteome;Secreted;Signal	290
WP_000877695	Q81RQ4	reviewed	Bacillus anthracis	3D-structure;Lyase;Manganese;Metal-binding;Reference proteome	280
WP_000878557	P45779	reviewed	Vibrio cholerae serotype O1 (strain ATCC 39315 / El Tor Inaba N16961)	3D-structure;Cell outer membrane;Membrane;Protein transport;Reference proteome;Signal;Transmembrane;Transmembrane beta strand;Transport	674
WP_000878557	A0A085R7B5	unreviewed	Vibrio cholerae	3D-structure;Cell outer membrane;Coiled coil;Membrane;Protein transport;Signal;Transmembrane;Transmembrane beta strand;Transport	674
WP_000879904	A0AAN1K261	unreviewed	Helicobacter pylori (Campylobacter pylori)		376
WP_000879904	O25270	unreviewed	Helicobacter pylori (strain ATCC 700392 / 26695) (Campylobacter pylori)	Reference proteome	376
WP_000883720	O24978	unreviewed	Helicobacter pylori (strain ATCC 700392 / 26695) (Campylobacter pylori)	Bacterial flagellum;Cell membrane;Cell projection;Cilium;Flagellum;Membrane;Reference proteome;Transmembrane;Transmembrane helix	255
WP_000885496	P0A0S1	reviewed	Helicobacter pylori (strain ATCC 700392 / 26695) (Campylobacter pylori)	Bacterial flagellum;Direct protein sequencing;Reference proteome;Secreted;Virulence	510
WP_000885496	P0A0S2	reviewed	Helicobacter pylori (strain J99 / ATCC 700824) (Campylobacter pylori J99)	Bacterial flagellum;Secreted;Virulence	510
WP_000886731	N0A5H8	unreviewed	Acinetobacter baumannii	Acyltransferase;Transferase	171
WP_000896065	Q57411	unreviewed	Escherichia coli	Plasmid	149
WP_000896065	B7UTE4	unreviewed	Escherichia coli O127:H6 (strain E2348/69 / EPEC)	Plasmid;Reference proteome	149
WP_000900547	Q8X5W5	unreviewed	Escherichia coli O157:H7	Reference proteome	526
WP_000900785	O25265	unreviewed	Helicobacter pylori (strain ATCC 700392 / 26695) (Campylobacter pylori)	3D-structure;Membrane;Reference proteome;Transmembrane;Transmembrane helix	252
WP_000901247	Q70SJ6	unreviewed	Helicobacter pylori (Campylobacter pylori)	Cell membrane;Membrane;Transmembrane;Transmembrane helix;Transport	195
WP_000901247	Q09068	reviewed	Helicobacter pylori (strain ATCC 700392 / 26695) (Campylobacter pylori)	Cell inner membrane;Cell membrane;Membrane;Reference proteome;Transmembrane;Transmembrane helix;Transport;Virulence	195
WP_000905916	A0A0H2Z3F2	unreviewed	Escherichia coli O1:K1 / APEC	Capsule biogenesis/degradation;Cell inner membrane;Cell membrane;Coiled coil;Membrane;Polysaccharide transport;Reference proteome;Sugar transport;Transmembrane;Transmembrane helix;Transport	382
WP_000905916	Q4FBB9	unreviewed	Escherichia coli	Capsule biogenesis/degradation;Cell inner membrane;Cell membrane;Coiled coil;Membrane;Polysaccharide transport;Sugar transport;Transmembrane;Transmembrane helix;Transport	382
WP_000905916	B7MN84	unreviewed	Escherichia coli O45:K1 (strain S88 / ExPEC)	Capsule biogenesis/degradation;Cell inner membrane;Cell membrane;Coiled coil;Membrane;Polysaccharide transport;Reference proteome;Sugar transport;Transmembrane;Transmembrane helix;Transport	382
WP_000907265	A0AAU8WDH7	unreviewed	Vibrio tarriae	Bacterial flagellum biogenesis;Cell projection;Cilium;Flagellum;Reference proteome;Repressor;Transcription;Transcription regulation	107
WP_000907265	Q9KQ03	unreviewed	Vibrio cholerae serotype O1 (strain ATCC 39315 / El Tor Inaba N16961)	Bacterial flagellum biogenesis;Cell projection;Cilium;Flagellum;Reference proteome;Repressor;Transcription;Transcription regulation	107
WP_000909602	Q81RQ7	reviewed	Bacillus anthracis	ATP-binding;Ligase;Nucleotide-binding;Reference proteome	412
WP_000909602	A0A6L7HB61	unreviewed	Bacillus anthracis (anthrax bacterium)	Ligase;Nucleotidyltransferase;Reference proteome;Transferase	412
WP_000910402	A0A0H2VBQ7	unreviewed	Escherichia coli O6:H1 (strain CFT073 / ATCC 700928 / UPEC)	Cell inner membrane;Cell membrane;Membrane;Reference proteome;Transmembrane;Transmembrane helix;Transport	330
WP_000910402	B7MEK8	unreviewed	Escherichia coli O45:K1 (strain S88 / ExPEC)	Cell inner membrane;Cell membrane;Membrane;Reference proteome;Transmembrane;Transmembrane helix;Transport	330
WP_000920039	Q8NVR2	reviewed	Staphylococcus aureus (strain MW2)	Plasminogen activation;Secreted;Signal	163
WP_000924780	B3FNT7	unreviewed	Streptococcus pneumoniae	Hydrolase;Membrane;Protease;Transmembrane;Transmembrane helix	183
WP_000928935	Q8NYF4	reviewed	Staphylococcus aureus (strain MW2)	Cell membrane;Membrane;Transmembrane;Transmembrane helix;Virulence	152
WP_000928935	Q6GCI8	reviewed	Staphylococcus aureus (strain MSSA476)	Cell membrane;Membrane;Transmembrane;Transmembrane helix;Virulence	152
WP_000928935	A0A0H2XEI5	unreviewed	Staphylococcus aureus (strain USA300)	Cell membrane;Membrane;Reference proteome;Transmembrane;Transmembrane helix	152
WP_000928935	Q2G187	unreviewed	Staphylococcus aureus (strain NCTC 8325 / PS 47)	Cell membrane;Membrane;Reference proteome;Transmembrane;Transmembrane helix	152
WP_000928935	Q5HJ89	reviewed	Staphylococcus aureus (strain COL)	Cell membrane;Membrane;Transmembrane;Transmembrane helix;Virulence	152
WP_000928959	Q6X916	unreviewed	Salmonella enterica subsp. enterica serovar Paratyphi C	Signal	195
WP_000929365	Q9KQ09	unreviewed	Vibrio cholerae serotype O1 (strain ATCC 39315 / El Tor Inaba N16961)	Bacterial flagellum biogenesis;Reference proteome	235
WP_000930062	A0A0H2Z2T1	unreviewed	Escherichia coli O1:K1 / APEC	Reference proteome;Transcription;Transcription regulation	104
WP_000930062	P04744	reviewed	Escherichia coli	Activator;Cytoplasm;Fimbrium biogenesis;Repressor;Transcription;Transcription regulation	104
WP_000930062	Q7BSM2	unreviewed	Escherichia coli	Transcription;Transcription regulation	104
WP_000930062	A0ABR6TWP1	unreviewed	Citrobacter braakii	Reference proteome;Transcription;Transcription regulation	104
WP_000930062	B7MN30	unreviewed	Escherichia coli O45:K1 (strain S88 / ExPEC)	Reference proteome;Transcription;Transcription regulation	104
WP_000931693	O85622	unreviewed	Escherichia coli		248
WP_000931693	Q7DB85	unreviewed	Escherichia coli O157:H7	Reference proteome	248
WP_000933673	A0A0H2V660	reviewed	Escherichia coli O6:H1 (strain CFT073 / ATCC 700928 / UPEC)	Cytoplasm;Hydrolase;Reference proteome	409
WP_000934642	Q9KQ17	unreviewed	Vibrio cholerae serotype O1 (strain ATCC 39315 / El Tor Inaba N16961)	Bacterial flagellum;Cell projection;Cilium;Flagellum;Reference proteome;Secreted	397
WP_000935757	B7UM93	unreviewed	Escherichia coli O127:H6 (strain E2348/69 / EPEC)	Membrane;Reference proteome;Transmembrane;Transmembrane helix	380
WP_000935759	O85626	unreviewed	Escherichia coli	Coiled coil;Host membrane;Membrane;Transmembrane;Transmembrane helix;Virulence	374
WP_000935759	Q7DB81	unreviewed	Escherichia coli O157:H7	Coiled coil;Host membrane;Membrane;Reference proteome;Transmembrane;Transmembrane helix;Virulence	374
WP_000938081	O25268	unreviewed	Helicobacter pylori (strain ATCC 700392 / 26695) (Campylobacter pylori)	Membrane;Reference proteome;Transmembrane;Transmembrane helix	126
WP_000938103	B7UR63	unreviewed	Escherichia coli O127:H6 (strain E2348/69 / EPEC)	Reference proteome	189
WP_000938103	Q8XAL7	reviewed	Escherichia coli O157:H7	3D-structure;Host cytoplasm;Protease inhibitor;Reference proteome;Secreted	189
WP_000938118	Q8X782	unreviewed	Escherichia coli O157:H7	Reference proteome	453
WP_000941291	O24980	reviewed	Helicobacter pylori (strain ATCC 700392 / 26695) (Campylobacter pylori)	Metal-binding;Reference proteome;Transferase	340
WP_000943814	Q8NYC2	reviewed	Staphylococcus aureus (strain MW2)	Calcium;Hydrolase;Lipid degradation;Lipid metabolism;Metal-binding;Secreted;Signal;Zymogen	690
WP_000943814	Q6GCF1	reviewed	Staphylococcus aureus (strain MSSA476)	Calcium;Hydrolase;Lipid degradation;Lipid metabolism;Metal-binding;Secreted;Signal;Zymogen	690
WP_000946389	P50610	reviewed	Helicobacter pylori (strain ATCC 700392 / 26695) (Campylobacter pylori)	Bacterial flagellum;Direct protein sequencing;Reference proteome	718
WP_000946438	O26104	unreviewed	Helicobacter pylori (strain ATCC 700392 / 26695) (Campylobacter pylori)	Bacterial flagellum;Cell projection;Cilium;Flagellum;Reference proteome	262
WP_000950979	B7UR62	unreviewed	Escherichia coli O127:H6 (strain E2348/69 / EPEC)	Reference proteome	303
WP_000950979	Q8XAL6	unreviewed	Escherichia coli O157:H7	3D-structure;Reference proteome	303
WP_000951026	Q8X831	unreviewed	Escherichia coli O157:H7	3D-structure;Metal-binding;Reference proteome	293
WP_000953248	B7UM96	unreviewed	Escherichia coli O127:H6 (strain E2348/69 / EPEC)	Membrane;Reference proteome;Transmembrane;Transmembrane helix	406
WP_000953255	O69410	unreviewed	Escherichia coli	Membrane;Transmembrane;Transmembrane helix	406
WP_000953255	Q7DB78	unreviewed	Escherichia coli O157:H7	Membrane;Reference proteome;Transmembrane;Transmembrane helix	406
WP_000957200	Q9KPE4	unreviewed	Vibrio cholerae serotype O1 (strain ATCC 39315 / El Tor Inaba N16961)	ATP-binding;Cytoplasm;Nucleotide-binding;Reference proteome	562
WP_000963306	O25565	unreviewed	Helicobacter pylori (strain ATCC 700392 / 26695) (Campylobacter pylori)	3D-structure;Bacterial flagellum;Bacterial flagellum biogenesis;Cell projection;Cilium;Flagellum;Reference proteome	301
WP_000972583.1	A0A059ZSC3	unreviewed	Acinetobacter baumannii	Carboxypeptidase;Hydrolase;Membrane;Protease;Reference proteome;Transmembrane;Transmembrane helix	317
WP_000972583.1	A0A7U4DG05	unreviewed	Acinetobacter baumannii (strain AB0057)	Carboxypeptidase;Hydrolase;Membrane;Protease;Reference proteome;Transmembrane;Transmembrane helix	317
WP_000972583.1	A0ABX6CFD9	unreviewed	Acinetobacter baumannii (strain ATCC 19606 / DSM 30007 / JCM 6841 / CCUG 19606 / CIP 70.34 / NBRC 109757 / NCIMB 12457 / NCTC 12156 / 81)	Membrane;Reference proteome;Transmembrane;Transmembrane helix	317
WP_000975445	Q6KDA4	unreviewed	Escherichia coli	Chaperone;Fimbrium biogenesis;Periplasm;Signal	231
WP_000978349	Q8XE85	unreviewed	Escherichia coli O157:H7	Reference proteome	523
WP_000982866	A0A0H3GVL9	unreviewed	Klebsiella pneumoniae subsp. pneumoniae (strain HS11286)	Reference proteome	366
WP_000982866	A0AAW3HEA3	unreviewed	Enterobacter chengduensis	Reference proteome	366
WP_000982866	Q3V7P7	unreviewed	Yersinia pseudotuberculosis serotype I (strain IP32953)	Reference proteome	366
WP_000982866	A0A380PDG6	unreviewed	Yersinia pestis	Reference proteome	366
WP_000982866	A0ABS0ZW27	unreviewed	Citrobacter sedlakii	Reference proteome	366
WP_000985860	Q9KQD8	reviewed	Vibrio cholerae serotype O1 (strain ATCC 39315 / El Tor Inaba N16961)	Chemotaxis;Cytoplasm;Hydrolase;Phosphoprotein;Reference proteome	377
WP_000992818	A1A9U1	reviewed	Escherichia coli O1:K1 / APEC	Chaperone;Periplasm;Reference proteome;Signal	110
WP_000992818	B2CY50	unreviewed	Escherichia coli	3D-structure;Chaperone;Periplasm;Signal	110
WP_000992818	B7MII3	reviewed	Escherichia coli O45:K1 (strain S88 / ExPEC)	Chaperone;Periplasm;Reference proteome;Signal	110
WP_000992818	B7NAR8	reviewed	Escherichia coli O17:K52:H18 (strain UMN026 / ExPEC)	Chaperone;Periplasm;Signal	110
WP_000992818	Q8X9J2	unreviewed	Escherichia coli O157:H7	Chaperone;Periplasm;Reference proteome;Signal	110
WP_000993317	A0A384LP51	reviewed	Escherichia coli O157:H7	4Fe-4S;Iron;Iron-sulfur;Metal-binding;Methyltransferase;S-adenosyl-L-methionine;Transferase	445
WP_000993317	Q8X5N6	unreviewed	Escherichia coli O157:H7	4Fe-4S;Iron;Iron-sulfur;Metal-binding;Reference proteome;S-adenosyl-L-methionine	445
WP_000994240	N0A5I2	unreviewed	Acinetobacter baumannii	Glycoprotein;Glycosyltransferase;Membrane;Transferase;Transmembrane;Transmembrane helix	203
WP_000996418	P56143	reviewed	Helicobacter pylori (strain ATCC 700392 / 26695) (Campylobacter pylori)	DNA-binding;DNA-directed RNA polymerase;Nucleotidyltransferase;Reference proteome;Sigma factor;Transcription;Transcription regulation;Transferase	414
WP_000996996	P0C6C4	reviewed	Vibrio cholerae serotype O1 (strain ATCC 39315 / El Tor Inaba N16961)	3D-structure;Bacterial flagellum;Coiled coil;Reference proteome;Secreted	376
WP_000996996	A5F6C4	reviewed	Vibrio cholerae serotype O1 (strain ATCC 39541 / Classical Ogawa 395 / O395)	Bacterial flagellum;Coiled coil;Secreted	376
WP_000996996	A0A085S3I0	unreviewed	Vibrio cholerae	Bacterial flagellum;Cell projection;Cilium;Coiled coil;Flagellum;Secreted	376
WP_001000225	O25566	unreviewed	Helicobacter pylori (strain ATCC 700392 / 26695) (Campylobacter pylori)	Bacterial flagellum;Cell projection;Cilium;Flagellum;Reference proteome	605
WP_001000423	O25266	unreviewed	Helicobacter pylori (strain ATCC 700392 / 26695) (Campylobacter pylori)	Membrane;Reference proteome;Transmembrane;Transmembrane helix	218
WP_001002442	O24886	unreviewed	Helicobacter pylori (strain ATCC 700392 / 26695) (Campylobacter pylori)	Isomerase;Multifunctional enzyme;NADP;Oxidoreductase;Reference proteome	310
WP_001002833	O85641	unreviewed	Escherichia coli	Cell membrane;Membrane;Transmembrane;Transmembrane helix	258
WP_001002833	Q7DB58	unreviewed	Escherichia coli O157:H7	Cell membrane;Membrane;Reference proteome;Transmembrane;Transmembrane helix	258
WP_001002835	O52129	unreviewed	Escherichia coli	Cell membrane;Membrane;Transmembrane;Transmembrane helix	258
WP_001002835	B7UMB9	unreviewed	Escherichia coli O127:H6 (strain E2348/69 / EPEC)	Cell membrane;Membrane;Reference proteome;Transmembrane;Transmembrane helix	258
WP_001003065	O85628	unreviewed	Escherichia coli		127
WP_001003065	Q7DB75	unreviewed	Escherichia coli O157:H7	Reference proteome	127
WP_001005220	O52145	unreviewed	Escherichia coli		120
WP_001005220	B7UMA1	unreviewed	Escherichia coli O127:H6 (strain E2348/69 / EPEC)	Reference proteome	120
WP_001007140	A0A0H2V551	unreviewed	Escherichia coli O6:H1 (strain CFT073 / ATCC 700928 / UPEC)	Cytoplasm;Enterobactin biosynthesis;Hydrolase;Ligase;Magnesium;Metal-binding;Multifunctional enzyme;Phosphopantetheine;Phosphoprotein;Reference proteome	285
WP_001007140	A0A0H3EG92	unreviewed	Escherichia coli O83:H1 (strain NRG 857C / AIEC)	Cytoplasm;Enterobactin biosynthesis;Hydrolase;Ligase;Magnesium;Metal-binding;Multifunctional enzyme;Phosphopantetheine;Phosphoprotein;Reference proteome	285
WP_001007981	Q9KQ07	unreviewed	Vibrio cholerae serotype O1 (strain ATCC 39315 / El Tor Inaba N16961)	Bacterial flagellum;Cell projection;Cilium;Flagellum;Reference proteome	131
WP_001010045	N0ABC3	unreviewed	Acinetobacter baumannii		480
WP_001010291	Q8NYF2	reviewed	Staphylococcus aureus (strain MW2)	Secreted;Virulence	130
WP_001010291	Q6GCI4	reviewed	Staphylococcus aureus (strain MSSA476)	Secreted;Virulence	130
WP_001015709	A0A0H2VAK1	unreviewed	Escherichia coli O6:H1 (strain CFT073 / ATCC 700928 / UPEC)	Reference proteome	580
WP_001017167	Q8X5N8	unreviewed	Escherichia coli O157:H7	3D-structure;Heme;Iron;Metal-binding;Reference proteome	342
WP_001017192	A0A0H2VBP2	unreviewed	Escherichia coli O6:H1 (strain CFT073 / ATCC 700928 / UPEC)	Reference proteome	342
WP_001017208	Q32AX6	unreviewed	Shigella dysenteriae serotype 1 (strain Sd197)	Reference proteome	342
WP_001017208	O70019	unreviewed	Shigella dysenteriae		342
WP_001022338	P29484	reviewed	Vibrio cholerae serotype O1 (strain ATCC 39315 / El Tor Inaba N16961)	Periplasm;Reference proteome;Secreted;Signal	152
WP_001022338	Q7BGC3	unreviewed	Vibrio cholerae	Signal	152
WP_001023498	P43109	reviewed	Salmonella typhi	Cell inner membrane;Cell membrane;Membrane;Polysaccharide transport;Reference proteome;Sugar transport;Transmembrane;Transmembrane helix;Transport	264
WP_001025672	Q8XAJ5	unreviewed	Escherichia coli O157:H7	Reference proteome	441
WP_001028293	A0A0H2XGX4	unreviewed	Staphylococcus aureus (strain USA300)	Reference proteome	369
WP_001028293	Q2G1K3	unreviewed	Staphylococcus aureus (strain NCTC 8325 / PS 47)	Reference proteome	369
WP_001030089	Q9X4Q9	reviewed	Vibrio cholerae serotype O1 (strain ATCC 39315 / El Tor Inaba N16961)	Bacterial flagellum;Cell inner membrane;Cell membrane;Chemotaxis;Flagellar rotation;Membrane;Reference proteome	348
WP_001030089	A0AAX1QY65	unreviewed	Vibrio paracholerae	Bacterial flagellum;Cell inner membrane;Cell membrane;Cell projection;Chemotaxis;Cilium;Flagellar rotation;Flagellum;Membrane;Reference proteome	348
WP_001030417	Q9KQD4	unreviewed	Vibrio cholerae serotype O1 (strain ATCC 39315 / El Tor Inaba N16961)	Cell projection;Cilium;Cytoplasm;DNA-binding;Flagellum;Reference proteome;Sigma factor;Transcription;Transcription regulation	244
WP_001032773	Q2FG07	reviewed	Staphylococcus aureus (strain USA300)	3D-structure;Cell wall;Peptidoglycan-anchor;Reference proteome;Repeat;Secreted;Signal	895
WP_001032773	Q5HF43	reviewed	Staphylococcus aureus (strain COL)	Cell wall;Peptidoglycan-anchor;Repeat;Secreted;Signal	895
WP_001033074	Q04662	reviewed	Streptococcus agalactiae serotype III (strain NEM316)	Capsule biogenesis/degradation;Cell membrane;Exopolysaccharide synthesis;Membrane;Transmembrane;Transmembrane helix	230
WP_001034892	A0A0H2V524	unreviewed	Escherichia coli O6:H1 (strain CFT073 / ATCC 700928 / UPEC)	Cell outer membrane;Ion transport;Iron;Iron transport;Membrane;Receptor;Reference proteome;Signal;TonB box;Transmembrane;Transmembrane beta strand;Transport	746
WP_001034892	B7UKM7	unreviewed	Escherichia coli O127:H6 (strain E2348/69 / EPEC)	Cell outer membrane;Ion transport;Iron;Iron transport;Membrane;Receptor;Reference proteome;Signal;TonB box;Transmembrane;Transmembrane beta strand;Transport	746
WP_001035362	A0A0H2UMZ8	unreviewed	Streptococcus pneumoniae serotype 4 (strain ATCC BAA-334 / TIGR4)	Reference proteome;Repeat;Signal	744
WP_001035927	A0A3P1UDZ2	unreviewed	Bacillus anthracis (anthrax bacterium)	Hydrolase;Metal-binding;Metalloprotease;Protease;Reference proteome;Secreted;Signal;Zinc	795
WP_001035927	A0A6H3AG32	unreviewed	Bacillus anthracis (anthrax bacterium)	Hydrolase;Metal-binding;Metalloprotease;Protease;Reference proteome;Secreted;Signal;Zinc	795
WP_001037814	O85633	unreviewed	Escherichia coli	Cell inner membrane;Cell membrane;Membrane;Transmembrane;Transmembrane helix;Transport	675
WP_001037814	Q7DB70	unreviewed	Escherichia coli O157:H7	Cell inner membrane;Cell membrane;Membrane;Reference proteome;Transmembrane;Transmembrane helix;Transport	675
WP_001037821	O52139	unreviewed	Escherichia coli	Cell inner membrane;Cell membrane;Membrane;Transmembrane;Transmembrane helix;Transport	675
WP_001037821	B7UMA7	unreviewed	Escherichia coli O127:H6 (strain E2348/69 / EPEC)	3D-structure;Cell inner membrane;Cell membrane;Membrane;Reference proteome;Transmembrane;Transmembrane helix;Transport	675
WP_001039912	Q9KM65	reviewed	Vibrio cholerae serotype O1 (strain ATCC 39315 / El Tor Inaba N16961)	3D-structure;Acyltransferase;Aminotransferase;Pyridoxal phosphate;Reference proteome;Transferase	389
WP_001041586	Q8NX66	reviewed	Staphylococcus aureus (strain MW2)	3D-structure;Cell wall;Heme;Iron;Metal-binding;Peptidoglycan-anchor;Repeat;Secreted;Signal;Virulence	645
WP_001041586	Q2FHV2	reviewed	Staphylococcus aureus (strain USA300)	Cell wall;Heme;Iron;Metal-binding;Peptidoglycan-anchor;Reference proteome;Repeat;Secreted;Signal;Virulence	645
WP_001041586	A6QG30	reviewed	Staphylococcus aureus (strain Newman)	Cell wall;Heme;Iron;Metal-binding;Peptidoglycan-anchor;Repeat;Secreted;Signal;Virulence	645
WP_001041586	P0C7J5	reviewed	Staphylococcus aureus (strain USA300 / TCH1516)	Cell wall;Heme;Iron;Metal-binding;Peptidoglycan-anchor;Repeat;Secreted;Signal;Virulence	645
WP_001041586	Q2FZF0	reviewed	Staphylococcus aureus (strain NCTC 8325 / PS 47)	3D-structure;Cell wall;Heme;Iron;Metal-binding;Peptidoglycan-anchor;Reference proteome;Repeat;Secreted;Signal;Virulence	645
WP_001041586	Q5HGV5	reviewed	Staphylococcus aureus (strain COL)	Cell wall;Heme;Iron;Metal-binding;Peptidoglycan-anchor;Repeat;Secreted;Signal;Virulence	645
WP_001041793	Q8FK20	reviewed	Escherichia coli O6:H1 (strain CFT073 / ATCC 700928 / UPEC)	Cell inner membrane;Cell membrane;Membrane;Reference proteome;Transmembrane;Transmembrane helix;Transport	416
WP_001041793	Q1REX1	reviewed	Escherichia coli (strain UTI89 / UPEC)	Cell inner membrane;Cell membrane;Membrane;Transmembrane;Transmembrane helix;Transport	416
WP_001041793	A0A0H3EG24	unreviewed	Escherichia coli O83:H1 (strain NRG 857C / AIEC)	Cell inner membrane;Cell membrane;Membrane;Reference proteome;Transmembrane;Transmembrane helix;Transport	416
WP_001042179	Q54727	reviewed	Streptococcus pneumoniae serotype 4 (strain ATCC BAA-334 / TIGR4)	3D-structure;Glycosidase;Hydrolase;Reference proteome;Repeat;Signal	697
WP_001044050	O26095	unreviewed	Helicobacter pylori (strain ATCC 700392 / 26695) (Campylobacter pylori)	Reference proteome	90
WP_001045311	Q9KN52	unreviewed	Vibrio cholerae serotype O1 (strain ATCC 39315 / El Tor Inaba N16961)	Lipoprotein;Palmitate;Reference proteome;Signal	158
WP_001045946	Q9KT95	unreviewed	Vibrio cholerae serotype O1 (strain ATCC 39315 / El Tor Inaba N16961)	Cell projection;Cilium;Flagellum;Membrane;Reference proteome;Signal	294
WP_001047031.1	V5VES8	unreviewed	Acinetobacter baumannii	Reference proteome	158
WP_001047031.1	A0A7U4DG15	unreviewed	Acinetobacter baumannii (strain AB0057)	Reference proteome	158
WP_001047031.1	A0ABX6CEJ1	unreviewed	Acinetobacter baumannii (strain ATCC 19606 / DSM 30007 / JCM 6841 / CCUG 19606 / CIP 70.34 / NBRC 109757 / NCIMB 12457 / NCTC 12156 / 81)	Reference proteome	158
WP_001050360	A0A2P0HDM2	unreviewed	Bacillus anthracis (anthrax bacterium)	Reference proteome	145
WP_001050360	A0A6L8PGK9	unreviewed	Bacillus anthracis (anthrax bacterium)	Reference proteome	145
WP_001050992	O52138	unreviewed	Escherichia coli		117
WP_001050992	B7UMA8	unreviewed	Escherichia coli O127:H6 (strain E2348/69 / EPEC)	Reference proteome	117
WP_001050992	Q7DB69	unreviewed	Escherichia coli O157:H7	Reference proteome	117
WP_001053840	A0A2T3RJ08	unreviewed	Escherichia albertii	Protein transport;Reference proteome;Secreted;Transport;Virulence	73
WP_001053840	O05282	unreviewed	Escherichia coli	Dioxygenase;Isomerase;Oxidoreductase;Protein transport;Secreted;Transport;Virulence	73
WP_001053840	B7UM90	unreviewed	Escherichia coli O127:H6 (strain E2348/69 / EPEC)	Protein transport;Reference proteome;Secreted;Transport;Virulence	73
WP_001053840	Q7DB83	unreviewed	Escherichia coli O157:H7	Protein transport;Reference proteome;Secreted;Transport;Virulence	73
WP_001055728	Q7DB51	unreviewed	Escherichia coli O157:H7	3D-structure;Cytoplasm;DNA-binding;Reference proteome	123
WP_001056172	Q8NXJ1	reviewed	Staphylococcus aureus (strain MW2)	Cell wall;Peptidoglycan-anchor;Secreted;Signal;Virulence	946
WP_001060526	Q8NXX7	reviewed	Staphylococcus aureus (strain MW2)	Calcium;Cell wall;Peptidoglycan-anchor;Repeat;Secreted;Signal	955
WP_001062908	A0ABX6CAH9	unreviewed	Acinetobacter baumannii (strain ATCC 19606 / DSM 30007 / JCM 6841 / CCUG 19606 / CIP 70.34 / NBRC 109757 / NCIMB 12457 / NCTC 12156 / 81)	Carbohydrate metabolism;Galactose metabolism;Isomerase;NAD;Reference proteome	338
WP_001062956	Q7DB72	unreviewed	Escherichia coli O157:H7	Reference proteome	106
WP_001063678	Q47630	unreviewed	Escherichia coli		151
WP_001063678	B7UMB2	unreviewed	Escherichia coli O127:H6 (strain E2348/69 / EPEC)	Reference proteome	151
WP_001063681	O85635	unreviewed	Escherichia coli		151
WP_001063681	Q7DB65	unreviewed	Escherichia coli O157:H7	Reference proteome	151
WP_001064464	O25678	reviewed	Helicobacter pylori (strain ATCC 700392 / 26695) (Campylobacter pylori)	ATP-binding;Bacterial flagellum biogenesis;Nucleotide-binding;Reference proteome	294
WP_001066523.1	V5VEF2	unreviewed	Acinetobacter baumannii	Reference proteome	493
WP_001066523.1	A0A7U4DG00	unreviewed	Acinetobacter baumannii (strain AB0057)	Reference proteome	493
WP_001066523.1	A0ABX6CFC1	unreviewed	Acinetobacter baumannii (strain ATCC 19606 / DSM 30007 / JCM 6841 / CCUG 19606 / CIP 70.34 / NBRC 109757 / NCIMB 12457 / NCTC 12156 / 81)	Reference proteome	493
WP_001071606	Q99WU1	reviewed	Staphylococcus aureus (strain Mu50 / ATCC 700699)	Cytoplasm;Virulence	80
WP_001071606	Q7A7S1	reviewed	Staphylococcus aureus (strain N315)	Cytoplasm;Virulence	80
WP_001071606	A0A077VQA0	unreviewed	Staphylococcus schweitzeri	Cytoplasm;Reference proteome;Virulence	80
WP_001071606	Q7A1V3	reviewed	Staphylococcus aureus (strain MW2)	Cytoplasm;Virulence	80
WP_001071606	Q6GK26	reviewed	Staphylococcus aureus (strain MRSA252)	Cytoplasm;Virulence	80
WP_001071606	Q6GCI7	reviewed	Staphylococcus aureus (strain MSSA476)	Cytoplasm;Virulence	80
WP_001071606	A0A0H2XJU9	unreviewed	Staphylococcus aureus (strain USA300)	Cytoplasm;Reference proteome;Virulence	80
WP_001071606	P0C050	reviewed	Staphylococcus aureus (strain Newman)	Cytoplasm;Virulence	80
WP_001071606	Q5HJ88	reviewed	Staphylococcus aureus (strain COL)	Cytoplasm;Virulence	80
WP_001071606	A0A7U7JSG0	unreviewed	Staphylococcus argenteus	Cytoplasm;Reference proteome;Virulence	80
WP_001075036	O26103	reviewed	Helicobacter pylori (strain ATCC 700392 / 26695) (Campylobacter pylori)	Cobalt;Cytoplasm;Magnesium;Metal-binding;NAD;NADP;Oxidoreductase;Pyridoxine biosynthesis;Reference proteome;Zinc	307
WP_001080148	Q3Z5D1	unreviewed	Shigella sonnei (strain Ss046)	Lipoprotein;Palmitate;Reference proteome;Signal	174
WP_001087302	Q32C43	unreviewed	Shigella dysenteriae serotype 1 (strain Sd197)	Cell inner membrane;Cell membrane;Membrane;Methylation;Protein transport;Reference proteome;Transmembrane;Transmembrane helix;Transport	151
WP_001087735	Q3Z5E4	unreviewed	Shigella sonnei (strain Ss046)	Reference proteome	450
WP_001088826	A0A0H3GSA9	unreviewed	Klebsiella pneumoniae subsp. pneumoniae (strain HS11286)	Ligase;Reference proteome	525
WP_001088826	A0AAW3HF61	unreviewed	Enterobacter chengduensis	Ligase;Reference proteome	525
WP_001088826	Q3V7P9	unreviewed	Yersinia pseudotuberculosis serotype I (strain IP32953)	Ligase;Reference proteome	525
WP_001088826	A0A3G5L5I5	unreviewed	Yersinia pestis	Ligase;Reference proteome	525
WP_001088826	Q56950	unreviewed	Yersinia pestis	Ligase;Reference proteome	525
WP_001089097	Q8NX99	reviewed	Staphylococcus aureus (strain MW2)	Hydrolase;Protease;Secreted;Signal;Thiol protease;Virulence;Zymogen	393
WP_001089097	Q6GAG5	reviewed	Staphylococcus aureus (strain MSSA476)	Hydrolase;Protease;Secreted;Signal;Thiol protease;Virulence;Zymogen	393
WP_001089704	Q9KN53	unreviewed	Vibrio cholerae serotype O1 (strain ATCC 39315 / El Tor Inaba N16961)	Reference proteome	495
WP_001091835	O25612	unreviewed	Helicobacter pylori (strain ATCC 700392 / 26695) (Campylobacter pylori)	Coiled coil;Reference proteome	254
WP_001091991	Q5WMC2	unreviewed	Escherichia coli		321
WP_001091991	Q05129	reviewed	Escherichia coli O127:H6 (strain E2348/69 / EPEC)	Host membrane;Membrane;Reference proteome;Secreted;Transmembrane;Transmembrane helix;Virulence	321
WP_001092000	Q8XC86	unreviewed	Escherichia coli O157:H7	Reference proteome	312
WP_001093064	O87185	unreviewed	Streptococcus agalactiae	Cell membrane;Membrane;Transmembrane;Transmembrane helix	466
WP_001095619	A0A0H2VEG2	unreviewed	Escherichia coli O6:H1 (strain CFT073 / ATCC 700928 / UPEC)	4Fe-4S;Iron;Iron-sulfur;Metal-binding;Reference proteome;S-adenosyl-L-methionine	445
WP_001099471	Q09067	reviewed	Helicobacter pylori (strain ATCC 700392 / 26695) (Campylobacter pylori)	3D-structure;Chaperone;Cytoplasm;Nickel insertion;Reference proteome;Virulence	265
WP_001112089.1	A0ABX6CCE4	unreviewed	Acinetobacter baumannii (strain ATCC 19606 / DSM 30007 / JCM 6841 / CCUG 19606 / CIP 70.34 / NBRC 109757 / NCIMB 12457 / NCTC 12156 / 81)	Calcium;Cell inner membrane;Cell membrane;Membrane;Metal-binding;Protein transport;Reference proteome;Transmembrane;Transmembrane helix;Transport	401
WP_001113715	Q3Z5D0	unreviewed	Shigella sonnei (strain Ss046)	Reference proteome	426
WP_001119042.1	A0A0D5YK36	unreviewed	Acinetobacter baumannii	Coiled coil;Reference proteome	167
WP_001119042.1	R9RIN9	unreviewed	Acinetobacter baumannii	Coiled coil	167
WP_001119042.1	A0A7U3Y5I2	unreviewed	Acinetobacter baumannii (strain AB0057)	Coiled coil;Reference proteome	167
WP_001119042.1	A0ABX6CEJ2	unreviewed	Acinetobacter baumannii (strain ATCC 19606 / DSM 30007 / JCM 6841 / CCUG 19606 / CIP 70.34 / NBRC 109757 / NCIMB 12457 / NCTC 12156 / 81)	Coiled coil;Reference proteome	167
WP_001122154	Q9KUV7	unreviewed	Vibrio cholerae serotype O1 (strain ATCC 39315 / El Tor Inaba N16961)	3D-structure;ATP-binding;Nucleotide-binding;Reference proteome	575
WP_001129786	A0AAU8WEU5	unreviewed	Vibrio tarriae	Bacterial flagellum;Cell membrane;Cell projection;Chemotaxis;Cilium;Flagellar rotation;Flagellum;Membrane;Reference proteome	136
WP_001129786	A0A366ANM4	unreviewed	Vibrio paracholerae	Bacterial flagellum;Cell membrane;Cell projection;Chemotaxis;Cilium;Flagellar rotation;Flagellum;Membrane;Reference proteome	136
WP_001130227	Q9KUG4	reviewed	Vibrio cholerae serotype O1 (strain ATCC 39315 / El Tor Inaba N16961)	Autoinducer synthesis;Iron;Lyase;Metal-binding;Quorum sensing;Reference proteome	172
WP_001130227	A5F9A3	reviewed	Vibrio cholerae serotype O1 (strain ATCC 39541 / Classical Ogawa 395 / O395)	Autoinducer synthesis;Iron;Lyase;Metal-binding;Quorum sensing	172
WP_001130227	C3LS47	reviewed	Vibrio cholerae serotype O1 (strain M66-2)	Autoinducer synthesis;Iron;Lyase;Metal-binding;Quorum sensing	172
WP_001130227	A0A085QVK5	unreviewed	Vibrio cholerae	Autoinducer synthesis;Iron;Lyase;Metal-binding;Quorum sensing	172
WP_001131063	Q8X6I4	reviewed	Escherichia coli O157:H7	Fimbrium biogenesis;Reference proteome;Signal;Transport	841
WP_001131658	Q8X509	unreviewed	Escherichia coli O157:H7	3D-structure;Reference proteome	191
WP_001131659	Q8X4X1	unreviewed	Escherichia coli O157:H7	Reference proteome	191
WP_001132157	Q8X4W3	unreviewed	Escherichia coli O157:H7	Reference proteome	196
WP_001142178	O25537	reviewed	Helicobacter pylori (strain ATCC 700392 / 26695) (Campylobacter pylori)	Glycosyltransferase;Lipid A biosynthesis;Lipid biosynthesis;Lipid metabolism;Reference proteome;Transferase	360
WP_001142502	Q9AHD2	reviewed	Streptococcus pneumoniae serotype 4 (strain ATCC BAA-334 / TIGR4)	ATP-binding;Capsule biogenesis/degradation;Exopolysaccharide synthesis;Kinase;Nucleotide-binding;Phosphoprotein;Reference proteome;Transferase;Tyrosine-protein kinase	227
WP_001142947	A0ABR4RY25	unreviewed	Vibrio metoecus	Reference proteome	172
WP_001142947	A0AAU8WGZ3	unreviewed	Vibrio tarriae	Reference proteome	172
WP_001142947	H9L4Q3	unreviewed	Vibrio cholerae serotype O1 (strain ATCC 39315 / El Tor Inaba N16961)	Reference proteome	172
WP_001142947	A0AAX1QWL1	unreviewed	Vibrio paracholerae	Reference proteome	172
WP_001142947	P72350	unreviewed	Vibrio cholerae	3D-structure	172
WP_001142968	Q3Z5C3	unreviewed	Shigella sonnei (strain Ss046)	Reference proteome	172
WP_001143784	Q8X4X3	unreviewed	Escherichia coli O157:H7	3D-structure;Reference proteome	213
WP_001143808	Q8X507	unreviewed	Escherichia coli O157:H7	Reference proteome	213
WP_001144077	Q8X9A7	unreviewed	Escherichia coli O157:H7	Reference proteome	216
WP_001144877	Q8X4Q6	unreviewed	Escherichia coli O157:H7	Reference proteome	196
WP_001147918	Q1CR49	reviewed	Helicobacter pylori (strain HPAG1)	Bacterial flagellum	109
WP_001147918	B2UVX4	reviewed	Helicobacter pylori (strain Shi470)	Bacterial flagellum	109
WP_001147918	P67708	reviewed	Helicobacter pylori (strain ATCC 700392 / 26695) (Campylobacter pylori)	Bacterial flagellum;Reference proteome	109
WP_001147918	P67709	reviewed	Helicobacter pylori (strain J99 / ATCC 700824) (Campylobacter pylori J99)	Bacterial flagellum	109
WP_001150629	O25674	unreviewed	Helicobacter pylori (strain ATCC 700392 / 26695) (Campylobacter pylori)	3D-structure;Cell membrane;Chemotaxis;Flagellar rotation;Membrane;Reference proteome	287
WP_001158204	Q57382	unreviewed	Escherichia coli	Cell inner membrane;Cell membrane;Hydrolase;Membrane;Methyltransferase;Multifunctional enzyme;Plasmid;Protease;Transferase;Transmembrane;Transmembrane helix	249
WP_001158204	B7UTD9	unreviewed	Escherichia coli O127:H6 (strain E2348/69 / EPEC)	Cell inner membrane;Cell membrane;Hydrolase;Membrane;Methyltransferase;Multifunctional enzyme;Plasmid;Protease;Reference proteome;Transferase;Transmembrane;Transmembrane helix	249
WP_001159427	Q8NUI7	reviewed	Staphylococcus aureus (strain MW2)	Cell membrane;Glycosyltransferase;Membrane;Transferase;Transmembrane;Transmembrane helix	412
WP_001159427	Q6G608	reviewed	Staphylococcus aureus (strain MSSA476)	Cell membrane;Glycosyltransferase;Membrane;Transferase;Transmembrane;Transmembrane helix	412
WP_001160337.1	A0A0D5YLW3	unreviewed	Acinetobacter baumannii	Kinase;Membrane;Phosphoprotein;Reference proteome;Transferase;Transmembrane;Transmembrane helix	522
WP_001160337.1	B4YSY0	unreviewed	Acinetobacter baumannii	Kinase;Membrane;Phosphoprotein;Transferase;Transmembrane;Transmembrane helix	522
WP_001160337.1	A0A7U3Y461	unreviewed	Acinetobacter baumannii (strain AB0057)	Kinase;Membrane;Phosphoprotein;Reference proteome;Transferase;Transmembrane;Transmembrane helix	522
WP_001161829	A0A0H2Z2G4	unreviewed	Escherichia coli O1:K1 / APEC	Reference proteome	401
WP_001161829	Q4FBB5	unreviewed	Escherichia coli		401
WP_001161829	B7MN88	unreviewed	Escherichia coli O45:K1 (strain S88 / ExPEC)	Reference proteome	401
WP_001165095	N0A5H4	unreviewed	Acinetobacter baumannii	NAD;Oxidoreductase	424
WP_001165990	N0ABB1	unreviewed	Acinetobacter baumannii	Hydrolase;Protein phosphatase	142
WP_001169234	O26010	reviewed	Helicobacter pylori (strain ATCC 700392 / 26695) (Campylobacter pylori)	3D-structure;ATP-binding;Coenzyme A biosynthesis;Cytoplasm;Magnesium;Nucleotide-binding;Nucleotidyltransferase;Reference proteome;Transferase	157
WP_001173022	H9L4S5	unreviewed	Vibrio cholerae serotype O1 (strain ATCC 39315 / El Tor Inaba N16961)	Reference proteome;Signal	215
WP_001173022	Q57345	unreviewed	Vibrio cholerae	Signal	215
WP_001173470	Q32C44	unreviewed	Shigella dysenteriae serotype 1 (strain Sd197)	Calcium;Cell inner membrane;Cell membrane;Membrane;Metal-binding;Protein transport;Reference proteome;Transmembrane;Transmembrane helix;Transport	399
WP_001174195	O25788	reviewed	Helicobacter pylori (strain ATCC 700392 / 26695) (Campylobacter pylori)	Cell inner membrane;Cell membrane;Membrane;Reference proteome;Sugar transport;Transmembrane;Transmembrane helix;Transport	407
WP_001175206	X2FGE5	unreviewed	Acinetobacter baumannii	Nucleotidyltransferase;Transferase	230
WP_001176374	B2ZA54	unreviewed	Vibrio cholerae O1	Membrane;Transmembrane;Transmembrane helix	224
WP_001176374	Q60153	reviewed	Vibrio cholerae serotype O1 (strain ATCC 39315 / El Tor Inaba N16961)	3D-structure;Disulfide bond;Fimbrium;Membrane;Methylation;Reference proteome;Transmembrane;Transmembrane helix	224
WP_001176374	Q7BGC8	unreviewed	Vibrio cholerae	Membrane;Transmembrane;Transmembrane helix	224
WP_001178477.1	A0ABX6CC44	unreviewed	Acinetobacter baumannii (strain ATCC 19606 / DSM 30007 / JCM 6841 / CCUG 19606 / CIP 70.34 / NBRC 109757 / NCIMB 12457 / NCTC 12156 / 81)	Reference proteome	948
WP_001179202	O25724	unreviewed	Helicobacter pylori (strain ATCC 700392 / 26695) (Campylobacter pylori)	Bacterial flagellum;Cell projection;Cilium;Flagellum;Reference proteome	269
WP_001182097	Q9KQ12	unreviewed	Vibrio cholerae serotype O1 (strain ATCC 39315 / El Tor Inaba N16961)	Bacterial flagellum;Cell projection;Cilium;Flagellum;Reference proteome	262
WP_001183608	Q0H037	unreviewed	Escherichia coli	Plasmid	331
WP_001183608	B7UTD8	unreviewed	Escherichia coli O127:H6 (strain E2348/69 / EPEC)	Plasmid;Reference proteome	331
WP_001187445	Q9KTG3	unreviewed	Vibrio cholerae serotype O1 (strain ATCC 39315 / El Tor Inaba N16961)	Membrane;Reference proteome;Transmembrane;Transmembrane helix	144
WP_001190395.1	A0A0D7RSA1	unreviewed	Acinetobacter baumannii	Reference proteome	332
WP_001190986	Q9KQ66	unreviewed	Vibrio cholerae serotype O1 (strain ATCC 39315 / El Tor Inaba N16961)	ATP-binding;DNA-binding;Nucleotide-binding;Reference proteome;Transcription;Transcription regulation	488
WP_001190986	A0A0H3AM86	unreviewed	Vibrio cholerae serotype O1 (strain ATCC 39541 / Classical Ogawa 395 / O395)	3D-structure;ATP-binding;Cell projection;Cilium;DNA-binding;Flagellum;Nucleotide-binding;Transcription;Transcription regulation	488
WP_001193768	Q9AHC7	unreviewed	Streptococcus pneumoniae	Membrane;Transmembrane;Transmembrane helix	466
WP_001193768	A0A0H2UNF7	unreviewed	Streptococcus pneumoniae serotype 4 (strain ATCC BAA-334 / TIGR4)	Membrane;Reference proteome;Transmembrane;Transmembrane helix	466
WP_001196426.1	A0A059ZUS1	unreviewed	Acinetobacter baumannii	Cell outer membrane;Membrane;Protein transport;Reference proteome;Signal;Transmembrane;Transmembrane beta strand;Transport	758
WP_001196426.1	A0A7U3Y4C9	unreviewed	Acinetobacter baumannii (strain AB0057)	Cell outer membrane;Membrane;Protein transport;Reference proteome;Signal;Transmembrane;Transmembrane beta strand;Transport	758
WP_001199081	O25448	unreviewed	Helicobacter pylori (strain ATCC 700392 / 26695) (Campylobacter pylori)	3D-structure;Bacterial flagellum biogenesis;Cell projection;Chaperone;Cilium;Cytoplasm;Flagellum;Reference proteome	126
WP_001201399	O25093	reviewed	Helicobacter pylori (strain ATCC 700392 / 26695) (Campylobacter pylori)	Hydrolase;Magnesium;Metal-binding;Multifunctional enzyme;Nucleotidyltransferase;Reference proteome;Transferase	517
WP_001201881	P45781	reviewed	Vibrio cholerae serotype O1 (strain ATCC 39315 / El Tor Inaba N16961)	Cell inner membrane;Cell membrane;Membrane;Protein transport;Reference proteome;Transmembrane;Transmembrane helix;Transport	336
WP_001210849	O26102	reviewed	Helicobacter pylori (strain ATCC 700392 / 26695) (Campylobacter pylori)	Cytoplasm;Pyridoxine biosynthesis;Reference proteome;Transferase	262
WP_001210944	Q76N64	unreviewed	Salmonella enterica subsp. enterica serovar Paratyphi C		179
WP_001210944	Q04971	reviewed	Salmonella typhi	Reference proteome	179
WP_001211290	P0C6E9	reviewed	Vibrio cholerae serotype O1 (strain ATCC 39315 / El Tor Inaba N16961)	3D-structure;Calcium;Glycosidase;Hydrolase;Reference proteome;Repeat;Secreted;Signal	781
WP_001211290	A5F7A4	reviewed	Vibrio cholerae serotype O1 (strain ATCC 39541 / Classical Ogawa 395 / O395)	Calcium;Direct protein sequencing;Glycosidase;Hydrolase;Repeat;Secreted;Signal	781
WP_001214990	A0AAU8WSS0	unreviewed	Vibrio tarriae	Bacterial flagellum biogenesis;Cell projection;Chaperone;Cilium;Cytoplasm;Flagellum;Reference proteome	136
WP_001214990	Q9KQ65	reviewed	Vibrio cholerae serotype O1 (strain ATCC 39315 / El Tor Inaba N16961)	Bacterial flagellum biogenesis;Chaperone;Cytoplasm;Reference proteome	136
WP_001216023	Q6V4K6	unreviewed	Escherichia coli	Coiled coil;Plasmid	412
WP_001220199	Q99UX1	reviewed	Staphylococcus aureus (strain Mu50 / ATCC 700699)	Cell membrane;Heme;Iron;Lipoprotein;Membrane;Metal-binding;Palmitate;Signal;Transport	292
WP_001220199	Q7A652	reviewed	Staphylococcus aureus (strain N315)	3D-structure;Cell membrane;Heme;Iron;Lipoprotein;Membrane;Metal-binding;Palmitate;Signal;Transport	292
WP_001220199	Q7A150	reviewed	Staphylococcus aureus (strain MW2)	Cell membrane;Heme;Iron;Lipoprotein;Membrane;Metal-binding;Palmitate;Signal;Transport	292
WP_001220199	Q6GA82	reviewed	Staphylococcus aureus (strain MSSA476)	Cell membrane;Heme;Iron;Lipoprotein;Membrane;Metal-binding;Palmitate;Signal;Transport	292
WP_001220199	Q2FHU8	reviewed	Staphylococcus aureus (strain USA300)	Cell membrane;Heme;Iron;Lipoprotein;Membrane;Metal-binding;Palmitate;Reference proteome;Signal;Transport	292
WP_001220199	A7X153	reviewed	Staphylococcus aureus (strain Mu3 / ATCC 700698)	Cell membrane;Heme;Iron;Lipoprotein;Membrane;Metal-binding;Palmitate;Signal;Transport	292
WP_001220199	A6QG34	reviewed	Staphylococcus aureus (strain Newman)	Cell membrane;Heme;Iron;Lipoprotein;Membrane;Metal-binding;Palmitate;Signal;Transport	292
WP_001220199	Q2FZE6	reviewed	Staphylococcus aureus (strain NCTC 8325 / PS 47)	Cell membrane;Heme;Iron;Lipoprotein;Membrane;Metal-binding;Palmitate;Reference proteome;Signal;Transport	292
WP_001220199	Q5HGV1	reviewed	Staphylococcus aureus (strain COL)	Cell membrane;Heme;Iron;Lipoprotein;Membrane;Metal-binding;Palmitate;Signal;Transport	292
WP_001221122	A0A0H2V630	reviewed	Escherichia coli O6:H1 (strain CFT073 / ATCC 700928 / UPEC)	Cytoplasm;Enterobactin biosynthesis;Glycosyltransferase;Reference proteome;Transferase	371
WP_001222189	A0A0H2V663	unreviewed	Escherichia coli O6:H1 (strain CFT073 / ATCC 700928 / UPEC)	Cell outer membrane;Ion transport;Iron;Iron transport;Membrane;Receptor;Reference proteome;Signal;TonB box;Transmembrane;Transmembrane beta strand;Transport	725
WP_001222189	Q9RQ19	unreviewed	Escherichia coli	Cell outer membrane;Ion transport;Iron;Iron transport;Membrane;Receptor;Signal;TonB box;Transmembrane;Transmembrane beta strand;Transport	725
WP_001225025	Q9RL71	unreviewed	Staphylococcus aureus	Hydrolase;Metal-binding;Metalloprotease;Protease;Secreted;Signal;Zinc;Zymogen	509
WP_001225051	Q9KQ14	reviewed	Vibrio cholerae serotype O1 (strain ATCC 39315 / El Tor Inaba N16961)	Bacterial flagellum;Periplasm;Reference proteome;Signal	361
WP_001225051	A5F677	reviewed	Vibrio cholerae serotype O1 (strain ATCC 39541 / Classical Ogawa 395 / O395)	Bacterial flagellum;Periplasm;Signal	361
WP_001225051	C3LPJ7	reviewed	Vibrio cholerae serotype O1 (strain M66-2)	Bacterial flagellum;Periplasm;Signal	361
WP_001227124	Q9KUV9	unreviewed	Vibrio cholerae serotype O1 (strain ATCC 39315 / El Tor Inaba N16961)	Cell outer membrane;Lipoprotein;Membrane;Palmitate;Reference proteome;Signal;Transport	559
WP_001228179	Q9KQ77	unreviewed	Vibrio cholerae serotype O1 (strain ATCC 39315 / El Tor Inaba N16961)	Bacterial flagellum;Cell membrane;Cell projection;Cilium;Flagellum;Membrane;Reference proteome;Transmembrane;Transmembrane helix	129
WP_001233990	B9UPU6	unreviewed	Streptococcus agalactiae	Membrane;Secreted;Signal;Transmembrane;Transmembrane helix	901
WP_001234004	P23476	reviewed	Vibrio cholerae serotype O1 (strain ATCC 39315 / El Tor Inaba N16961)	3D-structure;Reference proteome	430
WP_001234004	Q7BGC7	unreviewed	Vibrio cholerae		430
WP_001234311	P0AEL7	reviewed	Escherichia coli O6:H1 (strain CFT073 / ATCC 700928 / UPEC)	Ion transport;Iron;Iron transport;Periplasm;Reference proteome;Signal;Transport	318
WP_001234311	A0A0H2YXH1	unreviewed	Escherichia coli O1:K1 / APEC	Ion transport;Iron;Iron transport;Periplasm;Reference proteome;Signal;Transport	318
WP_001234311	B7MF04	unreviewed	Escherichia coli O45:K1 (strain S88 / ExPEC)	Ion transport;Iron;Iron transport;Periplasm;Reference proteome;Signal;Transport	318
WP_001234311	P0AEL6	reviewed	Escherichia coli (strain K12)	3D-structure;Ion transport;Iron;Iron transport;Periplasm;Reference proteome;Signal;Transport	318
WP_001239363	A0A0H2VDH0	unreviewed	Escherichia coli O6:H1 (strain CFT073 / ATCC 700928 / UPEC)	Reference proteome;Signal	195
WP_001239363	Q8VR36	unreviewed	Escherichia coli	Signal	195
WP_001240533	Q3Z5D8	unreviewed	Shigella sonnei (strain Ss046)	Reference proteome	470
WP_001240826	Q99WU4	reviewed	Staphylococcus aureus (strain Mu50 / ATCC 700699)	Coiled coil;Secreted;Virulence	97
WP_001240826	Q7A7S4	reviewed	Staphylococcus aureus (strain N315)	Coiled coil;Secreted;Virulence	97
WP_001240826	W8TSE3	unreviewed	Staphylococcus schweitzeri	Coiled coil;Reference proteome	97
WP_001240826	Q7A1V4	reviewed	Staphylococcus aureus (strain MW2)	Coiled coil;Secreted;Virulence	97
WP_001240826	Q6GK29	reviewed	Staphylococcus aureus (strain MRSA252)	Coiled coil;Secreted;Virulence	97
WP_001240826	Q6GCJ0	reviewed	Staphylococcus aureus (strain MSSA476)	Coiled coil;Secreted;Virulence	97
WP_001240826	A0A0H2XI99	reviewed	Staphylococcus aureus (strain USA300)	Coiled coil;Reference proteome;Secreted;Virulence	97
WP_001240826	P0C046	reviewed	Staphylococcus aureus (strain Newman)	Coiled coil;Secreted;Virulence	97
WP_001240826	Q2G189	reviewed	Staphylococcus aureus (strain NCTC 8325 / PS 47)	3D-structure;Reference proteome;Secreted;Virulence	97
WP_001240826	Q5HJ91	reviewed	Staphylococcus aureus (strain COL)	Coiled coil;Secreted;Virulence	97
WP_001240826	A0A7U7PX88	unreviewed	Staphylococcus argenteus	Coiled coil;Reference proteome	97
WP_001242429	A0A0H2XI76	unreviewed	Staphylococcus aureus (strain USA300)	3D-structure;Hydrolase;Reference proteome	244
WP_001242429	Q2FZE3	reviewed	Staphylococcus aureus (strain NCTC 8325 / PS 47)	3D-structure;Cell membrane;Hydrolase;Membrane;Reference proteome;Transmembrane;Transmembrane helix	244
WP_001244821	O87737	unreviewed	Escherichia coli	Signal	176
WP_001244821	B7UQV7	unreviewed	Escherichia coli O127:H6 (strain E2348/69 / EPEC)	Reference proteome;Signal	176
WP_001245988	A7ZRX8	unreviewed	Escherichia coli O139:H28 (strain E24377A / ETEC)	Reference proteome;Signal	362
WP_001246698	A0A0H2XI86	unreviewed	Staphylococcus aureus (strain USA300)	Membrane;Reference proteome;Transmembrane;Transmembrane helix	358
WP_001246698	Q2FZE7	unreviewed	Staphylococcus aureus (strain NCTC 8325 / PS 47)	Membrane;Reference proteome;Transmembrane;Transmembrane helix	358
WP_001247931	B7UNX6	unreviewed	Escherichia coli O127:H6 (strain E2348/69 / EPEC)	Reference proteome	232
WP_001250565	A0A0J1I1I3	reviewed	Bacillus anthracis	Phosphopantetheine;Phosphoprotein;Reference proteome	91
WP_001250565	A0A6L7HC94	unreviewed	Bacillus anthracis (anthrax bacterium)	Phosphopantetheine;Reference proteome	91
WP_001251948	P0C6C7	reviewed	Vibrio cholerae serotype O1 (strain ATCC 39315 / El Tor Inaba N16961)	Bacterial flagellum;Coiled coil;Reference proteome;Secreted	378
WP_001251948	A5F6A9	reviewed	Vibrio cholerae serotype O1 (strain ATCC 39541 / Classical Ogawa 395 / O395)	Bacterial flagellum;Coiled coil;Secreted	378
WP_001253006	A0A6H3ADE0	unreviewed	Bacillus anthracis (anthrax bacterium)	Hydrolase;Lipoprotein;Metal-binding;Metalloprotease;Palmitate;Protease;Reference proteome;Secreted;Signal;Zinc	799
WP_001253006	A0AAC8N5L7	unreviewed	Bacillus anthracis (anthrax bacterium)	Hydrolase;Lipoprotein;Metal-binding;Metalloprotease;Palmitate;Protease;Reference proteome;Secreted;Signal;Zinc	799
WP_001259305	A0A0H2Z2X4	unreviewed	Escherichia coli O1:K1 / APEC	Nucleotidyltransferase;Reference proteome;Transferase	418
WP_001259305	B7MN91	unreviewed	Escherichia coli O45:K1 (strain S88 / ExPEC)	Nucleotidyltransferase;Reference proteome;Transferase	418
WP_001261182	Q47067	unreviewed	Escherichia coli	Lipoprotein;Plasmid;Signal	133
WP_001261182	B7UTD2	unreviewed	Escherichia coli O127:H6 (strain E2348/69 / EPEC)	3D-structure;Lipoprotein;Plasmid;Reference proteome;Signal	133
WP_001262893	O06758	reviewed	Helicobacter pylori (strain ATCC 700392 / 26695) (Campylobacter pylori)	3D-structure;Bacterial flagellum biogenesis;Bacterial flagellum protein export;Cell membrane;Membrane;Protein transport;Reference proteome;Transmembrane;Transmembrane helix;Transport	733
WP_001264338	Q9AHC9	unreviewed	Streptococcus pneumoniae		358
WP_001264338	A0A0H2UNE9	unreviewed	Streptococcus pneumoniae serotype 4 (strain ATCC BAA-334 / TIGR4)	Reference proteome	358
WP_001265657	Q8X4N4	reviewed	Escherichia coli O157:H7	Fimbrium;Receptor;Reference proteome;Signal	547
WP_001266636	O25068	unreviewed	Helicobacter pylori (strain ATCC 700392 / 26695) (Campylobacter pylori)	Cell projection;Cilium;Flagellum;Reference proteome;Virulence	828
WP_001269573	Q93TT2	unreviewed	Vibrio cholerae	Signal	338
WP_001270084	Q8X5T9	unreviewed	Escherichia coli O157:H7	Reference proteome	430
WP_001273445	O69411	unreviewed	Escherichia coli		351
WP_001273445	Q7DB79	unreviewed	Escherichia coli O157:H7	Reference proteome	351
WP_001273446	O52149	unreviewed	Escherichia coli	3D-structure	351
WP_001273446	B7UM95	unreviewed	Escherichia coli O127:H6 (strain E2348/69 / EPEC)	Reference proteome	351
WP_001284199	Q3Z5E5	unreviewed	Shigella sonnei (strain Ss046)	Reference proteome	160
WP_001284199	A7ZHV6	unreviewed	Escherichia coli O139:H28 (strain E24377A / ETEC)	Reference proteome	160
WP_001286280	A0A0H3GQF4	unreviewed	Klebsiella pneumoniae subsp. pneumoniae (strain HS11286)	Cell membrane;Membrane;Reference proteome;Transmembrane;Transmembrane helix;Transport	426
WP_001286280	A0AAW3HF40	unreviewed	Enterobacter chengduensis	Cell membrane;Membrane;Reference proteome;Transmembrane;Transmembrane helix;Transport	426
WP_001286280	Q66C15	unreviewed	Yersinia pseudotuberculosis serotype I (strain IP32953)	Cell membrane;Membrane;Reference proteome;Transmembrane;Transmembrane helix;Transport	426
WP_001286280	A0A380PD93	unreviewed	Yersinia pestis	Cell membrane;Membrane;Reference proteome;Transmembrane;Transmembrane helix;Transport	426
WP_001287497	A0A0H2VAU3	unreviewed	Escherichia coli O6:H1 (strain CFT073 / ATCC 700928 / UPEC)	Cytoplasm;Reference proteome;Transferase	315
WP_001287497	B7LBU9	unreviewed	Escherichia coli (strain 55989 / EAEC)	Cytoplasm;Reference proteome;Transferase	315
WP_001289222	A0ABZ3NN52	unreviewed	Salmonella typhi		571
WP_001289222	Q9LBE1	unreviewed	Salmonella typhi	Reference proteome	571
WP_001291693	O52130	unreviewed	Escherichia coli	Cell membrane;Membrane;Transmembrane;Transmembrane helix	345
WP_001291693	B7UMB8	unreviewed	Escherichia coli O127:H6 (strain E2348/69 / EPEC)	Cell membrane;Membrane;Reference proteome;Transmembrane;Transmembrane helix	345
WP_001291694	O85640	unreviewed	Escherichia coli	Cell membrane;Membrane;Transmembrane;Transmembrane helix	345
WP_001291694	Q7DB59	unreviewed	Escherichia coli O157:H7	Cell membrane;Membrane;Reference proteome;Transmembrane;Transmembrane helix	345
WP_001298062	A0A0H2VAG1	unreviewed	Escherichia coli O6:H1 (strain CFT073 / ATCC 700928 / UPEC)	DNA-binding;Reference proteome;Transcription;Transcription regulation	183
WP_001299599	O85642	unreviewed	Escherichia coli	Cell membrane;Membrane;Transmembrane;Transmembrane helix	217
WP_001299599	B7UMC1	unreviewed	Escherichia coli O127:H6 (strain E2348/69 / EPEC)	Cell membrane;Membrane;Reference proteome;Transmembrane;Transmembrane helix	217
WP_001299599	Q7DB56	unreviewed	Escherichia coli O157:H7	Cell membrane;Membrane;Reference proteome;Transmembrane;Transmembrane helix	217
WP_001301454	B5YWI0	reviewed	Escherichia coli O157:H7 (strain EC4115 / EHEC)	Host cell membrane;Host membrane;Membrane;Phosphoprotein;Receptor;Secreted;Transmembrane;Transmembrane helix;Virulence	558
WP_001301454	C6UYL8	reviewed	Escherichia coli O157:H7 (strain TW14359 / EHEC)	3D-structure;Host cell membrane;Host membrane;Membrane;Phosphoprotein;Receptor;Secreted;Transmembrane;Transmembrane helix;Virulence	558
WP_001301454	P0DJ92	reviewed	Escherichia coli	Host cell membrane;Host membrane;Membrane;Phosphoprotein;Receptor;Secreted;Transmembrane;Transmembrane helix;Virulence	558
WP_001301454	Q7DB77	reviewed	Escherichia coli O157:H7	3D-structure;Host cell membrane;Host membrane;Membrane;Phosphoprotein;Receptor;Reference proteome;Secreted;Transmembrane;Transmembrane helix;Virulence	558
WP_001301460	Q7DB50	unreviewed	Escherichia coli O157:H7	3D-structure;Reference proteome	381
WP_001301550	Q8X6I6	reviewed	Escherichia coli O157:H7	Chaperone;Fimbrium biogenesis;Reference proteome;Signal	236
WP_001301632	Q7DB53	unreviewed	Escherichia coli O157:H7	Reference proteome	104
WP_001301665	Q8X9A5	unreviewed	Escherichia coli O157:H7	Reference proteome	352
WP_001302249	O85629	unreviewed	Escherichia coli		168
WP_001302249	Q7DB74	unreviewed	Escherichia coli O157:H7	Reference proteome	168
WP_001302516	Q8X5N7	unreviewed	Escherichia coli O157:H7	Periplasm;Reference proteome;Signal;Transport	304
WP_001302733	Q7DB67	unreviewed	Escherichia coli O157:H7	Reference proteome	125
WP_001303944	Q8XAN6	reviewed	Escherichia coli O157:H7	3D-structure;Host cytoplasm;Reference proteome;Secreted;Transferase;Ubl conjugation pathway;Virulence	215
WP_001304001	Q8XA11	unreviewed	Escherichia coli O157:H7	Reference proteome	250
WP_001312167	A0A0H3EQ64	unreviewed	Escherichia coli O83:H1 (strain NRG 857C / AIEC)	Periplasm;Reference proteome;Signal;Transport	304
WP_001327262	A0A0H3GV18	unreviewed	Klebsiella pneumoniae subsp. pneumoniae (strain HS11286)	ATP-binding;Cell inner membrane;Cell membrane;Lipoprotein;Membrane;Nucleotide-binding;Reference proteome;Transmembrane;Transmembrane helix;Transport	570
WP_001327262	A0AAW3HEI8	unreviewed	Enterobacter chengduensis	ATP-binding;Cell membrane;Membrane;Nucleotide-binding;Reference proteome;Transmembrane;Transmembrane helix;Transport	570
WP_001327262	A8AF00	unreviewed	Citrobacter koseri (strain ATCC BAA-895 / CDC 4225-83 / SGSC4696)	ATP-binding;Cell inner membrane;Cell membrane;Membrane;Nucleotide-binding;Reference proteome;Transmembrane;Transmembrane helix;Transport	570
WP_001331697	A0A0H2Z2N3	unreviewed	Escherichia coli O1:K1 / APEC	Reference proteome;Signal	558
WP_001331697	Q03961	reviewed	Escherichia coli	Capsule biogenesis/degradation;Direct protein sequencing;Periplasm;Signal;Transport	558
WP_001331697	Q4FBB8	unreviewed	Escherichia coli	Signal	558
WP_001331697	A0A0H3EL96	unreviewed	Escherichia coli O83:H1 (strain NRG 857C / AIEC)	Reference proteome;Signal	558
WP_001358886	Q0E884	unreviewed	Escherichia coli	Hydrolase;Metal-binding;Metalloprotease;Plasmid;Protease;Zinc	898
WP_001358886	O82882	reviewed	Escherichia coli O157:H7	3D-structure;Hydrolase;Metal-binding;Metalloprotease;Plasmid;Protease;Reference proteome;Secreted;Signal;Virulence;Zinc	898
WP_001359418	D3QW22	reviewed	Escherichia coli O55:H7 (strain CB9615 / EPEC)	Host cell membrane;Host membrane;Membrane;Phosphoprotein;Receptor;Secreted;Transmembrane;Transmembrane helix;Virulence	556
WP_001443810	Q8X4X2	unreviewed	Escherichia coli O157:H7	Reference proteome	209
WP_001445604	A8KI85	unreviewed	Escherichia coli	DNA-binding;Transcription;Transcription regulation	183
WP_001449026	Q7DBL3	unreviewed	Escherichia coli O157:H7	Periplasm;Reference proteome;Signal;Transport	252
WP_001626196	Q32AY3	reviewed	Shigella dysenteriae serotype 1 (strain Sd197)	ATP-binding;Cell inner membrane;Cell membrane;Membrane;Nucleotide-binding;Reference proteome;Translocase;Transport	256
WP_001863356	O25269	unreviewed	Helicobacter pylori (strain ATCC 700392 / 26695) (Campylobacter pylori)	Membrane;Reference proteome;Transmembrane;Transmembrane helix	114
WP_001868236	B8RD33	unreviewed	Streptococcus agalactiae	Membrane;Secreted;Signal;Transmembrane;Transmembrane helix	890
WP_001868236	Q8E0S5	unreviewed	Streptococcus agalactiae serotype V (strain ATCC BAA-611 / 2603 V/R)	3D-structure;Membrane;Metal-binding;Reference proteome;Secreted;Signal;Transmembrane;Transmembrane helix	890
WP_001880631	P29491	reviewed	Vibrio cholerae serotype O1 (strain ATCC 39315 / El Tor Inaba N16961)	Cell membrane;Membrane;Reference proteome;Transmembrane;Transmembrane helix	278
WP_001880633	Q9KTQ6	unreviewed	Vibrio cholerae serotype O1 (strain ATCC 39315 / El Tor Inaba N16961)	3D-structure;Periplasm;Reference proteome;Signal;Transport	256
WP_001880745	Q9KTI6	unreviewed	Vibrio cholerae serotype O1 (strain ATCC 39315 / El Tor Inaba N16961)	3D-structure;Hydrolase;Protein phosphatase;Reference proteome	166
WP_001880745	A0A0H3AM12	unreviewed	Vibrio cholerae serotype O1 (strain ATCC 39541 / Classical Ogawa 395 / O395)	3D-structure;Hydrolase;Protein phosphatase	166
WP_001881639	Q9KQW0	unreviewed	Vibrio cholerae serotype O1 (strain ATCC 39315 / El Tor Inaba N16961)	3D-structure;Calcium;Metal-binding;Reference proteome;Signal	691
WP_001881782	Q9KQD2	unreviewed	Vibrio cholerae serotype O1 (strain ATCC 39315 / El Tor Inaba N16961)	Bacterial flagellum biogenesis;Bacterial flagellum protein export;Cell membrane;Cell projection;Cilium;Flagellum;GTP-binding;Membrane;Nucleotide-binding;Protein transport;Reference proteome;Transport	495
WP_001881783	Q9KQD1	unreviewed	Vibrio cholerae serotype O1 (strain ATCC 39315 / El Tor Inaba N16961)	Bacterial flagellum biogenesis;Bacterial flagellum protein export;Cell membrane;Cell projection;Cilium;Flagellum;Membrane;Protein transport;Reference proteome;Transmembrane;Transmembrane helix;Transport	697
WP_001881834	H9L4P6	unreviewed	Vibrio cholerae serotype O1 (strain ATCC 39315 / El Tor Inaba N16961)	3D-structure;Kinase;Membrane;Phosphoprotein;Reference proteome;Transferase;Two-component regulatory system	351
WP_001881834	A0AAX1QYD4	unreviewed	Vibrio paracholerae	Kinase;Membrane;Phosphoprotein;Reference proteome;Transferase;Two-component regulatory system	351
WP_001881834	O30663	unreviewed	Vibrio cholerae	Cell projection;Cilium;Flagellum;Kinase;Membrane;Phosphoprotein;Transferase;Two-component regulatory system	351
WP_001881906	Q9KQ04	unreviewed	Vibrio cholerae serotype O1 (strain ATCC 39315 / El Tor Inaba N16961)	Cell projection;Cilium;Flagellum;Membrane;Periplasm;Reference proteome;Signal;Transmembrane;Transmembrane helix	255
WP_001881911	Q9KQ01	unreviewed	Vibrio cholerae serotype O1 (strain ATCC 39315 / El Tor Inaba N16961)	Lipoprotein;Palmitate;Reference proteome;Signal	145
WP_001881911	A0A2V4N6M7	unreviewed	Vibrio cholerae	Cell projection;Cilium;Flagellum;Lipoprotein;Palmitate;Signal	145
WP_001883957	A0AAU8WE26	unreviewed	Vibrio tarriae	Reference proteome;Signal	211
WP_001883957	Q9KNX9	unreviewed	Vibrio cholerae serotype O1 (strain ATCC 39315 / El Tor Inaba N16961)	Cell projection;Cilium;Flagellum;Reference proteome;Signal	211
WP_001883957	A0A1D8SEX9	unreviewed	Vibrio mimicus	Reference proteome;Signal	211
WP_001911822	Q9KQ13	reviewed	Vibrio cholerae serotype O1 (strain ATCC 39315 / El Tor Inaba N16961)	Bacterial flagellum;Cell outer membrane;Lipoprotein;Membrane;Palmitate;Reference proteome;Signal	258
WP_001984639	A0ABX6CIQ2	unreviewed	Acinetobacter baumannii (strain ATCC 19606 / DSM 30007 / JCM 6841 / CCUG 19606 / CIP 70.34 / NBRC 109757 / NCIMB 12457 / NCTC 12156 / 81)	Acyltransferase;Cell inner membrane;Cell membrane;Membrane;Reference proteome;Transferase	327
WP_002001416.1	A0A0D5YK72	unreviewed	Acinetobacter baumannii	ATP-binding;Chaperone;Coiled coil;Nucleotide-binding;Reference proteome;Repeat	893
WP_002062720	F0KG67	unreviewed	Acinetobacter pittii (strain PHEA-2)	Reference proteome	199
WP_002208792	A0A380PMX0	unreviewed	Yersinia pestis	Cell outer membrane;Fimbrium biogenesis;Membrane;Signal;Transmembrane;Transmembrane beta strand;Transport	823
WP_002208793	P69966	reviewed	Yersinia pseudotuberculosis serotype I (strain IP32953)	Chaperone;Disulfide bond;Immunoglobulin domain;Periplasm;Reference proteome;Signal	273
WP_002208793	P69965	reviewed	Yersinia pestis	Chaperone;Disulfide bond;Immunoglobulin domain;Periplasm;Reference proteome;Signal	273
WP_002208794	P0C873	reviewed	Yersinia pseudotuberculosis serotype I (strain IP32953)	Fimbrium;Reference proteome;Signal;Virulence	158
WP_002208794	B1JS09	reviewed	Yersinia pseudotuberculosis serotype O:3 (strain YPIII)	Fimbrium;Signal;Virulence	158
WP_002208794	P31522	reviewed	Yersinia pestis	3D-structure;Fimbrium;Reference proteome;Signal;Virulence	158
WP_002208796	P68589	reviewed	Yersinia pseudotuberculosis serotype I (strain IP32953)	DNA-binding;Reference proteome;Signal;Transcription;Transcription regulation	214
WP_002208796	P68588	reviewed	Yersinia pestis	DNA-binding;Reference proteome;Signal;Transcription;Transcription regulation	214
WP_002209752	A0A0H2W302	unreviewed	Yersinia pestis	Cell membrane;Cell outer membrane;Membrane;Reference proteome;Signal	638
WP_002209752	Q9F290	unreviewed	Yersinia pestis	Cell membrane;Cell outer membrane;Membrane;Reference proteome;Signal	638
WP_002211761	P26950	reviewed	Yersinia pestis	Activator;DNA-binding;Plasmid;Reference proteome;Transcription;Transcription regulation	301
WP_002211762	P26926	reviewed	Yersinia pestis	3D-structure;Chaperone;Disulfide bond;Immunoglobulin domain;Periplasm;Plasmid;Reference proteome;Signal	258
WP_002211763	P26949	reviewed	Yersinia pestis	3D-structure;Cell outer membrane;Disulfide bond;Membrane;Plasmid;Reference proteome;Signal;Transmembrane;Transmembrane beta strand;Transport	833
WP_002212228.1	P69991	reviewed	Yersinia pseudotuberculosis serotype I (strain IP32953)	Cytoplasm;Hydrolase;Reference proteome	144
WP_002212228.1	A7FFN1	reviewed	Yersinia pseudotuberculosis serotype O:1b (strain IP 31758)	Cytoplasm;Hydrolase	144
WP_002212228.1	P69990	reviewed	Yersinia pestis	Cytoplasm;Hydrolase;Reference proteome	144
WP_002212229.1	A0ABM9TJ55	unreviewed	Yersinia wautersii	Cytoplasm;Hydrolase;Metal-binding;Nickel;Reference proteome	572
WP_002212229.1	P52313	reviewed	Yersinia pseudotuberculosis serotype I (strain IP32953)	Cytoplasm;Hydrolase;Metal-binding;Nickel;Reference proteome	572
WP_002212229.1	A9R3V0	reviewed	Yersinia pestis bv. Antiqua (strain Angola)	Cytoplasm;Hydrolase;Metal-binding;Nickel	572
WP_002212229.1	A7FFN2	reviewed	Yersinia pseudotuberculosis serotype O:1b (strain IP 31758)	Cytoplasm;Hydrolase;Metal-binding;Nickel	572
WP_002212229.1	Q1C5B3	reviewed	Yersinia pestis bv. Antiqua (strain Antiqua)	Cytoplasm;Hydrolase;Metal-binding;Nickel	572
WP_002212229.1	Q1CKJ9	reviewed	Yersinia pestis bv. Antiqua (strain Nepal516)	Cytoplasm;Hydrolase;Metal-binding;Nickel	572
WP_002212229.1	A4TL32	reviewed	Yersinia pestis (strain Pestoides F)	Cytoplasm;Hydrolase;Metal-binding;Nickel	572
WP_002212229.1	B1JR71	reviewed	Yersinia pseudotuberculosis serotype O:3 (strain YPIII)	Cytoplasm;Hydrolase;Metal-binding;Nickel	572
WP_002212229.1	B2KAA4	reviewed	Yersinia pseudotuberculosis serotype IB (strain PB1/+)	Cytoplasm;Hydrolase;Metal-binding;Nickel	572
WP_002212229.1	Q9ZFR9	reviewed	Yersinia pestis	Cytoplasm;Hydrolase;Metal-binding;Nickel;Reference proteome	572
WP_002212232.1	A0ABM9TK35	unreviewed	Yersinia wautersii	Chaperone;Cytoplasm;GTP-binding;Nickel insertion;Nucleotide-binding;Reference proteome	220
WP_002212232.1	P69993	reviewed	Yersinia pseudotuberculosis serotype I (strain IP32953)	Chaperone;Cytoplasm;GTP-binding;Nickel insertion;Nucleotide-binding;Reference proteome	220
WP_002212232.1	A0ABN4CH64	unreviewed	Yersinia similis	Chaperone;Cytoplasm;GTP-binding;Nickel insertion;Nucleotide-binding;Reference proteome	220
WP_002212232.1	P69992	reviewed	Yersinia pestis	Chaperone;Cytoplasm;GTP-binding;Nickel insertion;Nucleotide-binding;Reference proteome	220
WP_002212335	Q9K154	unreviewed	Neisseria meningitidis serogroup B (strain ATCC BAA-335 / MC58)	Cell inner membrane;Cell membrane;Hydrolase;Membrane;Methyltransferase;Multifunctional enzyme;Protease;Reference proteome;Transferase;Transmembrane;Transmembrane helix	286
WP_002212761	Q66C16	unreviewed	Yersinia pseudotuberculosis serotype I (strain IP32953)	ATP-binding;Cell inner membrane;Cell membrane;Membrane;Nucleotide-binding;Reference proteome;Transmembrane;Transmembrane helix;Transport	600
WP_002212761	A0AA97PZG4	unreviewed	Yersinia pestis	ATP-binding;Cell inner membrane;Cell membrane;Membrane;Nucleotide-binding;Reference proteome;Transmembrane;Transmembrane helix;Transport	600
WP_002212761	Q9Z375	unreviewed	Yersinia pestis	ATP-binding;Cell inner membrane;Cell membrane;Membrane;Nucleotide-binding;Reference proteome;Transmembrane;Transmembrane helix;Transport	600
WP_002212799	A0A3G5L331	unreviewed	Yersinia pestis	Reference proteome	267
WP_002212799	Q56949	unreviewed	Yersinia pestis	Reference proteome	267
WP_002212885	P46359	reviewed	Yersinia pestis	3D-structure;Cell outer membrane;Ion transport;Iron;Iron transport;Membrane;Receptor;Reference proteome;Signal;TonB box;Transmembrane;Transmembrane beta strand;Transport	673
WP_002212907	P69979	reviewed	Yersinia pseudotuberculosis serotype I (strain IP32953)	Plasmid;Reference proteome;Virulence	115
WP_002212907	P69978	reviewed	Yersinia pestis	Plasmid;Reference proteome;Virulence	115
WP_002212912	P69973	reviewed	Yersinia pseudotuberculosis serotype I (strain IP32953)	Cell outer membrane;Lipoprotein;Membrane;Palmitate;Plasmid;Protein transport;Reference proteome;Signal;Transmembrane;Transmembrane helix;Transport;Virulence	244
WP_002212912	P69972	reviewed	Yersinia pestis	Cell outer membrane;Lipoprotein;Membrane;Palmitate;Plasmid;Protein transport;Reference proteome;Signal;Transmembrane;Transmembrane helix;Transport;Virulence	244
WP_002212914	P69971	reviewed	Yersinia pseudotuberculosis serotype I (strain IP32953)	Plasmid;Reference proteome;Virulence	115
WP_002212914	P69970	reviewed	Yersinia pestis	Plasmid;Reference proteome;Virulence	115
WP_002212915	P68590	reviewed	Yersinia pestis	3D-structure;Plasmid;Reference proteome;Secreted;Virulence	165
WP_002212916	Q663I4	unreviewed	Yersinia pseudotuberculosis serotype I (strain IP32953)	Plasmid;Protein transport;Reference proteome;Secreted;Transport;Virulence	87
WP_002212916	O68691	reviewed	Yersinia pestis	3D-structure;Plasmid;Protein transport;Reference proteome;Secreted;Transport;Virulence	87
WP_002212916	A0A3G5L783	unreviewed	Yersinia pestis	Plasmid;Protein transport;Reference proteome;Secreted;Transport;Virulence	87
WP_002212917	Q663I5	unreviewed	Yersinia pseudotuberculosis serotype I (strain IP32953)	Plasmid;Reference proteome	66
WP_002212917	O68692	reviewed	Yersinia pestis	3D-structure;Cytoplasm;Plasmid;Reference proteome;Virulence	66
WP_002212917	A0A3G5KYX7	unreviewed	Yersinia pestis	Plasmid;Reference proteome	66
WP_002212919	Q663I6	unreviewed	Yersinia pseudotuberculosis serotype I (strain IP32953)	3D-structure;Membrane;Plasmid;Reference proteome;Transmembrane;Transmembrane helix	419
WP_002212919	A0ACM8Q1M4	unreviewed	Yersinia pestis	Membrane;Plasmid;Reference proteome;Transmembrane;Transmembrane helix	419
WP_002212919	Q56975	unreviewed	Yersinia pestis	3D-structure;Membrane;Plasmid;Reference proteome;Transmembrane;Transmembrane helix	419
WP_002212923	Q56974	reviewed	Yersinia pestis	Cell outer membrane;Membrane;Plasmid;Protein transport;Reference proteome;Signal;Translocation;Transport;Virulence	607
WP_002212923	A0A3G5L0V8	unreviewed	Yersinia pestis	Cell outer membrane;Membrane;Plasmid;Protein transport;Reference proteome;Signal;Translocation;Transport;Virulence	607
WP_002212925	Q663I8	unreviewed	Yersinia pseudotuberculosis serotype I (strain IP32953)	Plasmid;Reference proteome	137
WP_002212925	Q56973	reviewed	Yersinia pestis	3D-structure;Cell inner membrane;Cell membrane;Chaperone;Cytoplasm;Membrane;Plasmid;Reference proteome	137
WP_002212931	Q663J0	unreviewed	Yersinia pseudotuberculosis serotype I (strain IP32953)	Activator;DNA-binding;Plasmid;Reference proteome;Transcription;Transcription regulation	271
WP_002212931	P28808	reviewed	Yersinia pestis	Activator;DNA-binding;Plasmid;Reference proteome;Transcription;Transcription regulation;Virulence	271
WP_002212936	P69987	reviewed	Yersinia pseudotuberculosis serotype I (strain IP32953)	3D-structure;Cell membrane;Membrane;Plasmid;Protein transport;Reference proteome;Transmembrane;Transmembrane helix;Transport;Virulence	354
WP_002212936	P69986	reviewed	Yersinia pestis	3D-structure;Cell membrane;Membrane;Plasmid;Protein transport;Reference proteome;Transmembrane;Transmembrane helix;Transport;Virulence	354
WP_002212938	P69985	reviewed	Yersinia pseudotuberculosis serotype I (strain IP32953)	Cell membrane;Membrane;Plasmid;Protein transport;Reference proteome;Transmembrane;Transmembrane helix;Transport;Virulence	261
WP_002212938	P69984	reviewed	Yersinia pestis	Cell membrane;Membrane;Plasmid;Protein transport;Reference proteome;Transmembrane;Transmembrane helix;Transport;Virulence	261
WP_002212945	P69983	reviewed	Yersinia pseudotuberculosis serotype I (strain IP32953)	Cell membrane;Membrane;Plasmid;Protein transport;Reference proteome;Transmembrane;Transmembrane helix;Transport;Virulence	88
WP_002212945	Q7BFA7	unreviewed	Yersinia enterocolitica	Cell membrane;Membrane;Plasmid;Transmembrane;Transmembrane helix;Virulence	88
WP_002212945	P69982	reviewed	Yersinia pestis	Cell membrane;Membrane;Plasmid;Protein transport;Reference proteome;Transmembrane;Transmembrane helix;Transport;Virulence	88
WP_002212945	A0A0H3NWC0	unreviewed	Yersinia enterocolitica subsp. palearctica serotype O:3 (strain DSM 13030 / CIP 106945 / Y11)	Cell membrane;Cell projection;Cilium;Flagellum;Membrane;Plasmid;Reference proteome;Transmembrane;Transmembrane helix;Virulence	88
WP_002212947	P69981	reviewed	Yersinia pseudotuberculosis serotype I (strain IP32953)	Cell membrane;Membrane;Plasmid;Reference proteome;Transmembrane;Transmembrane helix;Virulence	217
WP_002212947	P69980	reviewed	Yersinia pestis	Cell membrane;Membrane;Plasmid;Reference proteome;Transmembrane;Transmembrane helix;Virulence	217
WP_002212948	P40296	reviewed	Yersinia pseudotuberculosis serotype I (strain IP32953)	3D-structure;Plasmid;Protein transport;Reference proteome;Transport;Virulence	307
WP_002212948	P42713	reviewed	Yersinia pestis	Plasmid;Protein transport;Reference proteome;Transport;Virulence	307
WP_002212950	P68587	reviewed	Yersinia pestis	Cytoplasm;Plasmid;Reference proteome;Virulence	455
WP_002212952	P40294	reviewed	Yersinia pseudotuberculosis serotype I (strain IP32953)	Plasmid;Reference proteome;Virulence	154
WP_002212952	A0AAX2I6C5	unreviewed	Yersinia pestis	Coiled coil;Plasmid;Reference proteome	154
WP_002212952	O30878	unreviewed	Yersinia pestis	Coiled coil;Plasmid;Reference proteome	154
WP_002212958	P68640	reviewed	Yersinia pestis	3D-structure;Calcium;Cell outer membrane;Membrane;Plasmid;Reference proteome;Virulence	293
WP_002212965	P69969	reviewed	Yersinia pseudotuberculosis serotype I (strain IP32953)	Plasmid;Reference proteome	92
WP_002212965	P69967	reviewed	Yersinia enterocolitica	Plasmid	92
WP_002212965	Q79NG7	unreviewed	Yersinia enterocolitica	Plasmid	92
WP_002212965	P69968	reviewed	Yersinia pestis	3D-structure;Plasmid;Reference proteome	92
WP_002212965	A0A0H3NY69	unreviewed	Yersinia enterocolitica subsp. palearctica serotype O:3 (strain DSM 13030 / CIP 106945 / Y11)	Plasmid;Reference proteome	92
WP_002212969	Q663K4	unreviewed	Yersinia pseudotuberculosis serotype I (strain IP32953)	Plasmid;Reference proteome	122
WP_002212969	A1JU78	reviewed	Yersinia enterocolitica serotype O:8 / biotype 1B (strain NCTC 13174 / 8081)	Coiled coil;Plasmid;Secreted	122
WP_002212969	P61416	reviewed	Yersinia pestis	Coiled coil;Plasmid;Reference proteome;Secreted	122
WP_002212971	P69956	reviewed	Yersinia pseudotuberculosis serotype I (strain IP32953)	Cell inner membrane;Cell membrane;Membrane;Plasmid;Protein transport;Reference proteome;Transmembrane;Transmembrane helix;Transport;Virulence	704
WP_002212971	P69955	reviewed	Yersinia pestis	Cell inner membrane;Cell membrane;Membrane;Plasmid;Protein transport;Reference proteome;Transmembrane;Transmembrane helix;Transport;Virulence	704
WP_002212973	P69958	reviewed	Yersinia pseudotuberculosis serotype I (strain IP32953)	Plasmid;Reference proteome	95
WP_002212973	P69957	reviewed	Yersinia pestis	Plasmid;Reference proteome	95
WP_002212981	A6YRP1	unreviewed	Yersinia pestis subsp. pestis	Coiled coil	326
WP_002212981	C8CPP4	unreviewed	Yersinia pestis subsp. microtus bv. Caucasica	Coiled coil	326
WP_002212981	C8CPP6	unreviewed	Yersinia pestis subsp. microtus bv. Altaica	Coiled coil	326
WP_002212981	Q1HG67	unreviewed	Yersinia pestis subsp. microtus bv. Ulegeica	Coiled coil	326
WP_002212981	P0C7U7	reviewed	Yersinia pestis	3D-structure;Plasmid;Reference proteome;Secreted;Virulence	326
WP_002212985	A0AAX2I676	unreviewed	Yersinia pestis	Coiled coil;Host membrane;Membrane;Plasmid;Reference proteome;Transmembrane;Transmembrane helix;Virulence	401
WP_002212985	O68698	unreviewed	Yersinia pestis	Coiled coil;Host membrane;Membrane;Plasmid;Reference proteome;Transmembrane;Transmembrane helix;Virulence	401
WP_002212987	Q06131	reviewed	Yersinia pseudotuberculosis serotype I (strain IP32953)	3D-structure;Coiled coil;Direct protein sequencing;Host membrane;Membrane;Plasmid;Reference proteome;Secreted;Transmembrane;Transmembrane helix;Virulence	306
WP_002212987	A0AAX2I7Y3	unreviewed	Yersinia pestis	Plasmid;Reference proteome	306
WP_002212987	O68699	unreviewed	Yersinia pestis	Plasmid;Reference proteome	306
WP_002213004	Q9ZGW6	reviewed	Yersinia pestis	Chaperone;Plasmid;Reference proteome	132
WP_002213006	O68703	reviewed	Yersinia pestis	Hydrolase;Plasmid;Protease;Reference proteome;Secreted;Thiol protease;Virulence	322
WP_002213007	O68704	unreviewed	Yersinia pestis	Plasmid;Reference proteome	182
WP_002213267	I3NIC8	unreviewed	Yersinia pseudotuberculosis serotype I (strain IP32953)	Plasmid;Reference proteome	141
WP_002213267	A0ACM8Q2H2	unreviewed	Yersinia pestis	Plasmid;Reference proteome	141
WP_002213267	Q7BTX0	unreviewed	Yersinia pestis	3D-structure;Plasmid;Reference proteome	141
WP_002213287	Q9RI13	unreviewed	Yersinia pestis	Acyltransferase;Plasmid;Reference proteome;Transferase	288
WP_002213290	Q9RI12	reviewed	Yersinia pestis	ATP-binding;Kinase;Nucleotide-binding;Plasmid;Reference proteome;Secreted;Serine/threonine-protein kinase;Signal;Transferase;Virulence	732
WP_002213403	Q663P0	unreviewed	Yersinia pseudotuberculosis serotype I (strain IP32953)	Activator;Plasmid;Reference proteome;Transcription;Transcription regulation	130
WP_002213403	P31491	reviewed	Yersinia pestis	3D-structure;Activator;Plasmid;Reference proteome;Transcription;Transcription regulation;Virulence	130
WP_002213403	A0A0N9NJF3	unreviewed	Yersinia pseudotuberculosis	3D-structure;Activator;Plasmid;Transcription;Transcription regulation	130
WP_002214009	Q9K051	unreviewed	Neisseria meningitidis serogroup B (strain ATCC BAA-335 / MC58)	Reference proteome	116
WP_002214250	P0A0Y4	reviewed	Neisseria meningitidis serogroup B (strain ATCC BAA-335 / MC58)	Ion transport;Iron;Iron transport;Metal-binding;Periplasm;Reference proteome;Signal;Transport	331
WP_002214250	A0A378VIQ4	unreviewed	Neisseria lactamica	Ion transport;Iron;Iron transport;Metal-binding;Reference proteome;Signal;Transport	331
WP_002214251	Q4W574	unreviewed	Neisseria meningitidis serogroup B (strain ATCC BAA-335 / MC58)	Cell inner membrane;Cell membrane;Membrane;Reference proteome;Transmembrane;Transmembrane helix;Transport	505
WP_002214517	Q9JY02	unreviewed	Neisseria meningitidis serogroup B (strain ATCC BAA-335 / MC58)	Reference proteome	371
WP_002214520	Q4W563	unreviewed	Neisseria meningitidis serogroup B (strain ATCC BAA-335 / MC58)	Coiled coil;Membrane;Reference proteome;Transmembrane;Transmembrane helix	199
WP_002214522	Q7DD77	unreviewed	Neisseria meningitidis serogroup B (strain ATCC BAA-335 / MC58)	3D-structure;Lipoprotein;Palmitate;Reference proteome;Signal	181
WP_002215286	P32015	reviewed	Neisseria meningitidis serogroup B (strain ATCC BAA-335 / MC58)	Capsule biogenesis/degradation;Cell inner membrane;Cell membrane;Membrane;Polysaccharide transport;Reference proteome;Sugar transport;Transmembrane;Transmembrane helix;Transport	265
WP_002215286	B3FHE1	unreviewed	Neisseria meningitidis	Capsule biogenesis/degradation;Cell membrane;Membrane;Polysaccharide transport;Sugar transport;Transmembrane;Transmembrane helix;Transport	265
WP_002215287	P32014	reviewed	Neisseria meningitidis serogroup B (strain ATCC BAA-335 / MC58)	Capsule biogenesis/degradation;Cell inner membrane;Cell membrane;Membrane;Polysaccharide transport;Reference proteome;Sugar transport;Transmembrane;Transmembrane helix;Transport	387
WP_002215287	B3FHD2	unreviewed	Neisseria meningitidis	Capsule biogenesis/degradation;Cell inner membrane;Cell membrane;Membrane;Polysaccharide transport;Sugar transport;Transmembrane;Transmembrane helix;Transport	387
WP_002215288.1	A0ABM9TJ06	unreviewed	Yersinia wautersii	Cytoplasm;Hydrolase;Reference proteome	100
WP_002215288.1	A0A386HBI2	unreviewed	Yersinia rochesterensis	Cytoplasm;Hydrolase;Reference proteome	100
WP_002215288.1	A0ABX5R422	unreviewed	Yersinia hibernica	Cytoplasm;Hydrolase;Reference proteome	100
WP_002215288.1	A0A857EW38	unreviewed	Yersinia canariae	Cytoplasm;Hydrolase;Reference proteome	100
WP_002215288.1	A0A0T9UPY5	unreviewed	Yersinia aleksiciae	Cytoplasm;Hydrolase;Reference proteome	100
WP_002215288.1	P69995	reviewed	Yersinia pseudotuberculosis serotype I (strain IP32953)	Cytoplasm;Hydrolase;Reference proteome	100
WP_002215288.1	Q6UR53	reviewed	Yersinia kristensenii	Cytoplasm;Hydrolase	100
WP_002215288.1	A0A0T9LBI1	unreviewed	Yersinia kristensenii	Cytoplasm;Hydrolase;Reference proteome	100
WP_002215288.1	A0ABW9ETM6	unreviewed	Yersinia proxima	Cytoplasm;Hydrolase;Reference proteome	100
WP_002215288.1	A0ABY5UTH4	unreviewed	Yersinia alsatica	Cytoplasm;Hydrolase;Reference proteome	100
WP_002215288.1	A0A0T9NHH6	unreviewed	Yersinia thracica	Cytoplasm;Hydrolase;Reference proteome	100
WP_002215288.1	Q6UR70	reviewed	Yersinia frederiksenii	Cytoplasm;Hydrolase	100
WP_002215288.1	Q6UR44	reviewed	Yersinia mollaretii	Cytoplasm;Hydrolase	100
WP_002215288.1	A7FFN0	reviewed	Yersinia pseudotuberculosis serotype O:1b (strain IP 31758)	Cytoplasm;Hydrolase	100
WP_002215288.1	A0ABR4W7T6	unreviewed	Yersinia frederiksenii ATCC 33641	Cytoplasm;Hydrolase;Reference proteome	100
WP_002215288.1	A0ABP2EFG3	unreviewed	Yersinia mollaretii (strain ATCC 43969 / DSM 18520 / CIP 103324 / CNY 7263 / WAIP 204)	Cytoplasm;Hydrolase;Reference proteome	100
WP_002215288.1	A0ABM9XXY3	unreviewed	Yersinia bercovieri ATCC 43970	Cytoplasm;Hydrolase;Reference proteome	100
WP_002215288.1	Q1C5B5	reviewed	Yersinia pestis bv. Antiqua (strain Antiqua)	Cytoplasm;Hydrolase	100
WP_002215288.1	A0A0T9QMJ3	unreviewed	Yersinia similis	Cytoplasm;Hydrolase;Reference proteome	100
WP_002215288.1	Q1CKK1	reviewed	Yersinia pestis bv. Antiqua (strain Nepal516)	Cytoplasm;Hydrolase	100
WP_002215288.1	A4TL34	reviewed	Yersinia pestis (strain Pestoides F)	Cytoplasm;Hydrolase	100
WP_002215288.1	A1JKD7	reviewed	Yersinia enterocolitica serotype O:8 / biotype 1B (strain NCTC 13174 / 8081)	Cytoplasm;Hydrolase	100
WP_002215288.1	A0A0T9QMY4	unreviewed	Yersinia massiliensis	Cytoplasm;Hydrolase;Reference proteome	100
WP_002215288.1	B1JR69	reviewed	Yersinia pseudotuberculosis serotype O:3 (strain YPIII)	Cytoplasm;Hydrolase	100
WP_002215288.1	B2KAA6	reviewed	Yersinia pseudotuberculosis serotype IB (strain PB1/+)	Cytoplasm;Hydrolase	100
WP_002215288.1	Q6UR62	reviewed	Yersinia intermedia	Cytoplasm;Hydrolase	100
WP_002215288.1	A0A0B6I6R6	unreviewed	Yersinia intermedia	Cytoplasm;Hydrolase;Reference proteome	100
WP_002215288.1	P69994	reviewed	Yersinia pestis	Cytoplasm;Hydrolase;Reference proteome	100
WP_002215288.1	Q6UR78	reviewed	Yersinia bercovieri	Cytoplasm;Hydrolase	100
WP_002215288.1	A0A0H3NXW2	unreviewed	Yersinia enterocolitica subsp. palearctica serotype O:3 (strain DSM 13030 / CIP 106945 / Y11)	Cytoplasm;Hydrolase;Reference proteome	100
WP_002215290	P0A0V8	reviewed	Neisseria meningitidis serogroup B (strain ATCC BAA-335 / MC58)	Capsule biogenesis/degradation;Cell outer membrane;Ion transport;Lipoprotein;Membrane;Palmitate;Polysaccharide transport;Porin;Reference proteome;Signal;Sugar transport;Transmembrane;Transmembrane beta strand;Transport	391
WP_002215290	P0A0V9	reviewed	Neisseria meningitidis	Capsule biogenesis/degradation;Cell outer membrane;Ion transport;Lipoprotein;Membrane;Palmitate;Polysaccharide transport;Porin;Signal;Sugar transport;Transmembrane;Transmembrane beta strand;Transport	391
WP_002215290	Q547A8	unreviewed	Neisseria meningitidis	Cell outer membrane;Ion transport;Lipoprotein;Membrane;Palmitate;Polysaccharide transport;Porin;Signal;Sugar transport;Transmembrane;Transmembrane beta strand;Transport	391
WP_002215295	P0A0Z7	reviewed	Neisseria meningitidis serogroup B (strain ATCC BAA-335 / MC58)	Cytoplasm;Direct protein sequencing;Nucleotidyltransferase;Reference proteome;Transferase	228
WP_002215295	P0A0Z8	reviewed	Neisseria meningitidis	3D-structure;Cytoplasm;Nucleotidyltransferase;Transferase	228
WP_002215295	A8V931	unreviewed	Neisseria meningitidis	Nucleotidyltransferase;Transferase	228
WP_002215299	Q7DDU0	unreviewed	Neisseria meningitidis serogroup B (strain ATCC BAA-335 / MC58)	3D-structure;Metal-binding;Reference proteome	349
WP_002215299	Q57265	unreviewed	Neisseria meningitidis	3D-structure;Metal-binding	349
WP_002216405	Q7DDR1	unreviewed	Neisseria meningitidis serogroup B (strain ATCC BAA-335 / MC58)	Cell inner membrane;Cell membrane;Membrane;Reference proteome;Transmembrane;Transmembrane helix;Transport	410
WP_002216410	P26948	reviewed	Yersinia pestis	3D-structure;Capsule;Plasmid;Reference proteome;Secreted;Signal	170
WP_002216523	A0ABP1ZA71	unreviewed	Yersinia wautersii	Membrane;Reference proteome;Transmembrane;Transmembrane helix	162
WP_002216523	Q56981	reviewed	Yersinia pseudotuberculosis serotype I (strain IP32953)	Reference proteome	162
WP_002216523	Q56978	reviewed	Yersinia pestis	Reference proteome	162
WP_002217908	Q7DD78	unreviewed	Neisseria meningitidis serogroup B (strain ATCC BAA-335 / MC58)	Coiled coil;Membrane;Reference proteome;Transmembrane;Transmembrane helix	215
WP_002218234	P17811	reviewed	Yersinia pestis	3D-structure;Aspartyl protease;Cell outer membrane;Hydrolase;Membrane;Plasmid;Protease;Reference proteome;Signal;Transmembrane;Transmembrane beta strand;Virulence	312
WP_002218264	Q9JX98	unreviewed	Neisseria meningitidis serogroup B (strain ATCC BAA-335 / MC58)	Cell inner membrane;Cell membrane;Glycosyltransferase;Lipopolysaccharide biosynthesis;Membrane;Reference proteome;Transferase	322
WP_002218483	Q9K1N4	unreviewed	Neisseria meningitidis serogroup B (strain ATCC BAA-335 / MC58)	Reference proteome	408
WP_002218487	Q7DDU1	unreviewed	Neisseria meningitidis serogroup B (strain ATCC BAA-335 / MC58)	ATP-binding;Cytoplasm;Fimbrium biogenesis;Nucleotide-binding;Reference proteome;Transport	347
WP_002218487	O85741	unreviewed	Neisseria meningitidis	ATP-binding;Cytoplasm;Fimbrium biogenesis;Nucleotide-binding;Transport	347
WP_002218620	Q7DDS5	unreviewed	Neisseria meningitidis serogroup B (strain ATCC BAA-335 / MC58)	Heme;Hydrogen peroxide;Iron;Metal-binding;Oxidoreductase;Peroxidase;Reference proteome	504
WP_002219640	Q4W575	reviewed	Neisseria meningitidis serogroup B (strain ATCC BAA-335 / MC58)	ATP-binding;Cell inner membrane;Cell membrane;Ion transport;Iron;Iron transport;Membrane;Nucleotide-binding;Reference proteome;Translocase;Transport	352
WP_002219640	Q9JVH1	reviewed	Neisseria meningitidis serogroup A / serotype 4A (strain DSM 15465 / Z2491)	ATP-binding;Cell inner membrane;Cell membrane;Ion transport;Iron;Iron transport;Membrane;Nucleotide-binding;Translocase;Transport	352
WP_002220918	P69960	reviewed	Yersinia pseudotuberculosis serotype I (strain IP32953)	Calcium;Plasmid;Reference proteome	146
WP_002220918	P69959	reviewed	Yersinia pestis	Calcium;Plasmid;Reference proteome	146
WP_002221967	Q7DDR2	unreviewed	Neisseria meningitidis serogroup B (strain ATCC BAA-335 / MC58)	ATP-binding;Cytoplasm;Nucleotide-binding;Reference proteome	558
WP_002222112	Q9JY75	unreviewed	Neisseria meningitidis serogroup B (strain ATCC BAA-335 / MC58)	Glycosyltransferase;Reference proteome;Transferase	354
WP_002222141	Q9JYA8	unreviewed	Neisseria meningitidis serogroup B (strain ATCC BAA-335 / MC58)	Cell outer membrane;Membrane;Receptor;Reference proteome;Signal;TonB box;Transmembrane;Transmembrane beta strand;Transport	791
WP_002222527	Q663J1	unreviewed	Yersinia pseudotuberculosis serotype I (strain IP32953)	Lipoprotein;Palmitate;Plasmid;Reference proteome;Signal	131
WP_002222527	A0AAX2I7E0	unreviewed	Yersinia pestis	Lipoprotein;Palmitate;Plasmid;Reference proteome;Signal	131
WP_002222527	O68694	unreviewed	Yersinia pestis	Lipoprotein;Palmitate;Plasmid;Reference proteome;Signal	131
WP_002222545	Q7DDI3	unreviewed	Neisseria meningitidis serogroup B (strain ATCC BAA-335 / MC58)	Reference proteome;Signal	272
WP_002222545	Q51229	unreviewed	Neisseria meningitidis	Signal	272
WP_002222758	P21207	reviewed	Yersinia pestis	Chaperone;Plasmid;Reference proteome	168
WP_002222859	Q9K0K7	unreviewed	Neisseria meningitidis serogroup B (strain ATCC BAA-335 / MC58)	Membrane;Reference proteome;Transmembrane;Transmembrane helix;Transport	291
WP_002223278	Q05014	reviewed	Neisseria meningitidis serogroup B (strain ATCC BAA-335 / MC58)	Cell inner membrane;Cell membrane;Membrane;Polysaccharide transport;Reference proteome;Sugar transport;Transport	419
WP_002223278	H6T632	unreviewed	Neisseria meningitidis		419
WP_002224750	P32016	reviewed	Neisseria meningitidis serogroup B (strain ATCC BAA-335 / MC58)	ATP-binding;Capsule biogenesis/degradation;Cell inner membrane;Cell membrane;Membrane;Nucleotide-binding;Polysaccharide transport;Reference proteome;Sugar transport;Translocase;Transport	216
WP_002224756	Q05013	reviewed	Neisseria meningitidis serogroup B (strain ATCC BAA-335 / MC58)	Cell inner membrane;Cell membrane;Membrane;Polysaccharide transport;Reference proteome;Sugar transport;Transport	704
WP_002224866	Q9K160	unreviewed	Neisseria meningitidis serogroup B (strain ATCC BAA-335 / MC58)	Cell inner membrane;Cell membrane;Membrane;Reference proteome;Transmembrane;Transmembrane helix;Transport	384
WP_002224867	Q9K159	unreviewed	Neisseria meningitidis serogroup B (strain ATCC BAA-335 / MC58)	Cell inner membrane;Cell membrane;Membrane;Reference proteome;Transmembrane;Transmembrane helix;Transport	508
WP_002224968	Q9JY66	unreviewed	Neisseria meningitidis serogroup B (strain ATCC BAA-335 / MC58)	Lipoprotein;Palmitate;Reference proteome;Signal	412
WP_002224973	Q9JY76	unreviewed	Neisseria meningitidis serogroup B (strain ATCC BAA-335 / MC58)	Reference proteome	252
WP_002225048	Q9JYK4	unreviewed	Neisseria meningitidis serogroup B (strain ATCC BAA-335 / MC58)	3D-structure;Cell outer membrane;Lipoprotein;Membrane;Palmitate;Reference proteome;Signal;Virulence	737
WP_002225061	Q9JYL5	unreviewed	Neisseria meningitidis serogroup B (strain ATCC BAA-335 / MC58)	Glycosyltransferase;Reference proteome;Transferase	336
WP_002225511	Q7DDM2	unreviewed	Neisseria meningitidis serogroup B (strain ATCC BAA-335 / MC58)	Cell outer membrane;Membrane;Reference proteome;Signal;Transmembrane;Transmembrane beta strand	174
WP_002225511	Q9RP17	unreviewed	Neisseria meningitidis	3D-structure;Cell outer membrane;Membrane;Signal;Transmembrane;Transmembrane beta strand	174
WP_002225548	Q9K0K8	unreviewed	Neisseria meningitidis serogroup B (strain ATCC BAA-335 / MC58)	Metal-binding;Reference proteome;Signal;Transport	304
WP_002225652	Q70M91	reviewed	Neisseria meningitidis serogroup B (strain ATCC BAA-335 / MC58)	3D-structure;Cell outer membrane;Competence;Membrane;Protein transport;Reference proteome;Signal;Transport	769
WP_002225758	Q9K1Q6	unreviewed	Neisseria meningitidis serogroup B (strain ATCC BAA-335 / MC58)	Cell inner membrane;Cell membrane;Lipopolysaccharide biosynthesis;Membrane;Reference proteome;Transferase	423
WP_002225823	Q51117	reviewed	Neisseria meningitidis serogroup B (strain ATCC BAA-335 / MC58)	Glycosyltransferase;Lipopolysaccharide biosynthesis;Reference proteome;Transferase	280
WP_002225824	Q51116	reviewed	Neisseria meningitidis serogroup B (strain ATCC BAA-335 / MC58)	Glycosyltransferase;Lipopolysaccharide biosynthesis;Reference proteome;Transferase	275
WP_002226625	Q9K0N9	unreviewed	Neisseria meningitidis serogroup B (strain ATCC BAA-335 / MC58)	Membrane;Reference proteome;Transmembrane;Transmembrane helix	129
WP_002226892	H2VFI5	reviewed	Neisseria meningitidis serogroup B (strain ATCC BAA-335 / MC58)	Hydrolase;Isomerase;Reference proteome	377
WP_002226892	Q79DD9	unreviewed	Neisseria meningitidis	Isomerase	377
WP_002227268	Q9JZ41	unreviewed	Neisseria meningitidis serogroup B (strain ATCC BAA-335 / MC58)	3D-structure;Lipoprotein;Palmitate;Reference proteome;Signal;TPR repeat	253
WP_002227864	A0A5P8YI02	unreviewed	Yersinia pestis	3D-structure;Membrane;Reference proteome;Signal;Transmembrane;Transmembrane beta strand	182
WP_002229754	P08008	reviewed	Yersinia pseudotuberculosis serotype I (strain IP32953)	3D-structure;Cell outer membrane;GTPase activation;Membrane;Plasmid;Reference proteome;Virulence	219
WP_002229754	P31493	reviewed	Yersinia pestis	3D-structure;Cell outer membrane;GTPase activation;Membrane;Plasmid;Reference proteome;Virulence	219
WP_002229779	P17778	reviewed	Yersinia pestis	3D-structure;Calcium;Cell outer membrane;Leucine-rich repeat;Membrane;Metal-binding;Plasmid;Reference proteome;Repeat;Secreted	409
WP_002229791	Q663K5	unreviewed	Yersinia pseudotuberculosis serotype I (strain IP32953)	Chaperone;Cytoplasm;Plasmid;Reference proteome	114
WP_002229791	P0C2N2	reviewed	Yersinia enterocolitica	3D-structure;Chaperone;Cytoplasm;Plasmid	114
WP_002229791	P61417	reviewed	Yersinia pestis	Chaperone;Cytoplasm;Plasmid;Reference proteome	114
WP_002229791	A0A0H3NWD0	unreviewed	Yersinia enterocolitica subsp. palearctica serotype O:3 (strain DSM 13030 / CIP 106945 / Y11)	Chaperone;Cytoplasm;Plasmid;Reference proteome	114
WP_002229794	P61381	reviewed	Yersinia pseudotuberculosis serotype I (strain IP32953)	Cell inner membrane;Cell membrane;Chaperone;Cytoplasm;Membrane;Plasmid;Reference proteome	123
WP_002229794	P61380	reviewed	Yersinia pestis	3D-structure;Cell inner membrane;Cell membrane;Chaperone;Cytoplasm;Membrane;Plasmid;Reference proteome	123
WP_002229801	O68690	reviewed	Yersinia pestis	3D-structure;Cytoplasm;Plasmid;Reference proteome	115
WP_002229801	A0A3G5L5C4	unreviewed	Yersinia pestis	Plasmid;Reference proteome	115
WP_002230433	Q9JZV4	unreviewed	Neisseria meningitidis serogroup B (strain ATCC BAA-335 / MC58)	Cell inner membrane;Cell membrane;Membrane;Methylation;Reference proteome;Transmembrane;Transmembrane helix	222
WP_002244084	Q9JZV2	unreviewed	Neisseria meningitidis serogroup B (strain ATCC BAA-335 / MC58)	Membrane;Reference proteome;Transmembrane;Transmembrane helix	313
WP_002244085	Q9JZV1	unreviewed	Neisseria meningitidis serogroup B (strain ATCC BAA-335 / MC58)	Membrane;Reference proteome;Transmembrane;Transmembrane helix	197
WP_002244265	Q9JY68	unreviewed	Neisseria meningitidis serogroup B (strain ATCC BAA-335 / MC58)	Lipoprotein;Membrane;Palmitate;Reference proteome;Signal;Transmembrane;Transmembrane beta strand	467
WP_002244345	P30690	reviewed	Neisseria meningitidis serogroup B (strain ATCC BAA-335 / MC58)	3D-structure;Cell outer membrane;Ion transport;Membrane;Porin;Reference proteome;Signal;Transmembrane;Transmembrane beta strand;Transport	331
WP_002244345	E6MZM0	reviewed	Neisseria meningitidis serogroup B / serotype 15 (strain H44/76)	Cell outer membrane;Direct protein sequencing;Ion transport;Membrane;Porin;Signal;Transmembrane;Transmembrane beta strand;Transport	331
WP_002247545	Q06379	reviewed	Neisseria meningitidis serogroup B (strain ATCC BAA-335 / MC58)	Cell outer membrane;Ion transport;Iron;Iron transport;Membrane;Receptor;Reference proteome;Signal;TonB box;Transmembrane;Transmembrane beta strand;Transport	943
WP_002247552	Q9K078	unreviewed	Neisseria meningitidis serogroup B (strain ATCC BAA-335 / MC58)	ATP-binding;Coiled coil;DNA damage;DNA repair;Nucleotide-binding;Reference proteome	557
WP_002257440	Q9JXQ6	unreviewed	Neisseria meningitidis serogroup B (strain ATCC BAA-335 / MC58)	Reference proteome;Transferase	349
WP_002296629	Q3Y373	unreviewed	Enterococcus faecium (strain ATCC BAA-472 / TX0016 / DO)	3D-structure;Membrane;Reference proteome;Transmembrane;Transmembrane helix	324
WP_002356954	Q832Z2	unreviewed	Enterococcus faecalis (strain ATCC 700802 / V583)	Lipoprotein;Metal-binding;Palmitate;Reference proteome;Signal;Transport	308
WP_002359680	Q831L0	unreviewed	Enterococcus faecalis (strain ATCC 700802 / V583)	Cell membrane;Lipid biosynthesis;Lipid metabolism;Membrane;Nucleotidyltransferase;Phospholipid biosynthesis;Phospholipid metabolism;Reference proteome;Transferase;Transmembrane;Transmembrane helix	266
WP_002359685	Q831L5	unreviewed	Enterococcus faecalis (strain ATCC 700802 / V583)	Cell cycle;Cell division;Cell shape;Cell wall biogenesis/degradation;Cytoplasm;FAD;Flavoprotein;NADP;Oxidoreductase;Peptidoglycan synthesis;Reference proteome	817
WP_002361471	P69975	reviewed	Yersinia pseudotuberculosis serotype I (strain IP32953)	Plasmid;Reference proteome;Virulence	209
WP_002361471	P69974	reviewed	Yersinia pestis	Plasmid;Reference proteome;Virulence	209
WP_002362225	Q831K9	reviewed	Enterococcus faecalis (strain ATCC 700802 / V583)	3D-structure;Magnesium;Metal-binding;Reference proteome;Transferase	271
WP_002362618	Q831L1	unreviewed	Enterococcus faecalis (strain ATCC 700802 / V583)	Cell membrane;Membrane;Reference proteome;Teichoic acid biosynthesis;Transferase	389
WP_002362627	Q831L9	unreviewed	Enterococcus faecalis (strain ATCC 700802 / V583)	Cell membrane;Membrane;Reference proteome;Transmembrane;Transmembrane helix;Transport	270
WP_002367100	Q831L4	unreviewed	Enterococcus faecalis (strain ATCC 700802 / V583)	Reference proteome	283
WP_002369249	P0DH69	reviewed	Enterococcus faecalis (strain ATCC 700802 / V583)	Cell membrane;Hydrolase;Membrane;Protease;Quorum sensing;Reference proteome;Transmembrane;Transmembrane helix;Virulence	242
WP_002369251	Q833V7	reviewed	Enterococcus faecalis (strain ATCC 700802 / V583)	Calcium;Direct protein sequencing;Hydrolase;Metal-binding;Metalloprotease;Protease;Reference proteome;Secreted;Signal;Zinc;Zymogen	510
WP_002369252	Q833V8	unreviewed	Enterococcus faecalis (strain ATCC 700802 / V583)	Hydrolase;Protease;Reference proteome;Serine protease;Signal;Virulence	284
WP_002370472	Q831L2	unreviewed	Enterococcus faecalis (strain ATCC 700802 / V583)	Glycosyltransferase;Reference proteome;Transferase	488
WP_002376666	Q831L7	unreviewed	Enterococcus faecalis (strain ATCC 700802 / V583)	FAD;Flavoprotein;Isomerase;Lipoprotein;Palmitate;Reference proteome;Signal	379
WP_002379309	Q836L9	unreviewed	Enterococcus faecalis (strain ATCC 700802 / V583)	Cell wall;Membrane;Peptidoglycan-anchor;Reference proteome;Secreted;Signal;Transmembrane;Transmembrane helix	476
WP_002379311	Q836L7	unreviewed	Enterococcus faecalis (strain ATCC 700802 / V583)	Hydrolase;Membrane;Reference proteome;Transmembrane;Transmembrane helix	284
WP_002386893	Q833V6	unreviewed	Enterococcus faecalis (strain ATCC 700802 / V583)	Kinase;Membrane;Reference proteome;Transferase;Transmembrane;Transmembrane helix	447
WP_002387027	Q836Z0	unreviewed	Enterococcus faecalis (strain ATCC 700802 / V583)	DNA-binding;Reference proteome;Transcription;Transcription regulation	336
WP_002387128	Q831L6	unreviewed	Enterococcus faecalis (strain ATCC 700802 / V583)	Lipoprotein;Membrane;Palmitate;Reference proteome;Signal;Transmembrane;Transmembrane helix	132
WP_002387129	Q831L3	unreviewed	Enterococcus faecalis (strain ATCC 700802 / V583)	Glycosyltransferase;Reference proteome;Transferase	836
WP_002399773	Q837L8	reviewed	Enterococcus faecalis (strain ATCC 700802 / V583)	Lyase;Reference proteome;Secreted;Signal;Virulence	1004
WP_002556781.1	O51201	reviewed	Borreliella burgdorferi (strain ATCC 35210 / DSM 4680 / CIP 102532 / B31) (Borrelia burgdorferi)	Bacterial flagellum biogenesis;Cytoplasm;Reference proteome;Translation regulation	130
WP_002556781.1	B7J1B6	reviewed	Borreliella burgdorferi (strain ZS7) (Borrelia burgdorferi)	Bacterial flagellum biogenesis;Chaperone;Cytoplasm;Translation regulation	130
WP_002556781.1	A0A826HDG5	unreviewed	[Borrelia] finlandensis	Bacterial flagellum biogenesis;Chaperone;Cytoplasm;Reference proteome;Translation regulation	130
WP_002556782.1	O51202	reviewed	Borreliella burgdorferi (strain ATCC 35210 / DSM 4680 / CIP 102532 / B31) (Borrelia burgdorferi)	Bacterial flagellum biogenesis;Cytoplasm;Reference proteome;Repressor;RNA-binding;Translation regulation	81
WP_002556782.1	B7J1B7	reviewed	Borreliella burgdorferi (strain ZS7) (Borrelia burgdorferi)	Bacterial flagellum biogenesis;Cytoplasm;Repressor;RNA-binding;Translation regulation	81
WP_002556818.1	O51237	unreviewed	Borreliella burgdorferi (strain ATCC 35210 / DSM 4680 / CIP 102532 / B31) (Borrelia burgdorferi)	Cell membrane;Membrane;Reference proteome;Transmembrane;Transmembrane helix;Zinc	273
WP_002556818.1	A0A7X0DL90	unreviewed	Borreliella lanei	Cell membrane;Membrane;Reference proteome;Transmembrane;Transmembrane helix;Zinc	273
WP_002556818.1	A0A826H268	unreviewed	[Borrelia] finlandensis	Cell membrane;Membrane;Reference proteome;Transmembrane;Transmembrane helix;Zinc	273
WP_002556837.1	O51254	unreviewed	Borreliella burgdorferi (strain ATCC 35210 / DSM 4680 / CIP 102532 / B31) (Borrelia burgdorferi)	3D-structure;Reference proteome	256
WP_002556869.1	Q44758	reviewed	Borreliella burgdorferi (strain ATCC 35210 / DSM 4680 / CIP 102532 / B31) (Borrelia burgdorferi)	Bacterial flagellum biogenesis;Bacterial flagellum protein export;Cell membrane;GTP-binding;Membrane;Nucleotide-binding;Protein transport;Reference proteome;Transport	388
WP_002556874.1	Q44763	reviewed	Borreliella burgdorferi (strain ATCC 35210 / DSM 4680 / CIP 102532 / B31) (Borrelia burgdorferi)	Bacterial flagellum;Bacterial flagellum biogenesis;Bacterial flagellum protein export;Cell membrane;Membrane;Protein transport;Reference proteome;Transmembrane;Transmembrane helix;Transport	254
WP_002556876.1	Q44903	reviewed	Borreliella burgdorferi (strain ATCC 35210 / DSM 4680 / CIP 102532 / B31) (Borrelia burgdorferi)	Bacterial flagellum;Cell inner membrane;Cell membrane;Chemotaxis;Flagellar rotation;Membrane;Reference proteome	113
WP_002556876.1	A0A826GQW5	unreviewed	[Borrelia] finlandensis	Cell membrane;Cell projection;Chemotaxis;Cilium;Flagellar rotation;Flagellum;Membrane;Reference proteome	113
WP_002556879.1	Q57371	unreviewed	Borreliella burgdorferi (Lyme disease spirochete) (Borrelia burgdorferi)	Cell membrane;Cell projection;Cilium;Flagellum;Membrane;Transmembrane;Transmembrane helix	260
WP_002556879.1	H7C7P3	unreviewed	Borreliella burgdorferi (strain ATCC 35210 / DSM 4680 / CIP 102532 / B31) (Borrelia burgdorferi)	Cell membrane;Cell projection;Cilium;Flagellum;Membrane;Reference proteome;Transmembrane;Transmembrane helix	260
WP_002556881.1	O51281	unreviewed	Borreliella burgdorferi (strain ATCC 35210 / DSM 4680 / CIP 102532 / B31) (Borrelia burgdorferi)	Reference proteome	74
WP_002556888.1	P52611	reviewed	Borreliella burgdorferi (strain ATCC 35210 / DSM 4680 / CIP 102532 / B31) (Borrelia burgdorferi)	Bacterial flagellum biogenesis;Bacterial flagellum protein export;Cytoplasm;Protein transport;Reference proteome;Transport	306
WP_002556889.1	A0ABZ0CN15	unreviewed	[Borrelia] lusitaniae	Bacterial flagellum;Cell membrane;Cell projection;Chemotaxis;Cilium;Flagellar rotation;Flagellum;Membrane;Reference proteome	344
WP_002556889.1	A0AAC9PJA1	unreviewed	Borreliella mayonii	Bacterial flagellum;Cell membrane;Cell projection;Chemotaxis;Cilium;Flagellar rotation;Flagellum;Membrane;Reference proteome	344
WP_002556889.1	P52610	reviewed	Borreliella burgdorferi (strain ATCC 35210 / DSM 4680 / CIP 102532 / B31) (Borrelia burgdorferi)	Bacterial flagellum;Cell inner membrane;Cell membrane;Chemotaxis;Flagellar rotation;Membrane;Reference proteome	344
WP_002556889.1	A0A5J6WCR4	unreviewed	[Borrelia] maritima	Bacterial flagellum;Cell membrane;Cell projection;Chemotaxis;Cilium;Flagellar rotation;Flagellum;Membrane;Reference proteome	344
WP_002556889.1	A0A7I6GVZ1	unreviewed	Borrelia garinii subsp. bavariensis (strain ATCC BAA-2496 / DSM 23469 / PBi) (Borreliella bavariensis)	Bacterial flagellum;Cell membrane;Cell projection;Chemotaxis;Cilium;Flagellar rotation;Flagellum;Membrane;Reference proteome	344
WP_002556889.1	A0A1G4PJS0	unreviewed	Borreliella japonica (Borrelia japonica)	Bacterial flagellum;Cell membrane;Cell projection;Chemotaxis;Cilium;Flagellar rotation;Flagellum;Membrane;Reference proteome	344
WP_002556889.1	A0A7W9ZC92	unreviewed	Borreliella lanei	Bacterial flagellum;Cell membrane;Cell projection;Chemotaxis;Cilium;Flagellar rotation;Flagellum;Membrane;Reference proteome	344
WP_002556889.1	A0A7X0DQ58	unreviewed	Borreliella californiensis	Bacterial flagellum;Cell membrane;Cell projection;Chemotaxis;Cilium;Flagellar rotation;Flagellum;Membrane;Reference proteome	344
WP_002556889.1	Q0SNM1	unreviewed	Borreliella afzelii (strain PKo) (Borrelia afzelii)	Bacterial flagellum;Cell membrane;Cell projection;Chemotaxis;Cilium;Flagellar rotation;Flagellum;Membrane;Reference proteome	344
WP_002556889.1	D6RXD2	unreviewed	Borreliella valaisiana VS116	Bacterial flagellum;Cell membrane;Cell projection;Chemotaxis;Cilium;Flagellar rotation;Flagellum;Membrane;Reference proteome	344
WP_002556889.1	A0ABY9E3U1	unreviewed	Borreliella carolinensis	Bacterial flagellum;Cell membrane;Cell projection;Chemotaxis;Cilium;Flagellar rotation;Flagellum;Membrane;Reference proteome	344
WP_002556889.1	A0ABZ0CDC4	unreviewed	Borreliella americana	Bacterial flagellum;Cell membrane;Cell projection;Chemotaxis;Cilium;Flagellar rotation;Flagellum;Membrane;Reference proteome	344
WP_002556889.1	A0A826GN95	unreviewed	[Borrelia] finlandensis	Bacterial flagellum;Cell membrane;Cell projection;Chemotaxis;Cilium;Flagellar rotation;Flagellum;Membrane;Reference proteome	344
WP_002556889.1	B7XSW3	unreviewed	Borreliella garinii PBr	Bacterial flagellum;Cell membrane;Cell projection;Chemotaxis;Cilium;Flagellar rotation;Flagellum;Membrane;Reference proteome	344
WP_002556889.1	G0AL98	unreviewed	Borrelia bissettiae (strain DSM 17990 / CIP 109136 / DN127) (Borreliella bissettiae)	Bacterial flagellum;Cell membrane;Cell projection;Chemotaxis;Cilium;Flagellar rotation;Flagellum;Membrane;Reference proteome	344
WP_002556889.1	A0ABR6PB35	unreviewed	Borreliella yangtzensis	Bacterial flagellum;Cell membrane;Cell projection;Chemotaxis;Cilium;Flagellar rotation;Flagellum;Membrane;Reference proteome	344
WP_002556889.1	A0ABR6P6S3	unreviewed	Borreliella spielmanii	Bacterial flagellum;Cell membrane;Cell projection;Chemotaxis;Cilium;Flagellar rotation;Flagellum;Membrane;Reference proteome	344
WP_002556890.1	Q44912	reviewed	Borreliella burgdorferi (strain ATCC 35210 / DSM 4680 / CIP 102532 / B31) (Borrelia burgdorferi)	Bacterial flagellum;Cell inner membrane;Cell membrane;Membrane;Reference proteome;Transmembrane;Transmembrane helix	569
WP_002556910.1	O51292	unreviewed	Borreliella burgdorferi (strain ATCC 35210 / DSM 4680 / CIP 102532 / B31) (Borrelia burgdorferi)	Reference proteome	176
WP_002557153.1	O51513	unreviewed	Borreliella burgdorferi (strain ATCC 35210 / DSM 4680 / CIP 102532 / B31) (Borrelia burgdorferi)	Reference proteome	180
WP_002557258.1	A0ABZ0CI41	unreviewed	[Borrelia] lusitaniae	Chemotaxis;Reference proteome	161
WP_002557258.1	O51614	unreviewed	Borreliella burgdorferi (strain ATCC 35210 / DSM 4680 / CIP 102532 / B31) (Borrelia burgdorferi)	3D-structure;Chemotaxis;Reference proteome	161
WP_002557258.1	A0A5J6WFB8	unreviewed	[Borrelia] maritima	Chemotaxis;Reference proteome	161
WP_002557258.1	A0A7I6GWR3	unreviewed	Borrelia garinii subsp. bavariensis (strain ATCC BAA-2496 / DSM 23469 / PBi) (Borreliella bavariensis)	Chemotaxis;Reference proteome	161
WP_002557258.1	A0A1G4P3Z4	unreviewed	Borreliella japonica (Borrelia japonica)	Chemotaxis;Reference proteome	161
WP_002557258.1	A0A7W9ZA60	unreviewed	Borreliella lanei	Chemotaxis;Reference proteome	161
WP_002557258.1	A0A7W9ZM89	unreviewed	Borreliella californiensis	Chemotaxis;Reference proteome	161
WP_002557258.1	A0ABZ0CLF3	unreviewed	Borreliella andersonii (Borrelia andersonii)	Chemotaxis;Reference proteome	161
WP_002557258.1	A0ABZ0CDX9	unreviewed	Borreliella americana	Chemotaxis;Reference proteome	161
WP_002557259.1	O51615	unreviewed	Borreliella burgdorferi (strain ATCC 35210 / DSM 4680 / CIP 102532 / B31) (Borrelia burgdorferi)	3D-structure;Metal-binding;Phosphoprotein;Reference proteome;Two-component regulatory system	146
WP_002557259.1	A0A7I6GWR9	unreviewed	Borrelia garinii subsp. bavariensis (strain ATCC BAA-2496 / DSM 23469 / PBi) (Borreliella bavariensis)	Phosphoprotein;Reference proteome;Two-component regulatory system	146
WP_002557259.1	A0A1G4P408	unreviewed	Borreliella japonica (Borrelia japonica)	Phosphoprotein;Reference proteome;Two-component regulatory system	146
WP_002557259.1	A0A7W9ZJQ8	unreviewed	Borreliella californiensis	Phosphoprotein;Reference proteome;Two-component regulatory system	146
WP_002557259.1	Q0SMI1	unreviewed	Borreliella afzelii (strain PKo) (Borrelia afzelii)	Phosphoprotein;Reference proteome;Two-component regulatory system	146
WP_002557259.1	A0ABY9E7M3	unreviewed	Borreliella carolinensis	Phosphoprotein;Reference proteome;Two-component regulatory system	146
WP_002557259.1	A0ABZ0CD53	unreviewed	Borreliella americana	Phosphoprotein;Reference proteome;Two-component regulatory system	146
WP_002557259.1	G0AMB3	unreviewed	Borrelia bissettiae (strain DSM 17990 / CIP 109136 / DN127) (Borreliella bissettiae)	Phosphoprotein;Reference proteome;Two-component regulatory system	146
WP_002557259.1	A0ABR6P5G4	unreviewed	Borreliella spielmanii	Phosphoprotein;Reference proteome;Two-component regulatory system	146
WP_002557363.1	O51716	unreviewed	Borreliella burgdorferi (strain ATCC 35210 / DSM 4680 / CIP 102532 / B31) (Borrelia burgdorferi)	Bacterial flagellum;Cell projection;Cilium;Flagellum;Reference proteome	282
WP_002655982.1	Q44906	reviewed	Borreliella burgdorferi (strain ATCC 35210 / DSM 4680 / CIP 102532 / B31) (Borrelia burgdorferi)	Bacterial flagellum;Cell membrane;Membrane;Reference proteome;Transmembrane;Transmembrane helix	87
WP_002656068.1	P70859	reviewed	Borreliella burgdorferi (strain ATCC 35210 / DSM 4680 / CIP 102532 / B31) (Borrelia burgdorferi)	Bacterial flagellum;Reference proteome;Secreted	627
WP_002656104.1	Q59185	reviewed	Borreliella burgdorferi (strain ATCC 35210 / DSM 4680 / CIP 102532 / B31) (Borrelia burgdorferi)	ATP-binding;Cytoplasm;Hydrolase;Nucleotide-binding;Protease;Reference proteome;Serine protease;Stress response	806
WP_002656205.1	P0CL55	reviewed	Borreliella burgdorferi (strain ATCC 35210 / DSM 4680 / CIP 102532 / B31) (Borrelia burgdorferi)	3D-structure;Cell inner membrane;Cell membrane;Lipoprotein;Membrane;Palmitate;Reference proteome;Signal;Transport	341
WP_002656205.1	E4S1L1	reviewed	Borreliella burgdorferi (strain JD1) (Borrelia burgdorferi)	Cell inner membrane;Cell membrane;Lipoprotein;Membrane;Palmitate;Signal;Transport	341
WP_002656257.1	Q57442	reviewed	Borreliella burgdorferi (strain ATCC 35210 / DSM 4680 / CIP 102532 / B31) (Borrelia burgdorferi)	Cell membrane;Chemotaxis;Flagellar rotation;Membrane;Reference proteome;Transmembrane;Transmembrane helix	178
WP_002656257.1	A0A826GQZ1	unreviewed	[Borrelia] finlandensis	Cell membrane;Cell projection;Chemotaxis;Cilium;Flagellar rotation;Flagellum;Membrane;Reference proteome;Transmembrane;Transmembrane helix	178
WP_002656446.1	A0AAC9KYJ2	unreviewed	Borreliella mayonii	Bacterial flagellum;Cell membrane;Cell projection;Chemotaxis;Cilium;Flagellar rotation;Flagellum;Membrane;Reference proteome	352
WP_002656446.1	Q57511	reviewed	Borreliella burgdorferi (strain ATCC 35210 / DSM 4680 / CIP 102532 / B31) (Borrelia burgdorferi)	Bacterial flagellum;Cell inner membrane;Cell membrane;Chemotaxis;Flagellar rotation;Membrane;Reference proteome	352
WP_002656446.1	A0A7X0DJK4	unreviewed	Borreliella lanei	Bacterial flagellum;Cell membrane;Cell projection;Chemotaxis;Cilium;Flagellar rotation;Flagellum;Membrane;Reference proteome	352
WP_002656446.1	A0A7X0DPD4	unreviewed	Borreliella californiensis	Bacterial flagellum;Cell membrane;Cell projection;Chemotaxis;Cilium;Flagellar rotation;Flagellum;Membrane;Reference proteome	352
WP_002656446.1	Q0SNN3	unreviewed	Borreliella afzelii (strain PKo) (Borrelia afzelii)	Bacterial flagellum;Cell membrane;Cell projection;Chemotaxis;Cilium;Flagellar rotation;Flagellum;Membrane;Reference proteome	352
WP_002656446.1	A0A826GXU0	unreviewed	[Borrelia] finlandensis	Bacterial flagellum;Cell membrane;Cell projection;Chemotaxis;Cilium;Flagellar rotation;Flagellum;Membrane;Reference proteome	352
WP_002656539.1	Q541P6	unreviewed	Borreliella burgdorferi (Lyme disease spirochete) (Borrelia burgdorferi)	Bacterial flagellum;Cell projection;Cilium;Flagellum;Periplasm	341
WP_002656539.1	P70856	reviewed	Borreliella burgdorferi (strain ATCC 35210 / DSM 4680 / CIP 102532 / B31) (Borrelia burgdorferi)	Bacterial flagellum;Periplasm;Reference proteome;Signal	341
WP_002656762.1	Q44881	unreviewed	Borreliella burgdorferi (Lyme disease spirochete) (Borrelia burgdorferi)	Signal	618
WP_002656762.1	H7C7N8	unreviewed	Borreliella burgdorferi (strain ATCC 35210 / DSM 4680 / CIP 102532 / B31) (Borrelia burgdorferi)	Reference proteome;Signal	618
WP_002656850.1	Q45010	reviewed	Borreliella burgdorferi (strain ATCC 35210 / DSM 4680 / CIP 102532 / B31) (Borrelia burgdorferi)	Cell inner membrane;Cell membrane;Lipoprotein;Membrane;Palmitate;Reference proteome;Signal;Transport	339
WP_002656852.1	O51131	unreviewed	Borreliella burgdorferi (strain ATCC 35210 / DSM 4680 / CIP 102532 / B31) (Borrelia burgdorferi)	Hydrolase;Protease;Reference proteome;Repeat;Serine protease;Signal	474
WP_002656867.1	O54655	unreviewed	Borreliella burgdorferi (strain ATCC 35210 / DSM 4680 / CIP 102532 / B31) (Borrelia burgdorferi)	Reference proteome	164
WP_002656919.1	O51239	unreviewed	Borreliella burgdorferi (strain ATCC 35210 / DSM 4680 / CIP 102532 / B31) (Borrelia burgdorferi)	Bacterial flagellum;Cell membrane;Cell projection;Chemotaxis;Cilium;Flagellar rotation;Flagellum;Membrane;Reference proteome	405
WP_002657104.1	Q57466	reviewed	Borreliella burgdorferi (strain ATCC 35210 / DSM 4680 / CIP 102532 / B31) (Borrelia burgdorferi)	Bacterial flagellum;Reference proteome	152
WP_002657111.1	O51715	reviewed	Borreliella burgdorferi (strain ATCC 35210 / DSM 4680 / CIP 102532 / B31) (Borrelia burgdorferi)	Bacterial flagellum;Reference proteome	265
WP_002657417.1	O51624	reviewed	Borreliella burgdorferi (strain ATCC 35210 / DSM 4680 / CIP 102532 / B31) (Borrelia burgdorferi)	Chemotaxis;Membrane;Reference proteome;Transducer;Transmembrane;Transmembrane helix;Virulence	633
WP_002657716.1	Q44760	reviewed	Borreliella burgdorferi (strain ATCC 35210 / DSM 4680 / CIP 102532 / B31) (Borrelia burgdorferi)	Bacterial flagellum biogenesis;Bacterial flagellum protein export;Cell inner membrane;Cell membrane;Membrane;Protein transport;Reference proteome;Transmembrane;Transmembrane helix;Transport	372
WP_002657723.1	Q44767	reviewed	Borreliella burgdorferi (strain ATCC 35210 / DSM 4680 / CIP 102532 / B31) (Borrelia burgdorferi)	Bacterial flagellum;Reference proteome	442
WP_002657724.1	Q44920	unreviewed	Borreliella burgdorferi (Lyme disease spirochete) (Borrelia burgdorferi)	Bacterial flagellum biogenesis;Cell projection;Cilium;Flagellum	147
WP_002657724.1	H7C7N1	unreviewed	Borreliella burgdorferi (strain ATCC 35210 / DSM 4680 / CIP 102532 / B31) (Borrelia burgdorferi)	Bacterial flagellum biogenesis;Cell projection;Cilium;Flagellum;Reference proteome	147
WP_002657765.1	O51302	unreviewed	Borreliella burgdorferi (strain ATCC 35210 / DSM 4680 / CIP 102532 / B31) (Borrelia burgdorferi)	3D-structure;Coiled coil;Lipoprotein;Palmitate;Reference proteome;Signal	377
WP_002657869.1	O51367	unreviewed	Borreliella burgdorferi (strain ATCC 35210 / DSM 4680 / CIP 102532 / B31) (Borrelia burgdorferi)	Reference proteome;Signal	203
WP_002658034.1	O51500	unreviewed	Borreliella burgdorferi (strain ATCC 35210 / DSM 4680 / CIP 102532 / B31) (Borrelia burgdorferi)	Bacterial flagellum biogenesis;Cell projection;Chaperone;Cilium;Cytoplasm;Flagellum;Reference proteome	145
WP_002658059.1	Q0MYS9	unreviewed	Borreliella burgdorferi (Lyme disease spirochete) (Borrelia burgdorferi)	Phosphoprotein	124
WP_002658059.1	O51517	unreviewed	Borreliella burgdorferi (strain ATCC 35210 / DSM 4680 / CIP 102532 / B31) (Borrelia burgdorferi)	Phosphoprotein;Reference proteome	124
WP_002658115.1	O51551	reviewed	Borreliella burgdorferi (strain ATCC 35210 / DSM 4680 / CIP 102532 / B31) (Borrelia burgdorferi)	Chemotaxis;Hydrolase;Reference proteome	163
WP_002658115.1	B7J2G8	reviewed	Borreliella burgdorferi (strain ZS7) (Borrelia burgdorferi)	Chemotaxis;Hydrolase	163
WP_002658127.1	O51558	reviewed	Borreliella burgdorferi (strain ATCC 35210 / DSM 4680 / CIP 102532 / B31) (Borrelia burgdorferi)	ATP-binding;Cytoplasm;Hydrolase;Nucleotide-binding;Protease;Reference proteome;Serine protease;Stress response	796
WP_002659773.1	O51173	reviewed	Borreliella burgdorferi (strain ATCC 35210 / DSM 4680 / CIP 102532 / B31) (Borrelia burgdorferi)	Bacterial flagellum;Coiled coil;Periplasm;Reference proteome	665
WP_002660553.1	P52609	reviewed	Borreliella burgdorferi (strain ATCC 35210 / DSM 4680 / CIP 102532 / B31) (Borrelia burgdorferi)	Bacterial flagellum;Reference proteome	111
WP_002660553.1	A0A826GXM0	unreviewed	[Borrelia] finlandensis	Bacterial flagellum;Cell projection;Cilium;Flagellum;Reference proteome	111
WP_002660668.1	O51305	unreviewed	Borreliella burgdorferi (strain ATCC 35210 / DSM 4680 / CIP 102532 / B31) (Borrelia burgdorferi)	Membrane;Reference proteome;Transmembrane;Transmembrane helix	931
WP_002661849.1	Q44848	reviewed	Borreliella burgdorferi (strain ATCC 35210 / DSM 4680 / CIP 102532 / B31) (Borrelia burgdorferi)	ATP-binding;Nucleotide-binding;Reference proteome;Repeat;Transport	486
WP_002661938.1	A0A7W9ZN57	unreviewed	Borreliella californiensis	Bacterial flagellum;Cell projection;Cilium;Coiled coil;Flagellum;Periplasm;Reference proteome	336
WP_002665200.1	P52608	reviewed	Borreliella burgdorferi (strain ATCC 35210 / DSM 4680 / CIP 102532 / B31) (Borrelia burgdorferi)	Bacterial flagellum;Reference proteome	135
WP_002665214.1	Q44904	reviewed	Borreliella burgdorferi (strain ATCC 35210 / DSM 4680 / CIP 102532 / B31) (Borrelia burgdorferi)	Bacterial flagellum biogenesis;Reference proteome	208
WP_002665219.1	Q44769	unreviewed	Borreliella burgdorferi (strain ATCC 35210 / DSM 4680 / CIP 102532 / B31) (Borrelia burgdorferi)	Cell projection;Cilium;Flagellum;Reference proteome	392
WP_002665266.1	H7C7P0	unreviewed	Borreliella burgdorferi (strain ATCC 35210 / DSM 4680 / CIP 102532 / B31) (Borrelia burgdorferi)	Cell projection;Cilium;Coiled coil;Flagellum;Membrane;Reference proteome;Transmembrane;Transmembrane helix	205
WP_002665319.1	O51283	unreviewed	Borreliella burgdorferi (strain ATCC 35210 / DSM 4680 / CIP 102532 / B31) (Borrelia burgdorferi)	Cell projection;Cilium;Flagellum;Reference proteome	143
WP_002893737	A0A0H3GTQ5	unreviewed	Klebsiella pneumoniae subsp. pneumoniae (strain HS11286)	ATP-binding;Cell membrane;Ion transport;Iron;Iron transport;Membrane;Nucleotide-binding;Reference proteome;Transport	264
WP_002893737	A0ABY6WT63	unreviewed	Klebsiella quasivariicola	ATP-binding;Cell membrane;Ion transport;Iron;Iron transport;Membrane;Nucleotide-binding;Reference proteome;Transport	264
WP_002893737	A0ACD4AJT1	unreviewed	Klebsiella africana	ATP-binding;Cell membrane;Ion transport;Iron;Iron transport;Membrane;Nucleotide-binding;Reference proteome;Transport	264
WP_002893737	A6T635	unreviewed	Klebsiella pneumoniae subsp. pneumoniae (strain ATCC 700721 / MGH 78578)	ATP-binding;Cell membrane;Ion transport;Iron;Iron transport;Membrane;Nucleotide-binding;Reference proteome;Transport	264
WP_002902160	A0A0H3GMC3	unreviewed	Klebsiella pneumoniae subsp. pneumoniae (strain HS11286)	Reference proteome	163
WP_002902160	A0A223UC57	unreviewed	Klebsiella quasivariicola	Reference proteome	163
WP_002902160	A0ACD4AHP3	unreviewed	Klebsiella africana	Reference proteome	163
WP_002902160	A6T838	unreviewed	Klebsiella pneumoniae subsp. pneumoniae (strain ATCC 700721 / MGH 78578)	Reference proteome	163
WP_002911561	A0A0H3GQD4	unreviewed	Klebsiella pneumoniae subsp. pneumoniae (strain HS11286)	DNA-binding;Reference proteome;Sensory transduction;Transcription;Transcription regulation	207
WP_002911561	A6TB73	unreviewed	Klebsiella pneumoniae subsp. pneumoniae (strain ATCC 700721 / MGH 78578)	DNA-binding;Reference proteome;Sensory transduction;Transcription;Transcription regulation	207
WP_002911561	H2CZK1	unreviewed	Klebsiella pneumoniae subsp. pneumoniae	DNA-binding;Sensory transduction;Transcription;Transcription regulation	207
WP_002912373	A0A0H3GSI2	unreviewed	Klebsiella pneumoniae subsp. pneumoniae (strain HS11286)	Cell inner membrane;Cell membrane;Membrane;Reference proteome;Transmembrane;Transmembrane helix;Transport	255
WP_002912373	A0A223UIN3	unreviewed	Klebsiella quasivariicola	Cell inner membrane;Cell membrane;Membrane;Reference proteome;Transmembrane;Transmembrane helix;Transport	255
WP_002912373	A0ACD4AT21	unreviewed	Klebsiella africana	Cell inner membrane;Cell membrane;Membrane;Reference proteome;Transmembrane;Transmembrane helix;Transport	255
WP_002912373	A0A377ZBH3	unreviewed	Klebsiella pneumoniae subsp. ozaenae	Cell inner membrane;Cell membrane;Membrane;Reference proteome;Transmembrane;Transmembrane helix;Transport	255
WP_002913007	A0A0H3GVM1	unreviewed	Klebsiella pneumoniae subsp. pneumoniae (strain HS11286)	DNA-binding;Phosphoprotein;Reference proteome;Transcription;Transcription regulation;Two-component regulatory system	216
WP_002913007	A0AAJ5UFP1	unreviewed	Klebsiella electrica	DNA-binding;Phosphoprotein;Reference proteome;Transcription;Transcription regulation;Two-component regulatory system	216
WP_002913007	A0A2N4VH32	unreviewed	Klebsiella quasipneumoniae	DNA-binding;Phosphoprotein;Reference proteome;Transcription;Transcription regulation;Two-component regulatory system	216
WP_002913007	A0ACD4AS12	unreviewed	Klebsiella africana	DNA-binding;Phosphoprotein;Reference proteome;Transcription;Transcription regulation;Two-component regulatory system	216
WP_002913007	A6TBT4	unreviewed	Klebsiella pneumoniae subsp. pneumoniae (strain ATCC 700721 / MGH 78578)	DNA-binding;Phosphoprotein;Reference proteome;Transcription;Transcription regulation;Two-component regulatory system	216
WP_002913007	A0A1Y6GE49	unreviewed	Klebsiella ornithinolytica (Raoultella ornithinolytica)	DNA-binding;Phosphoprotein;Reference proteome;Transcription;Transcription regulation;Two-component regulatory system	216
WP_002913007	A0A377ZCT2	unreviewed	Klebsiella pneumoniae subsp. ozaenae	DNA-binding;Phosphoprotein;Reference proteome;Transcription;Transcription regulation;Two-component regulatory system	216
WP_002913007	A0A2X2EHC5	unreviewed	Klebsiella planticola (Raoultella planticola)	DNA-binding;Phosphoprotein;Reference proteome;Transcription;Transcription regulation;Two-component regulatory system	216
WP_002916079	A0A0H3H2G3	unreviewed	Klebsiella pneumoniae subsp. pneumoniae (strain HS11286)	DNA-binding;Reference proteome;Transcription;Transcription regulation	190
WP_002916079	A6TDK0	unreviewed	Klebsiella pneumoniae subsp. pneumoniae (strain ATCC 700721 / MGH 78578)	DNA-binding;Reference proteome;Transcription;Transcription regulation	190
WP_002916122	A0A0H3GY00	unreviewed	Klebsiella pneumoniae subsp. pneumoniae (strain HS11286)	Reference proteome;Signal	211
WP_002916122	A6TDK2	unreviewed	Klebsiella pneumoniae subsp. pneumoniae (strain ATCC 700721 / MGH 78578)	Reference proteome;Signal	211
WP_002916122	A0A0W8ANM7	unreviewed	Klebsiella pneumoniae	Signal	211
WP_002916189	A0A0H3GY09	unreviewed	Klebsiella pneumoniae subsp. pneumoniae (strain HS11286)	Cell projection;Cilium;DNA integration;DNA recombination;Fimbrium biogenesis;Flagellum;Reference proteome;Transcription;Transcription regulation	202
WP_002916190	A0A0H3GUZ2	unreviewed	Klebsiella pneumoniae subsp. pneumoniae (strain HS11286)	Disulfide bond;Fimbrium;Reference proteome;Signal	182
WP_002916190	A6TDL4	unreviewed	Klebsiella pneumoniae subsp. pneumoniae (strain ATCC 700721 / MGH 78578)	Disulfide bond;Fimbrium;Reference proteome;Signal	182
WP_002916871.1	A0A0H3H386	unreviewed	Klebsiella pneumoniae subsp. pneumoniae (strain HS11286)	Cytoplasm;Hydrolase;Reference proteome	100
WP_002916871.1	A0A1C1EY59	unreviewed	Klebsiella quasipneumoniae	Cytoplasm;Hydrolase;Reference proteome	100
WP_002916871.1	A0A223U5V5	unreviewed	Klebsiella quasivariicola	Cytoplasm;Hydrolase;Reference proteome	100
WP_002916871.1	A0ACD4AQ39	unreviewed	Klebsiella africana	Cytoplasm;Hydrolase;Reference proteome	100
WP_002916871.1	A6TE40	reviewed	Klebsiella pneumoniae subsp. pneumoniae (strain ATCC 700721 / MGH 78578)	Cytoplasm;Hydrolase;Reference proteome	100
WP_002916871.1	B5XU29	reviewed	Klebsiella variicola (strain 342) (Klebsiella pneumoniae)	Cytoplasm;Hydrolase	100
WP_002916871.1	A0A377Z4W8	unreviewed	Klebsiella pneumoniae subsp. ozaenae	Cytoplasm;Hydrolase;Reference proteome	100
WP_002916872.1	A0A0H3GTG6	unreviewed	Klebsiella pneumoniae subsp. pneumoniae (strain HS11286)	Cytoplasm;Hydrolase;Reference proteome	106
WP_002916872.1	A6TE41	reviewed	Klebsiella pneumoniae subsp. pneumoniae (strain ATCC 700721 / MGH 78578)	Cytoplasm;Hydrolase;Reference proteome	106
WP_002916872.1	W9BBU3	unreviewed	Klebsiella pneumoniae	3D-structure;Cytoplasm;Hydrolase	106
WP_002916875.1	A0A0H3GXT1	unreviewed	Klebsiella pneumoniae subsp. pneumoniae (strain HS11286)	Chaperone;Cytoplasm;Nickel;Reference proteome	158
WP_002916877.1	A0A0H3H391	unreviewed	Klebsiella pneumoniae subsp. pneumoniae (strain HS11286)	Chaperone;Cytoplasm;GTP-binding;Nickel insertion;Nucleotide-binding;Reference proteome	205
WP_002916877.1	A0A223U647	unreviewed	Klebsiella quasivariicola	Chaperone;Cytoplasm;GTP-binding;Nickel insertion;Nucleotide-binding;Reference proteome	205
WP_002916877.1	A0ACD4AQ19	unreviewed	Klebsiella africana	Chaperone;Cytoplasm;GTP-binding;Nickel insertion;Nucleotide-binding;Reference proteome	205
WP_002916877.1	A6TE45	reviewed	Klebsiella pneumoniae subsp. pneumoniae (strain ATCC 700721 / MGH 78578)	Chaperone;Cytoplasm;GTP-binding;Nickel insertion;Nucleotide-binding;Reference proteome	205
WP_002916877.1	B5XU24	reviewed	Klebsiella variicola (strain 342) (Klebsiella pneumoniae)	Chaperone;Cytoplasm;GTP-binding;Nickel insertion;Nucleotide-binding	205
WP_002916877.1	A0A377Z146	unreviewed	Klebsiella pneumoniae subsp. ozaenae	Chaperone;Cytoplasm;GTP-binding;Nickel insertion;Nucleotide-binding;Reference proteome	205
WP_002963616	A0AAW7B2L4	unreviewed	Brucella inopinata	Cytoplasm;Fatty acid biosynthesis;Fatty acid metabolism;Lipid biosynthesis;Lipid metabolism;Phosphopantetheine;Phosphoprotein;Reference proteome	78
WP_002963616	A0A364K0C2	unreviewed	Falsochrobactrum ovis	Cytoplasm;Fatty acid biosynthesis;Fatty acid metabolism;Lipid biosynthesis;Lipid metabolism;Phosphopantetheine;Phosphoprotein;Reference proteome	78
WP_002963616	A0ABU8PAP5	unreviewed	Ochrobactrum vermis	Cytoplasm;Fatty acid biosynthesis;Fatty acid metabolism;Lipid biosynthesis;Lipid metabolism;Phosphopantetheine;Phosphoprotein;Reference proteome	78
WP_002963616	P63438	reviewed	Brucella suis biovar 1 (strain 1330)	Cytoplasm;Fatty acid biosynthesis;Fatty acid metabolism;Lipid biosynthesis;Lipid metabolism;Phosphopantetheine;Phosphoprotein;Reference proteome	78
WP_002963616	A0A502BR48	unreviewed	Brucella gallinifaecis	Cytoplasm;Fatty acid biosynthesis;Fatty acid metabolism;Lipid biosynthesis;Lipid metabolism;Phosphopantetheine;Phosphoprotein;Reference proteome	78
WP_002963616	A0A316JCU2	unreviewed	Falsochrobactrum shanghaiense	Cytoplasm;Fatty acid biosynthesis;Fatty acid metabolism;Lipid biosynthesis;Lipid metabolism;Phosphopantetheine;Phosphoprotein;Reference proteome	78
WP_002963616	P63437	reviewed	Brucella melitensis biotype 1 (strain ATCC 23456 / CCUG 17765 / NCTC 10094 / 16M)	Cytoplasm;Fatty acid biosynthesis;Fatty acid metabolism;Lipid biosynthesis;Lipid metabolism;Phosphopantetheine;Phosphoprotein;Reference proteome	78
WP_002963616	A0A371XJD3	unreviewed	Mesorhizobium denitrificans	Cytoplasm;Fatty acid biosynthesis;Fatty acid metabolism;Lipid biosynthesis;Lipid metabolism;Phosphopantetheine;Phosphoprotein;Reference proteome	78
WP_002963616	A0A2P9HKT3	unreviewed	Ochrobactrum soli	Cytoplasm;Fatty acid biosynthesis;Fatty acid metabolism;Lipid biosynthesis;Lipid metabolism;Phosphopantetheine;Phosphoprotein;Reference proteome	78
WP_002963616	A0ABD5JXZ1	unreviewed	Ochrobactrum teleogrylli	Cytoplasm;Fatty acid biosynthesis;Fatty acid metabolism;Lipid biosynthesis;Lipid metabolism;Phosphopantetheine;Phosphoprotein;Reference proteome	78
WP_002963616	A0A256GNH0	unreviewed	Brucella lupini	Cytoplasm;Fatty acid biosynthesis;Fatty acid metabolism;Lipid biosynthesis;Lipid metabolism;Phosphopantetheine;Phosphoprotein;Reference proteome	78
WP_002963616	Q57EQ8	reviewed	Brucella abortus biovar 1 (strain 9-941)	Cytoplasm;Fatty acid biosynthesis;Fatty acid metabolism;Lipid biosynthesis;Lipid metabolism;Phosphopantetheine;Phosphoprotein	78
WP_002963616	A0A949PMF7	unreviewed	Falsochrobactrum tianjinense	Cytoplasm;Fatty acid biosynthesis;Fatty acid metabolism;Lipid biosynthesis;Lipid metabolism;Phosphopantetheine;Phosphoprotein;Reference proteome	78
WP_002963616	A0A248UKS2	unreviewed	Ochrobactrum quorumnocens	Cytoplasm;Fatty acid biosynthesis;Fatty acid metabolism;Lipid biosynthesis;Lipid metabolism;Phosphopantetheine;Phosphoprotein;Reference proteome	78
WP_002963616	A0ABS0SAF3	unreviewed	Aquamicrobium zhengzhouense	Cytoplasm;Fatty acid biosynthesis;Fatty acid metabolism;Lipid biosynthesis;Lipid metabolism;Phosphopantetheine;Phosphoprotein;Reference proteome	78
WP_002963616	A0ABT3QJW9	unreviewed	Ochrobactrum chromiisoli	Cytoplasm;Fatty acid biosynthesis;Fatty acid metabolism;Lipid biosynthesis;Lipid metabolism;Phosphopantetheine;Phosphoprotein;Reference proteome	78
WP_002963616	A0A2S7J2N8	unreviewed	Brucella oryzae	Cytoplasm;Fatty acid biosynthesis;Fatty acid metabolism;Lipid biosynthesis;Lipid metabolism;Phosphopantetheine;Phosphoprotein;Reference proteome	78
WP_002963616	A0A7W8ANX9	unreviewed	Pseudochrobactrum saccharolyticum	Cytoplasm;Fatty acid biosynthesis;Fatty acid metabolism;Lipid biosynthesis;Lipid metabolism;Phosphopantetheine;Phosphoprotein;Reference proteome	78
WP_002963616	Q2YMG5	reviewed	Brucella abortus (strain 2308)	Cytoplasm;Fatty acid biosynthesis;Fatty acid metabolism;Lipid biosynthesis;Lipid metabolism;Phosphopantetheine;Phosphoprotein;Reference proteome	78
WP_002963616	A0ABY5UBC1	unreviewed	Brucella pseudintermedia	Cytoplasm;Fatty acid biosynthesis;Fatty acid metabolism;Lipid biosynthesis;Lipid metabolism;Phosphopantetheine;Phosphoprotein;Reference proteome	78
WP_002963616	A0ABX1DUE2	unreviewed	Brucella ciceri	Cytoplasm;Fatty acid biosynthesis;Fatty acid metabolism;Lipid biosynthesis;Lipid metabolism;Phosphopantetheine;Phosphoprotein;Reference proteome	78
WP_002963616	A0A1J6HYA5	unreviewed	Brucella cytisi	Cytoplasm;Fatty acid biosynthesis;Fatty acid metabolism;Lipid biosynthesis;Lipid metabolism;Phosphopantetheine;Phosphoprotein;Reference proteome	78
WP_002963616	A0ABX1DK59	unreviewed	Brucella haematophila	Cytoplasm;Fatty acid biosynthesis;Fatty acid metabolism;Lipid biosynthesis;Lipid metabolism;Phosphopantetheine;Phosphoprotein;Reference proteome	78
WP_002963616	A0A1A9FI23	unreviewed	Brucella pseudogrignonensis	Cytoplasm;Fatty acid biosynthesis;Fatty acid metabolism;Lipid biosynthesis;Lipid metabolism;Phosphopantetheine;Phosphoprotein;Reference proteome	78
WP_002963616	A0ABU1M763	unreviewed	Brucella pseudogrignonensis	Cytoplasm;Fatty acid biosynthesis;Fatty acid metabolism;Lipid biosynthesis;Lipid metabolism;Phosphopantetheine;Phosphoprotein;Reference proteome	78
WP_002963616	B2S9V7	reviewed	Brucella abortus (strain S19)	Cytoplasm;Fatty acid biosynthesis;Fatty acid metabolism;Lipid biosynthesis;Lipid metabolism;Phosphopantetheine;Phosphoprotein	78
WP_002963616	A6WWE9	unreviewed	Brucella anthropi (strain ATCC 49188 / DSM 6882 / CCUG 24695 / JCM 21032 / LMG 3331 / NBRC 15819 / NCTC 12168 / Alc 37) (Ochrobactrum anthropi)	Cytoplasm;Fatty acid biosynthesis;Fatty acid metabolism;Lipid biosynthesis;Lipid metabolism;Phosphopantetheine;Phosphoprotein;Reference proteome	78
WP_002963616	A5VP30	reviewed	Brucella ovis (strain ATCC 25840 / 63/290 / NCTC 10512)	Cytoplasm;Fatty acid biosynthesis;Fatty acid metabolism;Lipid biosynthesis;Lipid metabolism;Phosphopantetheine;Phosphoprotein;Reference proteome	78
WP_002963616	B0CKE3	reviewed	Brucella suis (strain ATCC 23445 / NCTC 10510)	Cytoplasm;Fatty acid biosynthesis;Fatty acid metabolism;Lipid biosynthesis;Lipid metabolism;Phosphopantetheine;Phosphoprotein	78
WP_002963616	A9M8Y2	reviewed	Brucella canis (strain ATCC 23365 / NCTC 10854 / RM-666)	Cytoplasm;Fatty acid biosynthesis;Fatty acid metabolism;Lipid biosynthesis;Lipid metabolism;Phosphopantetheine;Phosphoprotein;Reference proteome	78
WP_002963616	A0A7U8K8M0	unreviewed	Brucella neotomae 5K33	Cytoplasm;Fatty acid biosynthesis;Fatty acid metabolism;Lipid biosynthesis;Lipid metabolism;Phosphopantetheine;Phosphoprotein;Reference proteome	78
WP_002963616	A0ABM9ZAX4	unreviewed	Brucella ceti M644/93/1	Cytoplasm;Fatty acid biosynthesis;Fatty acid metabolism;Lipid biosynthesis;Lipid metabolism;Phosphopantetheine;Phosphoprotein;Reference proteome	78
WP_002963616	A0ABM9ZJB2	unreviewed	Brucella pinnipedialis (strain NCTC 12890 / B2/94 / BCCN 94-73)	Cytoplasm;Fatty acid biosynthesis;Fatty acid metabolism;Lipid biosynthesis;Lipid metabolism;Phosphopantetheine;Phosphoprotein;Reference proteome	78
WP_002963616	A0A0J9WZH6	unreviewed	Brucella melitensis bv. 3 str. Ether	3D-structure;Cytoplasm;Fatty acid biosynthesis;Fatty acid metabolism;Lipid biosynthesis;Lipid metabolism;Phosphopantetheine;Phosphoprotein	78
WP_002963616	C0RHG7	reviewed	Brucella melitensis biotype 2 (strain ATCC 23457)	Cytoplasm;Fatty acid biosynthesis;Fatty acid metabolism;Lipid biosynthesis;Lipid metabolism;Phosphopantetheine;Phosphoprotein	78
WP_002963616	C7LGF4	unreviewed	Brucella microti (strain BCCN 7-01 / CAPM 6434 / CCM 4915)	Cytoplasm;Fatty acid biosynthesis;Fatty acid metabolism;Lipid biosynthesis;Lipid metabolism;Phosphopantetheine;Phosphoprotein;Reference proteome	78
WP_002963616	A0A256F6S0	unreviewed	Brucella rhizosphaerae	Cytoplasm;Fatty acid biosynthesis;Fatty acid metabolism;Lipid biosynthesis;Lipid metabolism;Phosphopantetheine;Phosphoprotein;Reference proteome	78
WP_002963616	A0A256FZQ9	unreviewed	Brucella thiophenivorans	Cytoplasm;Fatty acid biosynthesis;Fatty acid metabolism;Lipid biosynthesis;Lipid metabolism;Phosphopantetheine;Phosphoprotein;Reference proteome	78
WP_002963616	A0A643F605	unreviewed	Brucella pituitosa	Cytoplasm;Fatty acid biosynthesis;Fatty acid metabolism;Lipid biosynthesis;Lipid metabolism;Phosphopantetheine;Phosphoprotein;Reference proteome	78
WP_002963616	A0A7W9AZE4	unreviewed	Brucella daejeonensis	Cytoplasm;Fatty acid biosynthesis;Fatty acid metabolism;Lipid biosynthesis;Lipid metabolism;Phosphopantetheine;Phosphoprotein;Reference proteome	78
WP_002963616	A0A5C5CQI3	unreviewed	Brucella pecoris	Cytoplasm;Fatty acid biosynthesis;Fatty acid metabolism;Lipid biosynthesis;Lipid metabolism;Phosphopantetheine;Phosphoprotein;Reference proteome	78
WP_002963616	A0A5N7NTK7	unreviewed	Brucella intermedia	Cytoplasm;Fatty acid biosynthesis;Fatty acid metabolism;Lipid biosynthesis;Lipid metabolism;Phosphopantetheine;Phosphoprotein;Reference proteome	78
WP_002963616	A0A6N6QM02	unreviewed	Brucella tritici	Cytoplasm;Fatty acid biosynthesis;Fatty acid metabolism;Lipid biosynthesis;Lipid metabolism;Phosphopantetheine;Phosphoprotein;Reference proteome	78
WP_002963616	A0A256F7W7	unreviewed	Brucella grignonensis	Cytoplasm;Fatty acid biosynthesis;Fatty acid metabolism;Lipid biosynthesis;Lipid metabolism;Phosphopantetheine;Phosphoprotein;Reference proteome	78
WP_002963669	A0A0H3G295	unreviewed	Brucella suis biovar 1 (strain 1330)	Cell membrane;Magnesium;Membrane;Metal-binding;Reference proteome;Transferase;Transmembrane;Transmembrane helix	335
WP_002963669	Q8YFU4	unreviewed	Brucella melitensis biotype 1 (strain ATCC 23456 / CCUG 17765 / NCTC 10094 / 16M)	Cell membrane;Glycosyltransferase;Magnesium;Membrane;Metal-binding;Reference proteome;Transferase;Transmembrane;Transmembrane helix	335
WP_002963669	Q2YML9	unreviewed	Brucella abortus (strain 2308)	Cell membrane;Glycosyltransferase;Magnesium;Membrane;Metal-binding;Reference proteome;Transferase;Transmembrane;Transmembrane helix	335
WP_002963669	A0A7U8K8W1	unreviewed	Brucella neotomae 5K33	Cell membrane;Magnesium;Membrane;Metal-binding;Reference proteome;Transferase;Transmembrane;Transmembrane helix	335
WP_002963669	A0ABM9ZJ43	unreviewed	Brucella pinnipedialis (strain NCTC 12890 / B2/94 / BCCN 94-73)	Cell membrane;Magnesium;Membrane;Metal-binding;Reference proteome;Transferase;Transmembrane;Transmembrane helix	335
WP_002963675	A0AAW7B3C7	unreviewed	Brucella inopinata	Reference proteome	259
WP_002963675	F8WJP6	reviewed	Brucella melitensis biotype 1 (strain ATCC 23456 / CCUG 17765 / NCTC 10094 / 16M)	3D-structure;Lipopolysaccharide biosynthesis;Reference proteome;Transferase	259
WP_002963675	Q2YML4	reviewed	Brucella abortus (strain 2308)	Lipopolysaccharide biosynthesis;Reference proteome;Transferase	259
WP_002963675	A0A0H3AMT8	unreviewed	Brucella ovis (strain ATCC 25840 / 63/290 / NCTC 10512)	Reference proteome	259
WP_002963675	A9M942	unreviewed	Brucella canis (strain ATCC 23365 / NCTC 10854 / RM-666)	Reference proteome	259
WP_002963675	A0ABM9ZAK1	unreviewed	Brucella ceti M644/93/1	Reference proteome	259
WP_002963675	A0ABM9ZK83	unreviewed	Brucella pinnipedialis (strain NCTC 12890 / B2/94 / BCCN 94-73)	Reference proteome	259
WP_002963675	C7LAI6	unreviewed	Brucella microti (strain BCCN 7-01 / CAPM 6434 / CCM 4915)	Reference proteome;Transferase	259
WP_002963676	F8WJN9	unreviewed	Brucella melitensis biotype 1 (strain ATCC 23456 / CCUG 17765 / NCTC 10094 / 16M)	Reference proteome	284
WP_002963676	Q9ZHX1	unreviewed	Brucella melitensis		284
WP_002963676	Q2YMP7	unreviewed	Brucella abortus (strain 2308)	Reference proteome	284
WP_002963677	F8WJX9	unreviewed	Brucella melitensis biotype 1 (strain ATCC 23456 / CCUG 17765 / NCTC 10094 / 16M)	ATP-binding;Nucleotide-binding;Reference proteome;Transport	252
WP_002963677	Q9ZHX2	unreviewed	Brucella melitensis	ATP-binding;Nucleotide-binding;Transport	252
WP_002963677	A9M944	unreviewed	Brucella canis (strain ATCC 23365 / NCTC 10854 / RM-666)	ATP-binding;Nucleotide-binding;Reference proteome;Transport	252
WP_002963677	A0A7U8K999	unreviewed	Brucella neotomae 5K33	ATP-binding;Nucleotide-binding;Reference proteome;Transport	252
WP_002963677	C7LAI8	unreviewed	Brucella microti (strain BCCN 7-01 / CAPM 6434 / CCM 4915)	ATP-binding;Nucleotide-binding;Reference proteome;Transport	252
WP_002963679	O68392	unreviewed	Brucella melitensis	Aminotransferase;Pyridoxal phosphate;Transferase	367
WP_002963679	Q2YMP4	unreviewed	Brucella abortus (strain 2308)	Aminotransferase;Pyridoxal phosphate;Reference proteome;Transferase	367
WP_002963680	A0A0H3G6C6	unreviewed	Brucella suis biovar 1 (strain 1330)	Lyase;NADP;Nodulation;Reference proteome	362
WP_002963680	F8WJX8	unreviewed	Brucella melitensis biotype 1 (strain ATCC 23456 / CCUG 17765 / NCTC 10094 / 16M)	Lyase;NADP;Nodulation;Reference proteome	362
WP_002963680	Q9R966	unreviewed	Brucella melitensis	Lyase;NADP;Nodulation	362
WP_002963680	Q2YMP3	unreviewed	Brucella abortus (strain 2308)	3D-structure;Lyase;NADP;Nodulation;Nucleotide-binding;Reference proteome	362
WP_002963680	A9M947	unreviewed	Brucella canis (strain ATCC 23365 / NCTC 10854 / RM-666)	Lyase;NADP;Nodulation;Reference proteome	362
WP_002963680	A0ABM9ZAK9	unreviewed	Brucella ceti M644/93/1	Lyase;NADP;Nodulation;Reference proteome	362
WP_002963680	A0ABM9ZJI9	unreviewed	Brucella pinnipedialis (strain NCTC 12890 / B2/94 / BCCN 94-73)	Lyase;NADP;Nodulation;Reference proteome	362
WP_002963680	C7LAJ1	unreviewed	Brucella microti (strain BCCN 7-01 / CAPM 6434 / CCM 4915)	Lyase;NADP;Nodulation;Reference proteome	362
WP_002963690	A0A0H3GAI0	unreviewed	Brucella suis biovar 1 (strain 1330)	Isomerase;Reference proteome	390
WP_002963690	A0ABM9ZAW0	unreviewed	Brucella ceti M644/93/1	Isomerase;Reference proteome	390
WP_002963690	A0ABM9ZK92	unreviewed	Brucella pinnipedialis (strain NCTC 12890 / B2/94 / BCCN 94-73)	Isomerase;Reference proteome	390
WP_002963690	C7LAK3	unreviewed	Brucella microti (strain BCCN 7-01 / CAPM 6434 / CCM 4915)	Isomerase;Reference proteome	390
WP_002963876	A9MAB8	unreviewed	Brucella canis (strain ATCC 23365 / NCTC 10854 / RM-666)	Reference proteome	292
WP_002963876	A0ABM9ZDM0	unreviewed	Brucella ceti M644/93/1	Reference proteome	292
WP_002963876	A0ABM9ZK91	unreviewed	Brucella pinnipedialis (strain NCTC 12890 / B2/94 / BCCN 94-73)	Reference proteome	292
WP_002963960.1	A0A0H3G6C2	unreviewed	Brucella suis biovar 1 (strain 1330)	Reference proteome;Signal	137
WP_002963960.1	Q8YGM3	unreviewed	Brucella melitensis biotype 1 (strain ATCC 23456 / CCUG 17765 / NCTC 10094 / 16M)	Reference proteome	137
WP_002963960.1	Q2YNH3	unreviewed	Brucella abortus (strain 2308)	Reference proteome;Signal	137
WP_002963960.1	A0A0H3AQ01	unreviewed	Brucella ovis (strain ATCC 25840 / 63/290 / NCTC 10512)	Reference proteome;Signal	137
WP_002963960.1	A9MAK4	unreviewed	Brucella canis (strain ATCC 23365 / NCTC 10854 / RM-666)	Reference proteome;Signal	137
WP_002963960.1	A0A7U8K990	unreviewed	Brucella neotomae 5K33	Reference proteome;Signal	137
WP_002963960.1	A0ABM9ZDX8	unreviewed	Brucella ceti M644/93/1	Reference proteome;Signal	137
WP_002963960.1	A0ABM9ZK64	unreviewed	Brucella pinnipedialis (strain NCTC 12890 / B2/94 / BCCN 94-73)	Reference proteome;Signal	137
WP_002963960.1	C7LBD2	unreviewed	Brucella microti (strain BCCN 7-01 / CAPM 6434 / CCM 4915)	Reference proteome;Signal	137
WP_002963985	A0AAW7B437	unreviewed	Brucella inopinata	Fatty acid biosynthesis;Fatty acid metabolism;Lipid biosynthesis;Lipid metabolism;Phosphopantetheine;Phosphoprotein;Reference proteome	93
WP_002963985	P63451	reviewed	Brucella suis biovar 1 (strain 1330)	Cytoplasm;Fatty acid biosynthesis;Fatty acid metabolism;Lipid A biosynthesis;Lipid biosynthesis;Lipid metabolism;Phosphopantetheine;Phosphoprotein;Reference proteome	93
WP_002963985	P63450	reviewed	Brucella melitensis biotype 1 (strain ATCC 23456 / CCUG 17765 / NCTC 10094 / 16M)	Cytoplasm;Fatty acid biosynthesis;Fatty acid metabolism;Lipid A biosynthesis;Lipid biosynthesis;Lipid metabolism;Phosphopantetheine;Phosphoprotein;Reference proteome	93
WP_002963985	Q2YNI3	unreviewed	Brucella abortus (strain 2308)	Fatty acid biosynthesis;Fatty acid metabolism;Lipid biosynthesis;Lipid metabolism;Phosphopantetheine;Phosphoprotein;Reference proteome	93
WP_002963985	A0A0H3AN79	unreviewed	Brucella ovis (strain ATCC 25840 / 63/290 / NCTC 10512)	Fatty acid biosynthesis;Fatty acid metabolism;Lipid biosynthesis;Lipid metabolism;Phosphopantetheine;Phosphoprotein;Reference proteome	93
WP_002963985	A9MAN0	unreviewed	Brucella canis (strain ATCC 23365 / NCTC 10854 / RM-666)	Fatty acid biosynthesis;Fatty acid metabolism;Lipid biosynthesis;Lipid metabolism;Phosphopantetheine;Phosphoprotein;Reference proteome	93
WP_002963985	A0A7U8KB42	unreviewed	Brucella neotomae 5K33	Fatty acid biosynthesis;Fatty acid metabolism;Lipid biosynthesis;Lipid metabolism;Phosphopantetheine;Phosphoprotein;Reference proteome	93
WP_002963985	A0ABM9ZE54	unreviewed	Brucella ceti M644/93/1	Fatty acid biosynthesis;Fatty acid metabolism;Lipid biosynthesis;Lipid metabolism;Phosphopantetheine;Phosphoprotein;Reference proteome	93
WP_002963985	A0ABM9ZKX5	unreviewed	Brucella pinnipedialis (strain NCTC 12890 / B2/94 / BCCN 94-73)	Fatty acid biosynthesis;Fatty acid metabolism;Lipid biosynthesis;Lipid metabolism;Phosphopantetheine;Phosphoprotein;Reference proteome	93
WP_002963985	C7LBF7	unreviewed	Brucella microti (strain BCCN 7-01 / CAPM 6434 / CCM 4915)	Fatty acid biosynthesis;Fatty acid metabolism;Lipid biosynthesis;Lipid metabolism;Phosphopantetheine;Phosphoprotein;Reference proteome	93
WP_002964262	Q8YHF1	reviewed	Brucella melitensis biotype 1 (strain ATCC 23456 / CCUG 17765 / NCTC 10094 / 16M)	3D-structure;Cytoplasm;Lipopolysaccharide biosynthesis;Reference proteome;Transferase	277
WP_002964262	A5VQQ8	reviewed	Brucella ovis (strain ATCC 25840 / 63/290 / NCTC 10512)	Cytoplasm;Lipopolysaccharide biosynthesis;Reference proteome;Transferase	277
WP_002964262	A0ABM9ZEG6	unreviewed	Brucella ceti M644/93/1	Cytoplasm;Lipopolysaccharide biosynthesis;Reference proteome;Transferase	277
WP_002964262	A0ABM9ZLG9	unreviewed	Brucella pinnipedialis (strain NCTC 12890 / B2/94 / BCCN 94-73)	Cytoplasm;Lipopolysaccharide biosynthesis;Reference proteome;Transferase	277
WP_002964262	C0RJA4	reviewed	Brucella melitensis biotype 2 (strain ATCC 23457)	Cytoplasm;Lipopolysaccharide biosynthesis;Transferase	277
WP_002964262	C7LC85	unreviewed	Brucella microti (strain BCCN 7-01 / CAPM 6434 / CCM 4915)	Cytoplasm;Lipopolysaccharide biosynthesis;Reference proteome;Transferase	277
WP_002964277	A0A0H3G790	unreviewed	Brucella suis biovar 1 (strain 1330)	Glycosyltransferase;Lipid A biosynthesis;Lipid biosynthesis;Lipid metabolism;Reference proteome;Transferase	395
WP_002964277	Q8YHG6	unreviewed	Brucella melitensis biotype 1 (strain ATCC 23456 / CCUG 17765 / NCTC 10094 / 16M)	Glycosyltransferase;Lipid A biosynthesis;Lipid biosynthesis;Lipid metabolism;Reference proteome;Transferase	395
WP_002964277	Q2YRQ7	unreviewed	Brucella abortus (strain 2308)	Glycosyltransferase;Lipid A biosynthesis;Lipid biosynthesis;Lipid metabolism;Reference proteome;Transferase	395
WP_002964277	A0A0H3APV7	unreviewed	Brucella ovis (strain ATCC 25840 / 63/290 / NCTC 10512)	Glycosyltransferase;Lipid A biosynthesis;Lipid biosynthesis;Lipid metabolism;Reference proteome;Transferase	395
WP_002964277	A9M5G2	unreviewed	Brucella canis (strain ATCC 23365 / NCTC 10854 / RM-666)	Glycosyltransferase;Lipid A biosynthesis;Lipid biosynthesis;Lipid metabolism;Reference proteome;Transferase	395
WP_002964277	A0ABM9ZLI2	unreviewed	Brucella pinnipedialis (strain NCTC 12890 / B2/94 / BCCN 94-73)	Glycosyltransferase;Lipid A biosynthesis;Lipid biosynthesis;Lipid metabolism;Reference proteome;Transferase	395
WP_002964277	C7LCA0	unreviewed	Brucella microti (strain BCCN 7-01 / CAPM 6434 / CCM 4915)	Glycosyltransferase;Lipid A biosynthesis;Lipid biosynthesis;Lipid metabolism;Reference proteome;Transferase	395
WP_002964279	P65321	reviewed	Brucella suis biovar 1 (strain 1330)	Acyltransferase;Cytoplasm;Lipid A biosynthesis;Lipid biosynthesis;Lipid metabolism;Reference proteome;Repeat;Transferase	278
WP_002964279	P65320	reviewed	Brucella melitensis biotype 1 (strain ATCC 23456 / CCUG 17765 / NCTC 10094 / 16M)	Acyltransferase;Cytoplasm;Lipid A biosynthesis;Lipid biosynthesis;Lipid metabolism;Reference proteome;Repeat;Transferase	278
WP_002964279	P0C110	reviewed	Brucella abortus biovar 1 (strain 9-941)	Acyltransferase;Cytoplasm;Lipid A biosynthesis;Lipid biosynthesis;Lipid metabolism;Repeat;Transferase	278
WP_002964279	Q2YRQ5	reviewed	Brucella abortus (strain 2308)	Acyltransferase;Cytoplasm;Lipid A biosynthesis;Lipid biosynthesis;Lipid metabolism;Reference proteome;Repeat;Transferase	278
WP_002964279	B2S601	reviewed	Brucella abortus (strain S19)	Acyltransferase;Cytoplasm;Lipid A biosynthesis;Lipid biosynthesis;Lipid metabolism;Repeat;Transferase	278
WP_002964279	A5VQS3	reviewed	Brucella ovis (strain ATCC 25840 / 63/290 / NCTC 10512)	Acyltransferase;Cytoplasm;Lipid A biosynthesis;Lipid biosynthesis;Lipid metabolism;Reference proteome;Repeat;Transferase	278
WP_002964279	B0CGU9	reviewed	Brucella suis (strain ATCC 23445 / NCTC 10510)	Acyltransferase;Cytoplasm;Lipid A biosynthesis;Lipid biosynthesis;Lipid metabolism;Repeat;Transferase	278
WP_002964279	A9M5G4	reviewed	Brucella canis (strain ATCC 23365 / NCTC 10854 / RM-666)	Acyltransferase;Cytoplasm;Lipid A biosynthesis;Lipid biosynthesis;Lipid metabolism;Reference proteome;Repeat;Transferase	278
WP_002964279	A0ABM9ZEQ2	unreviewed	Brucella ceti M644/93/1	Acyltransferase;Cytoplasm;Lipid A biosynthesis;Lipid biosynthesis;Lipid metabolism;Reference proteome;Repeat;Transferase	278
WP_002964279	A0ABM9ZL82	unreviewed	Brucella pinnipedialis (strain NCTC 12890 / B2/94 / BCCN 94-73)	Acyltransferase;Cytoplasm;Lipid A biosynthesis;Lipid biosynthesis;Lipid metabolism;Reference proteome;Repeat;Transferase	278
WP_002964279	C0RJC0	reviewed	Brucella melitensis biotype 2 (strain ATCC 23457)	Acyltransferase;Cytoplasm;Lipid A biosynthesis;Lipid biosynthesis;Lipid metabolism;Repeat;Transferase	278
WP_002964279	C7LCA2	unreviewed	Brucella microti (strain BCCN 7-01 / CAPM 6434 / CCM 4915)	Acyltransferase;Cytoplasm;Lipid A biosynthesis;Lipid biosynthesis;Lipid metabolism;Reference proteome;Repeat;Transferase	278
WP_002964281	P0A3P5	reviewed	Brucella suis biovar 1 (strain 1330)	Acyltransferase;Lipid A biosynthesis;Lipid biosynthesis;Lipid metabolism;Reference proteome;Repeat;Transferase	351
WP_002964281	P0A3P4	reviewed	Brucella melitensis biotype 1 (strain ATCC 23456 / CCUG 17765 / NCTC 10094 / 16M)	Acyltransferase;Lipid A biosynthesis;Lipid biosynthesis;Lipid metabolism;Reference proteome;Repeat;Transferase	351
WP_002964281	P0C111	reviewed	Brucella abortus biovar 1 (strain 9-941)	Acyltransferase;Lipid A biosynthesis;Lipid biosynthesis;Lipid metabolism;Repeat;Transferase	351
WP_002964281	Q2YRQ3	reviewed	Brucella abortus (strain 2308)	Acyltransferase;Lipid A biosynthesis;Lipid biosynthesis;Lipid metabolism;Reference proteome;Repeat;Transferase	351
WP_002964281	B2S603	reviewed	Brucella abortus (strain S19)	Acyltransferase;Lipid A biosynthesis;Lipid biosynthesis;Lipid metabolism;Repeat;Transferase	351
WP_002964281	A5VQS5	reviewed	Brucella ovis (strain ATCC 25840 / 63/290 / NCTC 10512)	Acyltransferase;Lipid A biosynthesis;Lipid biosynthesis;Lipid metabolism;Reference proteome;Repeat;Transferase	351
WP_002964281	B0CGV1	reviewed	Brucella suis (strain ATCC 23445 / NCTC 10510)	Acyltransferase;Lipid A biosynthesis;Lipid biosynthesis;Lipid metabolism;Repeat;Transferase	351
WP_002964281	A9M5G6	reviewed	Brucella canis (strain ATCC 23365 / NCTC 10854 / RM-666)	Acyltransferase;Lipid A biosynthesis;Lipid biosynthesis;Lipid metabolism;Reference proteome;Repeat;Transferase	351
WP_002964281	A0A7U8PWW1	unreviewed	Brucella neotomae 5K33	Acyltransferase;Lipid A biosynthesis;Lipid biosynthesis;Lipid metabolism;Reference proteome;Repeat;Transferase	351
WP_002964281	A0ABM9ZF19	unreviewed	Brucella ceti M644/93/1	Acyltransferase;Lipid A biosynthesis;Lipid biosynthesis;Lipid metabolism;Reference proteome;Repeat;Transferase	351
WP_002964281	A0ABM9ZLA6	unreviewed	Brucella pinnipedialis (strain NCTC 12890 / B2/94 / BCCN 94-73)	Acyltransferase;Lipid A biosynthesis;Lipid biosynthesis;Lipid metabolism;Reference proteome;Repeat;Transferase	351
WP_002964281	C0RJC2	reviewed	Brucella melitensis biotype 2 (strain ATCC 23457)	Acyltransferase;Lipid A biosynthesis;Lipid biosynthesis;Lipid metabolism;Repeat;Transferase	351
WP_002964281	C7LCA4	unreviewed	Brucella microti (strain BCCN 7-01 / CAPM 6434 / CCM 4915)	Acyltransferase;Lipid A biosynthesis;Lipid biosynthesis;Lipid metabolism;Reference proteome;Repeat;Transferase	351
WP_002964379.1	A0A7U8KAN2	unreviewed	Brucella neotomae 5K33	Hydrolase;Membrane;Reference proteome;Transmembrane;Transmembrane helix	242
WP_002964379.1	A0ABM9ZLF4	unreviewed	Brucella pinnipedialis (strain NCTC 12890 / B2/94 / BCCN 94-73)	Hydrolase;Membrane;Reference proteome;Transmembrane;Transmembrane helix	242
WP_002964382	A0A0H3G464	unreviewed	Brucella suis biovar 1 (strain 1330)	Reference proteome	175
WP_002964382	Q8YHR0	unreviewed	Brucella melitensis biotype 1 (strain ATCC 23456 / CCUG 17765 / NCTC 10094 / 16M)	Reference proteome	175
WP_002964382	Q2YQG1	unreviewed	Brucella abortus (strain 2308)	3D-structure;Metal-binding;Reference proteome;Transferase;Zinc	175
WP_002964382	A0A0H3APA2	unreviewed	Brucella ovis (strain ATCC 25840 / 63/290 / NCTC 10512)	Reference proteome	175
WP_002964382	A9M5S3	unreviewed	Brucella canis (strain ATCC 23365 / NCTC 10854 / RM-666)	Reference proteome	175
WP_002964382	A0ABM9ZLR2	unreviewed	Brucella pinnipedialis (strain NCTC 12890 / B2/94 / BCCN 94-73)	Reference proteome	175
WP_002964382	C7LCK7	unreviewed	Brucella microti (strain BCCN 7-01 / CAPM 6434 / CCM 4915)	Reference proteome	175
WP_002964609	A0A0H3G4L4	unreviewed	Brucella suis biovar 1 (strain 1330)	Glycosyltransferase;Reference proteome;Transferase	354
WP_002964609	Q8YID5	unreviewed	Brucella melitensis biotype 1 (strain ATCC 23456 / CCUG 17765 / NCTC 10094 / 16M)	Glycosyltransferase;Reference proteome;Transferase	354
WP_002964609	Q2YRN9	unreviewed	Brucella abortus (strain 2308)	Glycosyltransferase;Reference proteome;Transferase	354
WP_002964609	A0A0H3ATY8	unreviewed	Brucella ovis (strain ATCC 25840 / 63/290 / NCTC 10512)	Glycosyltransferase;Reference proteome;Transferase	354
WP_002964609	A9M6H0	unreviewed	Brucella canis (strain ATCC 23365 / NCTC 10854 / RM-666)	Glycosyltransferase;Reference proteome;Transferase	354
WP_002964609	A0A7U8KBH4	unreviewed	Brucella neotomae 5K33	Glycosyltransferase;Reference proteome;Transferase	354
WP_002964609	A0ABM9ZG18	unreviewed	Brucella ceti M644/93/1	Glycosyltransferase;Reference proteome;Transferase	354
WP_002964609	A0ABM9ZM37	unreviewed	Brucella pinnipedialis (strain NCTC 12890 / B2/94 / BCCN 94-73)	Glycosyltransferase;Reference proteome;Transferase	354
WP_002964609	C7LD96	unreviewed	Brucella microti (strain BCCN 7-01 / CAPM 6434 / CCM 4915)	Glycosyltransferase;Reference proteome;Transferase	354
WP_002964730	A0A0H3AQI6	unreviewed	Brucella ovis (strain ATCC 25840 / 63/290 / NCTC 10512)	Reference proteome;Signal	105
WP_002964730	A0A7U8KBJ7	unreviewed	Brucella neotomae 5K33	Reference proteome;Signal	105
WP_002964730	A0ABM9ZGU4	unreviewed	Brucella ceti M644/93/1	Reference proteome;Signal	105
WP_002964730	A0ABM9ZMN4	unreviewed	Brucella pinnipedialis (strain NCTC 12890 / B2/94 / BCCN 94-73)	Reference proteome;Signal	105
WP_002964730	C7LDM6	unreviewed	Brucella microti (strain BCCN 7-01 / CAPM 6434 / CCM 4915)	Reference proteome;Signal	105
WP_002964749.1	A0A0H3GCW5	unreviewed	Brucella suis biovar 1 (strain 1330)	Phosphoprotein;Reference proteome	264
WP_002964749.1	Q8YIS1	unreviewed	Brucella melitensis biotype 1 (strain ATCC 23456 / CCUG 17765 / NCTC 10094 / 16M)	Phosphoprotein;Reference proteome	264
WP_002964749.1	Q2YRH9	unreviewed	Brucella abortus (strain 2308)	3D-structure;Phosphoprotein;Reference proteome	264
WP_002964749.1	A9M7G1	unreviewed	Brucella canis (strain ATCC 23365 / NCTC 10854 / RM-666)	Phosphoprotein;Reference proteome	264
WP_002964749.1	A0A7U8KAW0	unreviewed	Brucella neotomae 5K33	Phosphoprotein;Reference proteome	264
WP_002964749.1	A0ABM9ZGJ0	unreviewed	Brucella ceti M644/93/1	Phosphoprotein;Reference proteome	264
WP_002964749.1	A0ABM9ZGK5	unreviewed	Brucella pinnipedialis (strain NCTC 12890 / B2/94 / BCCN 94-73)	Phosphoprotein;Reference proteome	264
WP_002964749.1	C7LDP6	unreviewed	Brucella microti (strain BCCN 7-01 / CAPM 6434 / CCM 4915)	Phosphoprotein;Reference proteome	264
WP_002965067.1	Q8YJL5	unreviewed	Brucella melitensis biotype 1 (strain ATCC 23456 / CCUG 17765 / NCTC 10094 / 16M)	Reference proteome	153
WP_002965067.1	Q57AQ0	unreviewed	Brucella abortus biovar 1 (strain 9-941)	3D-structure	153
WP_002965067.1	Q2YR64	unreviewed	Brucella abortus (strain 2308)	Kinase;Reference proteome;Transferase	153
WP_002965067.1	A0A0H3AP56	unreviewed	Brucella ovis (strain ATCC 25840 / 63/290 / NCTC 10512)	Reference proteome	153
WP_002965067.1	A0A7U8K7G9	unreviewed	Brucella neotomae 5K33	Reference proteome	153
WP_002965067.1	A0ABM9ZCR1	unreviewed	Brucella ceti M644/93/1	Reference proteome	153
WP_002965067.1	A0ABM9ZHS9	unreviewed	Brucella pinnipedialis (strain NCTC 12890 / B2/94 / BCCN 94-73)	Reference proteome	153
WP_002965067.1	C7LEN2	unreviewed	Brucella microti (strain BCCN 7-01 / CAPM 6434 / CCM 4915)	Reference proteome	153
WP_002965156	A0AAW7B060	unreviewed	Brucella inopinata	Cytoplasm;DNA-binding;Metal-binding;Phosphoprotein;Reference proteome;Transcription;Transcription regulation;Two-component regulatory system	239
WP_002965156	A0A0H3G9M4	unreviewed	Brucella suis biovar 1 (strain 1330)	Cytoplasm;DNA-binding;Metal-binding;Phosphoprotein;Reference proteome;Transcription;Transcription regulation;Two-component regulatory system	239
WP_002965156	Q8YE42	unreviewed	Brucella melitensis biotype 1 (strain ATCC 23456 / CCUG 17765 / NCTC 10094 / 16M)	Cytoplasm;DNA-binding;Metal-binding;Phosphoprotein;Reference proteome;Transcription;Transcription regulation;Two-component regulatory system	239
WP_002965156	Q2YQY4	unreviewed	Brucella abortus (strain 2308)	Cytoplasm;DNA-binding;Metal-binding;Phosphoprotein;Reference proteome;Transcription;Transcription regulation;Two-component regulatory system	239
WP_002965156	A0A0H3AQ00	unreviewed	Brucella ovis (strain ATCC 25840 / 63/290 / NCTC 10512)	Cytoplasm;DNA-binding;Metal-binding;Phosphoprotein;Reference proteome;Transcription;Transcription regulation;Two-component regulatory system	239
WP_002965156	A9M9S5	unreviewed	Brucella canis (strain ATCC 23365 / NCTC 10854 / RM-666)	Cytoplasm;DNA-binding;Metal-binding;Phosphoprotein;Reference proteome;Transcription;Transcription regulation;Two-component regulatory system	239
WP_002965156	A0ABM9ZHV2	unreviewed	Brucella pinnipedialis (strain NCTC 12890 / B2/94 / BCCN 94-73)	Cytoplasm;DNA-binding;Metal-binding;Phosphoprotein;Reference proteome;Transcription;Transcription regulation;Two-component regulatory system	239
WP_002966241	Q8YBK1	unreviewed	Brucella melitensis biotype 1 (strain ATCC 23456 / CCUG 17765 / NCTC 10094 / 16M)	Isomerase;Magnesium;Metal-binding;Phosphoprotein;Reference proteome	477
WP_002966241	Q2YK25	unreviewed	Brucella abortus (strain 2308)	Isomerase;Magnesium;Metal-binding;Phosphoprotein;Reference proteome	477
WP_002966366	P65326	reviewed	Brucella suis biovar 1 (strain 1330)	ATP-binding;Kinase;Lipid A biosynthesis;Lipid biosynthesis;Lipid metabolism;Nucleotide-binding;Reference proteome;Transferase	341
WP_002966366	P65325	reviewed	Brucella melitensis biotype 1 (strain ATCC 23456 / CCUG 17765 / NCTC 10094 / 16M)	ATP-binding;Kinase;Lipid A biosynthesis;Lipid biosynthesis;Lipid metabolism;Nucleotide-binding;Reference proteome;Transferase	341
WP_002966366	Q579M9	reviewed	Brucella abortus biovar 1 (strain 9-941)	ATP-binding;Kinase;Lipid A biosynthesis;Lipid biosynthesis;Lipid metabolism;Nucleotide-binding;Transferase	341
WP_002966366	Q2YIH4	reviewed	Brucella abortus (strain 2308)	ATP-binding;Kinase;Lipid A biosynthesis;Lipid biosynthesis;Lipid metabolism;Nucleotide-binding;Reference proteome;Transferase	341
WP_002966366	B2SD13	reviewed	Brucella abortus (strain S19)	ATP-binding;Kinase;Lipid A biosynthesis;Lipid biosynthesis;Lipid metabolism;Nucleotide-binding;Transferase	341
WP_002966366	A9MDX1	reviewed	Brucella canis (strain ATCC 23365 / NCTC 10854 / RM-666)	ATP-binding;Kinase;Lipid A biosynthesis;Lipid biosynthesis;Lipid metabolism;Nucleotide-binding;Reference proteome;Transferase	341
WP_002966366	A0A7U8PVB7	unreviewed	Brucella neotomae 5K33	ATP-binding;Kinase;Lipid A biosynthesis;Lipid biosynthesis;Lipid metabolism;Nucleotide-binding;Reference proteome;Transferase	341
WP_002966366	A0ABM9Z850	unreviewed	Brucella ceti M644/93/1	ATP-binding;Kinase;Lipid A biosynthesis;Lipid biosynthesis;Lipid metabolism;Nucleotide-binding;Reference proteome;Transferase	341
WP_002966366	A0ABM9ZQ17	unreviewed	Brucella pinnipedialis (strain NCTC 12890 / B2/94 / BCCN 94-73)	ATP-binding;Kinase;Lipid A biosynthesis;Lipid biosynthesis;Lipid metabolism;Nucleotide-binding;Reference proteome;Transferase	341
WP_002966366	C7LH61	unreviewed	Brucella microti (strain BCCN 7-01 / CAPM 6434 / CCM 4915)	ATP-binding;Kinase;Lipid A biosynthesis;Lipid biosynthesis;Lipid metabolism;Nucleotide-binding;Reference proteome;Transferase	341
WP_002966512	Q7CEG1	reviewed	Brucella suis biovar 1 (strain 1330)	Cell inner membrane;Cell membrane;Membrane;Reference proteome;Transmembrane;Transmembrane helix;Virulence	116
WP_002966512	Q9RPY2	reviewed	Brucella melitensis biotype 1 (strain ATCC 23456 / CCUG 17765 / NCTC 10094 / 16M)	Cell inner membrane;Cell membrane;Membrane;Reference proteome;Transmembrane;Transmembrane helix;Virulence	116
WP_002966512	P0C526	reviewed	Brucella abortus biovar 1 (strain 9-941)	Cell inner membrane;Cell membrane;Membrane;Transmembrane;Transmembrane helix;Virulence	116
WP_002966512	Q2YIT7	reviewed	Brucella abortus (strain 2308)	Cell inner membrane;Cell membrane;Membrane;Reference proteome;Transmembrane;Transmembrane helix;Virulence	116
WP_002966512	A9MDI4	unreviewed	Brucella canis (strain ATCC 23365 / NCTC 10854 / RM-666)	Cell membrane;Membrane;Reference proteome;Transmembrane;Transmembrane helix	116
WP_002966512	A0A7U8K8N3	unreviewed	Brucella neotomae 5K33	Cell membrane;Membrane;Reference proteome;Transmembrane;Transmembrane helix	116
WP_002966512	A0ABM9ZPR0	unreviewed	Brucella pinnipedialis (strain NCTC 12890 / B2/94 / BCCN 94-73)	Cell membrane;Membrane;Reference proteome;Transmembrane;Transmembrane helix	116
WP_002966512	C7LGS2	unreviewed	Brucella microti (strain BCCN 7-01 / CAPM 6434 / CCM 4915)	Cell membrane;Membrane;Reference proteome;Transmembrane;Transmembrane helix	116
WP_002966514	Q8YDZ3	reviewed	Brucella melitensis biotype 1 (strain ATCC 23456 / CCUG 17765 / NCTC 10094 / 16M)	Fimbrium;Periplasm;Reference proteome;Signal;Virulence	238
WP_002966514	Q57A18	reviewed	Brucella abortus biovar 1 (strain 9-941)	Fimbrium;Periplasm;Signal;Virulence	238
WP_002966516	Q7CEG2	reviewed	Brucella suis biovar 1 (strain 1330)	Cell outer membrane;Lipoprotein;Membrane;Palmitate;Reference proteome;Signal;Virulence	57
WP_002966516	P0C537	reviewed	Brucella melitensis biotype 1 (strain ATCC 23456 / CCUG 17765 / NCTC 10094 / 16M)	Cell outer membrane;Lipoprotein;Membrane;Palmitate;Reference proteome;Signal;Virulence	57
WP_002966516	P0C535	reviewed	Brucella abortus biovar 1 (strain 9-941)	Cell outer membrane;Lipoprotein;Membrane;Palmitate;Signal;Virulence	57
WP_002966516	Q2YJ77	reviewed	Brucella abortus (strain 2308)	Cell outer membrane;Lipoprotein;Membrane;Palmitate;Reference proteome;Signal;Virulence	57
WP_002966516	P0C538	reviewed	Brucella ovis (strain ATCC 25840 / 63/290 / NCTC 10512)	Cell outer membrane;Lipoprotein;Membrane;Palmitate;Reference proteome;Signal;Virulence	57
WP_002966516	A9MDI0	unreviewed	Brucella canis (strain ATCC 23365 / NCTC 10854 / RM-666)	Cell outer membrane;Lipoprotein;Membrane;Palmitate;Reference proteome;Signal;Virulence	57
WP_002966516	A0A7U8K6V8	unreviewed	Brucella neotomae 5K33	Cell outer membrane;Lipoprotein;Membrane;Palmitate;Reference proteome;Signal;Virulence	57
WP_002966516	A0ABM9Z7T7	unreviewed	Brucella ceti M644/93/1	Cell outer membrane;Lipoprotein;Membrane;Palmitate;Reference proteome;Signal;Virulence	57
WP_002966516	A0ABM9ZPQ6	unreviewed	Brucella pinnipedialis (strain NCTC 12890 / B2/94 / BCCN 94-73)	Cell outer membrane;Lipoprotein;Membrane;Palmitate;Reference proteome;Signal;Virulence	57
WP_002966516	C7LGR8	unreviewed	Brucella microti (strain BCCN 7-01 / CAPM 6434 / CCM 4915)	Cell outer membrane;Lipoprotein;Membrane;Palmitate;Reference proteome;Signal;Virulence	57
WP_002966517	Q7CEG3	reviewed	Brucella suis biovar 1 (strain 1330)	3D-structure;Cell inner membrane;Cell membrane;Membrane;Reference proteome;Transmembrane;Transmembrane helix;Virulence	239
WP_002966517	Q9RPX7	reviewed	Brucella melitensis biotype 1 (strain ATCC 23456 / CCUG 17765 / NCTC 10094 / 16M)	Cell inner membrane;Cell membrane;Membrane;Reference proteome;Transmembrane;Transmembrane helix;Virulence	239
WP_002966517	P0C532	reviewed	Brucella abortus biovar 1 (strain 9-941)	Cell inner membrane;Cell membrane;Membrane;Transmembrane;Transmembrane helix;Virulence	239
WP_002966517	Q2YJ78	reviewed	Brucella abortus (strain 2308)	Cell inner membrane;Cell membrane;Membrane;Reference proteome;Transmembrane;Transmembrane helix;Virulence	239
WP_002966517	A9MDH9	unreviewed	Brucella canis (strain ATCC 23365 / NCTC 10854 / RM-666)	Membrane;Reference proteome;Transmembrane;Transmembrane helix	239
WP_002966517	A0A7U8K6X1	unreviewed	Brucella neotomae 5K33	Membrane;Reference proteome;Transmembrane;Transmembrane helix	239
WP_002966517	A0ABM9ZPB7	unreviewed	Brucella pinnipedialis (strain NCTC 12890 / B2/94 / BCCN 94-73)	Membrane;Reference proteome;Transmembrane;Transmembrane helix	239
WP_002966517	C7LGR7	unreviewed	Brucella microti (strain BCCN 7-01 / CAPM 6434 / CCM 4915)	Membrane;Reference proteome;Transmembrane;Transmembrane helix	239
WP_002966733.1	A9MA32	unreviewed	Brucella canis (strain ATCC 23365 / NCTC 10854 / RM-666)	Membrane;Reference proteome;Transmembrane;Transmembrane helix	191
WP_002966733.1	A0A7U8PXE5	unreviewed	Brucella neotomae 5K33	Membrane;Reference proteome;Transmembrane;Transmembrane helix	191
WP_002966733.1	A0ABM9ZDA9	unreviewed	Brucella ceti M644/93/1	Membrane;Reference proteome;Transmembrane;Transmembrane helix	191
WP_002966733.1	A0ABM9ZK82	unreviewed	Brucella pinnipedialis (strain NCTC 12890 / B2/94 / BCCN 94-73)	Membrane;Reference proteome;Transmembrane;Transmembrane helix	191
WP_002966810	Q8YH06	unreviewed	Brucella melitensis biotype 1 (strain ATCC 23456 / CCUG 17765 / NCTC 10094 / 16M)	Reference proteome	410
WP_002966810	C7LBS7	unreviewed	Brucella microti (strain BCCN 7-01 / CAPM 6434 / CCM 4915)	Reference proteome;Transferase	410
WP_002967165	Q7CEG0	reviewed	Brucella suis biovar 1 (strain 1330)	Cell inner membrane;Cell membrane;Fimbrium;Membrane;Reference proteome;Secreted;Signal;Transmembrane;Transmembrane helix;Virulence	105
WP_002967165	Q9RPY3	reviewed	Brucella melitensis biotype 1 (strain ATCC 23456 / CCUG 17765 / NCTC 10094 / 16M)	Cell inner membrane;Cell membrane;Fimbrium;Membrane;Reference proteome;Secreted;Signal;Transmembrane;Transmembrane helix;Virulence	105
WP_002967165	P0C528	reviewed	Brucella abortus biovar 1 (strain 9-941)	Cell inner membrane;Cell membrane;Fimbrium;Membrane;Secreted;Signal;Transmembrane;Transmembrane helix;Virulence	105
WP_002967165	Q2YIT6	reviewed	Brucella abortus (strain 2308)	Cell inner membrane;Cell membrane;Fimbrium;Membrane;Reference proteome;Secreted;Signal;Transmembrane;Transmembrane helix;Virulence	105
WP_002967165	A0A0H3ARS5	unreviewed	Brucella ovis (strain ATCC 25840 / 63/290 / NCTC 10512)	Membrane;Reference proteome;Transmembrane;Transmembrane helix	105
WP_002967165	A9MDI5	unreviewed	Brucella canis (strain ATCC 23365 / NCTC 10854 / RM-666)	Membrane;Reference proteome;Transmembrane;Transmembrane helix	105
WP_002967165	A0A7U8K7C8	unreviewed	Brucella neotomae 5K33	Membrane;Reference proteome;Transmembrane;Transmembrane helix	105
WP_002967165	A0ABM9Z7U7	unreviewed	Brucella ceti M644/93/1	Membrane;Reference proteome;Transmembrane;Transmembrane helix	105
WP_002967165	A0ABM9ZPA1	unreviewed	Brucella pinnipedialis (strain NCTC 12890 / B2/94 / BCCN 94-73)	Membrane;Reference proteome;Transmembrane;Transmembrane helix	105
WP_002969456	A0A0H3G2A8	unreviewed	Brucella suis biovar 1 (strain 1330)	Reference proteome;Transferase	369
WP_002969456	Q2YMQ8	unreviewed	Brucella abortus (strain 2308)	Reference proteome;Transferase	369
WP_002969456	A9M9G5	unreviewed	Brucella canis (strain ATCC 23365 / NCTC 10854 / RM-666)	Reference proteome;Transferase	369
WP_002971781	Q8YEH4	reviewed	Brucella melitensis biotype 1 (strain ATCC 23456 / CCUG 17765 / NCTC 10094 / 16M)	Cytoplasm;Lipopolysaccharide biosynthesis;Nucleotidyltransferase;Reference proteome;Transferase	251
WP_002971781	Q57FX6	reviewed	Brucella abortus biovar 1 (strain 9-941)	Cytoplasm;Lipopolysaccharide biosynthesis;Nucleotidyltransferase;Transferase	251
WP_002971781	Q2YPQ5	reviewed	Brucella abortus (strain 2308)	Cytoplasm;Lipopolysaccharide biosynthesis;Nucleotidyltransferase;Reference proteome;Transferase	251
WP_002971781	B2S7U2	reviewed	Brucella abortus (strain S19)	Cytoplasm;Lipopolysaccharide biosynthesis;Nucleotidyltransferase;Transferase	251
WP_002971781	B0CI58	reviewed	Brucella suis (strain ATCC 23445 / NCTC 10510)	Cytoplasm;Lipopolysaccharide biosynthesis;Nucleotidyltransferase;Transferase	251
WP_002971781	C0RGA2	reviewed	Brucella melitensis biotype 2 (strain ATCC 23457)	Cytoplasm;Lipopolysaccharide biosynthesis;Nucleotidyltransferase;Transferase	251
WP_002971781	C7LF96	unreviewed	Brucella microti (strain BCCN 7-01 / CAPM 6434 / CCM 4915)	Cytoplasm;Lipopolysaccharide biosynthesis;Nucleotidyltransferase;Reference proteome;Transferase	251
WP_003013806	Q5NIA0	unreviewed	Francisella tularensis subsp. tularensis (strain SCHU S4 / Schu 4)	Membrane;Reference proteome;Transmembrane;Transmembrane helix	178
WP_003013806	A0AAI8BGW5	unreviewed	Francisella tularensis subsp. holarctica (strain LVS)	Membrane;Reference proteome;Transmembrane;Transmembrane helix	178
WP_003013939	Q5NEH2	unreviewed	Francisella tularensis subsp. tularensis (strain SCHU S4 / Schu 4)	Amino-acid biosynthesis;Arginine biosynthesis;ATP-binding;Glutamine amidotransferase;Ligase;Nucleotide-binding;Pyrimidine biosynthesis;Reference proteome	388
WP_003013939	A0AAI8BH53	unreviewed	Francisella tularensis subsp. holarctica (strain LVS)	Amino-acid biosynthesis;Arginine biosynthesis;ATP-binding;Glutamine amidotransferase;Ligase;Nucleotide-binding;Pyrimidine biosynthesis;Reference proteome	388
WP_003014609	Q5NGF4	unreviewed	Francisella tularensis subsp. tularensis (strain SCHU S4 / Schu 4)	Cell membrane;Hydrolase;Membrane;Reference proteome;Transmembrane;Transmembrane helix	239
WP_003014609	A0AAI8BGZ0	unreviewed	Francisella tularensis subsp. holarctica (strain LVS)	Cell membrane;Hydrolase;Membrane;Reference proteome;Transmembrane;Transmembrane helix	239
WP_003014857	Q5NEP9	reviewed	Francisella tularensis subsp. tularensis (strain SCHU S4 / Schu 4)	Acyltransferase;Lipid A biosynthesis;Lipid biosynthesis;Lipid metabolism;Reference proteome;Repeat;Transferase	337
WP_003014857	Q2A4P6	reviewed	Francisella tularensis subsp. holarctica (strain LVS)	Acyltransferase;Lipid A biosynthesis;Lipid biosynthesis;Lipid metabolism;Reference proteome;Repeat;Transferase	337
WP_003014857	Q0BN22	reviewed	Francisella tularensis subsp. holarctica (strain OSU18)	Acyltransferase;Lipid A biosynthesis;Lipid biosynthesis;Lipid metabolism;Repeat;Transferase	337
WP_003014857	Q14G52	reviewed	Francisella tularensis subsp. tularensis (strain FSC 198)	Acyltransferase;Lipid A biosynthesis;Lipid biosynthesis;Lipid metabolism;Repeat;Transferase	337
WP_003014857	A7NAP3	reviewed	Francisella tularensis subsp. holarctica (strain FTNF002-00 / FTA)	Acyltransferase;Lipid A biosynthesis;Lipid biosynthesis;Lipid metabolism;Repeat;Transferase	337
WP_003014975	Q79RD6	unreviewed	Francisella tularensis subsp. tularensis		263
WP_003014975	Q5NEZ3	unreviewed	Francisella tularensis subsp. tularensis (strain SCHU S4 / Schu 4)	Isomerase;Reference proteome	263
WP_003014975	A0AAI8BFV8	unreviewed	Francisella tularensis subsp. holarctica (strain LVS)	Reference proteome	263
WP_003014978	Q79RD5	unreviewed	Francisella tularensis subsp. tularensis	Transferase	363
WP_003014978	Q5NEZ4	unreviewed	Francisella tularensis subsp. tularensis (strain SCHU S4 / Schu 4)	Glycosyltransferase;Reference proteome;Transferase	363
WP_003014978	A0AAI8BJ85	unreviewed	Francisella tularensis subsp. holarctica (strain LVS)	Reference proteome;Transferase	363
WP_003014989	Q79RC9	unreviewed	Francisella tularensis subsp. tularensis	Pyridoxal phosphate	360
WP_003014989	Q5NF00	unreviewed	Francisella tularensis subsp. tularensis (strain SCHU S4 / Schu 4)	Lyase;Pyridoxal phosphate;Reference proteome	360
WP_003014989	A0AAI8BG32	unreviewed	Francisella tularensis subsp. holarctica (strain LVS)	Pyridoxal phosphate;Reference proteome	360
WP_003015347	Q5NFR7	unreviewed	Francisella tularensis subsp. tularensis (strain SCHU S4 / Schu 4)	Membrane;Reference proteome;Transmembrane;Transmembrane helix	198
WP_003015347	A0AAI8FTM9	unreviewed	Francisella tularensis subsp. holarctica (strain LVS)	Membrane;Reference proteome;Transmembrane;Transmembrane helix	198
WP_003015759	Q5NGZ3	unreviewed	Francisella tularensis subsp. tularensis (strain SCHU S4 / Schu 4)	Cell inner membrane;Cell membrane;Hydrolase;Membrane;Methyltransferase;Multifunctional enzyme;Protease;Reference proteome;Transferase;Transmembrane;Transmembrane helix	272
WP_003015759	A0AAI8FU38	unreviewed	Francisella tularensis subsp. holarctica (strain LVS)	Cell inner membrane;Cell membrane;Hydrolase;Membrane;Methyltransferase;Multifunctional enzyme;Protease;Reference proteome;Transferase;Transmembrane;Transmembrane helix	272
WP_003016179	Q5NED0	unreviewed	Francisella tularensis subsp. tularensis (strain SCHU S4 / Schu 4)	Reference proteome	383
WP_003016179	A0AAI8BGX6	unreviewed	Francisella tularensis subsp. holarctica (strain LVS)	Reference proteome	383
WP_003016181	Q5NED1	unreviewed	Francisella tularensis subsp. tularensis (strain SCHU S4 / Schu 4)	Membrane;Reference proteome;Transmembrane;Transmembrane helix	207
WP_003016181	A0AAI8FT52	unreviewed	Francisella tularensis subsp. holarctica (strain LVS)	Membrane;Reference proteome;Transmembrane;Transmembrane helix	207
WP_003016192	Q5NED5	unreviewed	Francisella tularensis subsp. tularensis (strain SCHU S4 / Schu 4)	Reference proteome	164
WP_003016192	A0AAI8BJD2	unreviewed	Francisella tularensis subsp. holarctica (strain LVS)	Reference proteome	164
WP_003016401	Q5NGA8	unreviewed	Francisella tularensis subsp. tularensis (strain SCHU S4 / Schu 4)	Hydrolase;Reference proteome	306
WP_003016401	A0AAI8BIF9	unreviewed	Francisella tularensis subsp. holarctica (strain LVS)	Hydrolase;Reference proteome	306
WP_003016687	A0AAC9J786	unreviewed	Francisella hispaniensis FSC454	Membrane;Reference proteome;Transmembrane;Transmembrane helix	154
WP_003016687	Q5NGM9	unreviewed	Francisella tularensis subsp. tularensis (strain SCHU S4 / Schu 4)	Membrane;Reference proteome;Transmembrane;Transmembrane helix	154
WP_003016687	A0AAI8FT63	unreviewed	Francisella tularensis subsp. holarctica (strain LVS)	Membrane;Reference proteome;Transmembrane;Transmembrane helix	154
WP_003016687	A0Q771	unreviewed	Francisella tularensis subsp. novicida (strain ATCC 15482 / CCUG 33449 / U112)	Reference proteome	154
WP_003016697	Q5NGN5	unreviewed	Francisella tularensis subsp. tularensis (strain SCHU S4 / Schu 4)	Reference proteome	220
WP_003016697	A0AAI8BJK1	unreviewed	Francisella tularensis subsp. holarctica (strain LVS)	Reference proteome	220
WP_003016697	A0Q777	unreviewed	Francisella tularensis subsp. novicida (strain ATCC 15482 / CCUG 33449 / U112)	Reference proteome	220
WP_003016706	Q5NGN9	unreviewed	Francisella tularensis subsp. tularensis (strain SCHU S4 / Schu 4)	Reference proteome	253
WP_003016706	A0AAI8FUE7	unreviewed	Francisella tularensis subsp. holarctica (strain LVS)	Reference proteome	253
WP_003016957	Q5NHH7	unreviewed	Francisella tularensis subsp. tularensis (strain SCHU S4 / Schu 4)	Ligase;Reference proteome	260
WP_003016957	A0AAI8FTZ3	unreviewed	Francisella tularensis subsp. holarctica (strain LVS)	Ligase;Reference proteome	260
WP_003017204	Q5NIC0	unreviewed	Francisella tularensis subsp. tularensis (strain SCHU S4 / Schu 4)	Hydrolase;Reference proteome;Signal	194
WP_003017204	A0AAI8BHE9	unreviewed	Francisella tularensis subsp. holarctica (strain LVS)	Reference proteome;Signal	194
WP_003018140	Q79RC5	unreviewed	Francisella tularensis subsp. tularensis	Magnesium;Metal-binding;Nucleotidyltransferase;Transferase	294
WP_003018140	Q5NF04	unreviewed	Francisella tularensis subsp. tularensis (strain SCHU S4 / Schu 4)	Magnesium;Metal-binding;Nucleotidyltransferase;Reference proteome;Transferase	294
WP_003018233	Q5NED3	unreviewed	Francisella tularensis subsp. tularensis (strain SCHU S4 / Schu 4)	Reference proteome	173
WP_003018480	Q5NFJ7	unreviewed	Francisella tularensis subsp. tularensis (strain SCHU S4 / Schu 4)	Glycosyltransferase;Metal-binding;Reference proteome;Transferase	296
WP_003018618	Q5NFR6	unreviewed	Francisella tularensis subsp. tularensis (strain SCHU S4 / Schu 4)	Membrane;Reference proteome;Transmembrane;Transmembrane helix	187
WP_003018618	A0Q711	unreviewed	Francisella tularensis subsp. novicida (strain ATCC 15482 / CCUG 33449 / U112)	Reference proteome	187
WP_003019748	Q5NIL1	unreviewed	Francisella tularensis subsp. tularensis (strain SCHU S4 / Schu 4)	Lysosome;Membrane;Reference proteome;Transmembrane;Transmembrane helix;Transport	434
WP_003019818	Q5NII0	unreviewed	Francisella tularensis subsp. tularensis (strain SCHU S4 / Schu 4)	ATP-binding;Nucleotide-binding;Reference proteome	342
WP_003019870	Q5NIF3	unreviewed	Francisella tularensis subsp. tularensis (strain SCHU S4 / Schu 4)	Membrane;Reference proteome;Transmembrane;Transmembrane helix	438
WP_003019870	Q0H0D7	unreviewed	Francisella tularensis	Membrane;Transmembrane;Transmembrane helix	438
WP_003020038	Q5NHS6	unreviewed	Francisella tularensis subsp. tularensis (strain SCHU S4 / Schu 4)	Coiled coil;Reference proteome;Signal	353
WP_003020229	Q5NHK0	unreviewed	Francisella tularensis subsp. tularensis (strain SCHU S4 / Schu 4)	Glycosyltransferase;Membrane;Reference proteome;Transferase;Transmembrane;Transmembrane helix	318
WP_003020229	A0Q5C5	unreviewed	Francisella tularensis subsp. novicida (strain ATCC 15482 / CCUG 33449 / U112)	Membrane;Reference proteome;Transferase;Transmembrane;Transmembrane helix	318
WP_003020232	Q5NHJ9	unreviewed	Francisella tularensis subsp. tularensis (strain SCHU S4 / Schu 4)	Cell membrane;Glycosyltransferase;Membrane;Reference proteome;Transferase;Transmembrane;Transmembrane helix	587
WP_003020284	Q5NHH4	unreviewed	Francisella tularensis subsp. tularensis (strain SCHU S4 / Schu 4)	Cell membrane;Membrane;Reference proteome;Transmembrane;Transmembrane helix;Transport	469
WP_003020688	Q5NGP6	unreviewed	Francisella tularensis subsp. tularensis (strain SCHU S4 / Schu 4)	3D-structure;Carbohydrate metabolism;Cobalt;Isomerase;Manganese;Metal-binding;Reference proteome;Zinc	222
WP_003020689	Q5NGP5	unreviewed	Francisella tularensis subsp. tularensis (strain SCHU S4 / Schu 4)	Membrane;Reference proteome;Transferase;Transmembrane;Transmembrane helix	464
WP_003020694	Q5NGP4	unreviewed	Francisella tularensis subsp. tularensis (strain SCHU S4 / Schu 4)	Carbohydrate metabolism;Isomerase;NAD;Reference proteome	339
WP_003020697	Q5NGP3	unreviewed	Francisella tularensis subsp. tularensis (strain SCHU S4 / Schu 4)	Glycosyltransferase;Reference proteome;Transferase	409
WP_003020700	Q5NGP2	unreviewed	Francisella tularensis subsp. tularensis (strain SCHU S4 / Schu 4)	ATP-binding;Cell inner membrane;Cell membrane;Membrane;Nucleotide-binding;Reference proteome;Transmembrane;Transmembrane helix	560
WP_003020703	Q5NGP1	unreviewed	Francisella tularensis subsp. tularensis (strain SCHU S4 / Schu 4)	Amino-acid biosynthesis;Hydrolase;Magnesium;Metal-binding;Reference proteome;Serine biosynthesis	428
WP_003020707	Q5NGN8	unreviewed	Francisella tularensis subsp. tularensis (strain SCHU S4 / Schu 4)	Glycosyltransferase;Reference proteome;Transferase	319
WP_003020709	Q5NGN7	unreviewed	Francisella tularensis subsp. tularensis (strain SCHU S4 / Schu 4)	Glycosyltransferase;Reference proteome;Transferase	335
WP_003020711	Q5NGN6	unreviewed	Francisella tularensis subsp. tularensis (strain SCHU S4 / Schu 4)	Glycosyltransferase;Reference proteome;Transferase	337
WP_003020724	Q5NGN0	unreviewed	Francisella tularensis subsp. tularensis (strain SCHU S4 / Schu 4)	Membrane;Reference proteome;Transmembrane;Transmembrane helix	405
WP_003020726	Q5NGM8	unreviewed	Francisella tularensis subsp. tularensis (strain SCHU S4 / Schu 4)	Membrane;Reference proteome;Transmembrane;Transmembrane helix	403
WP_003020782	Q5NGK6	unreviewed	Francisella tularensis subsp. tularensis (strain SCHU S4 / Schu 4)	Lipoprotein;Membrane;Palmitate;Reference proteome;Signal	417
WP_003020879	Q5NGF6	unreviewed	Francisella tularensis subsp. tularensis (strain SCHU S4 / Schu 4)	3D-structure;Membrane;Methylation;Reference proteome;Transmembrane;Transmembrane helix	146
WP_003020882	Q5NGF5	unreviewed	Francisella tularensis subsp. tularensis (strain SCHU S4 / Schu 4)	Fimbrium;Membrane;Methylation;Reference proteome;Transmembrane;Transmembrane helix	135
WP_003020889	Q5NGF2	unreviewed	Francisella tularensis subsp. tularensis (strain SCHU S4 / Schu 4)	3D-structure;ATP-binding;Cytoplasm;Ligase;Nucleotide-binding;Purine biosynthesis;Reference proteome	347
WP_003020889	A0Q507	unreviewed	Francisella tularensis subsp. novicida (strain ATCC 15482 / CCUG 33449 / U112)	ATP-binding;Cytoplasm;Ligase;Nucleotide-binding;Purine biosynthesis;Reference proteome	347
WP_003020892	Q5NGF1	unreviewed	Francisella tularensis subsp. tularensis (strain SCHU S4 / Schu 4)	ATP-binding;Ligase;Nucleotide-binding;Purine biosynthesis;Reference proteome	770
WP_003020917	Q5NGE0	unreviewed	Francisella tularensis subsp. tularensis (strain SCHU S4 / Schu 4)	Membrane;Reference proteome;Transmembrane;Transmembrane helix	480
WP_003020942	Q5NGC7	unreviewed	Francisella tularensis subsp. tularensis (strain SCHU S4 / Schu 4)	Lipoprotein;Palmitate;Reference proteome;Signal	557
WP_003020969	Q5NGB5	reviewed	Francisella tularensis subsp. tularensis (strain SCHU S4 / Schu 4)	3D-structure;ATP-binding;Biotin biosynthesis;Cytoplasm;Ligase;Magnesium;Metal-binding;Nucleotide-binding;Reference proteome	225
WP_003020969	Q14HR7	reviewed	Francisella tularensis subsp. tularensis (strain FSC 198)	ATP-binding;Biotin biosynthesis;Cytoplasm;Ligase;Magnesium;Metal-binding;Nucleotide-binding	225
WP_003020969	A4IXP2	reviewed	Francisella tularensis subsp. tularensis (strain WY96-3418)	ATP-binding;Biotin biosynthesis;Cytoplasm;Ligase;Magnesium;Metal-binding;Nucleotide-binding	225
WP_003020972	Q5NGB4	unreviewed	Francisella tularensis subsp. tularensis (strain SCHU S4 / Schu 4)	Reference proteome	245
WP_003020974	Q5NGB3	unreviewed	Francisella tularensis subsp. tularensis (strain SCHU S4 / Schu 4)	3D-structure;Acyltransferase;Coiled coil;Pyridoxal phosphate;Reference proteome;Transferase	375
WP_003020978	Q5NGB2	reviewed	Francisella tularensis subsp. tularensis (strain SCHU S4 / Schu 4)	2Fe-2S;4Fe-4S;Biotin biosynthesis;Iron;Iron-sulfur;Metal-binding;Reference proteome;S-adenosyl-L-methionine;Transferase	313
WP_003020978	Q14HR4	reviewed	Francisella tularensis subsp. tularensis (strain FSC 198)	2Fe-2S;4Fe-4S;Biotin biosynthesis;Iron;Iron-sulfur;Metal-binding;S-adenosyl-L-methionine;Transferase	313
WP_003021177	Q5NG04	unreviewed	Francisella tularensis subsp. tularensis (strain SCHU S4 / Schu 4)	Lipoprotein;Palmitate;Reference proteome;Signal	301
WP_003021324	Q5NFT7	unreviewed	Francisella tularensis subsp. tularensis (strain SCHU S4 / Schu 4)	ATP-binding;Cytoplasm;Nucleotide-binding;Reference proteome	592
WP_003021326	Q5NFT6	unreviewed	Francisella tularensis subsp. tularensis (strain SCHU S4 / Schu 4)	Cell inner membrane;Cell membrane;Membrane;Reference proteome;Transmembrane;Transmembrane helix	409
WP_003021368	Q5NFR9	unreviewed	Francisella tularensis subsp. tularensis (strain SCHU S4 / Schu 4)	Cell outer membrane;Membrane;Reference proteome;Signal;Transport	594
WP_003021372	Q19TP5	unreviewed	Francisella tularensis subsp. tularensis	Lipoprotein	196
WP_003021372	Q19TP4	unreviewed	Francisella tularensis subsp. mediasiatica	Lipoprotein	196
WP_003021372	Q5NFR8	unreviewed	Francisella tularensis subsp. tularensis (strain SCHU S4 / Schu 4)	Lipoprotein;Reference proteome;Signal	196
WP_003021415	Q5NFP8	unreviewed	Francisella tularensis subsp. tularensis (strain SCHU S4 / Schu 4)	Acyltransferase;Glutathione biosynthesis;Hydrolase;Reference proteome;Transferase;Zymogen	601
WP_003021532	Q5NFJ9	unreviewed	Francisella tularensis subsp. tularensis (strain SCHU S4 / Schu 4)	3D-structure;Reference proteome;Transferase	354
WP_003021537	Q5NFJ6	unreviewed	Francisella tularensis subsp. tularensis (strain SCHU S4 / Schu 4)	Membrane;Reference proteome;Transmembrane;Transmembrane helix	443
WP_003021676	Q5NI06	reviewed	Francisella tularensis subsp. tularensis (strain SCHU S4 / Schu 4)	Acyltransferase;Lipid A biosynthesis;Lipid biosynthesis;Lipid metabolism;Reference proteome;Repeat;Transferase	347
WP_003021676	Q14JF8	reviewed	Francisella tularensis subsp. tularensis (strain FSC 198)	Acyltransferase;Lipid A biosynthesis;Lipid biosynthesis;Lipid metabolism;Repeat;Transferase	347
WP_003021793	Q5NI59	unreviewed	Francisella tularensis subsp. tularensis (strain SCHU S4 / Schu 4)	Membrane;Methylation;Reference proteome;Transmembrane;Transmembrane helix	135
WP_003021808	Q5NI66	unreviewed	Francisella tularensis subsp. tularensis (strain SCHU S4 / Schu 4)	Hydrolase;Reference proteome;Signal	514
WP_003022044	Q5NFC5	unreviewed	Francisella tularensis subsp. tularensis (strain SCHU S4 / Schu 4)	Cell inner membrane;Cell membrane;Membrane;Methylation;Reference proteome;Transmembrane;Transmembrane helix	194
WP_003022122	Q5NED8	unreviewed	Francisella tularensis subsp. tularensis (strain SCHU S4 / Schu 4)	Reference proteome	820
WP_003022128	Q5NED6	unreviewed	Francisella tularensis subsp. tularensis (strain SCHU S4 / Schu 4)	Lipoprotein;Palmitate;Reference proteome;Signal	125
WP_003022130	Q5NED4	unreviewed	Francisella tularensis subsp. tularensis (strain SCHU S4 / Schu 4)	Reference proteome	576
WP_003022137	Q5NED2	unreviewed	Francisella tularensis subsp. tularensis (strain SCHU S4 / Schu 4)	Reference proteome	476
WP_003022141	Q5NF87	unreviewed	Francisella tularensis subsp. tularensis (strain SCHU S4 / Schu 4)	Reference proteome	257
WP_003022145	Q5NEC7	unreviewed	Francisella tularensis subsp. tularensis (strain SCHU S4 / Schu 4)	Reference proteome	191
WP_003022277	Q79RC1	unreviewed	Francisella tularensis subsp. tularensis	Isomerase;Magnesium;Metal-binding;Phosphoprotein	494
WP_003022277	Q5NF07	unreviewed	Francisella tularensis subsp. tularensis (strain SCHU S4 / Schu 4)	Isomerase;Magnesium;Metal-binding;Phosphoprotein;Reference proteome	494
WP_003022279	Q79RC2	unreviewed	Francisella tularensis subsp. tularensis	GTP-binding;Nucleotide-binding;Nucleotidyltransferase;Transferase	468
WP_003022279	Q5NF06	unreviewed	Francisella tularensis subsp. tularensis (strain SCHU S4 / Schu 4)	GTP-binding;Nucleotide-binding;Nucleotidyltransferase;Reference proteome;Transferase	468
WP_003022283	Q79RC6	unreviewed	Francisella tularensis subsp. tularensis	Transferase	286
WP_003022283	Q5NF03	unreviewed	Francisella tularensis subsp. tularensis (strain SCHU S4 / Schu 4)	Reference proteome	286
WP_003022285	Q79RC7	unreviewed	Francisella tularensis subsp. tularensis	Cell membrane;Membrane;Transmembrane;Transmembrane helix	495
WP_003022285	Q5NF02	unreviewed	Francisella tularensis subsp. tularensis (strain SCHU S4 / Schu 4)	Cell membrane;Membrane;Reference proteome;Transmembrane;Transmembrane helix	495
WP_003022287	Q5NF01	unreviewed	Francisella tularensis subsp. tularensis (strain SCHU S4 / Schu 4)	3D-structure;Reference proteome;Transferase	241
WP_003022291	Q79RD0	unreviewed	Francisella tularensis subsp. tularensis	ATP-binding;Glutamine amidotransferase;Nucleotide-binding;Transferase	628
WP_003022291	Q5NEZ9	unreviewed	Francisella tularensis subsp. tularensis (strain SCHU S4 / Schu 4)	Amino-acid biosynthesis;Asparagine biosynthesis;ATP-binding;Glutamine amidotransferase;Ligase;Nucleotide-binding;Reference proteome	628
WP_003022292	Q79RD1	unreviewed	Francisella tularensis subsp. tularensis	Transferase	366
WP_003022292	Q5NEZ8	unreviewed	Francisella tularensis subsp. tularensis (strain SCHU S4 / Schu 4)	Glycosyltransferase;Reference proteome;Transferase	366
WP_003022294	Q79RD2	unreviewed	Francisella tularensis subsp. tularensis		409
WP_003022294	Q5NEZ7	unreviewed	Francisella tularensis subsp. tularensis (strain SCHU S4 / Schu 4)	Membrane;Reference proteome;Transmembrane;Transmembrane helix	409
WP_003022298	Q79RD4	unreviewed	Francisella tularensis subsp. tularensis	NAD;Oxidoreductase	436
WP_003022298	Q5NEZ5	unreviewed	Francisella tularensis subsp. tularensis (strain SCHU S4 / Schu 4)	NAD;Oxidoreductase;Reference proteome	436
WP_003022302	Q79RD8	unreviewed	Francisella tularensis subsp. tularensis		578
WP_003022302	Q5NEZ1	unreviewed	Francisella tularensis subsp. tularensis (strain SCHU S4 / Schu 4)	Lyase;Membrane;Reference proteome;Transmembrane;Transmembrane helix	578
WP_003022463	Q5NEQ8	unreviewed	Francisella tularensis subsp. tularensis (strain SCHU S4 / Schu 4)	Cell inner membrane;Cell membrane;Lipopolysaccharide biosynthesis;Membrane;Reference proteome;Signal-anchor;Transferase;Transmembrane;Transmembrane helix	431
WP_003022463	A0Q7X2	unreviewed	Francisella tularensis subsp. novicida (strain ATCC 15482 / CCUG 33449 / U112)	Cell inner membrane;Cell membrane;Lipopolysaccharide biosynthesis;Membrane;Reference proteome;Signal-anchor;Transferase;Transmembrane;Transmembrane helix	431
WP_003022616	Q5NEH0	unreviewed	Francisella tularensis subsp. tularensis (strain SCHU S4 / Schu 4)	Pyrimidine biosynthesis;Reference proteome;Transferase	306
WP_003022876	Q5NIP1	unreviewed	Francisella tularensis subsp. tularensis (strain SCHU S4 / Schu 4)	Reference proteome	509
WP_003022879	Q5NIP0	unreviewed	Francisella tularensis subsp. tularensis (strain SCHU S4 / Schu 4)	Cell inner membrane;Cell membrane;Membrane;Reference proteome;Transmembrane;Transmembrane helix;Transport	396
WP_003022882	Q5NIN9	unreviewed	Francisella tularensis subsp. tularensis (strain SCHU S4 / Schu 4)	Lyase;Pyridoxal phosphate;Reference proteome	417
WP_003022885	Q5NIN8	unreviewed	Francisella tularensis subsp. tularensis (strain SCHU S4 / Schu 4)	Cell membrane;Membrane;Reference proteome;Transmembrane;Transmembrane helix;Transport	420
WP_003022888	Q5NIN7	unreviewed	Francisella tularensis subsp. tularensis (strain SCHU S4 / Schu 4)	Reference proteome	639
WP_003022888	Q1G4R5	unreviewed	Francisella tularensis		639
WP_003023398	Q5NH51	unreviewed	Francisella tularensis subsp. tularensis (strain SCHU S4 / Schu 4)	Reference proteome;Signal	247
WP_003025211	Q79RD7	unreviewed	Francisella tularensis subsp. tularensis	Transferase	205
WP_003025211	Q5NEZ2	unreviewed	Francisella tularensis subsp. tularensis (strain SCHU S4 / Schu 4)	Membrane;Reference proteome;Transferase;Transmembrane;Transmembrane helix	205
WP_003027098	Q5NHR0	reviewed	Francisella tularensis subsp. tularensis (strain SCHU S4 / Schu 4)	Acyltransferase;Cell shape;Cell wall biogenesis/degradation;Cytoplasm;Magnesium;Metal-binding;Multifunctional enzyme;Nucleotidyltransferase;Peptidoglycan synthesis;Reference proteome;Repeat;Transferase	455
WP_003027098	Q2A4X7	reviewed	Francisella tularensis subsp. holarctica (strain LVS)	Acyltransferase;Cell shape;Cell wall biogenesis/degradation;Cytoplasm;Magnesium;Metal-binding;Multifunctional enzyme;Nucleotidyltransferase;Peptidoglycan synthesis;Reference proteome;Repeat;Transferase	455
WP_003027098	A4IZM7	reviewed	Francisella tularensis subsp. tularensis (strain WY96-3418)	Acyltransferase;Cell shape;Cell wall biogenesis/degradation;Cytoplasm;Magnesium;Metal-binding;Multifunctional enzyme;Nucleotidyltransferase;Peptidoglycan synthesis;Repeat;Transferase	455
WP_003027098	A7NAF3	reviewed	Francisella tularensis subsp. holarctica (strain FTNF002-00 / FTA)	Acyltransferase;Cell shape;Cell wall biogenesis/degradation;Cytoplasm;Magnesium;Metal-binding;Multifunctional enzyme;Nucleotidyltransferase;Peptidoglycan synthesis;Repeat;Transferase	455
WP_003028588	Q5NIP2	unreviewed	Francisella tularensis subsp. tularensis (strain SCHU S4 / Schu 4)	Reference proteome	114
WP_003028672	Q5NID9	reviewed	Francisella tularensis subsp. tularensis (strain SCHU S4 / Schu 4)	Cytoplasm;Elongation factor;GTP-binding;Hydrolase;Magnesium;Metal-binding;Nucleotide-binding;Protein biosynthesis;Reference proteome	394
WP_003028672	Q14JU2	reviewed	Francisella tularensis subsp. tularensis (strain FSC 198)	Cytoplasm;Elongation factor;GTP-binding;Hydrolase;Magnesium;Metal-binding;Nucleotide-binding;Protein biosynthesis	394
WP_003029368	Q5NGH9	unreviewed	Francisella tularensis subsp. tularensis (strain SCHU S4 / Schu 4)	Membrane;Reference proteome;Transmembrane;Transmembrane helix	197
WP_003029539	Q5NFJ8	unreviewed	Francisella tularensis subsp. tularensis (strain SCHU S4 / Schu 4)	Reference proteome	362
WP_003029668	Q79RD3	unreviewed	Francisella tularensis subsp. tularensis		323
WP_003029668	Q5NEZ6	unreviewed	Francisella tularensis subsp. tularensis (strain SCHU S4 / Schu 4)	Isomerase;Reference proteome	323
WP_003435012	A0AC59FV45	unreviewed	Clostridioides difficile ATCC 9689 = DSM 1296	ATP-binding;Chaperone;Cytoplasm;Isomerase;Nucleotide-binding;Reference proteome	542
WP_003435012	Q18CT5	reviewed	Clostridioides difficile (strain 630) (Peptoclostridium difficile)	ATP-binding;Chaperone;Cytoplasm;Isomerase;Nucleotide-binding;Reference proteome	542
WP_003467250	Q8XL08	reviewed	Clostridium perfringens (strain 13 / Type A)	Coiled coil;Glycosidase;Hydrolase;Signal	1001
WP_003807102	A0A0H3LNQ3	unreviewed	Bordetella bronchiseptica (strain ATCC BAA-588 / NCTC 13252 / RB50) (Alcaligenes bronchisepticus)	Membrane;Reference proteome;Transmembrane;Transmembrane helix	234
WP_003807102	Q7W0M2	unreviewed	Bordetella pertussis (strain Tohama I / ATCC BAA-589 / NCTC 13251)	Membrane;Reference proteome;Transmembrane;Transmembrane helix	234
WP_003807102	A0A0U1RMR0	unreviewed	Bordetella pertussis (strain ATCC 9797 / DSM 5571 / CCUG 30873 / LMG 14455 / NCTC 10739 / 18323)	Membrane;Reference proteome;Transmembrane;Transmembrane helix	234
WP_003807114	A0A0R4J856	unreviewed	Bordetella bronchiseptica (strain ATCC BAA-588 / NCTC 13252 / RB50) (Alcaligenes bronchisepticus)	Reference proteome	191
WP_003807114	Q79H46	unreviewed	Bordetella pertussis (strain Tohama I / ATCC BAA-589 / NCTC 13251)	Reference proteome	191
WP_003807114	Q7B3C9	unreviewed	Bordetella bronchiseptica (Alcaligenes bronchisepticus)	Transferase	191
WP_003807114	A0ABU5X0M2	unreviewed	Bordetella parapertussis	Reference proteome	191
WP_003807114	Q79A64	unreviewed	Bordetella pertussis	Acyltransferase;Transferase	191
WP_003807114	A0A0T7CJE9	unreviewed	Bordetella pertussis (strain ATCC 9797 / DSM 5571 / CCUG 30873 / LMG 14455 / NCTC 10739 / 18323)	Reference proteome	191
WP_003807115	A0A0R4J795	unreviewed	Bordetella bronchiseptica (strain ATCC BAA-588 / NCTC 13252 / RB50) (Alcaligenes bronchisepticus)	Reference proteome	350
WP_003807115	Q79H45	unreviewed	Bordetella pertussis (strain Tohama I / ATCC BAA-589 / NCTC 13251)	3D-structure;Nucleotide-binding;Reference proteome	350
WP_003807115	Q7B3C8	unreviewed	Bordetella bronchiseptica (Alcaligenes bronchisepticus)		350
WP_003807115	A0ABU5X0I6	unreviewed	Bordetella parapertussis	Reference proteome	350
WP_003807115	Q79A65	unreviewed	Bordetella pertussis	Oxidoreductase	350
WP_003807115	A0A0U1RMR2	unreviewed	Bordetella pertussis (strain ATCC 9797 / DSM 5571 / CCUG 30873 / LMG 14455 / NCTC 10739 / 18323)	Reference proteome	350
WP_003808614	A0A0H3LII0	unreviewed	Bordetella bronchiseptica (strain ATCC BAA-588 / NCTC 13252 / RB50) (Alcaligenes bronchisepticus)	Cell membrane;Membrane;Reference proteome;Transmembrane;Transmembrane helix	296
WP_003808614	Q79GF3	unreviewed	Bordetella pertussis (strain Tohama I / ATCC BAA-589 / NCTC 13251)	Cell membrane;Membrane;Reference proteome;Transmembrane;Transmembrane helix	296
WP_003808614	Q45339	unreviewed	Bordetella pertussis	Cell membrane;Membrane;Transmembrane;Transmembrane helix	296
WP_003808614	A0A0T7CL27	unreviewed	Bordetella pertussis (strain ATCC 9797 / DSM 5571 / CCUG 30873 / LMG 14455 / NCTC 10739 / 18323)	Cell membrane;Membrane;Reference proteome;Transmembrane;Transmembrane helix	296
WP_003809869	A0A0H3LK56	unreviewed	Bordetella bronchiseptica (strain ATCC BAA-588 / NCTC 13252 / RB50) (Alcaligenes bronchisepticus)	Reference proteome	88
WP_003809869	Q79GP3	unreviewed	Bordetella pertussis (strain Tohama I / ATCC BAA-589 / NCTC 13251)	Reference proteome	88
WP_003809869	A0A0T7CL68	unreviewed	Bordetella pertussis (strain ATCC 9797 / DSM 5571 / CCUG 30873 / LMG 14455 / NCTC 10739 / 18323)	Reference proteome	88
WP_003809889	A0A0H3LTE1	unreviewed	Bordetella bronchiseptica (strain ATCC BAA-588 / NCTC 13252 / RB50) (Alcaligenes bronchisepticus)	Reference proteome	153
WP_003809889	Q79GQ4	unreviewed	Bordetella pertussis (strain Tohama I / ATCC BAA-589 / NCTC 13251)	Reference proteome	153
WP_003809889	A0ABU5X1K8	unreviewed	Bordetella parapertussis	Reference proteome	153
WP_003809889	A0A0T7CL62	unreviewed	Bordetella pertussis (strain ATCC 9797 / DSM 5571 / CCUG 30873 / LMG 14455 / NCTC 10739 / 18323)	Reference proteome	153
WP_003809919	A0A0H3LK62	unreviewed	Bordetella bronchiseptica (strain ATCC BAA-588 / NCTC 13252 / RB50) (Alcaligenes bronchisepticus)	DNA-binding;Reference proteome;Sigma factor;Transcription;Transcription regulation	200
WP_003809919	Q79GR9	unreviewed	Bordetella pertussis (strain Tohama I / ATCC BAA-589 / NCTC 13251)	DNA-binding;Reference proteome;Sigma factor;Transcription;Transcription regulation	200
WP_003809919	A0A0T7CKV1	unreviewed	Bordetella pertussis (strain ATCC 9797 / DSM 5571 / CCUG 30873 / LMG 14455 / NCTC 10739 / 18323)	DNA-binding;Reference proteome;Sigma factor;Transcription;Transcription regulation	200
WP_003814626	A0A0H3LWM6	unreviewed	Bordetella bronchiseptica (strain ATCC BAA-588 / NCTC 13252 / RB50) (Alcaligenes bronchisepticus)	Reference proteome	132
WP_003814626	Q7VSD4	unreviewed	Bordetella pertussis (strain Tohama I / ATCC BAA-589 / NCTC 13251)	Reference proteome	132
WP_003814626	A0A0U1RMU4	unreviewed	Bordetella pertussis (strain ATCC 9797 / DSM 5571 / CCUG 30873 / LMG 14455 / NCTC 10739 / 18323)	Reference proteome	132
WP_003820040	Q79GP4	unreviewed	Bordetella pertussis (strain Tohama I / ATCC BAA-589 / NCTC 13251)	Reference proteome	99
WP_003820040	A0A0T7CKT7	unreviewed	Bordetella pertussis (strain ATCC 9797 / DSM 5571 / CCUG 30873 / LMG 14455 / NCTC 10739 / 18323)	Reference proteome	99
WP_003820049	Q7VWI3	unreviewed	Bordetella pertussis (strain Tohama I / ATCC BAA-589 / NCTC 13251)	Coiled coil;Reference proteome	205
WP_003820049	A0A0T7CL74	unreviewed	Bordetella pertussis (strain ATCC 9797 / DSM 5571 / CCUG 30873 / LMG 14455 / NCTC 10739 / 18323)	Coiled coil;Reference proteome	205
WP_003820059	Q79GQ7	unreviewed	Bordetella pertussis (strain Tohama I / ATCC BAA-589 / NCTC 13251)	Reference proteome	220
WP_003820059	A0A0T7CL73	unreviewed	Bordetella pertussis (strain ATCC 9797 / DSM 5571 / CCUG 30873 / LMG 14455 / NCTC 10739 / 18323)	Reference proteome	220
WP_003820063	Q79GR0	unreviewed	Bordetella pertussis (strain Tohama I / ATCC BAA-589 / NCTC 13251)	Reference proteome	169
WP_003820063	A0A0T7CL92	unreviewed	Bordetella pertussis (strain ATCC 9797 / DSM 5571 / CCUG 30873 / LMG 14455 / NCTC 10739 / 18323)	Reference proteome	169
WP_003857987.1	A0A0F0XUJ4	unreviewed	Enterobacter kobei	Bacterial flagellum;Cell outer membrane;Cell projection;Cilium;Flagellum;Lipoprotein;Membrane;Palmitate;Reference proteome;Signal	232
WP_003857987.1	A0ABR5YUT2	unreviewed	Enterobacter genomosp. S	Bacterial flagellum;Cell outer membrane;Cell projection;Cilium;Flagellum;Lipoprotein;Membrane;Palmitate;Reference proteome;Signal	232
WP_003857987.1	A0AAE8QVA4	unreviewed	Enterobacter quasihormaechei	Bacterial flagellum;Cell outer membrane;Cell projection;Cilium;Flagellum;Lipoprotein;Membrane;Palmitate;Reference proteome;Signal	232
WP_003857987.1	A0ABR9Q1H4	unreviewed	Enterobacter pasteurii	Bacterial flagellum;Cell outer membrane;Cell projection;Cilium;Flagellum;Lipoprotein;Membrane;Palmitate;Reference proteome;Signal	232
WP_003857987.1	A0ABV1ZEG5	unreviewed	Enterobacter intestinihominis	Bacterial flagellum;Cell outer membrane;Cell projection;Cilium;Flagellum;Lipoprotein;Membrane;Palmitate;Reference proteome;Signal	232
WP_003859716.1	A0ABR5YNP7	unreviewed	Enterobacter genomosp. S	Chemotaxis;Cytoplasm;Hydrolase;Phosphoprotein;Reference proteome	349
WP_003859716.1	A0AAE8QWK2	unreviewed	Enterobacter quasihormaechei	Chemotaxis;Cytoplasm;Hydrolase;Phosphoprotein;Reference proteome	349
WP_003859716.1	A0AAW8H5J4	unreviewed	Enterobacter soli	Chemotaxis;Cytoplasm;Hydrolase;Phosphoprotein;Reference proteome	349
WP_004147521	A0A0H3GJU9	unreviewed	Klebsiella pneumoniae subsp. pneumoniae (strain HS11286)	Cell membrane;Membrane;Reference proteome;Transmembrane;Transmembrane helix;Transport	330
WP_004147521	A0A5E5TIF4	unreviewed	Klebsiella quasivariicola	Cell membrane;Membrane;Reference proteome;Transmembrane;Transmembrane helix;Transport	330
WP_004147521	A6T636	unreviewed	Klebsiella pneumoniae subsp. pneumoniae (strain ATCC 700721 / MGH 78578)	Cell membrane;Membrane;Reference proteome;Transmembrane;Transmembrane helix;Transport	330
WP_004147525	A6T638	unreviewed	Klebsiella pneumoniae subsp. pneumoniae (strain ATCC 700721 / MGH 78578)	Cell inner membrane;Cell membrane;Membrane;Reference proteome;Transmembrane;Transmembrane helix;Transport	413
WP_004149658	A0A839CQE7	unreviewed	Klebsiella grimontii	Reference proteome	238
WP_004149658	G3FT02	unreviewed	Klebsiella pneumoniae	Hydrolase	238
WP_004149659	B6S770	unreviewed	Klebsiella pneumoniae	Fimbrium;Lipoprotein;Palmitate;Signal	331
WP_004152886	A0A0H3GUX9	unreviewed	Klebsiella pneumoniae subsp. pneumoniae (strain HS11286)	Reference proteome	234
WP_004152886	G3FT00	unreviewed	Klebsiella pneumoniae	3D-structure;Cell projection;Cilium;Flagellum;Nucleotide-binding	234
WP_004174507	B0LF83	unreviewed	Klebsiella pneumoniae	Fimbrium;Signal	178
WP_004175261	A0A0H3GV84	unreviewed	Klebsiella pneumoniae subsp. pneumoniae (strain HS11286)	NAD;Oxidoreductase;Reference proteome	388
WP_004175261	A0A0J9WZA6	unreviewed	Klebsiella pneumoniae subsp. pneumoniae NTUH-K2044	3D-structure;NAD;Nucleotide-binding;Oxidoreductase	388
WP_004175261	Q762L2	unreviewed	Klebsiella pneumoniae	NAD;Oxidoreductase	388
WP_004175261	A0A377ZCW7	unreviewed	Klebsiella pneumoniae subsp. ozaenae	NAD;Oxidoreductase;Reference proteome	388
WP_004175261	A0A023JM94	unreviewed	Klebsiella pneumoniae subsp. pneumoniae	NAD;Oxidoreductase	388
WP_004175264	Q48476	reviewed	Klebsiella pneumoniae	ATP-binding;Cell inner membrane;Cell membrane;Membrane;Nucleotide-binding;Polysaccharide transport;Sugar transport;Transport	246
WP_004176417	A0A0H3GS07	unreviewed	Klebsiella pneumoniae subsp. pneumoniae (strain HS11286)	Reference proteome;Signal	180
WP_004176417	A0A377ZH20	unreviewed	Klebsiella pneumoniae subsp. ozaenae	Lipoprotein;Reference proteome	180
WP_004176431	A6T836	unreviewed	Klebsiella pneumoniae subsp. pneumoniae (strain ATCC 700721 / MGH 78578)	Reference proteome	229
WP_004176434	A0A8B4TVD2	unreviewed	Klebsiella quasivariicola	Reference proteome	163
WP_004176434	A6T833	unreviewed	Klebsiella pneumoniae subsp. pneumoniae (strain ATCC 700721 / MGH 78578)	Reference proteome	163
WP_004176917	A0ABY6WT65	unreviewed	Klebsiella quasivariicola	Cell membrane;Membrane;Reference proteome;Transmembrane;Transmembrane helix;Transport	335
WP_004177236	A6T5M5	unreviewed	Klebsiella pneumoniae subsp. pneumoniae (strain ATCC 700721 / MGH 78578)	Cell inner membrane;Cell membrane;Lipoprotein;Membrane;Palmitate;Reference proteome;Signal;Transport	397
WP_004177236	A0A378BWQ8	unreviewed	Klebsiella pneumoniae subsp. ozaenae	Cell inner membrane;Cell membrane;Lipoprotein;Membrane;Palmitate;Reference proteome;Signal;Transport	397
WP_004184923	A0A0H2WC56	unreviewed	Burkholderia mallei (strain ATCC 23344)	DNA-binding;Reference proteome;Transcription;Transcription regulation	239
WP_004184923	H7C753	unreviewed	Burkholderia pseudomallei (strain K96243)	DNA-binding;Reference proteome;Transcription;Transcription regulation	239
WP_004184923	Q6UBQ1	unreviewed	Burkholderia pseudomallei (Pseudomonas pseudomallei)	DNA-binding;Transcription;Transcription regulation	239
WP_004184923	A0A0H3HTJ9	unreviewed	Burkholderia pseudomallei (strain 1026b)	DNA-binding;Reference proteome;Transcription;Transcription regulation	239
WP_004184995	Q63Z09	unreviewed	Burkholderia pseudomallei (strain K96243)	Cell membrane;Cell projection;Chemotaxis;Cilium;Flagellar rotation;Flagellum;Membrane;Reference proteome	165
WP_004184995	A0A0H3HFI1	unreviewed	Burkholderia pseudomallei (strain 1026b)	Cell membrane;Cell projection;Chemotaxis;Cilium;Flagellar rotation;Flagellum;Membrane;Reference proteome	165
WP_004185006	A0A0H2WG55	unreviewed	Burkholderia mallei (strain ATCC 23344)	Phosphoprotein;Reference proteome	131
WP_004185006	Q2STS9	unreviewed	Burkholderia thailandensis (strain ATCC 700388 / DSM 13276 / CCUG 48851 / CIP 106301 / E264)	Phosphoprotein;Reference proteome	131
WP_004185006	A0AAI8BA84	unreviewed	Burkholderia oklahomensis	Phosphoprotein;Reference proteome	131
WP_004185006	A0ABN0GAS3	unreviewed	Burkholderia humptydooensis MSMB43	Phosphoprotein;Reference proteome	131
WP_004185006	A0A0H3HP69	unreviewed	Burkholderia pseudomallei (strain 1026b)	Phosphoprotein;Reference proteome	131
WP_004185014	A0A0H2WHB5	unreviewed	Burkholderia mallei (strain ATCC 23344)	Bacterial flagellum;Cell projection;Cilium;Flagellum;Reference proteome	253
WP_004185014	Q63YB4	unreviewed	Burkholderia pseudomallei (strain K96243)	Bacterial flagellum;Cell projection;Cilium;Flagellum;Reference proteome	253
WP_004185014	A0A0H3HSF8	unreviewed	Burkholderia pseudomallei (strain 1026b)	Bacterial flagellum;Cell projection;Cilium;Flagellum;Reference proteome	253
WP_004187356	A0A0H2WA86	unreviewed	Burkholderia mallei (strain ATCC 23344)	Cytoplasm;DNA-binding;Reference proteome	96
WP_004187356	Q63K36	unreviewed	Burkholderia pseudomallei (strain K96243)	Cytoplasm;DNA-binding;Reference proteome	96
WP_004187356	A0A0H3HYD5	unreviewed	Burkholderia pseudomallei (strain 1026b)	Cytoplasm;DNA-binding;Reference proteome	96
WP_004187417	A0A0H2WA78	unreviewed	Burkholderia mallei (strain ATCC 23344)	Cell membrane;Membrane;Reference proteome;Transmembrane;Transmembrane helix;Virulence	84
WP_004187417	Q2T715	unreviewed	Burkholderia thailandensis (strain ATCC 700388 / DSM 13276 / CCUG 48851 / CIP 106301 / E264)	Cell membrane;Membrane;Reference proteome;Transmembrane;Transmembrane helix;Virulence	84
WP_004187417	Q63K30	unreviewed	Burkholderia pseudomallei (strain K96243)	Cell membrane;Membrane;Reference proteome;Transmembrane;Transmembrane helix;Virulence	84
WP_004187417	A0ABN0FZQ4	unreviewed	Burkholderia humptydooensis MSMB43	Cell membrane;Membrane;Reference proteome;Transmembrane;Transmembrane helix;Virulence	84
WP_004187417	A0A0H3HYD8	unreviewed	Burkholderia pseudomallei (strain 1026b)	Cell membrane;Membrane;Reference proteome;Transmembrane;Transmembrane helix;Virulence	84
WP_004187509	A0A0H2WB39	unreviewed	Burkholderia mallei (strain ATCC 23344)	Reference proteome	135
WP_004187509	Q63K24	unreviewed	Burkholderia pseudomallei (strain K96243)	Reference proteome	135
WP_004187509	A0A0H3HVR6	unreviewed	Burkholderia pseudomallei (strain 1026b)	Reference proteome	135
WP_004187516	A0A0H2W9D7	unreviewed	Burkholderia mallei (strain ATCC 23344)	Cell membrane;Membrane;Reference proteome;Transmembrane;Transmembrane helix	358
WP_004187516	Q63JW8	unreviewed	Burkholderia pseudomallei (strain K96243)	Cell membrane;Membrane;Reference proteome;Transmembrane;Transmembrane helix	358
WP_004187516	A0A0H3HVI6	unreviewed	Burkholderia pseudomallei (strain 1026b)	Cell membrane;Membrane;Reference proteome;Transmembrane;Transmembrane helix	358
WP_004187526	A0A0H2XEZ2	unreviewed	Burkholderia mallei (strain ATCC 23344)	Coiled coil;Reference proteome	432
WP_004187526	Q63JW5	unreviewed	Burkholderia pseudomallei (strain K96243)	3D-structure;Coiled coil;Reference proteome	432
WP_004187648	A0A0H2WA91	unreviewed	Burkholderia mallei (strain ATCC 23344)	Reference proteome	151
WP_004187648	Q63K43	unreviewed	Burkholderia pseudomallei (strain K96243)	Reference proteome	151
WP_004187648	A0A0H3HVB7	unreviewed	Burkholderia pseudomallei (strain 1026b)	Reference proteome	151
WP_004188067	A0A0H2WBH4	unreviewed	Burkholderia mallei (strain ATCC 23344)	Cell membrane;Membrane;Reference proteome;Transmembrane;Transmembrane helix	226
WP_004188067	Q63K29	unreviewed	Burkholderia pseudomallei (strain K96243)	Cell membrane;Membrane;Reference proteome;Transmembrane;Transmembrane helix	226
WP_004188067	A0A0H3HVR2	unreviewed	Burkholderia pseudomallei (strain 1026b)	Cell membrane;Membrane;Reference proteome;Transmembrane;Transmembrane helix	226
WP_004188293	A0A0H2XDA3	unreviewed	Burkholderia mallei (strain ATCC 23344)	Reference proteome;Signal	159
WP_004188293	Q63JX0	unreviewed	Burkholderia pseudomallei (strain K96243)	Reference proteome;Signal	159
WP_004188293	A0A0H3HYI5	unreviewed	Burkholderia pseudomallei (strain 1026b)	Reference proteome;Signal	159
WP_004188396	A0A0H3HU97	unreviewed	Burkholderia pseudomallei (strain 1026b)	Reference proteome;Signal	166
WP_004188424	A0A0H2WB71	unreviewed	Burkholderia mallei (strain ATCC 23344)	Reference proteome	187
WP_004188424	Q63K40	unreviewed	Burkholderia pseudomallei (strain K96243)	Reference proteome	187
WP_004188490	A0A0H2WB25	unreviewed	Burkholderia mallei (strain ATCC 23344)	Cell inner membrane;Cell membrane;Membrane;Reference proteome;Transmembrane;Transmembrane helix;Transport	690
WP_004188490	Q63K23	unreviewed	Burkholderia pseudomallei (strain K96243)	Cell inner membrane;Cell membrane;Membrane;Reference proteome;Transmembrane;Transmembrane helix;Transport	690
WP_004188490	A0A0H3HVF2	unreviewed	Burkholderia pseudomallei (strain 1026b)	Cell inner membrane;Cell membrane;Membrane;Reference proteome;Transmembrane;Transmembrane helix;Transport	690
WP_004188590	Q62B10	reviewed	Burkholderia mallei (strain ATCC 23344)	Coiled coil;Reference proteome;Secreted;Virulence	310
WP_004188590	Q63K37	reviewed	Burkholderia pseudomallei (strain K96243)	3D-structure;Coiled coil;Reference proteome;Secreted;Virulence	310
WP_004188590	Q3JL26	reviewed	Burkholderia pseudomallei (strain 1710b)	Coiled coil;Secreted;Virulence	310
WP_004188590	A3NLD2	reviewed	Burkholderia pseudomallei (strain 668)	Coiled coil;Secreted;Virulence	310
WP_004188590	A3MCH1	reviewed	Burkholderia mallei (strain NCTC 10247)	Coiled coil;Secreted;Virulence	310
WP_004188590	A2S1Q3	reviewed	Burkholderia mallei (strain NCTC 10229)	Coiled coil;Secreted;Virulence	310
WP_004188590	A0A0H3HU33	unreviewed	Burkholderia pseudomallei (strain 1026b)	Coiled coil;Reference proteome;Secreted;Virulence	310
WP_004188618	Q63K33	unreviewed	Burkholderia pseudomallei (strain K96243)	Chaperone;Reference proteome	171
WP_004188690	A0A0H2WA87	unreviewed	Burkholderia mallei (strain ATCC 23344)	DNA-binding;Reference proteome;Transcription;Transcription regulation	230
WP_004188690	Q63JZ7	unreviewed	Burkholderia pseudomallei (strain K96243)	DNA-binding;Reference proteome;Transcription;Transcription regulation	230
WP_004188690	A0A0H3I0P4	unreviewed	Burkholderia pseudomallei (strain 1026b)	DNA-binding;Reference proteome;Transcription;Transcription regulation	230
WP_004194035	Q9AI45	unreviewed	Burkholderia mallei (Pseudomonas mallei)	ATP-binding;Cell inner membrane;Cell membrane;Membrane;Nucleotide-binding;Transport	218
WP_004194035	A0A0H2WLJ5	unreviewed	Burkholderia mallei (strain ATCC 23344)	ATP-binding;Cell inner membrane;Cell membrane;Membrane;Nucleotide-binding;Reference proteome;Transport	218
WP_004194035	Q63R69	unreviewed	Burkholderia pseudomallei (strain K96243)	ATP-binding;Cell inner membrane;Cell membrane;Membrane;Nucleotide-binding;Reference proteome;Transport	218
WP_004194035	A0A0H3HGW1	unreviewed	Burkholderia pseudomallei (strain 1026b)	ATP-binding;Cell inner membrane;Cell membrane;Membrane;Nucleotide-binding;Reference proteome;Transport	218
WP_004194045	A0A0H2WJT9	unreviewed	Burkholderia mallei (strain ATCC 23344)	ATP-binding;Kinase;Nucleotide-binding;Reference proteome;Transferase	346
WP_004194045	H7C745	unreviewed	Burkholderia pseudomallei (strain K96243)	3D-structure;ATP-binding;Kinase;Nucleotide-binding;Reference proteome;Transferase	346
WP_004194045	Q93UJ3	unreviewed	Burkholderia pseudomallei (Pseudomonas pseudomallei)	ATP-binding;Kinase;Nucleotide-binding;Transferase	346
WP_004194045	A0A0H3HGU1	unreviewed	Burkholderia pseudomallei (strain 1026b)	ATP-binding;Kinase;Nucleotide-binding;Reference proteome;Transferase	346
WP_004194086	Q9AI35	unreviewed	Burkholderia mallei (Pseudomonas mallei)		230
WP_004194086	A0A0H2WL25	unreviewed	Burkholderia mallei (strain ATCC 23344)	Reference proteome	230
WP_004194086	Q63R79	unreviewed	Burkholderia pseudomallei (strain K96243)	Reference proteome	230
WP_004194087	Q9AI38	unreviewed	Burkholderia mallei (Pseudomonas mallei)	Lyase	337
WP_004194087	A0A0H2WKK7	unreviewed	Burkholderia mallei (strain ATCC 23344)	Lyase;Reference proteome	337
WP_004194087	H7C736	unreviewed	Burkholderia pseudomallei (strain K96243)	Lyase;Reference proteome	337
WP_004194087	Q7BMG5	unreviewed	Burkholderia pseudomallei (Pseudomonas pseudomallei)	Lyase	337
WP_004194087	A0A0H3HJP9	unreviewed	Burkholderia pseudomallei (strain 1026b)	Lyase;Reference proteome	337
WP_004194127	A0A0H2WKD8	unreviewed	Burkholderia mallei (strain ATCC 23344)	Cell inner membrane;Cell membrane;Hydrolase;Membrane;Methyltransferase;Multifunctional enzyme;Protease;Reference proteome;Transferase;Transmembrane;Transmembrane helix	304
WP_004194135	Q9AI46	unreviewed	Burkholderia mallei (Pseudomonas mallei)	Capsule biogenesis/degradation;Cell membrane;Membrane;Polysaccharide transport;Sugar transport;Transmembrane;Transmembrane helix;Transport	260
WP_004194135	A0A0H2WJQ4	unreviewed	Burkholderia mallei (strain ATCC 23344)	Capsule biogenesis/degradation;Cell inner membrane;Cell membrane;Membrane;Polysaccharide transport;Reference proteome;Sugar transport;Transmembrane;Transmembrane helix;Transport	260
WP_004194135	Q63R68	unreviewed	Burkholderia pseudomallei (strain K96243)	Capsule biogenesis/degradation;Cell inner membrane;Cell membrane;Membrane;Polysaccharide transport;Reference proteome;Sugar transport;Transmembrane;Transmembrane helix;Transport	260
WP_004194206	Q9AI39	unreviewed	Burkholderia mallei (Pseudomonas mallei)		280
WP_004194206	A0A0H2WKF4	unreviewed	Burkholderia mallei (strain ATCC 23344)	Reference proteome	280
WP_004194206	H7C744	unreviewed	Burkholderia pseudomallei (strain K96243)	Reference proteome	280
WP_004194206	Q7BMG6	unreviewed	Burkholderia pseudomallei (Pseudomonas pseudomallei)		280
WP_004194206	A0A0H3HFB2	unreviewed	Burkholderia pseudomallei (strain 1026b)	Reference proteome	280
WP_004194209	Q9AI28	unreviewed	Burkholderia mallei (Pseudomonas mallei)	Aminotransferase;Transferase	439
WP_004194209	Q63R86	unreviewed	Burkholderia pseudomallei (strain K96243)	Reference proteome;Transferase	439
WP_004194209	A0A0H3HJR2	unreviewed	Burkholderia pseudomallei (strain 1026b)	Aminotransferase;Reference proteome;Transferase	439
WP_004194255	Q9AI34	reviewed	Burkholderia mallei (strain ATCC 23344)	Capsule biogenesis/degradation;Carbohydrate metabolism;Cytoplasm;Hydrolase;Magnesium;Metal-binding;Reference proteome;Zinc	189
WP_004194255	Q63R80	unreviewed	Burkholderia pseudomallei (strain K96243)	Carbohydrate metabolism;Cytoplasm;Hydrolase;Magnesium;Metal-binding;Reference proteome;Zinc	189
WP_004194345	A0A0H2WKG5	unreviewed	Burkholderia mallei (strain ATCC 23344)	Reference proteome	230
WP_004194345	A0A0H3HGV3	unreviewed	Burkholderia pseudomallei (strain 1026b)	Reference proteome	230
WP_004194348	Q9AI41	unreviewed	Burkholderia mallei (Pseudomonas mallei)	Transferase	598
WP_004194348	A0A0H2WKK2	unreviewed	Burkholderia mallei (strain ATCC 23344)	Reference proteome;Transferase	598
WP_004194348	Q63R73	unreviewed	Burkholderia pseudomallei (strain K96243)	Reference proteome;Transferase	598
WP_004194378	Q9AI48	unreviewed	Burkholderia mallei (Pseudomonas mallei)	Cell outer membrane;Ion transport;Lipoprotein;Membrane;Palmitate;Polysaccharide transport;Porin;Signal;Sugar transport;Transmembrane;Transmembrane beta strand;Transport	387
WP_004194378	A0A0H2WL17	unreviewed	Burkholderia mallei (strain ATCC 23344)	Cell outer membrane;Ion transport;Lipoprotein;Membrane;Palmitate;Polysaccharide transport;Porin;Reference proteome;Signal;Sugar transport;Transmembrane;Transmembrane beta strand;Transport	387
WP_004194378	H7C767	unreviewed	Burkholderia pseudomallei (strain K96243)	Cell outer membrane;Ion transport;Lipoprotein;Membrane;Palmitate;Polysaccharide transport;Porin;Reference proteome;Signal;Sugar transport;Transmembrane;Transmembrane beta strand;Transport	387
WP_004194378	Q7BMG8	unreviewed	Burkholderia pseudomallei (Pseudomonas pseudomallei)	Cell outer membrane;Ion transport;Lipoprotein;Membrane;Palmitate;Polysaccharide transport;Porin;Signal;Sugar transport;Transmembrane;Transmembrane beta strand;Transport	387
WP_004194378	A0A0H3HFA0	unreviewed	Burkholderia pseudomallei (strain 1026b)	Cell outer membrane;Ion transport;Lipoprotein;Membrane;Palmitate;Polysaccharide transport;Porin;Reference proteome;Signal;Sugar transport;Transmembrane;Transmembrane beta strand;Transport	387
WP_004196785	A0A0H2WFJ5	unreviewed	Burkholderia mallei (strain ATCC 23344)	Cell inner membrane;Cell membrane;Cell projection;Chemotaxis;Cilium;Flagellar rotation;Flagellum;Membrane;Reference proteome;Transmembrane;Transmembrane helix	165
WP_004196785	Q63Z11	unreviewed	Burkholderia pseudomallei (strain K96243)	Cell inner membrane;Cell membrane;Cell projection;Chemotaxis;Cilium;Flagellar rotation;Flagellum;Membrane;Reference proteome;Transmembrane;Transmembrane helix	165
WP_004197162	A0A0H2WI17	unreviewed	Burkholderia mallei (strain ATCC 23344)	Bacterial flagellum biogenesis;Bacterial flagellum protein export;Cell membrane;Cell projection;Chemotaxis;Cilium;Coiled coil;Flagellum;Membrane;Protein transport;Reference proteome;Transport	150
WP_004197162	Q63YG1	unreviewed	Burkholderia pseudomallei (strain K96243)	Bacterial flagellum biogenesis;Bacterial flagellum protein export;Cell membrane;Cell projection;Chemotaxis;Cilium;Coiled coil;Flagellum;Membrane;Protein transport;Reference proteome;Transport	150
WP_004197162	A0A0H3HNK3	unreviewed	Burkholderia pseudomallei (strain 1026b)	Bacterial flagellum biogenesis;Bacterial flagellum protein export;Cell membrane;Cell projection;Chemotaxis;Cilium;Coiled coil;Flagellum;Membrane;Protein transport;Reference proteome;Transport	150
WP_004197167	A0A0H2WJ11	unreviewed	Burkholderia mallei (strain ATCC 23344)	Bacterial flagellum;Cell membrane;Cell projection;Chemotaxis;Cilium;Flagellar rotation;Flagellum;Membrane;Reference proteome	331
WP_004197167	Q63YF8	unreviewed	Burkholderia pseudomallei (strain K96243)	Bacterial flagellum;Cell membrane;Cell projection;Chemotaxis;Cilium;Flagellar rotation;Flagellum;Membrane;Reference proteome	331
WP_004197251	A0A0H2WI88	unreviewed	Burkholderia mallei (strain ATCC 23344)	Bacterial flagellum;Cell projection;Cilium;Flagellum;Reference proteome	141
WP_004197251	H7C750	unreviewed	Burkholderia pseudomallei (strain K96243)	Bacterial flagellum;Cell projection;Cilium;Flagellum;Reference proteome	141
WP_004197251	A0A0H3HU23	unreviewed	Burkholderia pseudomallei (strain 1026b)	Bacterial flagellum;Cell projection;Cilium;Flagellum;Reference proteome	141
WP_004197255	A0A0H2WHA8	unreviewed	Burkholderia mallei (strain ATCC 23344)	Bacterial flagellum;Cell projection;Cilium;Flagellum;Reference proteome	413
WP_004197255	Q63YB5	unreviewed	Burkholderia pseudomallei (strain K96243)	Bacterial flagellum;Cell projection;Cilium;Flagellum;Reference proteome	413
WP_004197257	A0A0H2WGI1	unreviewed	Burkholderia mallei (strain ATCC 23344)	Bacterial flagellum;Cell projection;Cilium;Flagellum;Reference proteome	262
WP_004197257	Q63YB3	unreviewed	Burkholderia pseudomallei (strain K96243)	Bacterial flagellum;Cell projection;Cilium;Flagellum;Reference proteome	262
WP_004197257	A0A0H3HNC6	unreviewed	Burkholderia pseudomallei (strain 1026b)	Bacterial flagellum;Cell projection;Cilium;Flagellum;Reference proteome	262
WP_004197262	Q63YB0	unreviewed	Burkholderia pseudomallei (strain K96243)	Cell wall biogenesis/degradation;Glycosidase;Hydrolase;Periplasm;Reference proteome	311
WP_004197262	A0A0H3HP70	unreviewed	Burkholderia pseudomallei (strain 1026b)	Cell projection;Cell wall biogenesis/degradation;Cilium;Flagellum;Glycosidase;Hydrolase;Periplasm;Reference proteome	311
WP_004198195	A0A0H2WGL1	unreviewed	Burkholderia mallei (strain ATCC 23344)	Phosphoprotein;Reference proteome	126
WP_004198195	Q63PR6	unreviewed	Burkholderia pseudomallei (strain K96243)	Phosphoprotein;Reference proteome	126
WP_004198197	A0A0H2WGP1	unreviewed	Burkholderia mallei (strain ATCC 23344)	Cell inner membrane;Cell membrane;Chemotaxis;Flagellar rotation;Hydrogen ion transport;Ion transport;Membrane;Reference proteome;Transmembrane;Transmembrane helix;Transport	286
WP_004198197	Q63PR4	unreviewed	Burkholderia pseudomallei (strain K96243)	Cell inner membrane;Cell membrane;Chemotaxis;Flagellar rotation;Hydrogen ion transport;Ion transport;Membrane;Reference proteome;Transmembrane;Transmembrane helix;Transport	286
WP_004198207	A0A0H2WGQ3	unreviewed	Burkholderia mallei (strain ATCC 23344)	Bacterial flagellum;Cell projection;Cilium;Flagellum;Reference proteome;Secreted	388
WP_004198207	H7C7G3	unreviewed	Burkholderia pseudomallei (strain K96243)	Bacterial flagellum;Cell projection;Cilium;Flagellum;Reference proteome;Secreted	388
WP_004198207	P70944	unreviewed	Burkholderia pseudomallei (Pseudomonas pseudomallei)	3D-structure;Bacterial flagellum;Cell projection;Cilium;Flagellum;Secreted	388
WP_004198207	A0A0H3HP84	unreviewed	Burkholderia pseudomallei (strain 1026b)	Bacterial flagellum;Cell projection;Cilium;Flagellum;Reference proteome;Secreted	388
WP_004198636	A0A0H2WFQ8	unreviewed	Burkholderia mallei (strain ATCC 23344)	Cell projection;Cilium;Cytoplasm;DNA-binding;Flagellum;Reference proteome;Sigma factor;Transcription;Transcription regulation	244
WP_004198637	A0A0H2WHK7	unreviewed	Burkholderia mallei (strain ATCC 23344)	ATP-binding;Cell projection;Cilium;Flagellum;Lipoprotein;Nucleotide-binding;Palmitate;Reference proteome;Signal	270
WP_004198637	Q63PT0	unreviewed	Burkholderia pseudomallei (strain K96243)	ATP-binding;Cell projection;Cilium;Flagellum;Lipoprotein;Nucleotide-binding;Palmitate;Reference proteome;Signal	270
WP_004198637	A0A0H3HQ09	unreviewed	Burkholderia pseudomallei (strain 1026b)	ATP-binding;Cell projection;Cilium;Flagellum;Lipoprotein;Nucleotide-binding;Palmitate;Reference proteome;Signal	270
WP_004198639	A0A0H2WGK2	unreviewed	Burkholderia mallei (strain ATCC 23344)	Bacterial flagellum biogenesis;Bacterial flagellum protein export;Cell membrane;Cell projection;Cilium;Flagellum;Membrane;Protein transport;Reference proteome;Transmembrane;Transmembrane helix;Transport	700
WP_004198639	Q63PS8	unreviewed	Burkholderia pseudomallei (strain K96243)	Bacterial flagellum biogenesis;Bacterial flagellum protein export;Cell membrane;Cell projection;Cilium;Flagellum;Membrane;Protein transport;Reference proteome;Transmembrane;Transmembrane helix;Transport	700
WP_004198639	A0A0H3HUX3	unreviewed	Burkholderia pseudomallei (strain 1026b)	Bacterial flagellum biogenesis;Bacterial flagellum protein export;Cell membrane;Cell projection;Cilium;Flagellum;Membrane;Protein transport;Reference proteome;Transmembrane;Transmembrane helix;Transport	700
WP_004198645	Q62G12	reviewed	Burkholderia mallei (strain ATCC 23344)	Chemotaxis;Cytoplasm;Hydrolase;Phosphoprotein;Reference proteome	364
WP_004198645	Q3JY65	reviewed	Burkholderia pseudomallei (strain 1710b)	Chemotaxis;Cytoplasm;Hydrolase;Phosphoprotein	364
WP_004198645	A0A0H3HTB9	unreviewed	Burkholderia pseudomallei (strain 1026b)	Chemotaxis;Cytoplasm;Hydrolase;Phosphoprotein;Reference proteome	364
WP_004199265	A0A0H2WHL6	unreviewed	Burkholderia mallei (strain ATCC 23344)	Chemotaxis;Cytoplasm;Reference proteome	175
WP_004199265	H7C775	unreviewed	Burkholderia pseudomallei (strain K96243)	Chemotaxis;Cytoplasm;Reference proteome	175
WP_004199265	O05183	unreviewed	Burkholderia pseudomallei (Pseudomonas pseudomallei)	Chemotaxis;Cytoplasm	175
WP_004199265	A0A0H3HP73	unreviewed	Burkholderia pseudomallei (strain 1026b)	Chemotaxis;Cytoplasm;Reference proteome	175
WP_004199882	A0A0H2WHG4	unreviewed	Burkholderia mallei (strain ATCC 23344)	Bacterial flagellum;Cell membrane;Cell projection;Cilium;Flagellum;Membrane;Reference proteome;Transmembrane;Transmembrane helix	90
WP_004199882	Q3V7T2	unreviewed	Burkholderia pseudomallei (strain K96243)	Bacterial flagellum;Cell membrane;Cell projection;Cilium;Flagellum;Membrane;Reference proteome;Transmembrane;Transmembrane helix	90
WP_004199882	A0A0H3HDN5	unreviewed	Burkholderia pseudomallei (strain 1026b)	Bacterial flagellum;Cell membrane;Cell projection;Cilium;Flagellum;Membrane;Reference proteome;Transmembrane;Transmembrane helix	90
WP_004200257	A0A0H2WGR1	unreviewed	Burkholderia mallei (strain ATCC 23344)	Bacterial flagellum biogenesis;Cell projection;Cilium;Flagellum;Reference proteome;Repressor;Transcription;Transcription regulation	114
WP_004200257	Q63YC0	unreviewed	Burkholderia pseudomallei (strain K96243)	Bacterial flagellum biogenesis;Cell projection;Cilium;Flagellum;Reference proteome;Repressor;Transcription;Transcription regulation	114
WP_004200257	A0A0H3HP82	unreviewed	Burkholderia pseudomallei (strain 1026b)	Bacterial flagellum biogenesis;Cell projection;Cilium;Flagellum;Reference proteome;Repressor;Transcription;Transcription regulation	114
WP_004200262	A0A0H2WHB9	unreviewed	Burkholderia mallei (strain ATCC 23344)	Bacterial flagellum;Cell projection;Cilium;Flagellum;Reference proteome	410
WP_004200262	Q63YA7	unreviewed	Burkholderia pseudomallei (strain K96243)	Bacterial flagellum;Cell projection;Cilium;Flagellum;Reference proteome	410
WP_004200966	A5PM34	unreviewed	Burkholderia mallei (Pseudomonas mallei)		130
WP_004200966	A0A0H2WEE1	unreviewed	Burkholderia mallei (strain ATCC 23344)	Reference proteome	130
WP_004200966	Q63K58	unreviewed	Burkholderia pseudomallei (strain K96243)	Reference proteome	130
WP_004203128	A0A0H2WAT5	unreviewed	Burkholderia mallei (strain ATCC 23344)	Reference proteome	147
WP_004203128	Q63K45	unreviewed	Burkholderia pseudomallei (strain K96243)	Reference proteome	147
WP_004203128	A0A0H3HYA7	unreviewed	Burkholderia pseudomallei (strain 1026b)	Reference proteome	147
WP_004203135	Q62B08	reviewed	Burkholderia mallei (strain ATCC 23344)	Reference proteome;Secreted;Virulence	419
WP_004203135	Q63K35	reviewed	Burkholderia pseudomallei (strain K96243)	Reference proteome;Secreted;Virulence	419
WP_004203135	A3MCG9	reviewed	Burkholderia mallei (strain NCTC 10247)	Secreted;Virulence	419
WP_004203135	A2S1Q1	reviewed	Burkholderia mallei (strain NCTC 10229)	Secreted;Virulence	419
WP_004203429	A0A0H2WI24	unreviewed	Burkholderia mallei (strain ATCC 23344)	Bacterial flagellum biogenesis;Cell projection;Chaperone;Cilium;Cytoplasm;Flagellum;Reference proteome	144
WP_004203429	H7C746	unreviewed	Burkholderia pseudomallei (strain K96243)	Bacterial flagellum biogenesis;Cell projection;Chaperone;Cilium;Cytoplasm;Flagellum;Reference proteome	144
WP_004203429	A0A0H3HUB3	unreviewed	Burkholderia pseudomallei (strain 1026b)	Bacterial flagellum biogenesis;Cell projection;Chaperone;Cilium;Cytoplasm;Flagellum;Reference proteome	144
WP_004203463	A0A0H2WHB3	unreviewed	Burkholderia mallei (strain ATCC 23344)	Bacterial flagellum;Cell projection;Cilium;Coiled coil;Flagellum;Reference proteome;Secreted	667
WP_004203463	Q63YA8	unreviewed	Burkholderia pseudomallei (strain K96243)	3D-structure;Bacterial flagellum;Cell projection;Cilium;Coiled coil;Flagellum;Reference proteome;Secreted	667
WP_004213609	A2V7P4	unreviewed	Klebsiella pneumoniae	DNA-binding;Plasmid	210
WP_004213922	Q6U605	unreviewed	Klebsiella pneumoniae CG43	3D-structure;Plasmid	577
WP_004213924	Q6U607	reviewed	Klebsiella pneumoniae	Cell outer membrane;Ion transport;Iron;Iron transport;Membrane;Plasmid;Receptor;Signal;TonB box;Transmembrane;Transmembrane beta strand;Transport	733
WP_004310150.1	A0A0F5JSW2	unreviewed	Parabacteroides gordonii MS-1 = DSM 23371	Coiled coil;Reference proteome	140
WP_004310150.1	A0A3E4MYG9	unreviewed	Phocaeicola plebeius	Coiled coil;Reference proteome	140
WP_004310150.1	A0ABN0BJ90	unreviewed	Bacteroides fragilis 3_1_12	Coiled coil;Reference proteome	140
WP_004310150.1	S0FCI8	unreviewed	Phocaeicola coprophilus DSM 18228 = JCM 13818	Coiled coil;Reference proteome	140
WP_004522157	H7C781	unreviewed	Burkholderia pseudomallei (strain K96243)	GTP-binding;Nucleotide-binding;Nucleotidyltransferase;Reference proteome;Transferase	475
WP_004522157	Q93UK3	unreviewed	Burkholderia pseudomallei (Pseudomonas pseudomallei)	GTP-binding;Isomerase;Nucleotide-binding;Nucleotidyltransferase;Transferase	475
WP_004522157	A0A0H3HGS2	unreviewed	Burkholderia pseudomallei (strain 1026b)	GTP-binding;Isomerase;Nucleotide-binding;Nucleotidyltransferase;Reference proteome;Transferase	475
WP_004522161	Q63R70	unreviewed	Burkholderia pseudomallei (strain K96243)	Reference proteome	507
WP_004522170	Q63R81	unreviewed	Burkholderia pseudomallei (strain K96243)	Reference proteome	400
WP_004523041	Q63YB2	reviewed	Burkholderia pseudomallei (strain K96243)	Bacterial flagellum;Cell outer membrane;Membrane;Reference proteome;Signal	240
WP_004523066	Q63YF7	unreviewed	Burkholderia pseudomallei (strain K96243)	Bacterial flagellum;Cell membrane;Cell projection;Cilium;Flagellum;Membrane;Reference proteome;Transmembrane;Transmembrane helix	598
WP_004523066	A0A0H3HSM0	unreviewed	Burkholderia pseudomallei (strain 1026b)	Bacterial flagellum;Cell membrane;Cell projection;Cilium;Flagellum;Membrane;Reference proteome;Transmembrane;Transmembrane helix	598
WP_004523992	H7C738	unreviewed	Burkholderia pseudomallei (strain K96243)	Autoinducer synthesis;Quorum sensing;Reference proteome;S-adenosyl-L-methionine;Transferase	203
WP_004523992	Q6UBQ0	unreviewed	Burkholderia pseudomallei (Pseudomonas pseudomallei)	Autoinducer synthesis;Quorum sensing;S-adenosyl-L-methionine;Transferase	203
WP_004523992	A0A0H3HYK8	unreviewed	Burkholderia pseudomallei (strain 1026b)	Autoinducer synthesis;Quorum sensing;Reference proteome;S-adenosyl-L-methionine;Transferase	203
WP_004524402	A0A0H2WHL2	unreviewed	Burkholderia mallei (strain ATCC 23344)	Chemotaxis;Cytoplasm;Flagellar rotation;Hydrolase;Protein phosphatase;Reference proteome	242
WP_004524402	Q63PS4	unreviewed	Burkholderia pseudomallei (strain K96243)	Chemotaxis;Cytoplasm;Flagellar rotation;Hydrolase;Protein phosphatase;Reference proteome	242
WP_004524404	Q63PS1	reviewed	Burkholderia pseudomallei (strain K96243)	Chemotaxis;Hydrolase;Reference proteome	234
WP_004524404	Q3JY64	reviewed	Burkholderia pseudomallei (strain 1710b)	Chemotaxis;Hydrolase	234
WP_004524547	Q63Z10	unreviewed	Burkholderia pseudomallei (strain K96243)	Bacterial flagellum;Cell inner membrane;Cell membrane;Cell projection;Chemotaxis;Cilium;Flagellar rotation;Flagellum;Membrane;Reference proteome	332
WP_004524547	A0A0H3HIC2	unreviewed	Burkholderia pseudomallei (strain 1026b)	Bacterial flagellum;Cell inner membrane;Cell membrane;Cell projection;Chemotaxis;Cilium;Flagellar rotation;Flagellum;Membrane;Reference proteome	332
WP_004525308	Q63K17	unreviewed	Burkholderia pseudomallei (strain K96243)	Reference proteome	100
WP_004525314	Q63K26	unreviewed	Burkholderia pseudomallei (strain K96243)	Coiled coil;Reference proteome	154
WP_004525314	A0A0H3HU43	unreviewed	Burkholderia pseudomallei (strain 1026b)	Coiled coil;Reference proteome	154
WP_004525318	Q63K32	reviewed	Burkholderia pseudomallei (strain K96243)	Cell membrane;Membrane;Reference proteome;Transmembrane;Transmembrane helix;Virulence	411
WP_004525324	Q63K39	unreviewed	Burkholderia pseudomallei (strain K96243)	Phosphopantetheine;Reference proteome	93
WP_004525324	A0A0H3HVE3	unreviewed	Burkholderia pseudomallei (strain 1026b)	Phosphopantetheine;Reference proteome	93
WP_004525344	Q63K67	unreviewed	Burkholderia pseudomallei (strain K96243)	3D-structure;Reference proteome	169
WP_004525344	A0A0H3HVA0	unreviewed	Burkholderia pseudomallei (strain 1026b)	Reference proteome	169
WP_004525693	Q63PS9	unreviewed	Burkholderia pseudomallei (strain K96243)	Bacterial flagellum biogenesis;Bacterial flagellum protein export;Cell membrane;Cell projection;Cilium;Flagellum;GTP-binding;Membrane;Nucleotide-binding;Protein transport;Reference proteome;Transport	583
WP_004525698	Q63PS0	unreviewed	Burkholderia pseudomallei (strain K96243)	Methyltransferase;Reference proteome;S-adenosyl-L-methionine;Transferase	315
WP_004525780	Q3V7T1	unreviewed	Burkholderia pseudomallei (strain K96243)	Bacterial flagellum;Cell membrane;Cell projection;Cilium;Flagellum;Membrane;Reference proteome;Transmembrane;Transmembrane helix	260
WP_004525899	Q63YB8	unreviewed	Burkholderia pseudomallei (strain K96243)	Bacterial flagellum;Cell projection;Cilium;Flagellum;Reference proteome	163
WP_004526211	A0A0H2WH45	unreviewed	Burkholderia mallei (strain ATCC 23344)	Membrane;Methylation;Reference proteome;Transmembrane;Transmembrane helix	172
WP_004526211	Q63WV9	unreviewed	Burkholderia pseudomallei (strain K96243)	Membrane;Methylation;Reference proteome;Transmembrane;Transmembrane helix	172
WP_004527661	Q63R85	unreviewed	Burkholderia pseudomallei (strain K96243)	Hydrolase;Lipid A biosynthesis;Lipid biosynthesis;Lipid metabolism;Metal-binding;Reference proteome;Zinc	305
WP_004527661	A0A0H3HFC7	unreviewed	Burkholderia pseudomallei (strain 1026b)	Hydrolase;Lipid A biosynthesis;Lipid biosynthesis;Lipid metabolism;Metal-binding;Reference proteome;Zinc	305
WP_004527663	Q63R83	unreviewed	Burkholderia pseudomallei (strain K96243)	Cell membrane;Membrane;Reference proteome;Transmembrane;Transmembrane helix	510
WP_004528416	Q63L28	unreviewed	Burkholderia pseudomallei (strain K96243)	Autoinducer synthesis;Quorum sensing;Reference proteome;S-adenosyl-L-methionine;Transferase	206
WP_004528788	Q63K71	unreviewed	Burkholderia pseudomallei (strain K96243)	Cytoplasm;DNA-binding;Phosphoprotein;Reference proteome;Transcription;Transcription regulation;Two-component regulatory system	245
WP_004528810	Q63K42	reviewed	Burkholderia pseudomallei (strain K96243)	Coiled coil;Reference proteome;Secreted;Virulence	512
WP_004528810	Q3JL32	reviewed	Burkholderia pseudomallei (strain 1710b)	Coiled coil;Secreted;Virulence	512
WP_004528810	A0A0H3I0L5	unreviewed	Burkholderia pseudomallei (strain 1026b)	Coiled coil;Reference proteome;Secreted;Virulence	512
WP_004528812	Q63K41	reviewed	Burkholderia pseudomallei (strain K96243)	3D-structure;GTPase activation;Guanine-nucleotide releasing factor;Reference proteome;Secreted;Virulence	261
WP_004528812	Q3JL30	reviewed	Burkholderia pseudomallei (strain 1710b)	GTPase activation;Guanine-nucleotide releasing factor;Secreted;Virulence	261
WP_004528812	A3NLC8	reviewed	Burkholderia pseudomallei (strain 668)	GTPase activation;Guanine-nucleotide releasing factor;Secreted;Virulence	261
WP_004528812	A0A0H3HYD1	unreviewed	Burkholderia pseudomallei (strain 1026b)	GTPase activation;Guanine-nucleotide releasing factor;Reference proteome;Secreted;Virulence	261
WP_004528826	Q63K18	unreviewed	Burkholderia pseudomallei (strain K96243)	3D-structure;Protein transport;Reference proteome;Secreted;Transport;Virulence	89
WP_004528852	Q63JZ6	unreviewed	Burkholderia pseudomallei (strain K96243)	Autoinducer synthesis;Quorum sensing;Reference proteome;S-adenosyl-L-methionine;Transferase	202
WP_004528852	A0A0H3HYG6	unreviewed	Burkholderia pseudomallei (strain 1026b)	Autoinducer synthesis;Quorum sensing;Reference proteome;S-adenosyl-L-methionine;Transferase	202
WP_004530401	Q63PQ3	unreviewed	Burkholderia pseudomallei (strain K96243)	Bacterial flagellum;Cell projection;Cilium;Coiled coil;Flagellum;Reference proteome;Secreted	506
WP_004530571	Q63K69	unreviewed	Burkholderia pseudomallei (strain K96243)	Reference proteome	164
WP_004530571	A0A0H3HY86	unreviewed	Burkholderia pseudomallei (strain 1026b)	Reference proteome	164
WP_004530572	Q63K66	unreviewed	Burkholderia pseudomallei (strain K96243)	Reference proteome	153
WP_004530572	A0A0H3I0H0	unreviewed	Burkholderia pseudomallei (strain 1026b)	Reference proteome	153
WP_004530590	Q63K28	unreviewed	Burkholderia pseudomallei (strain K96243)	Reference proteome;Virulence	323
WP_004530593	Q63K16	unreviewed	Burkholderia pseudomallei (strain K96243)	Cell outer membrane;Lipoprotein;Membrane;Palmitate;Protein transport;Reference proteome;Signal;Transmembrane;Transmembrane helix;Transport	315
WP_004530613	Q63JW9	unreviewed	Burkholderia pseudomallei (strain K96243)	Membrane;Reference proteome;Transmembrane;Transmembrane helix	184
WP_004530613	A0A0H3HVW6	unreviewed	Burkholderia pseudomallei (strain 1026b)	Membrane;Reference proteome;Transmembrane;Transmembrane helix	184
WP_004533227	Q63K15	unreviewed	Burkholderia pseudomallei (strain K96243)	Reference proteome	195
WP_004533227	A0A0H3HYE7	unreviewed	Burkholderia pseudomallei (strain 1026b)	Reference proteome	195
WP_004533272	Q63K14	unreviewed	Burkholderia pseudomallei (strain K96243)	Coiled coil;Cytoplasm;Protein transport;Reference proteome;Transport	260
WP_004533373	Q63K64	unreviewed	Burkholderia pseudomallei (strain K96243)	Reference proteome	340
WP_004533397	Q62B07	reviewed	Burkholderia mallei (strain ATCC 23344)	Coiled coil;Host membrane;Membrane;Reference proteome;Secreted;Transmembrane;Transmembrane helix;Virulence	620
WP_004533397	Q63K34	reviewed	Burkholderia pseudomallei (strain K96243)	Coiled coil;Host membrane;Membrane;Reference proteome;Secreted;Transmembrane;Transmembrane helix;Virulence	620
WP_004533397	A3MCG8	reviewed	Burkholderia mallei (strain NCTC 10247)	Coiled coil;Host membrane;Membrane;Secreted;Transmembrane;Transmembrane helix;Virulence	620
WP_004533397	A2S1Q0	reviewed	Burkholderia mallei (strain NCTC 10229)	Coiled coil;Host membrane;Membrane;Secreted;Transmembrane;Transmembrane helix;Virulence	620
WP_004533443	Q63K13	unreviewed	Burkholderia pseudomallei (strain K96243)	DNA-binding;Membrane;Reference proteome;Transmembrane;Transmembrane helix	323
WP_004534368	Q63YF6	unreviewed	Burkholderia pseudomallei (strain K96243)	Bacterial flagellum;Cell projection;Cilium;Flagellum;Reference proteome	113
WP_004536546	A0A0H2WAR6	unreviewed	Burkholderia mallei (strain ATCC 23344)	Reference proteome;Signal	189
WP_004536546	Q63JW3	unreviewed	Burkholderia pseudomallei (strain K96243)	Reference proteome;Signal	189
WP_004536933	Q63K56	unreviewed	Burkholderia pseudomallei (strain K96243)	Reference proteome	465
WP_004536933	A0A0H3I0I1	unreviewed	Burkholderia pseudomallei (strain 1026b)	Reference proteome	465
WP_004537540	Q63JW7	unreviewed	Burkholderia pseudomallei (strain K96243)	ATP-binding;Nucleotide-binding;Reference proteome	536
WP_004537540	A0A0H3I0S4	unreviewed	Burkholderia pseudomallei (strain 1026b)	ATP-binding;Nucleotide-binding;Reference proteome	536
WP_004549962	Q63QL4	unreviewed	Burkholderia pseudomallei (strain K96243)	Cell inner membrane;Cell membrane;Membrane;Reference proteome;Transmembrane;Transmembrane helix;Transport	405
WP_004550031	Q63R71	unreviewed	Burkholderia pseudomallei (strain K96243)	Glycoprotein;Membrane;Reference proteome;Transferase;Transmembrane;Transmembrane helix	440
WP_004550031	A0A0H3HFA7	unreviewed	Burkholderia pseudomallei (strain 1026b)	Glycoprotein;Membrane;Reference proteome;Transferase;Transmembrane;Transmembrane helix	440
WP_004551874	Q63K65	unreviewed	Burkholderia pseudomallei (strain K96243)	Reference proteome	580
WP_004551877	Q63K59	unreviewed	Burkholderia pseudomallei (strain K96243)	Reference proteome	250
WP_004551877	A0A0H3HY94	unreviewed	Burkholderia pseudomallei (strain 1026b)	Reference proteome	250
WP_004555023	Q63K22	unreviewed	Burkholderia pseudomallei (strain K96243)	Reference proteome	368
WP_004556233	Q63K60	unreviewed	Burkholderia pseudomallei (strain K96243)	Reference proteome	354
WP_004556283	Q63JW2	unreviewed	Burkholderia pseudomallei (strain K96243)	ATP-binding;Nucleotide-binding;Reference proteome	368
WP_004556525	Q63YF9	unreviewed	Burkholderia pseudomallei (strain K96243)	Bacterial flagellum biogenesis;Bacterial flagellum protein export;Cell projection;Cilium;Cytoplasm;Flagellum;Protein transport;Reference proteome;Transport	226
WP_004558040	Q63L32	unreviewed	Burkholderia pseudomallei (strain K96243)	DNA-binding;Reference proteome;Transcription;Transcription regulation	234
WP_004567343.1	Q6NES2	unreviewed	Corynebacterium diphtheriae (strain ATCC 700971 / NCTC 13129 / Biotype gravis)	Membrane;Reference proteome;Transmembrane;Transmembrane helix	562
WP_004568087	Q79GR3	unreviewed	Bordetella pertussis (strain Tohama I / ATCC BAA-589 / NCTC 13251)	Cell membrane;Membrane;Reference proteome;Transmembrane;Transmembrane helix	223
WP_004568087	A0A0T7CL72	unreviewed	Bordetella pertussis (strain ATCC 9797 / DSM 5571 / CCUG 30873 / LMG 14455 / NCTC 10739 / 18323)	Cell membrane;Membrane;Reference proteome;Transmembrane;Transmembrane helix	223
WP_004568102	Q79GQ2	unreviewed	Bordetella pertussis (strain Tohama I / ATCC BAA-589 / NCTC 13251)	Reference proteome	161
WP_004568102	A0A0T7CL79	unreviewed	Bordetella pertussis (strain ATCC 9797 / DSM 5571 / CCUG 30873 / LMG 14455 / NCTC 10739 / 18323)	Reference proteome	161
WP_004583405.1	B2RGM6	unreviewed	Porphyromonas gingivalis (strain ATCC 33277 / DSM 20709 / CIP 103683 / JCM 12257 / NCTC 11834 / 2561)	Acyltransferase;Reference proteome;Repeat;Transferase	190
WP_004583425.1	Q7MXX1	unreviewed	Porphyromonas gingivalis (strain ATCC BAA-308 / W83)	Reference proteome;Signal	391
WP_004583425.1	B2RGP7	unreviewed	Porphyromonas gingivalis (strain ATCC 33277 / DSM 20709 / CIP 103683 / JCM 12257 / NCTC 11834 / 2561)	Reference proteome;Signal	391
WP_004583425.1	A0A134DMH4	unreviewed	Porphyromonas gingivalis (Bacteroides gingivalis)	Signal	391
WP_004583909.1	Q7MXD7	unreviewed	Porphyromonas gingivalis (strain ATCC BAA-308 / W83)	Reference proteome;Transferase	355
WP_004583909.1	B2RHN5	unreviewed	Porphyromonas gingivalis (strain ATCC 33277 / DSM 20709 / CIP 103683 / JCM 12257 / NCTC 11834 / 2561)	Reference proteome;Transferase	355
WP_004584766.1	B2RLE8	unreviewed	Porphyromonas gingivalis (strain ATCC 33277 / DSM 20709 / CIP 103683 / JCM 12257 / NCTC 11834 / 2561)	3D-structure;Metal-binding;Reference proteome;Zinc	516
WP_004585202.1	Q7MWG4	unreviewed	Porphyromonas gingivalis (strain ATCC BAA-308 / W83)	Amino-acid biosynthesis;Hydrolase;Magnesium;Metal-binding;Reference proteome;Serine biosynthesis	413
WP_004585202.1	B2RIL6	unreviewed	Porphyromonas gingivalis (strain ATCC 33277 / DSM 20709 / CIP 103683 / JCM 12257 / NCTC 11834 / 2561)	Amino-acid biosynthesis;Hydrolase;Magnesium;Metal-binding;Reference proteome;Serine biosynthesis	413
WP_004585349.1	Q7MUG5	unreviewed	Porphyromonas gingivalis (strain ATCC BAA-308 / W83)	Membrane;Reference proteome;Transmembrane;Transmembrane helix	108
WP_004585349.1	B2RI77	unreviewed	Porphyromonas gingivalis (strain ATCC 33277 / DSM 20709 / CIP 103683 / JCM 12257 / NCTC 11834 / 2561)	Membrane;Reference proteome;Transmembrane;Transmembrane helix	108
WP_004585352.1	B2RI79	unreviewed	Porphyromonas gingivalis (strain ATCC 33277 / DSM 20709 / CIP 103683 / JCM 12257 / NCTC 11834 / 2561)	Membrane;Reference proteome;Transmembrane;Transmembrane helix	225
WP_004681215	Q8YDY8	reviewed	Brucella melitensis biotype 1 (strain ATCC 23456 / CCUG 17765 / NCTC 10094 / 16M)	Cell outer membrane;Lipoprotein;Membrane;Palmitate;Reference proteome;Signal;Virulence	172
WP_004681223	Q8YDZ4	reviewed	Brucella melitensis biotype 1 (strain ATCC 23456 / CCUG 17765 / NCTC 10094 / 16M)	ATP-binding;Cell inner membrane;Cell membrane;Hydrolase;Membrane;Nucleotide-binding;Reference proteome;Transport;Virulence	831
WP_004681227	Q8YDZ5	reviewed	Brucella melitensis biotype 1 (strain ATCC 23456 / CCUG 17765 / NCTC 10094 / 16M)	Periplasm;Reference proteome;Signal;Virulence	238
WP_004681330.1	Q8YAZ0	unreviewed	Brucella melitensis biotype 1 (strain ATCC 23456 / CCUG 17765 / NCTC 10094 / 16M)	Reference proteome	153
WP_004681469	Q8YB71	unreviewed	Brucella melitensis biotype 1 (strain ATCC 23456 / CCUG 17765 / NCTC 10094 / 16M)	Cell membrane;Lipopolysaccharide biosynthesis;Membrane;Reference proteome;Transferase	446
WP_004681680	Q8YBK0	unreviewed	Brucella melitensis biotype 1 (strain ATCC 23456 / CCUG 17765 / NCTC 10094 / 16M)	GTP-binding;Isomerase;Nucleotide-binding;Nucleotidyltransferase;Reference proteome;Transferase	471
WP_004681680	A9ME95	unreviewed	Brucella canis (strain ATCC 23365 / NCTC 10854 / RM-666)	GTP-binding;Isomerase;Nucleotide-binding;Nucleotidyltransferase;Reference proteome;Transferase	471
WP_004681680	A0ABM9Z8I5	unreviewed	Brucella ceti M644/93/1	GTP-binding;Isomerase;Nucleotide-binding;Nucleotidyltransferase;Reference proteome;Transferase	471
WP_004681680	A0ABM9ZQ76	unreviewed	Brucella pinnipedialis (strain NCTC 12890 / B2/94 / BCCN 94-73)	GTP-binding;Isomerase;Nucleotide-binding;Nucleotidyltransferase;Reference proteome;Transferase	471
WP_004681680	C7LHI9	unreviewed	Brucella microti (strain BCCN 7-01 / CAPM 6434 / CCM 4915)	GTP-binding;Isomerase;Nucleotide-binding;Nucleotidyltransferase;Reference proteome;Transferase	471
WP_004683211	A0AAW7BBR8	unreviewed	Brucella inopinata	Cell membrane;Membrane;Polysaccharide transport;Reference proteome;Sugar transport;Transmembrane;Transmembrane helix;Transport	260
WP_004683211	A0A0H3G296	unreviewed	Brucella suis biovar 1 (strain 1330)	Cell inner membrane;Cell membrane;Membrane;Polysaccharide transport;Reference proteome;Sugar transport;Transmembrane;Transmembrane helix;Transport	260
WP_004683211	Q9ZHX3	unreviewed	Brucella melitensis	Cell membrane;Membrane;Polysaccharide transport;Sugar transport;Transmembrane;Transmembrane helix;Transport	260
WP_004683211	A9M945	unreviewed	Brucella canis (strain ATCC 23365 / NCTC 10854 / RM-666)	Cell inner membrane;Cell membrane;Membrane;Polysaccharide transport;Reference proteome;Sugar transport;Transmembrane;Transmembrane helix;Transport	260
WP_004683211	C7LAI9	unreviewed	Brucella microti (strain BCCN 7-01 / CAPM 6434 / CCM 4915)	Cell inner membrane;Cell membrane;Membrane;Polysaccharide transport;Reference proteome;Sugar transport;Transmembrane;Transmembrane helix;Transport	260
WP_004683228	Q8YFW7	unreviewed	Brucella melitensis biotype 1 (strain ATCC 23456 / CCUG 17765 / NCTC 10094 / 16M)	GTP-binding;Nucleotide-binding;Nucleotidyltransferase;Reference proteome;Transferase	474
WP_004683443.1	Q8YGA1	unreviewed	Brucella melitensis biotype 1 (strain ATCC 23456 / CCUG 17765 / NCTC 10094 / 16M)	Reference proteome	187
WP_004683743	Q8YH07	unreviewed	Brucella melitensis biotype 1 (strain ATCC 23456 / CCUG 17765 / NCTC 10094 / 16M)	Glycosyltransferase;Reference proteome;Transferase	519
WP_004683864	Q8YHG9	reviewed	Brucella melitensis biotype 1 (strain ATCC 23456 / CCUG 17765 / NCTC 10094 / 16M)	Cytoplasm;Lipid A biosynthesis;Lipid biosynthesis;Lipid metabolism;Lyase;Reference proteome	157
WP_004683864	C0RJC1	reviewed	Brucella melitensis biotype 2 (strain ATCC 23457)	Cytoplasm;Lipid A biosynthesis;Lipid biosynthesis;Lipid metabolism;Lyase	157
WP_004684016	Q8YI59	reviewed	Brucella melitensis biotype 1 (strain ATCC 23456 / CCUG 17765 / NCTC 10094 / 16M)	Hydrolase;Lipid A biosynthesis;Lipid biosynthesis;Lipid metabolism;Metal-binding;Reference proteome;Zinc	286
WP_004684016	C0RE63	reviewed	Brucella melitensis biotype 2 (strain ATCC 23457)	Hydrolase;Lipid A biosynthesis;Lipid biosynthesis;Lipid metabolism;Metal-binding;Zinc	286
WP_004684061.1	Q8YIE7	unreviewed	Brucella melitensis biotype 1 (strain ATCC 23456 / CCUG 17765 / NCTC 10094 / 16M)	Cell membrane;Lectin;Membrane;Reference proteome;Signal;Transmembrane;Transmembrane helix;Virulence	167
WP_004684547	Q8YE43	unreviewed	Brucella melitensis biotype 1 (strain ATCC 23456 / CCUG 17765 / NCTC 10094 / 16M)	Kinase;Membrane;Phosphoprotein;Reference proteome;Transferase;Transmembrane;Transmembrane helix;Two-component regulatory system	601
WP_004684737	C0RGW8	reviewed	Brucella melitensis biotype 2 (strain ATCC 23457)	Host cell membrane;Host membrane;Hydrolase;Lipid-binding;Membrane;NAD;Secreted;Virulence	275
WP_004686828	Q8YDZ2	reviewed	Brucella melitensis biotype 1 (strain ATCC 23456 / CCUG 17765 / NCTC 10094 / 16M)	Cell inner membrane;Cell membrane;Membrane;Reference proteome;Transmembrane;Transmembrane helix;Virulence	347
WP_004899416	A0AAI8IUD8	unreviewed	Klebsiella quasipneumoniae	Isomerase;Magnesium;Metal-binding;Phosphoprotein;Reference proteome	456
WP_004899416	Q5KQX8	unreviewed	Klebsiella pneumoniae	Isomerase;Magnesium;Metal-binding;Phosphoprotein	456
WP_005160338	A0A857F5Q7	unreviewed	Yersinia canariae	Cell projection;Cilium;Flagellum;Reference proteome	169
WP_005160338	A0A0T9TGA2	unreviewed	Yersinia aleksiciae	Cell projection;Cilium;Flagellum;Reference proteome	169
WP_005160338	A0A0H3NQS9	unreviewed	Yersinia enterocolitica subsp. palearctica serotype O:3 (strain DSM 13030 / CIP 106945 / Y11)	Cell projection;Cilium;Flagellum;Reference proteome	169
WP_005160341	A0ABW9EVK2	unreviewed	Yersinia proxima	Cytoplasm;DNA-binding;Reference proteome;Sigma factor;Transcription;Transcription regulation	240
WP_005160341	A0A0H3NZ32	unreviewed	Yersinia enterocolitica subsp. palearctica serotype O:3 (strain DSM 13030 / CIP 106945 / Y11)	Cell projection;Cilium;Cytoplasm;DNA-binding;Flagellum;Reference proteome;Sigma factor;Transcription;Transcription regulation	240
WP_005160376	A1JSU2	reviewed	Yersinia enterocolitica serotype O:8 / biotype 1B (strain NCTC 13174 / 8081)	Bacterial flagellum	103
WP_005160376	A0A0H3NTY3	unreviewed	Yersinia enterocolitica subsp. palearctica serotype O:3 (strain DSM 13030 / CIP 106945 / Y11)	Bacterial flagellum;Cell projection;Cilium;Flagellum;Reference proteome	103
WP_005160381	A0A0H3NQR5	unreviewed	Yersinia enterocolitica subsp. palearctica serotype O:3 (strain DSM 13030 / CIP 106945 / Y11)	Bacterial flagellum;Cell inner membrane;Cell membrane;Cell projection;Chemotaxis;Cilium;Flagellar rotation;Flagellum;Membrane;Reference proteome	330
WP_005160389	A0A0H3NTY0	unreviewed	Yersinia enterocolitica subsp. palearctica serotype O:3 (strain DSM 13030 / CIP 106945 / Y11)	Bacterial flagellum biogenesis;Bacterial flagellum protein export;Cell membrane;Cell projection;Chemotaxis;Cilium;Flagellum;Membrane;Protein transport;Reference proteome;Transport	148
WP_005160396	A0A0H3NZ24	unreviewed	Yersinia enterocolitica subsp. palearctica serotype O:3 (strain DSM 13030 / CIP 106945 / Y11)	Bacterial flagellum;Cell inner membrane;Cell membrane;Cell projection;Chemotaxis;Cilium;Flagellar rotation;Flagellum;Membrane;Reference proteome	334
WP_005160414	A0ABX5R0E9	unreviewed	Yersinia hibernica	Bacterial flagellum;Cell membrane;Cell projection;Cilium;Flagellum;Membrane;Reference proteome;Transmembrane;Transmembrane helix	89
WP_005160414	A0A0H3NQQ8	unreviewed	Yersinia enterocolitica subsp. palearctica serotype O:3 (strain DSM 13030 / CIP 106945 / Y11)	Bacterial flagellum;Cell membrane;Cell projection;Cilium;Flagellum;Membrane;Reference proteome;Transmembrane;Transmembrane helix	89
WP_005160434	A0A0H3NNQ9	unreviewed	Yersinia enterocolitica subsp. palearctica serotype O:3 (strain DSM 13030 / CIP 106945 / Y11)	Bacterial flagellum;Cell outer membrane;Cell projection;Cilium;Flagellum;Lipoprotein;Membrane;Palmitate;Reference proteome;Signal	238
WP_005160438	A0A0H3NTU5	unreviewed	Yersinia enterocolitica subsp. palearctica serotype O:3 (strain DSM 13030 / CIP 106945 / Y11)	Bacterial flagellum;Cell projection;Cilium;Flagellum;Reference proteome	260
WP_005160443	A0A0H3NQN4	unreviewed	Yersinia enterocolitica subsp. palearctica serotype O:3 (strain DSM 13030 / CIP 106945 / Y11)	Bacterial flagellum;Cell projection;Cilium;Flagellum;Reference proteome	419
WP_005160463	A0ABW9EVU1	unreviewed	Yersinia proxima	Bacterial flagellum;Cell projection;Cilium;Flagellum;Reference proteome	137
WP_005160463	Q56893	reviewed	Yersinia enterocolitica	Bacterial flagellum	137
WP_005160463	A0A0H3NTT9	unreviewed	Yersinia enterocolitica subsp. palearctica serotype O:3 (strain DSM 13030 / CIP 106945 / Y11)	Bacterial flagellum;Cell projection;Cilium;Flagellum;Reference proteome	137
WP_005164474	A0A0H3NNP6	unreviewed	Yersinia enterocolitica subsp. palearctica serotype O:3 (strain DSM 13030 / CIP 106945 / Y11)	Bacterial flagellum biogenesis;Bacterial flagellum protein export;Cell membrane;Cell projection;Cilium;Flagellum;Membrane;Protein transport;Reference proteome;Transmembrane;Transmembrane helix;Transport	383
WP_005164477	A0ABW9EWH7	unreviewed	Yersinia proxima	Chemotaxis;Cytoplasm;Flagellar rotation;Hydrolase;Protein phosphatase;Reference proteome	214
WP_005164477	Q93P01	unreviewed	Yersinia enterocolitica	Chemotaxis;Cytoplasm;Flagellar rotation;Hydrolase;Protein phosphatase	214
WP_005164477	A0A0H3NNU9	unreviewed	Yersinia enterocolitica subsp. palearctica serotype O:3 (strain DSM 13030 / CIP 106945 / Y11)	Chemotaxis;Cytoplasm;Flagellar rotation;Hydrolase;Protein phosphatase;Reference proteome	214
WP_005164479	A0ABW9EVN7	unreviewed	Yersinia proxima	Acetylation;Cytoplasm;Magnesium;Metal-binding;Phosphoprotein;Reference proteome;Two-component regulatory system	129
WP_005164479	A0ABY5UQW6	unreviewed	Yersinia alsatica	Acetylation;Cytoplasm;Magnesium;Metal-binding;Phosphoprotein;Reference proteome;Two-component regulatory system	129
WP_005164479	A0ABR4W6X2	unreviewed	Yersinia frederiksenii ATCC 33641	Acetylation;Cytoplasm;Magnesium;Metal-binding;Phosphoprotein;Reference proteome;Two-component regulatory system	129
WP_005164479	Q93P00	reviewed	Yersinia enterocolitica	Acetylation;Chemotaxis;Cytoplasm;Flagellar rotation;Magnesium;Metal-binding;Phosphoprotein;Two-component regulatory system	129
WP_005164479	A0A0H3NQM0	unreviewed	Yersinia enterocolitica subsp. palearctica serotype O:3 (strain DSM 13030 / CIP 106945 / Y11)	Acetylation;Cytoplasm;Magnesium;Metal-binding;Phosphoprotein;Reference proteome;Two-component regulatory system	129
WP_005164481	A0A0T9PG00	unreviewed	Yersinia massiliensis	Chemotaxis;Cytoplasm;Hydrolase;Phosphoprotein;Reference proteome	349
WP_005164481	A0A0H3NZ08	unreviewed	Yersinia enterocolitica subsp. palearctica serotype O:3 (strain DSM 13030 / CIP 106945 / Y11)	Chemotaxis;Cytoplasm;Hydrolase;Phosphoprotein;Reference proteome	349
WP_005164494	A0A0H3NQL3	unreviewed	Yersinia enterocolitica subsp. palearctica serotype O:3 (strain DSM 13030 / CIP 106945 / Y11)	Cell inner membrane;Cell membrane;Cell projection;Chemotaxis;Cilium;Flagellar rotation;Flagellum;Hydrogen ion transport;Ion transport;Membrane;Reference proteome;Transmembrane;Transmembrane helix;Transport	295
WP_005164496	A0ABX5R129	unreviewed	Yersinia hibernica	Activator;Bacterial flagellum biogenesis;Cell projection;Cilium;Cytoplasm;DNA-binding;Flagellum;Metal-binding;Reference proteome;Transcription;Transcription regulation;Zinc	193
WP_005164496	A0A857F2R4	unreviewed	Yersinia canariae	Activator;Bacterial flagellum biogenesis;Cell projection;Cilium;Cytoplasm;DNA-binding;Flagellum;Metal-binding;Reference proteome;Transcription;Transcription regulation;Zinc	193
WP_005164496	A0ABY5UQY3	unreviewed	Yersinia alsatica	Activator;Bacterial flagellum biogenesis;Cell projection;Cilium;Cytoplasm;DNA-binding;Flagellum;Metal-binding;Reference proteome;Transcription;Transcription regulation;Zinc	193
WP_005164496	A0ABM9XW53	unreviewed	Yersinia bercovieri ATCC 43970	Activator;Bacterial flagellum biogenesis;Cell projection;Cilium;Cytoplasm;DNA-binding;Flagellum;Metal-binding;Reference proteome;Transcription;Transcription regulation;Zinc	193
WP_005164496	O86047	reviewed	Yersinia enterocolitica	Activator;Bacterial flagellum biogenesis;Cytoplasm;DNA-binding;Metal-binding;Transcription;Transcription regulation;Zinc	193
WP_005164496	A0A0H3NNN6	unreviewed	Yersinia enterocolitica subsp. palearctica serotype O:3 (strain DSM 13030 / CIP 106945 / Y11)	Activator;Bacterial flagellum biogenesis;Cell projection;Cilium;Cytoplasm;DNA-binding;Flagellum;Metal-binding;Reference proteome;Transcription;Transcription regulation;Zinc	193
WP_005164498	A0ABW9EVB2	unreviewed	Yersinia proxima	Activator;Bacterial flagellum biogenesis;Cell projection;Cilium;Cytoplasm;Disulfide bond;DNA-binding;Flagellum;Reference proteome;Transcription;Transcription regulation	116
WP_005164498	A0A0H3NTR3	unreviewed	Yersinia enterocolitica subsp. palearctica serotype O:3 (strain DSM 13030 / CIP 106945 / Y11)	Activator;Bacterial flagellum biogenesis;Cell projection;Cilium;Cytoplasm;Disulfide bond;DNA-binding;Flagellum;Reference proteome;Transcription;Transcription regulation	116
WP_005167727	A1JNA0	unreviewed	Yersinia enterocolitica serotype O:8 / biotype 1B (strain NCTC 13174 / 8081)	3D-structure	174
WP_005167740	Q56872	reviewed	Yersinia enterocolitica serotype O:8 / biotype 1B (strain NCTC 13174 / 8081)	Lipopolysaccharide biosynthesis;Lyase;NADP	372
WP_005168786	A1JT31	reviewed	Yersinia enterocolitica serotype O:8 / biotype 1B (strain NCTC 13174 / 8081)	Bacterial flagellum biogenesis;Repressor;Transcription;Transcription regulation	99
WP_005168794	Q56894	reviewed	Yersinia enterocolitica	Bacterial flagellum	134
WP_005173697	Q8GF02	unreviewed	Yersinia enterocolitica		83
WP_005173735	Q9KKH0	unreviewed	Yersinia enterocolitica	Cell membrane;Membrane;Transmembrane;Transmembrane helix	266
WP_005173738	Q93NK6	unreviewed	Yersinia enterocolitica	Cell membrane;Membrane;Transmembrane;Transmembrane helix;Virulence	89
WP_005173749	Q9KKH6	unreviewed	Yersinia enterocolitica	Coiled coil	151
WP_005173759	O30437	unreviewed	Yersinia enterocolitica		135
WP_005173762	O30436	unreviewed	Yersinia enterocolitica	Cell inner membrane;Cell membrane;Membrane;Protein transport;Transmembrane;Transmembrane helix;Transport	690
WP_005173798	Q9KKJ0	unreviewed	Yersinia enterocolitica	Membrane;Transmembrane;Transmembrane helix	161
WP_005298795	K1JCH2	unreviewed	Aeromonas dhakensis	Bacterial flagellum;Cell membrane;Cell projection;Cilium;Flagellum;Membrane;Reference proteome;Signal;Transmembrane;Transmembrane helix	127
WP_005298795	A0KI12	unreviewed	Aeromonas hydrophila subsp. hydrophila (strain ATCC 7966 / DSM 30187 / BCRC 13018 / CCUG 14551 / JCM 1027 / KCTC 2358 / NCIMB 9240 / NCTC 8049)	Bacterial flagellum;Cell membrane;Cell projection;Cilium;Flagellum;Membrane;Reference proteome;Signal;Transmembrane;Transmembrane helix	127
WP_005300916	K1JLL6	unreviewed	Aeromonas dhakensis	Fatty acid biosynthesis;Fatty acid metabolism;Lipid biosynthesis;Lipid metabolism;NADP;Oxidoreductase;Reference proteome	244
WP_005308483	K1J601	unreviewed	Aeromonas dhakensis	Cell inner membrane;Cell membrane;Membrane;Methylation;Protein transport;Reference proteome;Transmembrane;Transmembrane helix;Transport	143
WP_005308483	A0KFS9	unreviewed	Aeromonas hydrophila subsp. hydrophila (strain ATCC 7966 / DSM 30187 / BCRC 13018 / CCUG 14551 / JCM 1027 / KCTC 2358 / NCIMB 9240 / NCTC 8049)	Cell inner membrane;Cell membrane;Membrane;Methylation;Protein transport;Reference proteome;Transmembrane;Transmembrane helix;Transport	143
WP_005314213	Q8GLQ4	unreviewed	Aeromonas salmonicida	Cell membrane;Membrane;Transmembrane;Transmembrane helix	315
WP_005314215	A0ABT7QEQ9	unreviewed	Aeromonas piscicola	Cell inner membrane;Cell membrane;Cell projection;Chemotaxis;Cilium;Flagellar rotation;Flagellum;Hydrogen ion transport;Ion transport;Membrane;Reference proteome;Transmembrane;Transmembrane helix;Transport	285
WP_005314225	Q8GLR0	unreviewed	Aeromonas salmonicida	Bacterial flagellum biogenesis;Chaperone;Cytoplasm	130
WP_005314249	A0ABT7QEQ6	unreviewed	Aeromonas piscicola	Bacterial flagellum;Cell projection;Cilium;Coiled coil;Flagellum;Reference proteome;Secreted	299
WP_005314303	A0ABT7QFI1	unreviewed	Aeromonas piscicola	Cell membrane;Cell projection;Cilium;Flagellum;Membrane;Reference proteome;Transmembrane;Transmembrane helix	89
WP_005314303	A0ABS5GPC1	unreviewed	Aeromonas popoffii	Cell membrane;Cell projection;Cilium;Flagellum;Membrane;Reference proteome;Transmembrane;Transmembrane helix	89
WP_005320739	Q70WN9	unreviewed	Aeromonas salmonicida subsp. salmonicida	Cell membrane;Membrane;Plasmid;Transmembrane;Transmembrane helix;Virulence	352
WP_005320741	Q70WP0	unreviewed	Aeromonas salmonicida subsp. salmonicida	Cell membrane;Membrane;Plasmid;Transmembrane;Transmembrane helix	262
WP_005320743	Q70WP1	unreviewed	Aeromonas salmonicida subsp. salmonicida	Cell membrane;Membrane;Plasmid;Transmembrane;Transmembrane helix;Virulence	88
WP_005320745	Q70WP2	unreviewed	Aeromonas salmonicida subsp. salmonicida	Cell membrane;Membrane;Plasmid;Transmembrane;Transmembrane helix	217
WP_005320747	Q70WP3	unreviewed	Aeromonas salmonicida subsp. salmonicida	Plasmid;Virulence	308
WP_005320751	Q70WP5	unreviewed	Aeromonas salmonicida subsp. salmonicida	Plasmid	153
WP_005320760	Q8GA95	unreviewed	Aeromonas salmonicida subsp. salmonicida	Plasmid	93
WP_005320764	Q8GA94	unreviewed	Aeromonas salmonicida subsp. salmonicida	Plasmid	123
WP_005320766	Q8GA93	unreviewed	Aeromonas salmonicida subsp. salmonicida	Plasmid	121
WP_005320768	Q8GA92	unreviewed	Aeromonas salmonicida subsp. salmonicida	Chaperone;Cytoplasm	116
WP_005320774	Q8GA89	unreviewed	Aeromonas salmonicida subsp. salmonicida	Plasmid	94
WP_005320777	Q70WN7	unreviewed	Aeromonas salmonicida subsp. salmonicida	Plasmid	361
WP_005320778	Q70WN6	unreviewed	Aeromonas salmonicida subsp. salmonicida	Plasmid	167
WP_005320780	Q70WN5	unreviewed	Aeromonas salmonicida subsp. salmonicida	Coiled coil;Host membrane;Membrane;Plasmid;Transmembrane;Transmembrane helix;Virulence	397
WP_005320781	Q70WN4	unreviewed	Aeromonas salmonicida subsp. salmonicida	Membrane;Plasmid;Transmembrane;Transmembrane helix	298
WP_005320804	Q4W470	reviewed	Aeromonas salmonicida subsp. salmonicida	Plasmid;Secreted;Virulence	184
WP_005321178	Q27RI0	unreviewed	Aeromonas salmonicida (strain A449)	Kinase;Plasmid;Serine/threonine-protein kinase;Transferase	728
WP_005321603	A4Q8K3	unreviewed	Aeromonas salmonicida subsp. salmonicida	Plasmid	141
WP_005377232	A0A2I3C4P8	unreviewed	Vibrio alginolyticus (strain ATCC 17749 / DSM 2171 / NBRC 15630 / NCIMB 1903 / NCTC 12160 / XII-53)	Cell membrane;Membrane;Reference proteome;Transmembrane;Transmembrane helix	216
WP_005377232	A0ABM9WXJ5	unreviewed	Vibrio antiquarius	Cell membrane;Membrane;Reference proteome;Transmembrane;Transmembrane helix	216
WP_005377232	A0ACA6QMC8	unreviewed	Vibrio antiquarius	Cell membrane;Membrane;Reference proteome;Transmembrane;Transmembrane helix	216
WP_005377232	Q87P46	unreviewed	Vibrio parahaemolyticus serotype O3:K6 (strain RIMD 2210633)	Cell membrane;Membrane;Reference proteome;Transmembrane;Transmembrane helix	216
WP_005377232	A0ABX1I4I1	unreviewed	Vibrio chemaguriensis	Cell membrane;Membrane;Reference proteome;Transmembrane;Transmembrane helix	216
WP_005377232	A0A0T7EXX6	unreviewed	Vibrio diabolicus	Cell membrane;Membrane;Reference proteome;Transmembrane;Transmembrane helix	216
WP_005377232	A0A0H0YBI4	unreviewed	Vibrio alginolyticus	Cell membrane;Membrane;Reference proteome;Transmembrane;Transmembrane helix	216
WP_005457104	Q87PA6	unreviewed	Vibrio parahaemolyticus serotype O3:K6 (strain RIMD 2210633)	Cell inner membrane;Cell membrane;Membrane;Reference proteome;Transmembrane;Transmembrane helix	882
WP_005463140	Q87GD7	unreviewed	Vibrio parahaemolyticus serotype O3:K6 (strain RIMD 2210633)	Reference proteome	295
WP_005463172	Q87GE9	unreviewed	Vibrio parahaemolyticus serotype O3:K6 (strain RIMD 2210633)	Lipoprotein;Palmitate;Reference proteome;Signal	177
WP_005463180	Q87GF3	unreviewed	Vibrio parahaemolyticus serotype O3:K6 (strain RIMD 2210633)	Reference proteome	96
WP_005463181	Q87GF4	unreviewed	Vibrio parahaemolyticus serotype O3:K6 (strain RIMD 2210633)	Membrane;Reference proteome;Transmembrane;Transmembrane helix	349
WP_005463197	Q87GG1	unreviewed	Vibrio parahaemolyticus serotype O3:K6 (strain RIMD 2210633)	Membrane;Reference proteome;Transmembrane;Transmembrane helix	627
WP_005463202	Q87GG6	unreviewed	Vibrio parahaemolyticus serotype O3:K6 (strain RIMD 2210633)	Coiled coil;Reference proteome	217
WP_005463203	Q87GG7	unreviewed	Vibrio parahaemolyticus serotype O3:K6 (strain RIMD 2210633)	Reference proteome	71
WP_005463204	Q87GG8	unreviewed	Vibrio parahaemolyticus serotype O3:K6 (strain RIMD 2210633)	DNA-binding;Membrane;Reference proteome;Transmembrane;Transmembrane helix	183
WP_005463220	Q87GH8	unreviewed	Vibrio parahaemolyticus serotype O3:K6 (strain RIMD 2210633)	ATP-binding;Nucleotide-binding;Reference proteome;Translocase;Transport	420
WP_005463222	Q87GH9	unreviewed	Vibrio parahaemolyticus serotype O3:K6 (strain RIMD 2210633)	Coiled coil;Reference proteome	91
WP_005463231	Q87GI1	unreviewed	Vibrio parahaemolyticus serotype O3:K6 (strain RIMD 2210633)	Cell membrane;Membrane;Reference proteome;Transmembrane;Transmembrane helix	77
WP_005463234	Q87GI4	unreviewed	Vibrio parahaemolyticus serotype O3:K6 (strain RIMD 2210633)	3D-structure;DNA-binding;Membrane;Reference proteome;Transmembrane;Transmembrane helix	253
WP_005463241	Q87GI9	unreviewed	Vibrio parahaemolyticus serotype O3:K6 (strain RIMD 2210633)	NAD;Reference proteome;Transferase	236
WP_005464333	Q87P38	unreviewed	Vibrio parahaemolyticus serotype O3:K6 (strain RIMD 2210633)	3D-structure;Reference proteome	492
WP_005464335	Q87P26	unreviewed	Vibrio parahaemolyticus serotype O3:K6 (strain RIMD 2210633)	Reference proteome	208
WP_005464399	Q87P62	unreviewed	Vibrio parahaemolyticus serotype O3:K6 (strain RIMD 2210633)	Membrane;Reference proteome;Transmembrane;Transmembrane helix	334
WP_005464408	Q87P58	unreviewed	Vibrio parahaemolyticus serotype O3:K6 (strain RIMD 2210633)	Reference proteome	94
WP_005464454	Q87P55	unreviewed	Vibrio parahaemolyticus serotype O3:K6 (strain RIMD 2210633)	Chaperone;Cytoplasm;Reference proteome	114
WP_005464462	Q87P60	unreviewed	Vibrio parahaemolyticus serotype O3:K6 (strain RIMD 2210633)	Chaperone;Reference proteome	162
WP_005464474	Q87P52	unreviewed	Vibrio parahaemolyticus serotype O3:K6 (strain RIMD 2210633)	Reference proteome	94
WP_005464497	Q87P45	unreviewed	Vibrio parahaemolyticus serotype O3:K6 (strain RIMD 2210633)	Cell membrane;Membrane;Reference proteome;Transmembrane;Transmembrane helix;Virulence	88
WP_005464499	Q87P30	unreviewed	Vibrio parahaemolyticus serotype O3:K6 (strain RIMD 2210633)	Cytoplasm;Protein transport;Reference proteome;Transport	212
WP_005464501	Q87P48	unreviewed	Vibrio parahaemolyticus serotype O3:K6 (strain RIMD 2210633)	Reference proteome	446
WP_005464511	Q87P32	reviewed	Vibrio parahaemolyticus serotype O3:K6 (strain RIMD 2210633)	3D-structure;ATP-binding;Nucleotide-binding;Nucleotidyltransferase;Reference proteome;Secreted;Transferase;Virulence	387
WP_005464519	Q87P27	unreviewed	Vibrio parahaemolyticus serotype O3:K6 (strain RIMD 2210633)	Reference proteome	114
WP_005464548	Q87P19	unreviewed	Vibrio parahaemolyticus serotype O3:K6 (strain RIMD 2210633)	DNA-binding;Reference proteome;Transcription;Transcription regulation	286
WP_005464560	Q87P57	unreviewed	Vibrio parahaemolyticus serotype O3:K6 (strain RIMD 2210633)	Reference proteome	137
WP_005464566	Q87P24	unreviewed	Vibrio parahaemolyticus serotype O3:K6 (strain RIMD 2210633)	Protein transport;Reference proteome;Secreted;Transport;Virulence	82
WP_005464592	Q87P49	unreviewed	Vibrio parahaemolyticus serotype O3:K6 (strain RIMD 2210633)	3D-structure;Coiled coil;Reference proteome	153
WP_005464602	Q87P21	unreviewed	Vibrio parahaemolyticus serotype O3:K6 (strain RIMD 2210633)	Reference proteome	142
WP_005464635	Q87P61	unreviewed	Vibrio parahaemolyticus serotype O3:K6 (strain RIMD 2210633)	Coiled coil;Host membrane;Membrane;Reference proteome;Transmembrane;Transmembrane helix;Virulence	399
WP_005464642	Q87P44	unreviewed	Vibrio parahaemolyticus serotype O3:K6 (strain RIMD 2210633)	Cell membrane;Membrane;Reference proteome;Transmembrane;Transmembrane helix	261
WP_005464648	Q87P37	unreviewed	Vibrio parahaemolyticus serotype O3:K6 (strain RIMD 2210633)	3D-structure;Reference proteome	152
WP_005464652	Q87P51	unreviewed	Vibrio parahaemolyticus serotype O3:K6 (strain RIMD 2210633)	Reference proteome	297
WP_005464656	Q87P35	unreviewed	Vibrio parahaemolyticus serotype O3:K6 (strain RIMD 2210633)	Reference proteome	325
WP_005464682	Q87P17	unreviewed	Vibrio parahaemolyticus serotype O3:K6 (strain RIMD 2210633)	Reference proteome	148
WP_005477705	Q87P43	unreviewed	Vibrio parahaemolyticus serotype O3:K6 (strain RIMD 2210633)	Cell membrane;Membrane;Reference proteome;Transmembrane;Transmembrane helix;Virulence	351
WP_005477707	Q87P25	unreviewed	Vibrio parahaemolyticus serotype O3:K6 (strain RIMD 2210633)	Reference proteome	119
WP_005477718	Q87P28	unreviewed	Vibrio parahaemolyticus serotype O3:K6 (strain RIMD 2210633)	Cell outer membrane;Lipoprotein;Membrane;Palmitate;Reference proteome;Signal;Transmembrane;Transmembrane helix	248
WP_005477850	Q87P23	unreviewed	Vibrio parahaemolyticus serotype O3:K6 (strain RIMD 2210633)	Reference proteome	433
WP_005477854	Q87P53	unreviewed	Vibrio parahaemolyticus serotype O3:K6 (strain RIMD 2210633)	Reference proteome	123
WP_005478047	Q87GJ5	unreviewed	Vibrio parahaemolyticus serotype O3:K6 (strain RIMD 2210633)	Reference proteome	368
WP_005478050	Q87GG3	unreviewed	Vibrio parahaemolyticus serotype O3:K6 (strain RIMD 2210633)	Cell outer membrane;Lipoprotein;Membrane;Palmitate;Reference proteome;Signal	268
WP_005478084	Q87GI0	unreviewed	Vibrio parahaemolyticus serotype O3:K6 (strain RIMD 2210633)	Reference proteome	250
WP_005478153	Q87GF1	unreviewed	Vibrio parahaemolyticus serotype O3:K6 (strain RIMD 2210633)	Reference proteome	162
WP_005478218	Q87GH0	unreviewed	Vibrio parahaemolyticus serotype O3:K6 (strain RIMD 2210633)	Acyltransferase;Reference proteome;Transferase	289
WP_005478227	Q87GH7	unreviewed	Vibrio parahaemolyticus serotype O3:K6 (strain RIMD 2210633)	Membrane;Reference proteome;Signal;Transport	487
WP_005478260	Q87GH5	unreviewed	Vibrio parahaemolyticus serotype O3:K6 (strain RIMD 2210633)	Membrane;Reference proteome;Transmembrane;Transmembrane helix	227
WP_005478339	Q87GH6	unreviewed	Vibrio parahaemolyticus serotype O3:K6 (strain RIMD 2210633)	Reference proteome	82
WP_005478342	Q87GF5	unreviewed	Vibrio parahaemolyticus serotype O3:K6 (strain RIMD 2210633)	Reference proteome	241
WP_005479246	Q87J05	unreviewed	Vibrio parahaemolyticus serotype O3:K6 (strain RIMD 2210633)	Metal-binding;Reference proteome	497
WP_005491021	Q87GE5	unreviewed	Vibrio parahaemolyticus serotype O3:K6 (strain RIMD 2210633)	3D-structure;Actin-binding;Reference proteome	484
WP_005544639.1	A0ABF7PFN8	unreviewed	Aggregatibacter actinomycetemcomitans serotype C (strain D11S-1) (Actinobacillus actinomycetemcomitans)	Cell outer membrane;Membrane;Signal;Transmembrane;Transmembrane beta strand	295
WP_005544639.1	Q8RQ63	unreviewed	Aggregatibacter actinomycetemcomitans (Actinobacillus actinomycetemcomitans) (Haemophilus actinomycetemcomitans)	Cell outer membrane;Membrane;Signal;Transmembrane;Transmembrane beta strand	295
WP_005556328.1	O05362	unreviewed	Aggregatibacter actinomycetemcomitans (Actinobacillus actinomycetemcomitans) (Haemophilus actinomycetemcomitans)		397
WP_005556330.1	O05363	unreviewed	Aggregatibacter actinomycetemcomitans (Actinobacillus actinomycetemcomitans) (Haemophilus actinomycetemcomitans)	Transferase	293
WP_005566558.1	Q9S5J9	unreviewed	Aggregatibacter actinomycetemcomitans (Actinobacillus actinomycetemcomitans) (Haemophilus actinomycetemcomitans)	Cell outer membrane;Disulfide bond;Ion transport;Membrane;Porin;Signal;Transmembrane;Transmembrane beta strand;Transport	346
WP_005567291.1	O05365	unreviewed	Aggregatibacter actinomycetemcomitans (Actinobacillus actinomycetemcomitans) (Haemophilus actinomycetemcomitans)	Lipoprotein;Palmitate;Signal	376
WP_005567295.1	O05368	unreviewed	Aggregatibacter actinomycetemcomitans (Actinobacillus actinomycetemcomitans) (Haemophilus actinomycetemcomitans)	NADP;Oxidoreductase	292
WP_005567298.1	O05369	unreviewed	Aggregatibacter actinomycetemcomitans (Actinobacillus actinomycetemcomitans) (Haemophilus actinomycetemcomitans)	Isomerase	179
WP_005567304.1	O05372	unreviewed	Aggregatibacter actinomycetemcomitans (Actinobacillus actinomycetemcomitans) (Haemophilus actinomycetemcomitans)		323
WP_005567306.1	O05373	unreviewed	Aggregatibacter actinomycetemcomitans (Actinobacillus actinomycetemcomitans) (Haemophilus actinomycetemcomitans)		418
WP_005567308.1	O05375	unreviewed	Aggregatibacter actinomycetemcomitans (Actinobacillus actinomycetemcomitans) (Haemophilus actinomycetemcomitans)		446
WP_005567311.1	O05379	unreviewed	Aggregatibacter actinomycetemcomitans (Actinobacillus actinomycetemcomitans) (Haemophilus actinomycetemcomitans)		289
WP_005567312.1	O05380	unreviewed	Aggregatibacter actinomycetemcomitans (Actinobacillus actinomycetemcomitans) (Haemophilus actinomycetemcomitans)	Transferase	318
WP_005567320.1	O05383	unreviewed	Aggregatibacter actinomycetemcomitans (Actinobacillus actinomycetemcomitans) (Haemophilus actinomycetemcomitans)		264
WP_005569397.1	Q9AQC0	unreviewed	Aggregatibacter actinomycetemcomitans (Actinobacillus actinomycetemcomitans) (Haemophilus actinomycetemcomitans)	Lyase;NAD	355
WP_005579031.1	O05378	unreviewed	Aggregatibacter actinomycetemcomitans (Actinobacillus actinomycetemcomitans) (Haemophilus actinomycetemcomitans)	Membrane;Transmembrane;Transmembrane helix	126
WP_005589401.1	O05364	unreviewed	Aggregatibacter actinomycetemcomitans (Actinobacillus actinomycetemcomitans) (Haemophilus actinomycetemcomitans)	Glycosyltransferase;Transferase	267
WP_005651701	A0ABY1VU38	unreviewed	Haemophilus aegyptius	Acyltransferase;Cytoplasm;Lipid A biosynthesis;Lipid biosynthesis;Lipid metabolism;Reference proteome;Repeat;Transferase	262
WP_005702007.1	A0A0K1N0J6	unreviewed	Aggregatibacter aphrophilus (Haemophilus aphrophilus)	Reference proteome	138
WP_005702040.1	A0A0K1N0I1	unreviewed	Aggregatibacter aphrophilus (Haemophilus aphrophilus)	Reference proteome	171
WP_005702555.1	A0A0K1N166	unreviewed	Aggregatibacter aphrophilus (Haemophilus aphrophilus)	Reference proteome	88
WP_005767719	A0ABN0IF52	unreviewed	Bartonella bacilliformis INS	Bacterial flagellum;Cell membrane;Cell projection;Cilium;Flagellum;Membrane;Reference proteome;Transmembrane;Transmembrane helix	88
WP_005767721	A0ABN0IF57	unreviewed	Bartonella bacilliformis INS	Bacterial flagellum biogenesis;Cell projection;Cilium;Flagellum;Reference proteome	190
WP_005767722	A0ABN0IFJ3	unreviewed	Bartonella bacilliformis INS	Bacterial flagellum biogenesis;Cell projection;Cilium;Flagellum;Reference proteome;Repressor;RNA-binding	138
WP_005767724	A0ABP2SLR3	unreviewed	Bartonella bacilliformis INS	Cell projection;Cilium;Flagellum;Reference proteome	122
WP_005767726	A0ABN0IFJ1	unreviewed	Bartonella bacilliformis INS	Bacterial flagellum;Cell projection;Cilium;Flagellum;Reference proteome;Secreted	360
WP_005767728	A0ABN0IFA7	unreviewed	Bartonella bacilliformis INS	Bacterial flagellum;Cell projection;Cilium;Flagellum;Reference proteome;Secreted	456
WP_005767730	A0ABN0IFA1	unreviewed	Bartonella bacilliformis INS	Bacterial flagellum;Cell projection;Cilium;Flagellum;Reference proteome	404
WP_005767744	A0ABN0IEL8	unreviewed	Bartonella bacilliformis INS	Cell membrane;Cell projection;Cilium;Flagellum;Membrane;Reference proteome;Transmembrane;Transmembrane helix	357
WP_005767748	A0ABP2SL19	unreviewed	Bartonella bacilliformis INS	Bacterial flagellum;Cell membrane;Cell projection;Cilium;Flagellum;Membrane;Reference proteome;Transmembrane;Transmembrane helix	553
WP_005767758	A0ABN0IEP8	unreviewed	Bartonella bacilliformis INS	Bacterial flagellum;Bacterial flagellum biogenesis;Bacterial flagellum protein export;Cell membrane;Cell projection;Cilium;Flagellum;Membrane;Protein transport;Reference proteome;Signal;Transmembrane;Transmembrane helix;Transport	250
WP_005767760	A0ABN0IEQ4	unreviewed	Bartonella bacilliformis INS	Cell inner membrane;Cell membrane;Cell projection;Chemotaxis;Cilium;Flagellar rotation;Flagellum;Membrane;Reference proteome;Transmembrane;Transmembrane helix	165
WP_005767762	A0ABN0IF18	unreviewed	Bartonella bacilliformis INS	Bacterial flagellum;Cell outer membrane;Cell projection;Cilium;Flagellum;Membrane;Reference proteome;Signal	230
WP_005767762	A1UTU3	reviewed	Bartonella bacilliformis (strain ATCC 35685 / KC583 / Herrer 020/F12,63)	Bacterial flagellum;Cell outer membrane;Lipoprotein;Membrane;Palmitate;Signal	230
WP_005767766	A0ABN0IF07	unreviewed	Bartonella bacilliformis INS	Bacterial flagellum;Cell projection;Cilium;Flagellum;Membrane;Periplasm;Reference proteome;Signal;Transmembrane;Transmembrane helix	412
WP_005767768	A0ABP2SLB1	unreviewed	Bartonella bacilliformis INS	Bacterial flagellum biogenesis;Cell projection;Cilium;Flagellum;Periplasm;Reference proteome;Signal	152
WP_005767770	A0ABN0IET5	unreviewed	Bartonella bacilliformis INS	Bacterial flagellum;Cell projection;Cilium;Flagellum;Reference proteome	262
WP_005767773	A0ABP2SM86	unreviewed	Bartonella bacilliformis INS	Bacterial flagellum;Cell projection;Cilium;Flagellum;Reference proteome	110
WP_005767776	A0ABN0IGD1	unreviewed	Bartonella bacilliformis INS	Bacterial flagellum;Cell projection;Cilium;Flagellum;Reference proteome	137
WP_005767779	A0ABN0IEN9	unreviewed	Bartonella bacilliformis INS	Cell projection;Cilium;Flagellum;Reference proteome	128
WP_005767781	A0ABN0IEY3	unreviewed	Bartonella bacilliformis INS	ATP-binding;Cytoplasm;Hydrolase;Nucleotide-binding;Protein transport;Reference proteome;Translocase;Transport	537
WP_005767784	A0ABP2SL40	unreviewed	Bartonella bacilliformis INS	Bacterial flagellum;Cell projection;Cilium;Flagellum;Reference proteome	244
WP_005767791	A0ABN0IFB4	unreviewed	Bartonella bacilliformis INS	Cell inner membrane;Cell membrane;Cell projection;Chemotaxis;Cilium;Flagellar rotation;Flagellum;Hydrogen ion transport;Ion transport;Membrane;Reference proteome;Transmembrane;Transmembrane helix;Transport	291
WP_005767793	A0ABP2SL50	unreviewed	Bartonella bacilliformis INS	Bacterial flagellum;Cell membrane;Cell projection;Chemotaxis;Cilium;Flagellar rotation;Flagellum;Membrane;Reference proteome	323
WP_005767802	A0ABN0IER5	unreviewed	Bartonella bacilliformis INS	Bacterial flagellum;Cell membrane;Cell projection;Chemotaxis;Cilium;Flagellar rotation;Flagellum;Membrane;Reference proteome	362
WP_005767804	A0ABN0IF32	unreviewed	Bartonella bacilliformis INS	Bacterial flagellum biogenesis;Bacterial flagellum protein export;Cell membrane;Cell projection;Cilium;Flagellum;Membrane;Protein transport;Reference proteome;Transmembrane;Transmembrane helix;Transport	356
WP_005767815	A0ABN0IEP9	unreviewed	Bartonella bacilliformis INS	Bacterial flagellum;Cell membrane;Cell projection;Cilium;Flagellum;Membrane;Reference proteome;Transmembrane;Transmembrane helix	265
WP_005767817	A0ABN0IEZ9	unreviewed	Bartonella bacilliformis INS	Bacterial flagellum biogenesis;Bacterial flagellum protein export;Cell membrane;Cell projection;Cilium;Flagellum;Membrane;Protein transport;Reference proteome;Transmembrane;Transmembrane helix;Transport	694
WP_005786163.1	Q5LFL3	unreviewed	Bacteroides fragilis (strain ATCC 25285 / DSM 2151 / CCUG 4856 / JCM 11019 / LMG 10263 / NCTC 9343 / Onslow / VPI 2553 / EN-2)	Reference proteome	172
WP_005786163.1	Q93QW6	unreviewed	Bacteroides fragilis	Transcription	172
WP_005786165.1	Q5LFL1	unreviewed	Bacteroides fragilis (strain ATCC 25285 / DSM 2151 / CCUG 4856 / JCM 11019 / LMG 10263 / NCTC 9343 / Onslow / VPI 2553 / EN-2)	Cell membrane;Membrane;Reference proteome;Transmembrane;Transmembrane helix	482
WP_005786165.1	Q93QW4	unreviewed	Bacteroides fragilis	Cell membrane;Membrane;Transmembrane;Transmembrane helix	482
WP_005786166.1	Q5LFL0	unreviewed	Bacteroides fragilis (strain ATCC 25285 / DSM 2151 / CCUG 4856 / JCM 11019 / LMG 10263 / NCTC 9343 / Onslow / VPI 2553 / EN-2)	FAD;Flavoprotein;Isomerase;Reference proteome	364
WP_005786166.1	Q93QW3	unreviewed	Bacteroides fragilis	FAD;Flavoprotein;Isomerase	364
WP_005786167.1	Q5LFK9	unreviewed	Bacteroides fragilis (strain ATCC 25285 / DSM 2151 / CCUG 4856 / JCM 11019 / LMG 10263 / NCTC 9343 / Onslow / VPI 2553 / EN-2)	Reference proteome	291
WP_005786167.1	Q93QW2	unreviewed	Bacteroides fragilis	Transferase	291
WP_005786168.1	Q5LFK8	unreviewed	Bacteroides fragilis (strain ATCC 25285 / DSM 2151 / CCUG 4856 / JCM 11019 / LMG 10263 / NCTC 9343 / Onslow / VPI 2553 / EN-2)	Reference proteome	434
WP_005786168.1	Q93QW1	unreviewed	Bacteroides fragilis	Membrane;Transmembrane;Transmembrane helix	434
WP_005786170.1	Q5LFK6	unreviewed	Bacteroides fragilis (strain ATCC 25285 / DSM 2151 / CCUG 4856 / JCM 11019 / LMG 10263 / NCTC 9343 / Onslow / VPI 2553 / EN-2)	Reference proteome	378
WP_005786170.1	Q93QV9	unreviewed	Bacteroides fragilis	Transferase	378
WP_005786172.1	Q5LFK5	unreviewed	Bacteroides fragilis (strain ATCC 25285 / DSM 2151 / CCUG 4856 / JCM 11019 / LMG 10263 / NCTC 9343 / Onslow / VPI 2553 / EN-2)	Glycosyltransferase;Reference proteome;Transferase	268
WP_005786172.1	Q93QV8	unreviewed	Bacteroides fragilis	Glycosyltransferase;Transferase	268
WP_005786175.1	Q5LFK4	unreviewed	Bacteroides fragilis (strain ATCC 25285 / DSM 2151 / CCUG 4856 / JCM 11019 / LMG 10263 / NCTC 9343 / Onslow / VPI 2553 / EN-2)	Pyridoxal phosphate;Reference proteome	407
WP_005786175.1	Q93QV7	unreviewed	Bacteroides fragilis	Aminotransferase;Pyridoxal phosphate;Transferase	407
WP_005787050.1	Q5LDV2	unreviewed	Bacteroides fragilis (strain ATCC 25285 / DSM 2151 / CCUG 4856 / JCM 11019 / LMG 10263 / NCTC 9343 / Onslow / VPI 2553 / EN-2)	Reference proteome	167
WP_005787083.1	Q5LDU2	unreviewed	Bacteroides fragilis (strain ATCC 25285 / DSM 2151 / CCUG 4856 / JCM 11019 / LMG 10263 / NCTC 9343 / Onslow / VPI 2553 / EN-2)	Reference proteome	146
WP_005787089.1	Q5LDT9	unreviewed	Bacteroides fragilis (strain ATCC 25285 / DSM 2151 / CCUG 4856 / JCM 11019 / LMG 10263 / NCTC 9343 / Onslow / VPI 2553 / EN-2)	Reference proteome	135
WP_005787094.1	A0A380Z0E1	unreviewed	Bacteroides fragilis (strain ATCC 25285 / DSM 2151 / CCUG 4856 / JCM 11019 / LMG 10263 / NCTC 9343 / Onslow / VPI 2553 / EN-2)	3D-structure;Reference proteome	135
WP_005787103.1	Q5LDT2	unreviewed	Bacteroides fragilis (strain ATCC 25285 / DSM 2151 / CCUG 4856 / JCM 11019 / LMG 10263 / NCTC 9343 / Onslow / VPI 2553 / EN-2)	Reference proteome	149
WP_005787106.1	Q5LDT1	unreviewed	Bacteroides fragilis (strain ATCC 25285 / DSM 2151 / CCUG 4856 / JCM 11019 / LMG 10263 / NCTC 9343 / Onslow / VPI 2553 / EN-2)	Reference proteome	129
WP_005794652.1	Q5LDT3	unreviewed	Bacteroides fragilis (strain ATCC 25285 / DSM 2151 / CCUG 4856 / JCM 11019 / LMG 10263 / NCTC 9343 / Onslow / VPI 2553 / EN-2)	Reference proteome	459
WP_005794693.1	Q5LDV3	unreviewed	Bacteroides fragilis (strain ATCC 25285 / DSM 2151 / CCUG 4856 / JCM 11019 / LMG 10263 / NCTC 9343 / Onslow / VPI 2553 / EN-2)	Reference proteome	175
WP_005795339.1	Q5LFK3	unreviewed	Bacteroides fragilis (strain ATCC 25285 / DSM 2151 / CCUG 4856 / JCM 11019 / LMG 10263 / NCTC 9343 / Onslow / VPI 2553 / EN-2)	Reference proteome	195
WP_005800814.1	Q5LFL2	unreviewed	Bacteroides fragilis (strain ATCC 25285 / DSM 2151 / CCUG 4856 / JCM 11019 / LMG 10263 / NCTC 9343 / Onslow / VPI 2553 / EN-2)	Reference proteome	157
WP_005800814.1	Q93QW5	unreviewed	Bacteroides fragilis		157
WP_005836824.1	A0ABV0I0V1	unreviewed	Bacteroides parvus	Membrane;Reference proteome;Transmembrane;Transmembrane helix	148
WP_005873463.1	Q9RQJ2	reviewed	Porphyromonas gingivalis (strain ATCC BAA-308 / W83)	3D-structure;Direct protein sequencing;FAD;Flavoprotein;FMN;Hydrolase;Reference proteome;Secreted;Signal	556
WP_005873463.1	B2RJ72	unreviewed	Porphyromonas gingivalis (strain ATCC 33277 / DSM 20709 / CIP 103683 / JCM 12257 / NCTC 11834 / 2561)	Hydrolase;Reference proteome;Signal	556
WP_005873603.1	F5HG90	unreviewed	Porphyromonas gingivalis (strain ATCC BAA-308 / W83)	Reference proteome;Signal	244
WP_005873603.1	B2RIV2	unreviewed	Porphyromonas gingivalis (strain ATCC 33277 / DSM 20709 / CIP 103683 / JCM 12257 / NCTC 11834 / 2561)	Reference proteome;Signal	244
WP_005873603.1	Q9ZNF9	unreviewed	Porphyromonas gingivalis (Bacteroides gingivalis)	Signal	244
WP_005873629.1	Q7MVD3	unreviewed	Porphyromonas gingivalis (strain ATCC BAA-308 / W83)	Reference proteome	542
WP_005874754.1	B2RML2	unreviewed	Porphyromonas gingivalis (strain ATCC 33277 / DSM 20709 / CIP 103683 / JCM 12257 / NCTC 11834 / 2561)	Reference proteome	98
WP_005875256.1	Q7MXQ0	unreviewed	Porphyromonas gingivalis (strain ATCC BAA-308 / W83)	Isomerase;Reference proteome	386
WP_005875258.1	Q7MXQ6	unreviewed	Porphyromonas gingivalis (strain ATCC BAA-308 / W83)	Reference proteome	379
WP_005875302.1	Q7MXR0	unreviewed	Porphyromonas gingivalis (strain ATCC BAA-308 / W83)	Membrane;Reference proteome;Transmembrane;Transmembrane helix	407
WP_005875308.1	Q7MXQ1	unreviewed	Porphyromonas gingivalis (strain ATCC BAA-308 / W83)	Glycosyltransferase;Reference proteome;Transferase	232
WP_005875317.1	Q7MXQ3	unreviewed	Porphyromonas gingivalis (strain ATCC BAA-308 / W83)	Cell membrane;Membrane;Reference proteome;Transmembrane;Transmembrane helix	512
WP_005875341.1	Q7MXQ9	unreviewed	Porphyromonas gingivalis (strain ATCC BAA-308 / W83)	Reference proteome;Transferase	346
WP_005875344.1	Q7MXQ4	unreviewed	Porphyromonas gingivalis (strain ATCC BAA-308 / W83)	Reference proteome	407
WP_005895463.1	A0ABP2R5F0	unreviewed	Fusobacterium hwasookii ChDC F128	Bacterial microcompartment;Reference proteome	94
WP_005895463.1	Q8RH32	unreviewed	Fusobacterium nucleatum subsp. nucleatum (strain ATCC 25586 / DSM 15643 / BCRC 10681 / CIP 101130 / JCM 8532 / KCTC 2640 / LMG 13131 / VPI 4355)	Bacterial microcompartment;Reference proteome	94
WP_005895463.1	A0A2G9EBW1	unreviewed	Fusobacterium pseudoperiodonticum	Bacterial microcompartment;Reference proteome	94
WP_005895463.1	A0A3P1UQK9	unreviewed	Fusobacterium canifelinum	Bacterial microcompartment;Reference proteome	94
WP_005895463.1	A0A246EHI3	unreviewed	Fusobacterium nucleatum subsp. polymorphum (Fusobacterium polymorphum)	Bacterial microcompartment;Reference proteome	94
WP_005902929.1	Q8REM0	unreviewed	Fusobacterium nucleatum subsp. nucleatum (strain ATCC 25586 / DSM 15643 / BCRC 10681 / CIP 101130 / JCM 8532 / KCTC 2640 / LMG 13131 / VPI 4355)	Iron;Metal-binding;Reference proteome	144
WP_005903112.1	Q8REE2	unreviewed	Fusobacterium nucleatum subsp. nucleatum (strain ATCC 25586 / DSM 15643 / BCRC 10681 / CIP 101130 / JCM 8532 / KCTC 2640 / LMG 13131 / VPI 4355)	Calcium;Lipoprotein;Metal-binding;Palmitate;Periplasm;Reference proteome;Signal;Sugar transport;Transport	341
WP_005903511.1	Q8RGM7	unreviewed	Fusobacterium nucleatum subsp. nucleatum (strain ATCC 25586 / DSM 15643 / BCRC 10681 / CIP 101130 / JCM 8532 / KCTC 2640 / LMG 13131 / VPI 4355)	Coiled coil;Reference proteome;Signal	129
WP_005903511.1	Q4U4F7	unreviewed	Fusobacterium nucleatum	Coiled coil;Signal	129
WP_005904018.1	Q8RH25	unreviewed	Fusobacterium nucleatum subsp. nucleatum (strain ATCC 25586 / DSM 15643 / BCRC 10681 / CIP 101130 / JCM 8532 / KCTC 2640 / LMG 13131 / VPI 4355)	Reference proteome	149
WP_005904029.1	Q8RH35	reviewed	Fusobacterium nucleatum subsp. nucleatum (strain ATCC 25586 / DSM 15643 / BCRC 10681 / CIP 101130 / JCM 8532 / KCTC 2640 / LMG 13131 / VPI 4355)	Bacterial microcompartment;Cobalamin;Cobalt;Lyase	295
WP_005904029.1	A0ABM6TNL2	unreviewed	Fusobacterium nucleatum subsp. nucleatum (strain ATCC 25586 / DSM 15643 / BCRC 10681 / CIP 101130 / JCM 8532 / KCTC 2640 / LMG 13131 / VPI 4355)	Bacterial microcompartment;Cobalamin;Cobalt;Lyase;Reference proteome	295
WP_005904034.1	Q8RH38	unreviewed	Fusobacterium nucleatum subsp. nucleatum (strain ATCC 25586 / DSM 15643 / BCRC 10681 / CIP 101130 / JCM 8532 / KCTC 2640 / LMG 13131 / VPI 4355)	Phosphoprotein;Reference proteome;Transcription;Transcription antitermination;Transcription regulation	192
WP_005904035.1	Q8RH39	unreviewed	Fusobacterium nucleatum subsp. nucleatum (strain ATCC 25586 / DSM 15643 / BCRC 10681 / CIP 101130 / JCM 8532 / KCTC 2640 / LMG 13131 / VPI 4355)	Nucleotide-binding;Reference proteome	145
WP_005904036.1	Q8RH40	unreviewed	Fusobacterium nucleatum subsp. nucleatum (strain ATCC 25586 / DSM 15643 / BCRC 10681 / CIP 101130 / JCM 8532 / KCTC 2640 / LMG 13131 / VPI 4355)	Bacterial microcompartment;Reference proteome	122
WP_005905978.1	F7L2K8	unreviewed	Fusobacterium animalis 11_3_2	Bacterial microcompartment;Reference proteome	268
WP_005905978.1	A0A133NPN3	unreviewed	Fusobacterium nucleatum	Bacterial microcompartment;Reference proteome	268
WP_005905980.1	F7L2K9	unreviewed	Fusobacterium animalis 11_3_2	Reference proteome	554
WP_005905980.1	A0A133NPP2	unreviewed	Fusobacterium nucleatum	Reference proteome	554
WP_005905986.1	F7L2L2	unreviewed	Fusobacterium animalis 11_3_2	Reference proteome	604
WP_005905986.1	A0A133NPT0	unreviewed	Fusobacterium nucleatum	Reference proteome	604
WP_005905987.1	F7L2L3	unreviewed	Fusobacterium animalis 11_3_2	Reference proteome	125
WP_005905993.1	F7L2L8	unreviewed	Fusobacterium animalis 11_3_2	Bacterial microcompartment;Reference proteome	89
WP_005909932.1	F7L2L1	unreviewed	Fusobacterium animalis 11_3_2	Reference proteome	169
WP_007761324.1	A0ABV0I137	unreviewed	Bacteroides parvus	Coiled coil;Reference proteome	459
WP_007761324.1	A0A125MFE0	unreviewed	Bacteroides stercoris	Coiled coil;Reference proteome	459
WP_007761341.1	A0ABV0I1H6	unreviewed	Bacteroides parvus	Coiled coil;Reference proteome	165
WP_007761341.1	A0A412JI65	unreviewed	Bacteroides xylanisolvens	Coiled coil;Reference proteome	165
WP_007761341.1	A0A108T5H5	unreviewed	Bacteroides stercoris	Coiled coil;Reference proteome	165
WP_007761345.1	A0ABV0I0V0	unreviewed	Bacteroides parvus	Membrane;Reference proteome;Transmembrane;Transmembrane helix	313
WP_007761345.1	A0A108T5B8	unreviewed	Bacteroides stercoris	Membrane;Reference proteome;Transmembrane;Transmembrane helix	313
WP_007761411.1	A0ABV0HRL1	unreviewed	Bacteroides parvus	Reference proteome	129
WP_007761411.1	A0A120A210	unreviewed	Bacteroides stercoris	Reference proteome	129
WP_008500315.1	A0A167RBA5	unreviewed	Enterobacter roggenkampii	Bacterial flagellum;Cell membrane;Cell projection;Cilium;Flagellum;Membrane;Reference proteome;Transmembrane;Transmembrane helix	89
WP_008500315.1	A0A0F1B3Q8	unreviewed	Enterobacter sichuanensis	Bacterial flagellum;Cell membrane;Cell projection;Cilium;Flagellum;Membrane;Reference proteome;Transmembrane;Transmembrane helix	89
WP_008500315.1	A0A0F0XH69	unreviewed	Enterobacter kobei	Bacterial flagellum;Cell membrane;Cell projection;Cilium;Flagellum;Membrane;Reference proteome;Transmembrane;Transmembrane helix	89
WP_008500315.1	A0A0X4EWM1	unreviewed	Enterobacter genomosp. O	Bacterial flagellum;Cell membrane;Cell projection;Cilium;Flagellum;Membrane;Reference proteome;Transmembrane;Transmembrane helix	89
WP_008500315.1	A0AAW3HFE5	unreviewed	Enterobacter chengduensis	Bacterial flagellum;Cell membrane;Cell projection;Cilium;Flagellum;Membrane;Reference proteome;Transmembrane;Transmembrane helix	89
WP_008500315.1	A0ABY8DWU5	unreviewed	Enterobacter quasiroggenkampii	Bacterial flagellum;Cell membrane;Cell projection;Cilium;Flagellum;Membrane;Reference proteome;Transmembrane;Transmembrane helix	89
WP_008500315.1	A0AA96M2P2	unreviewed	Enterobacter chuandaensis	Bacterial flagellum;Cell membrane;Cell projection;Cilium;Flagellum;Membrane;Reference proteome;Transmembrane;Transmembrane helix	89
WP_008500315.1	A0ABU6E0C8	unreviewed	Enterobacter vonholyi	Bacterial flagellum;Cell membrane;Cell projection;Cilium;Flagellum;Membrane;Reference proteome;Transmembrane;Transmembrane helix	89
WP_008500315.1	A0AAU7IXE2	unreviewed	Enterobacter dykesii	Bacterial flagellum;Cell membrane;Cell projection;Cilium;Flagellum;Membrane;Reference proteome;Transmembrane;Transmembrane helix	89
WP_008500315.1	A0ABT3VW87	unreviewed	Enterobacter nematophilus	Bacterial flagellum;Cell membrane;Cell projection;Cilium;Flagellum;Membrane;Reference proteome;Transmembrane;Transmembrane helix	89
WP_008500315.1	A0ABT3XFT1	unreviewed	Enterobacter pseudoroggenkampii	Bacterial flagellum;Cell membrane;Cell projection;Cilium;Flagellum;Membrane;Reference proteome;Transmembrane;Transmembrane helix	89
WP_008500315.1	G8LHZ7	unreviewed	Enterobacter ludwigii	Bacterial flagellum;Cell membrane;Cell projection;Cilium;Flagellum;Membrane;Reference proteome;Transmembrane;Transmembrane helix	89
WP_008500315.1	A0ABU5D9I4	unreviewed	Enterobacter chinensis	Bacterial flagellum;Cell membrane;Cell projection;Cilium;Flagellum;Membrane;Reference proteome;Transmembrane;Transmembrane helix	89
WP_008500315.1	A0ABV4JJJ4	unreviewed	Enterobacter rongchengensis	Bacterial flagellum;Cell membrane;Cell projection;Cilium;Flagellum;Membrane;Reference proteome;Transmembrane;Transmembrane helix	89
WP_008500315.1	A0A094XSM0	unreviewed	Enterobacter asburiae	Bacterial flagellum;Cell membrane;Cell projection;Cilium;Flagellum;Membrane;Reference proteome;Transmembrane;Transmembrane helix	89
WP_008500315.1	A0A0H3CQH3	unreviewed	Enterobacter cloacae subsp. cloacae (strain ATCC 13047 / DSM 30054 / NBRC 13535 / NCTC 10005 / WDCM 00083 / NCDC 279-56)	Bacterial flagellum;Cell membrane;Cell projection;Cilium;Flagellum;Membrane;Reference proteome;Transmembrane;Transmembrane helix	89
WP_008500318.1	A0A162CQ76	unreviewed	Enterobacter roggenkampii	Bacterial flagellum;Cell membrane;Cell projection;Chemotaxis;Cilium;Flagellar rotation;Flagellum;Membrane;Reference proteome	137
WP_008500318.1	A0ABY8DW11	unreviewed	Enterobacter quasiroggenkampii	Bacterial flagellum;Cell membrane;Cell projection;Chemotaxis;Cilium;Flagellar rotation;Flagellum;Membrane;Reference proteome	137
WP_008500318.1	A0ABU6E0C7	unreviewed	Enterobacter vonholyi	Bacterial flagellum;Cell membrane;Cell projection;Chemotaxis;Cilium;Flagellar rotation;Flagellum;Membrane;Reference proteome	137
WP_008500318.1	A0ABT3XEY2	unreviewed	Enterobacter pseudoroggenkampii	Bacterial flagellum;Cell membrane;Cell projection;Chemotaxis;Cilium;Flagellar rotation;Flagellum;Membrane;Reference proteome	137
WP_008500318.1	A0A0H3CMB6	unreviewed	Enterobacter cloacae subsp. cloacae (strain ATCC 13047 / DSM 30054 / NBRC 13535 / NCTC 10005 / WDCM 00083 / NCDC 279-56)	Bacterial flagellum;Cell membrane;Cell projection;Chemotaxis;Cilium;Flagellar rotation;Flagellum;Membrane;Reference proteome	137
WP_008500327.1	A0A1C7ZNU0	unreviewed	Enterobacter roggenkampii	Bacterial flagellum;Cell inner membrane;Cell membrane;Cell projection;Chemotaxis;Cilium;Flagellar rotation;Flagellum;Membrane;Reference proteome	332
WP_008500327.1	A0A0F1B3P6	unreviewed	Enterobacter sichuanensis	Bacterial flagellum;Cell inner membrane;Cell membrane;Cell projection;Chemotaxis;Cilium;Flagellar rotation;Flagellum;Membrane;Reference proteome	332
WP_008500327.1	A0A0F0XH82	unreviewed	Enterobacter kobei	Bacterial flagellum;Cell inner membrane;Cell membrane;Cell projection;Chemotaxis;Cilium;Flagellar rotation;Flagellum;Membrane;Reference proteome	332
WP_008500327.1	A0AAW3HEZ6	unreviewed	Enterobacter chengduensis	Bacterial flagellum;Cell inner membrane;Cell membrane;Cell projection;Chemotaxis;Cilium;Flagellar rotation;Flagellum;Membrane;Reference proteome	332
WP_008500327.1	A0ABY8DYV0	unreviewed	Enterobacter quasiroggenkampii	Bacterial flagellum;Cell inner membrane;Cell membrane;Cell projection;Chemotaxis;Cilium;Flagellar rotation;Flagellum;Membrane;Reference proteome	332
WP_008500327.1	A0ABT3VXW6	unreviewed	Enterobacter nematophilus	Bacterial flagellum;Cell inner membrane;Cell membrane;Cell projection;Chemotaxis;Cilium;Flagellar rotation;Flagellum;Membrane;Reference proteome	332
WP_008500327.1	A0ABV4JGR2	unreviewed	Enterobacter rongchengensis	Bacterial flagellum;Cell inner membrane;Cell membrane;Cell projection;Chemotaxis;Cilium;Flagellar rotation;Flagellum;Membrane;Reference proteome	332
WP_008500327.1	A0A0H3CQG4	unreviewed	Enterobacter cloacae subsp. cloacae (strain ATCC 13047 / DSM 30054 / NBRC 13535 / NCTC 10005 / WDCM 00083 / NCDC 279-56)	Bacterial flagellum;Cell inner membrane;Cell membrane;Cell projection;Chemotaxis;Cilium;Flagellar rotation;Flagellum;Membrane;Reference proteome	332
WP_008500417.1	A0A167S8Z7	unreviewed	Enterobacter roggenkampii	Cell inner membrane;Cell membrane;Cell projection;Chemotaxis;Cilium;Flagellar rotation;Flagellum;Hydrogen ion transport;Ion transport;Membrane;Reference proteome;Transmembrane;Transmembrane helix;Transport	295
WP_008500417.1	A0A0F1B084	unreviewed	Enterobacter sichuanensis	Cell inner membrane;Cell membrane;Cell projection;Chemotaxis;Cilium;Flagellar rotation;Flagellum;Hydrogen ion transport;Ion transport;Membrane;Reference proteome;Transmembrane;Transmembrane helix;Transport	295
WP_008500417.1	A0A0F0XQZ6	unreviewed	Enterobacter kobei	Cell inner membrane;Cell membrane;Cell projection;Chemotaxis;Cilium;Flagellar rotation;Flagellum;Hydrogen ion transport;Ion transport;Membrane;Reference proteome;Transmembrane;Transmembrane helix;Transport	295
WP_008500417.1	A0A0X4ED46	unreviewed	Enterobacter genomosp. O	Cell inner membrane;Cell membrane;Cell projection;Chemotaxis;Cilium;Flagellar rotation;Flagellum;Hydrogen ion transport;Ion transport;Membrane;Reference proteome;Transmembrane;Transmembrane helix;Transport	295
WP_008500417.1	A0AAW3HE34	unreviewed	Enterobacter chengduensis	Cell inner membrane;Cell membrane;Cell projection;Chemotaxis;Cilium;Flagellar rotation;Flagellum;Hydrogen ion transport;Ion transport;Membrane;Reference proteome;Transmembrane;Transmembrane helix;Transport	295
WP_008500417.1	A0ABY8DVW6	unreviewed	Enterobacter quasiroggenkampii	Cell inner membrane;Cell membrane;Cell projection;Chemotaxis;Cilium;Flagellar rotation;Flagellum;Hydrogen ion transport;Ion transport;Membrane;Reference proteome;Transmembrane;Transmembrane helix;Transport	295
WP_008500417.1	A0AA96RRS6	unreviewed	Enterobacter chuandaensis	Cell inner membrane;Cell membrane;Cell projection;Chemotaxis;Cilium;Flagellar rotation;Flagellum;Hydrogen ion transport;Ion transport;Membrane;Reference proteome;Transmembrane;Transmembrane helix;Transport	295
WP_008500417.1	A0A4R0GBY9	unreviewed	Enterobacter wuhouensis	Cell inner membrane;Cell membrane;Cell projection;Chemotaxis;Cilium;Flagellar rotation;Flagellum;Hydrogen ion transport;Ion transport;Membrane;Reference proteome;Transmembrane;Transmembrane helix;Transport	295
WP_008500417.1	A0ABU6E158	unreviewed	Enterobacter vonholyi	Cell inner membrane;Cell membrane;Cell projection;Chemotaxis;Cilium;Flagellar rotation;Flagellum;Hydrogen ion transport;Ion transport;Membrane;Reference proteome;Transmembrane;Transmembrane helix;Transport	295
WP_008500417.1	A0AAU7IWY6	unreviewed	Enterobacter dykesii	Cell inner membrane;Cell membrane;Cell projection;Chemotaxis;Cilium;Flagellar rotation;Flagellum;Hydrogen ion transport;Ion transport;Membrane;Reference proteome;Transmembrane;Transmembrane helix;Transport	295
WP_008500417.1	A0ABY0AR57	unreviewed	Enterobacter quasimori	Cell inner membrane;Cell membrane;Cell projection;Chemotaxis;Cilium;Flagellar rotation;Flagellum;Hydrogen ion transport;Ion transport;Membrane;Reference proteome;Transmembrane;Transmembrane helix;Transport	295
WP_008500417.1	A0ABT3VX45	unreviewed	Enterobacter nematophilus	Cell inner membrane;Cell membrane;Cell projection;Chemotaxis;Cilium;Flagellar rotation;Flagellum;Hydrogen ion transport;Ion transport;Membrane;Reference proteome;Transmembrane;Transmembrane helix;Transport	295
WP_008500417.1	A0ABT3XBZ5	unreviewed	Enterobacter pseudoroggenkampii	Cell inner membrane;Cell membrane;Cell projection;Chemotaxis;Cilium;Flagellar rotation;Flagellum;Hydrogen ion transport;Ion transport;Membrane;Reference proteome;Transmembrane;Transmembrane helix;Transport	295
WP_008500417.1	G8LH48	unreviewed	Enterobacter ludwigii	Cell inner membrane;Cell membrane;Cell projection;Chemotaxis;Cilium;Flagellar rotation;Flagellum;Hydrogen ion transport;Ion transport;Membrane;Reference proteome;Transmembrane;Transmembrane helix;Transport	295
WP_008500417.1	A0ABU5D6G6	unreviewed	Enterobacter chinensis	Cell inner membrane;Cell membrane;Cell projection;Chemotaxis;Cilium;Flagellar rotation;Flagellum;Hydrogen ion transport;Ion transport;Membrane;Reference proteome;Transmembrane;Transmembrane helix;Transport	295
WP_008500417.1	A0ABV4JGN7	unreviewed	Enterobacter rongchengensis	Cell inner membrane;Cell membrane;Cell projection;Chemotaxis;Cilium;Flagellar rotation;Flagellum;Hydrogen ion transport;Ion transport;Membrane;Reference proteome;Transmembrane;Transmembrane helix;Transport	295
WP_008500417.1	A0A0F0XXI7	unreviewed	Enterobacter asburiae	Cell inner membrane;Cell membrane;Cell projection;Chemotaxis;Cilium;Flagellar rotation;Flagellum;Hydrogen ion transport;Ion transport;Membrane;Reference proteome;Transmembrane;Transmembrane helix;Transport	295
WP_008500417.1	A0AAP8NX68	unreviewed	Enterobacter cancerogenus	Cell inner membrane;Cell membrane;Cell projection;Chemotaxis;Cilium;Flagellar rotation;Flagellum;Hydrogen ion transport;Ion transport;Membrane;Reference proteome;Transmembrane;Transmembrane helix;Transport	295
WP_008500417.1	A0A0H3CIH9	unreviewed	Enterobacter cloacae subsp. cloacae (strain ATCC 13047 / DSM 30054 / NBRC 13535 / NCTC 10005 / WDCM 00083 / NCDC 279-56)	Cell inner membrane;Cell membrane;Cell projection;Chemotaxis;Cilium;Flagellar rotation;Flagellum;Hydrogen ion transport;Ion transport;Membrane;Reference proteome;Transmembrane;Transmembrane helix;Transport	295
WP_008500417.1	A0A2J7SWA4	unreviewed	Enterobacter bugandensis	Cell inner membrane;Cell membrane;Cell projection;Chemotaxis;Cilium;Flagellar rotation;Flagellum;Hydrogen ion transport;Ion transport;Membrane;Reference proteome;Transmembrane;Transmembrane helix;Transport	295
WP_008500429.1	A0A155HTQ6	unreviewed	Enterobacter roggenkampii	Methyltransferase;Reference proteome;S-adenosyl-L-methionine;Transferase	288
WP_008500429.1	A0A0F1B0M6	unreviewed	Enterobacter sichuanensis	Methyltransferase;Reference proteome;S-adenosyl-L-methionine;Transferase	288
WP_008500429.1	A0ABY8DVV2	unreviewed	Enterobacter quasiroggenkampii	Methyltransferase;Reference proteome;S-adenosyl-L-methionine;Transferase	288
WP_008500431.1	A0A167S8P4	unreviewed	Enterobacter roggenkampii	Acetylation;Chemotaxis;Cytoplasm;Flagellar rotation;Magnesium;Metal-binding;Phosphoprotein;Reference proteome;Two-component regulatory system	129
WP_008500431.1	A0A0F1AXY1	unreviewed	Enterobacter sichuanensis	Acetylation;Chemotaxis;Cytoplasm;Flagellar rotation;Magnesium;Metal-binding;Phosphoprotein;Reference proteome;Two-component regulatory system	129
WP_008500431.1	A0AAW3HES4	unreviewed	Enterobacter chengduensis	Acetylation;Chemotaxis;Cytoplasm;Flagellar rotation;Magnesium;Metal-binding;Phosphoprotein;Reference proteome;Two-component regulatory system	129
WP_008500431.1	A0ABY8DVV1	unreviewed	Enterobacter quasiroggenkampii	Acetylation;Chemotaxis;Cytoplasm;Flagellar rotation;Magnesium;Metal-binding;Phosphoprotein;Reference proteome;Two-component regulatory system	129
WP_008500431.1	A0AA96RR85	unreviewed	Enterobacter chuandaensis	Acetylation;Chemotaxis;Cytoplasm;Flagellar rotation;Magnesium;Metal-binding;Phosphoprotein;Reference proteome;Two-component regulatory system	129
WP_008500431.1	A0ABU6E2R0	unreviewed	Enterobacter vonholyi	Acetylation;Chemotaxis;Cytoplasm;Flagellar rotation;Magnesium;Metal-binding;Phosphoprotein;Reference proteome;Two-component regulatory system	129
WP_008500431.1	A0AAU7IX53	unreviewed	Enterobacter dykesii	Acetylation;Chemotaxis;Cytoplasm;Flagellar rotation;Magnesium;Metal-binding;Phosphoprotein;Reference proteome;Two-component regulatory system	129
WP_008500431.1	A0ABT3VZR8	unreviewed	Enterobacter nematophilus	Acetylation;Chemotaxis;Cytoplasm;Flagellar rotation;Magnesium;Metal-binding;Phosphoprotein;Reference proteome;Two-component regulatory system	129
WP_008500431.1	A0ABT3XBX7	unreviewed	Enterobacter pseudoroggenkampii	Acetylation;Chemotaxis;Cytoplasm;Flagellar rotation;Magnesium;Metal-binding;Phosphoprotein;Reference proteome;Two-component regulatory system	129
WP_008500431.1	A0ABR9Q7U8	unreviewed	Enterobacter pasteurii	Acetylation;Chemotaxis;Cytoplasm;Flagellar rotation;Magnesium;Metal-binding;Phosphoprotein;Reference proteome;Two-component regulatory system	129
WP_008500431.1	A0ABU5D6H0	unreviewed	Enterobacter chinensis	Acetylation;Chemotaxis;Cytoplasm;Flagellar rotation;Magnesium;Metal-binding;Phosphoprotein;Reference proteome;Two-component regulatory system	129
WP_008500431.1	A0ABV4JGK4	unreviewed	Enterobacter rongchengensis	Acetylation;Chemotaxis;Cytoplasm;Flagellar rotation;Magnesium;Metal-binding;Phosphoprotein;Reference proteome;Two-component regulatory system	129
WP_008500431.1	Q9FAD7	reviewed	Enterobacter cloacae	Acetylation;Chemotaxis;Cytoplasm;Flagellar rotation;Magnesium;Metal-binding;Phosphoprotein;Two-component regulatory system	129
WP_008500431.1	A0A0F0RLE0	unreviewed	Enterobacter asburiae	Acetylation;Chemotaxis;Cytoplasm;Flagellar rotation;Magnesium;Metal-binding;Phosphoprotein;Reference proteome;Two-component regulatory system	129
WP_008500431.1	A0A0H3CI56	unreviewed	Enterobacter cloacae subsp. cloacae (strain ATCC 13047 / DSM 30054 / NBRC 13535 / NCTC 10005 / WDCM 00083 / NCDC 279-56)	Acetylation;Chemotaxis;Cytoplasm;Flagellar rotation;Magnesium;Metal-binding;Phosphoprotein;Reference proteome;Two-component regulatory system	129
WP_008500431.1	A0A2J7S2D5	unreviewed	Enterobacter bugandensis	Acetylation;Chemotaxis;Cytoplasm;Flagellar rotation;Magnesium;Metal-binding;Phosphoprotein;Reference proteome;Two-component regulatory system	129
WP_008500810.1	A0A162BQR6	unreviewed	Enterobacter roggenkampii	Bacterial flagellum;Cell projection;Cilium;Flagellum;Reference proteome	260
WP_008500810.1	A0A0F1B7T1	unreviewed	Enterobacter sichuanensis	Bacterial flagellum;Cell projection;Cilium;Flagellum;Reference proteome	260
WP_008500810.1	A0A0F0XSL8	unreviewed	Enterobacter kobei	Bacterial flagellum;Cell projection;Cilium;Flagellum;Reference proteome	260
WP_008500810.1	A0A0X4ERF7	unreviewed	Enterobacter genomosp. O	Bacterial flagellum;Cell projection;Cilium;Flagellum;Reference proteome	260
WP_008500810.1	A0AAW3HI74	unreviewed	Enterobacter chengduensis	Bacterial flagellum;Cell projection;Cilium;Flagellum;Reference proteome	260
WP_008500810.1	A0ABY8E4T3	unreviewed	Enterobacter quasiroggenkampii	Bacterial flagellum;Cell projection;Cilium;Flagellum;Reference proteome	260
WP_008500810.1	A0A4R0G6Y9	unreviewed	Enterobacter wuhouensis	Bacterial flagellum;Cell projection;Cilium;Flagellum;Reference proteome	260
WP_008500810.1	A0ABU6DZG4	unreviewed	Enterobacter vonholyi	Bacterial flagellum;Cell projection;Cilium;Flagellum;Reference proteome	260
WP_008500810.1	A0AAU7J5F0	unreviewed	Enterobacter dykesii	Bacterial flagellum;Cell projection;Cilium;Flagellum;Reference proteome	260
WP_008500810.1	A0ABT3XCC6	unreviewed	Enterobacter pseudoroggenkampii	Bacterial flagellum;Cell projection;Cilium;Flagellum;Reference proteome	260
WP_008500810.1	G8LJI9	unreviewed	Enterobacter ludwigii	Bacterial flagellum;Cell projection;Cilium;Flagellum;Reference proteome	260
WP_008500810.1	A0ABU5CWJ7	unreviewed	Enterobacter chinensis	Bacterial flagellum;Cell projection;Cilium;Flagellum;Reference proteome	260
WP_008500810.1	A0ABV4JDQ7	unreviewed	Enterobacter rongchengensis	Bacterial flagellum;Cell projection;Cilium;Flagellum;Reference proteome	260
WP_008500810.1	A0A0F1EGX2	unreviewed	Enterobacter asburiae	Bacterial flagellum;Cell projection;Cilium;Flagellum;Reference proteome	260
WP_008500810.1	A0A0H3CNG7	unreviewed	Enterobacter cloacae subsp. cloacae (strain ATCC 13047 / DSM 30054 / NBRC 13535 / NCTC 10005 / WDCM 00083 / NCDC 279-56)	Bacterial flagellum;Cell projection;Cilium;Flagellum;Reference proteome	260
WP_008502640.1	A0A1S2AGP3	unreviewed	Enterobacter roggenkampii	Reference proteome	160
WP_008502640.1	A0A0F1B2S9	unreviewed	Enterobacter sichuanensis	Reference proteome	160
WP_008502640.1	A0ABY8E169	unreviewed	Enterobacter quasiroggenkampii	Reference proteome	160
WP_008502640.1	A0AA96RUD2	unreviewed	Enterobacter chuandaensis	Reference proteome	160
WP_008502640.1	A0ABU6E276	unreviewed	Enterobacter vonholyi	Reference proteome	160
WP_008502640.1	A0AAU7IWI9	unreviewed	Enterobacter dykesii	Reference proteome	160
WP_008502640.1	A0ABT3W041	unreviewed	Enterobacter nematophilus	Reference proteome	160
WP_008502640.1	A0ABT3XBK3	unreviewed	Enterobacter pseudoroggenkampii	Reference proteome	160
WP_008502640.1	A0A0E3AAP6	unreviewed	Enterobacter asburiae	Reference proteome	160
WP_008502640.1	A0A0H3CHH7	unreviewed	Enterobacter cloacae subsp. cloacae (strain ATCC 13047 / DSM 30054 / NBRC 13535 / NCTC 10005 / WDCM 00083 / NCDC 279-56)	Reference proteome	160
WP_008502640.1	A0A2J7S2P4	unreviewed	Enterobacter bugandensis	Reference proteome	160
WP_008502644.1	A0A1S2AHS5	unreviewed	Enterobacter roggenkampii	Reference proteome	174
WP_008502644.1	A0A0F1AZA2	unreviewed	Enterobacter sichuanensis	Reference proteome	174
WP_008502644.1	A0AAW3HF71	unreviewed	Enterobacter chengduensis	Reference proteome	174
WP_008502644.1	A0ABY8DVJ7	unreviewed	Enterobacter quasiroggenkampii	Reference proteome	174
WP_008502644.1	A0AA96RVL8	unreviewed	Enterobacter chuandaensis	Reference proteome	174
WP_008502644.1	A0ABU6DZX2	unreviewed	Enterobacter vonholyi	Reference proteome	174
WP_008502644.1	A0AAU7IWV7	unreviewed	Enterobacter dykesii	Reference proteome	174
WP_008502644.1	A0ABY0AQU4	unreviewed	Enterobacter quasimori	Reference proteome	174
WP_008502644.1	A0ABT3XE56	unreviewed	Enterobacter pseudoroggenkampii	Reference proteome	174
WP_008502644.1	A0AAX3L599	unreviewed	Enterobacter ludwigii	Reference proteome	174
WP_008502644.1	A0ABU5D905	unreviewed	Enterobacter chinensis	Reference proteome	174
WP_008502644.1	A0ABV4JG98	unreviewed	Enterobacter rongchengensis	Reference proteome	174
WP_008502644.1	A0A0M1G4X3	unreviewed	Enterobacter asburiae	Reference proteome	174
WP_008502644.1	A0A0H3CKM1	unreviewed	Enterobacter cloacae subsp. cloacae (strain ATCC 13047 / DSM 30054 / NBRC 13535 / NCTC 10005 / WDCM 00083 / NCDC 279-56)	Reference proteome	174
WP_008502644.1	A0A2J7SYB3	unreviewed	Enterobacter bugandensis	Reference proteome	174
WP_008669236.1	A0ABV0I0V9	unreviewed	Bacteroides parvus	Reference proteome	382
WP_009292156.1	Q5LDU0	unreviewed	Bacteroides fragilis (strain ATCC 25285 / DSM 2151 / CCUG 4856 / JCM 11019 / LMG 10263 / NCTC 9343 / Onslow / VPI 2553 / EN-2)	Reference proteome	139
WP_009293423.1	A0ABV0I125	unreviewed	Bacteroides parvus	Reference proteome	458
WP_009293424.1	A0ABV0I0W4	unreviewed	Bacteroides parvus	Reference proteome	587
WP_009293425.1	A0ABV0I0V7	unreviewed	Bacteroides parvus	Reference proteome	131
WP_009293426.1	A0ABV0I0V6	unreviewed	Bacteroides parvus	Membrane;Reference proteome;Transmembrane;Transmembrane helix	267
WP_009293429.1	A0ABV0I1L8	unreviewed	Bacteroides parvus	Reference proteome	311
WP_009293434.1	A0ABV0I320	unreviewed	Bacteroides parvus	Reference proteome	155
WP_009934508	Q63KH5	reviewed	Burkholderia pseudomallei (strain K96243)	3D-structure;Host nucleus;Hydrolase;Reference proteome;Secreted;Toxin;Virulence	328
WP_009938563	Q63R82	unreviewed	Burkholderia pseudomallei (strain K96243)	Oxidoreductase;Reference proteome	262
WP_009938575	Q63R65	unreviewed	Burkholderia pseudomallei (strain K96243)	Reference proteome	383
WP_009938926	Q63PR5	unreviewed	Burkholderia pseudomallei (strain K96243)	Cell membrane;Membrane;Reference proteome;Transmembrane;Transmembrane helix	340
WP_009940775	Q63K62	unreviewed	Burkholderia pseudomallei (strain K96243)	Reference proteome	1007
WP_009940818	Q63K19	unreviewed	Burkholderia pseudomallei (strain K96243)	Membrane;Reference proteome;Transmembrane;Transmembrane helix	428
WP_010258321.1	O50835	unreviewed	Borreliella burgdorferi (strain ATCC 35210 / DSM 4680 / CIP 102532 / B31) (Borrelia burgdorferi)	3D-structure;Lipoprotein;Palmitate;Plasmid;Reference proteome;Signal	354
WP_010258452.1	Q9S0B8	unreviewed	Borreliella burgdorferi (strain ATCC 35210 / DSM 4680 / CIP 102532 / B31) (Borrelia burgdorferi)	3D-structure;Coiled coil;Lipoprotein;Palmitate;Plasmid;Reference proteome;Signal	160
WP_010634228	A0ABS4B367	unreviewed	Aeromonas sanarellii	Membrane;Reference proteome;Transmembrane;Transmembrane helix	259
WP_010634617	A0AAP4N5I7	unreviewed	Aeromonas bestiarum	Cytoplasm;Magnesium;Metal-binding;Phosphoprotein;Reference proteome;Two-component regulatory system	127
WP_010634617	A0KI21	unreviewed	Aeromonas hydrophila subsp. hydrophila (strain ATCC 7966 / DSM 30187 / BCRC 13018 / CCUG 14551 / JCM 1027 / KCTC 2358 / NCIMB 9240 / NCTC 8049)	Cytoplasm;Magnesium;Metal-binding;Phosphoprotein;Reference proteome;Two-component regulatory system	127
WP_010634617	A0ABT7Q859	unreviewed	Aeromonas piscicola	Cytoplasm;Magnesium;Metal-binding;Phosphoprotein;Reference proteome;Two-component regulatory system	127
WP_010634617	A0A1S2CRP1	unreviewed	Aeromonas sobria	Cytoplasm;Magnesium;Metal-binding;Phosphoprotein;Reference proteome;Two-component regulatory system	127
WP_010634617	A0A2S5FE50	unreviewed	Aeromonas jandaei	Cytoplasm;Magnesium;Metal-binding;Phosphoprotein;Reference proteome;Two-component regulatory system	127
WP_010634617	A0ABS5GU16	unreviewed	Aeromonas popoffii	Cytoplasm;Magnesium;Metal-binding;Phosphoprotein;Reference proteome;Two-component regulatory system	127
WP_010714416	Q836L2	unreviewed	Enterococcus faecalis (strain ATCC 700802 / V583)	3D-structure;Cell wall;Collagen;Membrane;Peptidoglycan-anchor;Reference proteome;Secreted;Signal;Transmembrane;Transmembrane helix	674
WP_010874665	P0CJ81	reviewed	Mycoplasmoides pneumoniae (strain ATCC 29342 / M129 / Subtype 1) (Mycoplasma pneumoniae)	Cell projection;Cytoplasm;Cytoskeleton;Reference proteome;Repeat;Virulence	405
WP_010874803	Q50365	reviewed	Mycoplasmoides pneumoniae (strain ATCC 29342 / M129 / Subtype 1) (Mycoplasma pneumoniae)	Cell projection;Coiled coil;Cytadherence;Cytoplasm;Cytoskeleton;Direct protein sequencing;Phosphoprotein;Reference proteome;Virulence	1018
WP_010874808	Q50360	reviewed	Mycoplasmoides pneumoniae (strain ATCC 29342 / M129 / Subtype 1) (Mycoplasma pneumoniae)	Cell projection;Cytadherence;Cytoplasm;Cytoskeleton;Direct protein sequencing;Reference proteome;Repeat;Virulence	672
WP_010874809	P75330	reviewed	Mycoplasmoides pneumoniae (strain ATCC 29342 / M129 / Subtype 1) (Mycoplasma pneumoniae)	Cell membrane;Cell projection;Cytadherence;Cytoplasm;Cytoskeleton;Lipoprotein;Membrane;Reference proteome;Repeat;Transmembrane;Transmembrane helix;Virulence	274
WP_010875440	O24919	unreviewed	Helicobacter pylori (strain ATCC 700392 / 26695) (Campylobacter pylori)	Glycosyltransferase;Reference proteome;Transferase	146
WP_010883723.1	G8JZS0	unreviewed	Borreliella burgdorferi (strain ATCC 35210 / DSM 4680 / CIP 102532 / B31) (Borrelia burgdorferi)	Lipoprotein;Palmitate;Plasmid;Reference proteome;Signal	177
WP_010883730.1	O06698	unreviewed	Borreliella burgdorferi (Lyme disease spirochete) (Borrelia burgdorferi)	Coiled coil;Lipoprotein;Palmitate;Signal	160
WP_010883730.1	H7C7N3	unreviewed	Borreliella burgdorferi (strain ATCC 35210 / DSM 4680 / CIP 102532 / B31) (Borrelia burgdorferi)	Coiled coil;Lipoprotein;Palmitate;Plasmid;Reference proteome;Signal	160
WP_010883762.1	Q44751	unreviewed	Borreliella burgdorferi (Lyme disease spirochete) (Borrelia burgdorferi)	Coiled coil;Lipoprotein;Palmitate;Plasmid;Signal	196
WP_010883762.1	H7C7N9	unreviewed	Borreliella burgdorferi (strain ATCC 35210 / DSM 4680 / CIP 102532 / B31) (Borrelia burgdorferi)	Coiled coil;Lipoprotein;Palmitate;Plasmid;Reference proteome;Signal	196
WP_010883886.1	H7C638	unreviewed	Borreliella burgdorferi (Lyme disease spirochete) (Borrelia burgdorferi)	Lipoprotein;Palmitate;Plasmid;Signal	186
WP_010883886.1	Q9S036	unreviewed	Borreliella burgdorferi (strain ATCC 35210 / DSM 4680 / CIP 102532 / B31) (Borrelia burgdorferi)	3D-structure;Lipoprotein;Palmitate;Plasmid;Reference proteome;Signal	186
WP_010883925.1	O30883	unreviewed	Borreliella burgdorferi (Lyme disease spirochete) (Borrelia burgdorferi)	Coiled coil;Lipoprotein;Palmitate;Plasmid;Signal	345
WP_010883925.1	H7C7L6	unreviewed	Borreliella burgdorferi (strain ATCC 35210 / DSM 4680 / CIP 102532 / B31) (Borrelia burgdorferi)	Coiled coil;Lipoprotein;Palmitate;Plasmid;Reference proteome;Signal	345
WP_010889712.1	O51252	unreviewed	Borreliella burgdorferi (strain ATCC 35210 / DSM 4680 / CIP 102532 / B31) (Borrelia burgdorferi)	Reference proteome;Repeat	668
WP_010889719.1	O51274	unreviewed	Borreliella burgdorferi (strain ATCC 35210 / DSM 4680 / CIP 102532 / B31) (Borrelia burgdorferi)	Lipoprotein;Palmitate;Reference proteome;Signal	717
WP_010889722.1	Q44756	reviewed	Borreliella burgdorferi (strain ATCC 35210 / DSM 4680 / CIP 102532 / B31) (Borrelia burgdorferi)	Cell membrane;Membrane;Reference proteome;Transmembrane;Transmembrane helix	159
WP_010889723.1	Q44909	reviewed	Borreliella burgdorferi (strain ATCC 35210 / DSM 4680 / CIP 102532 / B31) (Borrelia burgdorferi)	Bacterial flagellum biogenesis;Bacterial flagellum protein export;Cell membrane;Membrane;Protein transport;Reference proteome;Transmembrane;Transmembrane helix;Transport	697
WP_010889767.1	O51515	unreviewed	Borreliella burgdorferi (strain ATCC 35210 / DSM 4680 / CIP 102532 / B31) (Borrelia burgdorferi)	ATP-binding;Chemotaxis;Kinase;Nucleotide-binding;Phosphoprotein;Reference proteome;Transferase;Two-component regulatory system	714
WP_010889794.1	Q44737	reviewed	Borreliella burgdorferi (strain ATCC 35210 / DSM 4680 / CIP 102532 / B31) (Borrelia burgdorferi)	ATP-binding;Chemotaxis;Cytoplasm;Kinase;Nucleotide-binding;Phosphoprotein;Reference proteome;Transferase;Two-component regulatory system	864
WP_010889795.1	O51613	unreviewed	Borreliella burgdorferi (strain ATCC 35210 / DSM 4680 / CIP 102532 / B31) (Borrelia burgdorferi)	Reference proteome	466
WP_010889817.1	G5IXG8	unreviewed	Borreliella burgdorferi (strain ATCC 35210 / DSM 4680 / CIP 102532 / B31) (Borrelia burgdorferi)	Reference proteome	106
WP_010889818.1	O51713	reviewed	Borreliella burgdorferi (strain ATCC 35210 / DSM 4680 / CIP 102532 / B31) (Borrelia burgdorferi)	Bacterial flagellum;Periplasm;Reference proteome;Signal	335
WP_010890313.1	A9QVU5	unreviewed	Borreliella burgdorferi (Lyme disease spirochete) (Borrelia burgdorferi)	Lipoprotein;Palmitate;Signal	236
WP_010890313.1	O50665	unreviewed	Borreliella burgdorferi (strain ATCC 35210 / DSM 4680 / CIP 102532 / B31) (Borrelia burgdorferi)	3D-structure;Lipoprotein;Metal-binding;Palmitate;Plasmid;Reference proteome;Signal;Zinc	236
WP_010890378.1	P0CL66	reviewed	Borreliella burgdorferi (strain ATCC 35210 / DSM 4680 / CIP 102532 / B31) (Borrelia burgdorferi)	3D-structure;Cell outer membrane;Lipoprotein;Membrane;Palmitate;Plasmid;Reference proteome;Signal	273
WP_010890379.1	P17739	reviewed	Borreliella burgdorferi (strain ATCC 35210 / DSM 4680 / CIP 102532 / B31) (Borrelia burgdorferi)	3D-structure;Cell outer membrane;Lipoprotein;Membrane;Palmitate;Plasmid;Reference proteome;Signal	296
WP_010890380.1	Q547V1	unreviewed	Borreliella burgdorferi (Lyme disease spirochete) (Borrelia burgdorferi)	Lipoprotein;Membrane;Palmitate;Signal;Transmembrane;Transmembrane helix	191
WP_010890380.1	O50917	reviewed	Borreliella burgdorferi (strain ATCC 35210 / DSM 4680 / CIP 102532 / B31) (Borrelia burgdorferi)	3D-structure;Plasmid;Reference proteome;Signal	191
WP_010890381.1	P0CL68	reviewed	Borreliella burgdorferi (strain ATCC 35210 / DSM 4680 / CIP 102532 / B31) (Borrelia burgdorferi)	3D-structure;Plasmid;Reference proteome;Signal	187
WP_010890397.1	H7C641	unreviewed	Borreliella burgdorferi (Lyme disease spirochete) (Borrelia burgdorferi)	Coiled coil;Signal	251
WP_010890397.1	O50957	unreviewed	Borreliella burgdorferi (strain ATCC 35210 / DSM 4680 / CIP 102532 / B31) (Borrelia burgdorferi)	3D-structure;Coiled coil;Plasmid;Reference proteome;Signal	251
WP_010890581.1	P0CL64	reviewed	Borreliella burgdorferi (strain ATCC 35210 / DSM 4680 / CIP 102532 / B31) (Borrelia burgdorferi)	ATP-binding;Glutamine amidotransferase;GMP biosynthesis;Ligase;Nucleotide-binding;Plasmid;Purine biosynthesis;Reference proteome	511
WP_010890582.1	P49058	reviewed	Borreliella burgdorferi (strain ATCC 35210 / DSM 4680 / CIP 102532 / B31) (Borrelia burgdorferi)	3D-structure;Direct protein sequencing;GMP biosynthesis;Metal-binding;NAD;Oxidoreductase;Plasmid;Potassium;Purine biosynthesis;Reference proteome	404
WP_010890593.1	O50994	unreviewed	Borreliella burgdorferi (strain ATCC 35210 / DSM 4680 / CIP 102532 / B31) (Borrelia burgdorferi)	Cell membrane;Membrane;Plasmid;Reference proteome;Transmembrane;Transmembrane helix;Transport	451
WP_010890594.1	O50993	unreviewed	Borreliella burgdorferi (strain ATCC 35210 / DSM 4680 / CIP 102532 / B31) (Borrelia burgdorferi)	Cell membrane;Membrane;Plasmid;Reference proteome;Transmembrane;Transmembrane helix;Transport	451
WP_010890595.1	Q547N6	unreviewed	Borreliella burgdorferi (Lyme disease spirochete) (Borrelia burgdorferi)	Cell outer membrane;Lipoprotein;Membrane;Palmitate;Signal	210
WP_010890595.1	Q07337	reviewed	Borreliella burgdorferi (strain ATCC 35210 / DSM 4680 / CIP 102532 / B31) (Borrelia burgdorferi)	3D-structure;Cell outer membrane;Lipoprotein;Membrane;Palmitate;Plasmid;Reference proteome;Signal;Virulence	210
WP_010921811	B8QYC1	unreviewed	Streptococcus pyogenes	Membrane;Signal;Transmembrane;Transmembrane helix	340
WP_010921813	B8QYI9	unreviewed	Streptococcus pyogenes	Membrane;Signal;Transmembrane;Transmembrane helix	215
WP_010922160	Q9F1R7	unreviewed	Streptococcus pyogenes	3D-structure;Signal	339
WP_010922409	Q9X5C4	unreviewed	Streptococcus pyogenes	Cell wall;Peptidoglycan-anchor;Repeat;Secreted;Signal	217
WP_010922690	Q53ZX6	unreviewed	Streptococcus pyogenes	Kinase;Plasminogen activation;Signal;Transferase	440
WP_010922721	Q54969	unreviewed	Streptococcus pyogenes	Hydrolase;Signal	271
WP_010929608	Q79H51	unreviewed	Bordetella pertussis (strain Tohama I / ATCC BAA-589 / NCTC 13251)	Membrane;Reference proteome;Transmembrane;Transmembrane helix	624
WP_010929608	Q45387	unreviewed	Bordetella pertussis	Isomerase;Membrane;Transmembrane;Transmembrane helix	624
WP_010929609	Q79H50	unreviewed	Bordetella pertussis (strain Tohama I / ATCC BAA-589 / NCTC 13251)	Reference proteome;Transferase	390
WP_010929609	Q7B3D0	unreviewed	Bordetella bronchiseptica (Alcaligenes bronchisepticus)	Transferase	390
WP_010929609	Q45386	unreviewed	Bordetella pertussis		390
WP_010929609	A0A0U1RMR1	unreviewed	Bordetella pertussis (strain ATCC 9797 / DSM 5571 / CCUG 30873 / LMG 14455 / NCTC 10739 / 18323)	Reference proteome;Transferase	390
WP_010929610	Q79H49	unreviewed	Bordetella pertussis (strain Tohama I / ATCC BAA-589 / NCTC 13251)	Reference proteome;Transferase	197
WP_010929610	Q45382	unreviewed	Bordetella pertussis	Transferase	197
WP_010929610	A0A0T7CJ90	unreviewed	Bordetella pertussis (strain ATCC 9797 / DSM 5571 / CCUG 30873 / LMG 14455 / NCTC 10739 / 18323)	Reference proteome;Transferase	197
WP_010929612	Q7W0M0	unreviewed	Bordetella pertussis (strain Tohama I / ATCC BAA-589 / NCTC 13251)	Reference proteome;Transferase	419
WP_010929613	Q79H48	unreviewed	Bordetella pertussis (strain Tohama I / ATCC BAA-589 / NCTC 13251)	Isomerase;Reference proteome	362
WP_010929613	Q45379	unreviewed	Bordetella pertussis	Isomerase	362
WP_010929613	A0A0T7CJA4	unreviewed	Bordetella pertussis (strain ATCC 9797 / DSM 5571 / CCUG 30873 / LMG 14455 / NCTC 10739 / 18323)	Isomerase;Reference proteome	362
WP_010929614	Q79H47	unreviewed	Bordetella pertussis (strain Tohama I / ATCC BAA-589 / NCTC 13251)	Pyridoxal phosphate;Reference proteome	366
WP_010929614	Q45378	unreviewed	Bordetella pertussis	Aminotransferase;Pyridoxal phosphate;Transferase	366
WP_010929614	A0A0T7CJF2	unreviewed	Bordetella pertussis (strain ATCC 9797 / DSM 5571 / CCUG 30873 / LMG 14455 / NCTC 10739 / 18323)	Pyridoxal phosphate;Reference proteome	366
WP_010929841	Q7VSD3	unreviewed	Bordetella pertussis (strain Tohama I / ATCC BAA-589 / NCTC 13251)	3D-structure;Reference proteome	656
WP_010930159	P14283	reviewed	Bordetella pertussis (strain Tohama I / ATCC BAA-589 / NCTC 13251)	3D-structure;Cell adhesion;Cell outer membrane;Direct protein sequencing;Membrane;Periplasm;Reference proteome;Repeat;Secreted;Signal;Transmembrane;Transmembrane beta strand;Virulence	910
WP_010930159	Q546U4	unreviewed	Bordetella pertussis	Cell membrane;Cell outer membrane;Membrane;Signal	910
WP_010930243	Q79GX8	unreviewed	Bordetella pertussis (strain Tohama I / ATCC BAA-589 / NCTC 13251)	Cell membrane;Cell outer membrane;Membrane;Reference proteome	647
WP_010930243	O86135	unreviewed	Bordetella pertussis	Cell membrane;Cell outer membrane;Membrane	647
WP_010930436	P17835	reviewed	Bordetella pertussis (strain Tohama I / ATCC BAA-589 / NCTC 13251)	Disulfide bond;Fimbrium;Reference proteome;Signal	204
WP_010930436	Q6JHT0	unreviewed	Bordetella pertussis	Fimbrium;Signal	204
WP_010930436	A0A0T7CRA4	unreviewed	Bordetella pertussis (strain ATCC 9797 / DSM 5571 / CCUG 30873 / LMG 14455 / NCTC 10739 / 18323)	Fimbrium;Reference proteome;Signal	204
WP_010930609	P0A4H3	reviewed	Bordetella bronchiseptica (strain ATCC BAA-588 / NCTC 13252 / RB50) (Alcaligenes bronchisepticus)	Activator;DNA-binding;Phosphoprotein;Reference proteome;Transcription;Transcription regulation;Two-component regulatory system;Virulence	209
WP_010930609	P0A4H4	reviewed	Bordetella parapertussis (strain 12822 / ATCC BAA-587 / NCTC 13253)	Activator;DNA-binding;Phosphoprotein;Transcription;Transcription regulation;Two-component regulatory system;Virulence	209
WP_010930609	P0A4H2	reviewed	Bordetella pertussis (strain Tohama I / ATCC BAA-589 / NCTC 13251)	Activator;DNA-binding;Phosphoprotein;Reference proteome;Transcription;Transcription regulation;Two-component regulatory system;Virulence	209
WP_010930609	A0ABX4FI27	unreviewed	Bordetella genomosp. 6	DNA-binding;Phosphoprotein;Reference proteome;Transcription;Transcription regulation	209
WP_010930609	A0ABU5X4U6	unreviewed	Bordetella parapertussis	DNA-binding;Phosphoprotein;Reference proteome;Transcription;Transcription regulation	209
WP_010930609	A0A0T7CP47	unreviewed	Bordetella pertussis (strain ATCC 9797 / DSM 5571 / CCUG 30873 / LMG 14455 / NCTC 10739 / 18323)	DNA-binding;Phosphoprotein;Reference proteome;Transcription;Transcription regulation	209
WP_010930611	P33409	reviewed	Bordetella pertussis (strain Tohama I / ATCC BAA-589 / NCTC 13251)	Chaperone;Fimbrium biogenesis;Immunoglobulin domain;Periplasm;Reference proteome;Signal	244
WP_010930612	P33410	reviewed	Bordetella pertussis (strain Tohama I / ATCC BAA-589 / NCTC 13251)	Cell outer membrane;Disulfide bond;Fimbrium biogenesis;Membrane;Reference proteome;Signal;Transmembrane;Transmembrane beta strand;Transport	873
WP_010930614	P35077	reviewed	Bordetella pertussis (strain Tohama I / ATCC BAA-589 / NCTC 13251)	3D-structure;Cell outer membrane;Ion transport;Membrane;Porin;Protein transport;Reference proteome;Signal;Transmembrane;Transmembrane beta strand;Transport	584
WP_010930614	A0A0T7CP30	unreviewed	Bordetella pertussis (strain ATCC 9797 / DSM 5571 / CCUG 30873 / LMG 14455 / NCTC 10739 / 18323)	Cell outer membrane;Membrane;Protein transport;Reference proteome;Signal;Transmembrane;Transmembrane beta strand;Transport	584
WP_010930809	Q7VWI8	unreviewed	Bordetella pertussis (strain Tohama I / ATCC BAA-589 / NCTC 13251)	Cell membrane;Hydrolase;Membrane;Reference proteome;Transmembrane;Transmembrane helix	673
WP_010930809	A0A0T7CL82	unreviewed	Bordetella pertussis (strain ATCC 9797 / DSM 5571 / CCUG 30873 / LMG 14455 / NCTC 10739 / 18323)	Cell membrane;Hydrolase;Membrane;Reference proteome;Transmembrane;Transmembrane helix	673
WP_010930810	Q79GS0	unreviewed	Bordetella pertussis (strain Tohama I / ATCC BAA-589 / NCTC 13251)	Reference proteome;Signal	395
WP_010930812	Q7VWI6	unreviewed	Bordetella pertussis (strain Tohama I / ATCC BAA-589 / NCTC 13251)	Reference proteome	232
WP_010930812	A0A0T7CLA1	unreviewed	Bordetella pertussis (strain ATCC 9797 / DSM 5571 / CCUG 30873 / LMG 14455 / NCTC 10739 / 18323)	Reference proteome	232
WP_010930813	Q79GR8	unreviewed	Bordetella pertussis (strain Tohama I / ATCC BAA-589 / NCTC 13251)	Cell outer membrane;Membrane;Protein transport;Reference proteome;Signal;Translocation;Transport	600
WP_010930814	Q79GR7	unreviewed	Bordetella pertussis (strain Tohama I / ATCC BAA-589 / NCTC 13251)	Reference proteome	132
WP_010930815	Q79GR6	unreviewed	Bordetella pertussis (strain Tohama I / ATCC BAA-589 / NCTC 13251)	Cell membrane;Membrane;Reference proteome;Transmembrane;Transmembrane helix;Virulence	349
WP_010930816	Q79GR5	unreviewed	Bordetella pertussis (strain Tohama I / ATCC BAA-589 / NCTC 13251)	Cell membrane;Membrane;Reference proteome;Transmembrane;Transmembrane helix	266
WP_010930816	A0A0U1RN63	unreviewed	Bordetella pertussis (strain ATCC 9797 / DSM 5571 / CCUG 30873 / LMG 14455 / NCTC 10739 / 18323)	Cell membrane;Membrane;Reference proteome;Transmembrane;Transmembrane helix	266
WP_010930817	Q79GR4	unreviewed	Bordetella pertussis (strain Tohama I / ATCC BAA-589 / NCTC 13251)	Cell membrane;Membrane;Reference proteome;Transmembrane;Transmembrane helix	88
WP_010930817	A0A0T7CL55	unreviewed	Bordetella pertussis (strain ATCC 9797 / DSM 5571 / CCUG 30873 / LMG 14455 / NCTC 10739 / 18323)	Cell membrane;Membrane;Reference proteome;Transmembrane;Transmembrane helix	88
WP_010930818	Q79GR2	unreviewed	Bordetella pertussis (strain Tohama I / ATCC BAA-589 / NCTC 13251)	Reference proteome;Virulence	359
WP_010930818	A0A0T7CKW6	unreviewed	Bordetella pertussis (strain ATCC 9797 / DSM 5571 / CCUG 30873 / LMG 14455 / NCTC 10739 / 18323)	Reference proteome;Virulence	359
WP_010930819	Q79GR1	unreviewed	Bordetella pertussis (strain Tohama I / ATCC BAA-589 / NCTC 13251)	Reference proteome	182
WP_010930819	A0A0T7CKV8	unreviewed	Bordetella pertussis (strain ATCC 9797 / DSM 5571 / CCUG 30873 / LMG 14455 / NCTC 10739 / 18323)	Reference proteome	182
WP_010930820	Q79GQ8	unreviewed	Bordetella pertussis (strain Tohama I / ATCC BAA-589 / NCTC 13251)	Cytoplasm;Protein transport;Reference proteome;Transport	212
WP_010930820	A0A0T7CL86	unreviewed	Bordetella pertussis (strain ATCC 9797 / DSM 5571 / CCUG 30873 / LMG 14455 / NCTC 10739 / 18323)	Cytoplasm;Protein transport;Reference proteome;Transport	212
WP_010930821	Q79GQ6	unreviewed	Bordetella pertussis (strain Tohama I / ATCC BAA-589 / NCTC 13251)	Cell outer membrane;Lipoprotein;Membrane;Palmitate;Reference proteome;Signal;Transmembrane;Transmembrane helix	274
WP_010930821	A0A0T7CL38	unreviewed	Bordetella pertussis (strain ATCC 9797 / DSM 5571 / CCUG 30873 / LMG 14455 / NCTC 10739 / 18323)	Cell outer membrane;Lipoprotein;Membrane;Palmitate;Reference proteome;Signal;Transmembrane;Transmembrane helix	274
WP_010930822	Q7VWI5	unreviewed	Bordetella pertussis (strain Tohama I / ATCC BAA-589 / NCTC 13251)	Reference proteome	135
WP_010930822	A0A0U1RN62	unreviewed	Bordetella pertussis (strain ATCC 9797 / DSM 5571 / CCUG 30873 / LMG 14455 / NCTC 10739 / 18323)	Reference proteome	135
WP_010930823	Q79GQ5	unreviewed	Bordetella pertussis (strain Tohama I / ATCC BAA-589 / NCTC 13251)	Reference proteome	173
WP_010930823	A0A0T7CL46	unreviewed	Bordetella pertussis (strain ATCC 9797 / DSM 5571 / CCUG 30873 / LMG 14455 / NCTC 10739 / 18323)	Reference proteome	173
WP_010930824	Q7VWI4	unreviewed	Bordetella pertussis (strain Tohama I / ATCC BAA-589 / NCTC 13251)	Host membrane;Membrane;Reference proteome;Transmembrane;Transmembrane helix;Virulence	402
WP_010930825	Q79GQ3	unreviewed	Bordetella pertussis (strain Tohama I / ATCC BAA-589 / NCTC 13251)	Reference proteome	313
WP_010930825	A0A0T7CKU8	unreviewed	Bordetella pertussis (strain ATCC 9797 / DSM 5571 / CCUG 30873 / LMG 14455 / NCTC 10739 / 18323)	Reference proteome	313
WP_010930826	Q79GQ1	unreviewed	Bordetella pertussis (strain Tohama I / ATCC BAA-589 / NCTC 13251)	Reference proteome	91
WP_010930826	A0A0T7CKT0	unreviewed	Bordetella pertussis (strain ATCC 9797 / DSM 5571 / CCUG 30873 / LMG 14455 / NCTC 10739 / 18323)	Reference proteome	91
WP_010930827	Q79GQ0	unreviewed	Bordetella pertussis (strain Tohama I / ATCC BAA-589 / NCTC 13251)	3D-structure;Calcium;Metal-binding;Reference proteome	365
WP_010930828	Q79GP9	unreviewed	Bordetella pertussis (strain Tohama I / ATCC BAA-589 / NCTC 13251)	Reference proteome	125
WP_010930828	A0A0T7CL32	unreviewed	Bordetella pertussis (strain ATCC 9797 / DSM 5571 / CCUG 30873 / LMG 14455 / NCTC 10739 / 18323)	Reference proteome	125
WP_010930829	Q79GP8	unreviewed	Bordetella pertussis (strain Tohama I / ATCC BAA-589 / NCTC 13251)	Reference proteome	136
WP_010930829	A0A0U1RN61	unreviewed	Bordetella pertussis (strain ATCC 9797 / DSM 5571 / CCUG 30873 / LMG 14455 / NCTC 10739 / 18323)	Reference proteome	136
WP_010930830	Q79GP7	unreviewed	Bordetella pertussis (strain Tohama I / ATCC BAA-589 / NCTC 13251)	Reference proteome	122
WP_010930830	A0A0T7CL35	unreviewed	Bordetella pertussis (strain ATCC 9797 / DSM 5571 / CCUG 30873 / LMG 14455 / NCTC 10739 / 18323)	Reference proteome	122
WP_010930831	Q79GP6	unreviewed	Bordetella pertussis (strain Tohama I / ATCC BAA-589 / NCTC 13251)	Cell inner membrane;Cell membrane;Membrane;Reference proteome;Transmembrane;Transmembrane helix;Transport	699
WP_010930832	Q79GP5	unreviewed	Bordetella pertussis (strain Tohama I / ATCC BAA-589 / NCTC 13251)	Membrane;Reference proteome;Transmembrane;Transmembrane helix	426
WP_010930832	A0A0T7CKU5	unreviewed	Bordetella pertussis (strain ATCC 9797 / DSM 5571 / CCUG 30873 / LMG 14455 / NCTC 10739 / 18323)	Membrane;Reference proteome;Transmembrane;Transmembrane helix	426
WP_010931071	P09808	reviewed	Bordetella pertussis (strain Tohama I / ATCC BAA-589 / NCTC 13251)	Disulfide bond;Fimbrium;Reference proteome;Signal	201
WP_010931071	A0A0T7CQF9	unreviewed	Bordetella pertussis (strain ATCC 9797 / DSM 5571 / CCUG 30873 / LMG 14455 / NCTC 10739 / 18323)	Fimbrium;Reference proteome;Signal	201
WP_010931506	Q45340	reviewed	Bordetella pertussis (strain Tohama I / ATCC BAA-589 / NCTC 13251)	3D-structure;Cell outer membrane;Direct protein sequencing;Membrane;Periplasm;Reference proteome;Secreted;Signal;Transmembrane;Transmembrane beta strand;Virulence	1010
WP_010931506	A0A0T7CLC7	unreviewed	Bordetella pertussis (strain ATCC 9797 / DSM 5571 / CCUG 30873 / LMG 14455 / NCTC 10739 / 18323)	Cell membrane;Cell outer membrane;Membrane;Reference proteome;Signal	1010
WP_010934515	Q6NIN5	reviewed	Corynebacterium diphtheriae (strain ATCC 700971 / NCTC 13129 / Biotype gravis)	Cell membrane;Membrane;Reference proteome;Transmembrane;Transmembrane helix	987
WP_010934947	Q6NH65	unreviewed	Corynebacterium diphtheriae (strain ATCC 700971 / NCTC 13129 / Biotype gravis)	Coiled coil;Hydrolase;Lipoprotein;Palmitate;Protease;Reference proteome;Signal;Thiol protease	572
WP_010935399	Q6NFK7	unreviewed	Corynebacterium diphtheriae (strain ATCC 700971 / NCTC 13129 / Biotype gravis)	3D-structure;Membrane;Reference proteome;Transmembrane;Transmembrane helix	244
WP_010935502	Q6NF83	unreviewed	Corynebacterium diphtheriae (strain ATCC 700971 / NCTC 13129 / Biotype gravis)	3D-structure;Membrane;Reference proteome;Signal;Transmembrane;Transmembrane helix	205
WP_010935503	Q6NF82	unreviewed	Corynebacterium diphtheriae (strain ATCC 700971 / NCTC 13129 / Biotype gravis)	3D-structure;Hydrolase;Membrane;Reference proteome;Transmembrane;Transmembrane helix	289
WP_010935504	Q6NF81	unreviewed	Corynebacterium diphtheriae (strain ATCC 700971 / NCTC 13129 / Biotype gravis)	3D-structure;Calcium;Membrane;Metal-binding;Reference proteome;Signal;Transmembrane;Transmembrane helix	525
WP_010935564	Q6NF16	unreviewed	Corynebacterium diphtheriae (strain ATCC 700971 / NCTC 13129 / Biotype gravis)	Membrane;Reference proteome;Secreted;Signal;Transmembrane;Transmembrane helix	951
WP_010945169	G1UBB8	unreviewed	Haemophilus ducreyi (strain 35000HP / ATCC 700724)	Membrane;Reference proteome;Transmembrane;Transmembrane helix	203
WP_010945169	Q8KQI2	unreviewed	Haemophilus ducreyi	Membrane;Transmembrane;Transmembrane helix	203
WP_010945170	G1UB94	unreviewed	Haemophilus ducreyi (strain 35000HP / ATCC 700724)	Membrane;Reference proteome;Transmembrane;Transmembrane helix	168
WP_010945170	Q8KQI3	unreviewed	Haemophilus ducreyi	Membrane;Transmembrane;Transmembrane helix	168
WP_010945171	G1UB91	unreviewed	Haemophilus ducreyi (strain 35000HP / ATCC 700724)	Lipoprotein;Palmitate;Reference proteome;Signal	250
WP_010945171	Q8KQI4	unreviewed	Haemophilus ducreyi	Lipoprotein;Palmitate;Signal	250
WP_010945173	G1UB73	unreviewed	Haemophilus ducreyi (strain 35000HP / ATCC 700724)	Cell membrane;Membrane;Reference proteome;Transmembrane;Transmembrane helix	295
WP_010945173	Q8KQI6	unreviewed	Haemophilus ducreyi	Cell membrane;Membrane;Transmembrane;Transmembrane helix	295
WP_010945174	G1UB93	unreviewed	Haemophilus ducreyi (strain 35000HP / ATCC 700724)	Reference proteome	427
WP_010945174	Q8KQI7	unreviewed	Haemophilus ducreyi		427
WP_010945175	G1UB74	unreviewed	Haemophilus ducreyi (strain 35000HP / ATCC 700724)	Reference proteome	373
WP_010945175	Q8KQI8	unreviewed	Haemophilus ducreyi		373
WP_010945176	G1UBC0	unreviewed	Haemophilus ducreyi (strain 35000HP / ATCC 700724)	Reference proteome;Signal	163
WP_010945176	Q8KQI9	unreviewed	Haemophilus ducreyi	Signal	163
WP_010945177	G1UB92	unreviewed	Haemophilus ducreyi (strain 35000HP / ATCC 700724)	Reference proteome;Signal	456
WP_010945177	Q8KQJ0	unreviewed	Haemophilus ducreyi	Signal	456
WP_010945178	G1UB98	unreviewed	Haemophilus ducreyi (strain 35000HP / ATCC 700724)	Membrane;Reference proteome;Transmembrane;Transmembrane helix	278
WP_010945178	Q8KQJ1	unreviewed	Haemophilus ducreyi	Membrane;Transmembrane;Transmembrane helix	278
WP_010945179	G1UB88	unreviewed	Haemophilus ducreyi (strain 35000HP / ATCC 700724)	Cell membrane;Membrane;Reference proteome;Transmembrane;Transmembrane helix	144
WP_010945179	Q8KQJ2	unreviewed	Haemophilus ducreyi	Cell membrane;Membrane;Transmembrane;Transmembrane helix	144
WP_010945180	G1UB76	unreviewed	Haemophilus ducreyi (strain 35000HP / ATCC 700724)	Membrane;Reference proteome;Transmembrane;Transmembrane helix	89
WP_010945180	Q8KQJ3	unreviewed	Haemophilus ducreyi	Membrane;Transmembrane;Transmembrane helix	89
WP_010945181	G1UBB1	unreviewed	Haemophilus ducreyi (strain 35000HP / ATCC 700724)	Membrane;Reference proteome;Transmembrane;Transmembrane helix	81
WP_010945181	Q8KQJ4	unreviewed	Haemophilus ducreyi	Membrane;Transmembrane;Transmembrane helix	81
WP_010945182	G1UB99	unreviewed	Haemophilus ducreyi (strain 35000HP / ATCC 700724)	Membrane;Reference proteome;Transmembrane;Transmembrane helix	85
WP_010945182	Q8KQJ5	unreviewed	Haemophilus ducreyi	Membrane;Transmembrane;Transmembrane helix	85
WP_010945770	Q5ZZK2	unreviewed	Legionella pneumophila subsp. pneumophila (strain Philadelphia 1 / ATCC 33152 / DSM 7513)	Reference proteome	419
WP_010945774	Q5ZZJ8	unreviewed	Legionella pneumophila subsp. pneumophila (strain Philadelphia 1 / ATCC 33152 / DSM 7513)	Reference proteome	525
WP_010945783	Q5ZZI9	unreviewed	Legionella pneumophila subsp. pneumophila (strain Philadelphia 1 / ATCC 33152 / DSM 7513)	Cytoplasm;Reference proteome;Ribosome biogenesis;RNA-binding;rRNA-binding	159
WP_010945800	Q5ZZH2	unreviewed	Legionella pneumophila subsp. pneumophila (strain Philadelphia 1 / ATCC 33152 / DSM 7513)	ANK repeat;Reference proteome;Repeat	507
WP_010945807	Q5ZZG5	unreviewed	Legionella pneumophila subsp. pneumophila (strain Philadelphia 1 / ATCC 33152 / DSM 7513)	Reference proteome	70
WP_010945808	Q5ZZG4	unreviewed	Legionella pneumophila subsp. pneumophila (strain Philadelphia 1 / ATCC 33152 / DSM 7513)	Reference proteome	132
WP_010945841	Q5ZZD1	unreviewed	Legionella pneumophila subsp. pneumophila (strain Philadelphia 1 / ATCC 33152 / DSM 7513)	Reference proteome	255
WP_010945842	Q5ZZD0	unreviewed	Legionella pneumophila subsp. pneumophila (strain Philadelphia 1 / ATCC 33152 / DSM 7513)	3D-structure;Reference proteome	441
WP_010945857	Q5ZZB5	unreviewed	Legionella pneumophila subsp. pneumophila (strain Philadelphia 1 / ATCC 33152 / DSM 7513)	3D-structure;Membrane;Metal-binding;Reference proteome;Transmembrane;Transmembrane helix	397
WP_010945864	Q5ZZA8	unreviewed	Legionella pneumophila subsp. pneumophila (strain Philadelphia 1 / ATCC 33152 / DSM 7513)	Acyltransferase;Reference proteome;Transferase	286
WP_010945864	Q5C8M4	unreviewed	Legionella pneumophila	3D-structure;Acyltransferase;Transferase	286
WP_010945891	Q5ZZ81	unreviewed	Legionella pneumophila subsp. pneumophila (strain Philadelphia 1 / ATCC 33152 / DSM 7513)	Reference proteome	822
WP_010945921	Q5ZZ51	unreviewed	Legionella pneumophila subsp. pneumophila (strain Philadelphia 1 / ATCC 33152 / DSM 7513)	Reference proteome	325
WP_010945931	Q5ZZ41	unreviewed	Legionella pneumophila subsp. pneumophila (strain Philadelphia 1 / ATCC 33152 / DSM 7513)	Membrane;Reference proteome;Transmembrane;Transmembrane helix	251
WP_010945932	Q5ZZ40	unreviewed	Legionella pneumophila subsp. pneumophila (strain Philadelphia 1 / ATCC 33152 / DSM 7513)	Membrane;Reference proteome;Transmembrane;Transmembrane helix	188
WP_010945933	Q5ZZ39	unreviewed	Legionella pneumophila subsp. pneumophila (strain Philadelphia 1 / ATCC 33152 / DSM 7513)	Reference proteome	241
WP_010945942	Q5ZZ30	reviewed	Legionella pneumophila subsp. pneumophila (strain Philadelphia 1 / ATCC 33152 / DSM 7513)	Glycosyltransferase;NAD;Nucleotidyltransferase;Reference proteome;Secreted;Transferase;Virulence	303
WP_010945952	Q5ZZ20	unreviewed	Legionella pneumophila subsp. pneumophila (strain Philadelphia 1 / ATCC 33152 / DSM 7513)	Reference proteome	317
WP_010945955	Q5ZZ17	reviewed	Legionella pneumophila subsp. pneumophila (strain Philadelphia 1 / ATCC 33152 / DSM 7513)	Heme;Hydrogen peroxide;Iron;Metal-binding;Oxidoreductase;Peroxidase;Reference proteome;Signal	749
WP_010945955	Q9WXB9	reviewed	Legionella pneumophila	Heme;Hydrogen peroxide;Iron;Metal-binding;Oxidoreductase;Periplasm;Peroxidase;Signal	749
WP_010945956	Q5ZZ16	unreviewed	Legionella pneumophila subsp. pneumophila (strain Philadelphia 1 / ATCC 33152 / DSM 7513)	Reference proteome	334
WP_010945957	Q5ZZ15	unreviewed	Legionella pneumophila subsp. pneumophila (strain Philadelphia 1 / ATCC 33152 / DSM 7513)	Coiled coil;Reference proteome;Secreted;Virulence	424
WP_010945971	Q5ZZ01	unreviewed	Legionella pneumophila subsp. pneumophila (strain Philadelphia 1 / ATCC 33152 / DSM 7513)	Reference proteome	207
WP_010945988	Q5ZYY4	unreviewed	Legionella pneumophila subsp. pneumophila (strain Philadelphia 1 / ATCC 33152 / DSM 7513)	Reference proteome	368
WP_010946001	Q5ZYX1	unreviewed	Legionella pneumophila subsp. pneumophila (strain Philadelphia 1 / ATCC 33152 / DSM 7513)	Reference proteome	259
WP_010946007	Q5ZYW5	unreviewed	Legionella pneumophila subsp. pneumophila (strain Philadelphia 1 / ATCC 33152 / DSM 7513)	Membrane;Reference proteome;Transmembrane;Transmembrane helix	241
WP_010946018	Q5ZYV4	unreviewed	Legionella pneumophila subsp. pneumophila (strain Philadelphia 1 / ATCC 33152 / DSM 7513)	Coiled coil;Membrane;Reference proteome;Transmembrane;Transmembrane helix	330
WP_010946021	Q5ZYV1	unreviewed	Legionella pneumophila subsp. pneumophila (strain Philadelphia 1 / ATCC 33152 / DSM 7513)	Reference proteome	132
WP_010946037	Q5ZYT5	unreviewed	Legionella pneumophila subsp. pneumophila (strain Philadelphia 1 / ATCC 33152 / DSM 7513)	Reference proteome	499
WP_010946045	Q5ZYS7	unreviewed	Legionella pneumophila subsp. pneumophila (strain Philadelphia 1 / ATCC 33152 / DSM 7513)	Reference proteome	374
WP_010946045	A0AAN5PG55	unreviewed	Legionella pneumophila		374
WP_010946046	Q5ZYS6	unreviewed	Legionella pneumophila subsp. pneumophila (strain Philadelphia 1 / ATCC 33152 / DSM 7513)	Reference proteome	227
WP_010946055	Q5ZYR7	reviewed	Legionella pneumophila subsp. pneumophila (strain Philadelphia 1 / ATCC 33152 / DSM 7513)	3D-structure;Cytoplasm;Protein transport;Reference proteome;Transport;Virulence	230
WP_010946113	Q5ZYK8	unreviewed	Legionella pneumophila subsp. pneumophila (strain Philadelphia 1 / ATCC 33152 / DSM 7513)	3D-structure;Reference proteome	101
WP_010946114	Q5ZYK7	unreviewed	Legionella pneumophila subsp. pneumophila (strain Philadelphia 1 / ATCC 33152 / DSM 7513)	Reference proteome	896
WP_010946124	Q5ZYJ7	unreviewed	Legionella pneumophila subsp. pneumophila (strain Philadelphia 1 / ATCC 33152 / DSM 7513)	Reference proteome	199
WP_010946139	Q5ZYI2	unreviewed	Legionella pneumophila subsp. pneumophila (strain Philadelphia 1 / ATCC 33152 / DSM 7513)	Coiled coil;Reference proteome	352
WP_010946150	Q5ZYH1	unreviewed	Legionella pneumophila subsp. pneumophila (strain Philadelphia 1 / ATCC 33152 / DSM 7513)	Reference proteome	224
WP_010946151	Q5ZYH0	unreviewed	Legionella pneumophila subsp. pneumophila (strain Philadelphia 1 / ATCC 33152 / DSM 7513)	ANK repeat;Reference proteome;Repeat	567
WP_010946152	Q5ZYG9	unreviewed	Legionella pneumophila subsp. pneumophila (strain Philadelphia 1 / ATCC 33152 / DSM 7513)	ANK repeat;Membrane;Reference proteome;Repeat;Transmembrane;Transmembrane helix	514
WP_010946154	Q5ZYG7	unreviewed	Legionella pneumophila subsp. pneumophila (strain Philadelphia 1 / ATCC 33152 / DSM 7513)	Reference proteome	196
WP_010946171	Q5ZYF0	unreviewed	Legionella pneumophila subsp. pneumophila (strain Philadelphia 1 / ATCC 33152 / DSM 7513)	Carbohydrate metabolism;Glycosidase;Hydrolase;Polysaccharide degradation;Reference proteome	449
WP_010946171	A0AAN5T0V1	unreviewed	Legionella pneumophila	Carbohydrate metabolism;Glycosidase;Hydrolase;Polysaccharide degradation	449
WP_010946185	Q5ZYD6	unreviewed	Legionella pneumophila subsp. pneumophila (strain Philadelphia 1 / ATCC 33152 / DSM 7513)	3D-structure;Reference proteome	269
WP_010946186	Q5ZYD5	unreviewed	Legionella pneumophila subsp. pneumophila (strain Philadelphia 1 / ATCC 33152 / DSM 7513)	3D-structure;Reference proteome	666
WP_010946188	Q5ZYD3	unreviewed	Legionella pneumophila subsp. pneumophila (strain Philadelphia 1 / ATCC 33152 / DSM 7513)	3D-structure;Membrane;Reference proteome;Transmembrane;Transmembrane helix	349
WP_010946190	Q5ZYD1	unreviewed	Legionella pneumophila subsp. pneumophila (strain Philadelphia 1 / ATCC 33152 / DSM 7513)	Membrane;Reference proteome;Transmembrane;Transmembrane helix	86
WP_010946190	O54658	unreviewed	Legionella pneumophila	Membrane;Transmembrane;Transmembrane helix	86
WP_010946191	Q5ZYD0	reviewed	Legionella pneumophila subsp. pneumophila (strain Philadelphia 1 / ATCC 33152 / DSM 7513)	3D-structure;Cytoplasm;Protein transport;Reference proteome;Transport;Virulence	114
WP_010946192	Q5ZYC9	unreviewed	Legionella pneumophila subsp. pneumophila (strain Philadelphia 1 / ATCC 33152 / DSM 7513)	3D-structure;Reference proteome	120
WP_010946192	O54568	unreviewed	Legionella pneumophila		120
WP_010946195	Q5ZYC6	reviewed	Legionella pneumophila subsp. pneumophila (strain Philadelphia 1 / ATCC 33152 / DSM 7513)	3D-structure;Cell inner membrane;Cell membrane;Membrane;Protein transport;Reference proteome;Transmembrane;Transmembrane helix;Transport;Virulence	783
WP_010946195	O54524	unreviewed	Legionella pneumophila	Membrane;Transmembrane;Transmembrane helix	783
WP_010946196	Q5ZYC5	unreviewed	Legionella pneumophila subsp. pneumophila (strain Philadelphia 1 / ATCC 33152 / DSM 7513)	3D-structure;Lipoprotein;Membrane;Palmitate;Reference proteome;Signal	189
WP_010946196	O53086	unreviewed	Legionella pneumophila	3D-structure;Lipoprotein;Membrane;Palmitate;Signal	189
WP_010946197	Q5ZYC4	unreviewed	Legionella pneumophila subsp. pneumophila (strain Philadelphia 1 / ATCC 33152 / DSM 7513)	Lipoprotein;Membrane;Palmitate;Reference proteome;Signal;Transmembrane;Transmembrane helix	94
WP_010946197	O54585	unreviewed	Legionella pneumophila	Lipoprotein;Membrane;Palmitate;Signal;Transmembrane;Transmembrane helix	94
WP_010946198	Q5ZYC3	unreviewed	Legionella pneumophila subsp. pneumophila (strain Philadelphia 1 / ATCC 33152 / DSM 7513)	Membrane;Reference proteome;Transmembrane;Transmembrane helix	212
WP_010946198	O54626	unreviewed	Legionella pneumophila	3D-structure;Membrane;Transmembrane;Transmembrane helix	212
WP_010946201	Q5ZYC0	unreviewed	Legionella pneumophila subsp. pneumophila (strain Philadelphia 1 / ATCC 33152 / DSM 7513)	3D-structure;Coiled coil;Membrane;Reference proteome;Transmembrane;Transmembrane helix	269
WP_010946201	O54615	unreviewed	Legionella pneumophila	3D-structure;Coiled coil;Membrane;Transmembrane;Transmembrane helix	269
WP_010946202	Q5ZYB9	unreviewed	Legionella pneumophila subsp. pneumophila (strain Philadelphia 1 / ATCC 33152 / DSM 7513)	Membrane;Reference proteome;Transmembrane;Transmembrane helix	194
WP_010946202	O54653	unreviewed	Legionella pneumophila	Membrane;Transmembrane;Transmembrane helix	194
WP_010946205	Q5ZYB6	unreviewed	Legionella pneumophila subsp. pneumophila (strain Philadelphia 1 / ATCC 33152 / DSM 7513)	Reference proteome	1009
WP_010946205	O54567	unreviewed	Legionella pneumophila		1009
WP_010946207	Q5ZYB4	unreviewed	Legionella pneumophila subsp. pneumophila (strain Philadelphia 1 / ATCC 33152 / DSM 7513)	Reference proteome	973
WP_010946207	O54529	unreviewed	Legionella pneumophila		973
WP_010946208	Q5ZYB3	unreviewed	Legionella pneumophila subsp. pneumophila (strain Philadelphia 1 / ATCC 33152 / DSM 7513)	Membrane;Reference proteome;Transmembrane;Transmembrane helix	261
WP_010946208	Q7WUK3	unreviewed	Legionella pneumophila	Membrane;Transmembrane;Transmembrane helix	261
WP_010946221	Q5ZYA0	unreviewed	Legionella pneumophila subsp. pneumophila (strain Philadelphia 1 / ATCC 33152 / DSM 7513)	Membrane;Reference proteome;Transmembrane;Transmembrane helix	180
WP_010946221	Q7WUK4	unreviewed	Legionella pneumophila	Membrane;Transmembrane;Transmembrane helix	180
WP_010946226	Q5ZY95	unreviewed	Legionella pneumophila subsp. pneumophila (strain Philadelphia 1 / ATCC 33152 / DSM 7513)	DNA-binding;DNA-directed RNA polymerase;Nucleotidyltransferase;Reference proteome;Sigma factor;Transcription;Transcription regulation;Transferase	464
WP_010946231	Q5ZY89	unreviewed	Legionella pneumophila subsp. pneumophila (strain Philadelphia 1 / ATCC 33152 / DSM 7513)	3D-structure;Reference proteome	495
WP_010946263	Q5ZY57	unreviewed	Legionella pneumophila subsp. pneumophila (strain Philadelphia 1 / ATCC 33152 / DSM 7513)	Dioxygenase;Iron;Metal-binding;Oxidoreductase;Reference proteome	310
WP_010946266	Q5ZY54	unreviewed	Legionella pneumophila subsp. pneumophila (strain Philadelphia 1 / ATCC 33152 / DSM 7513)	Membrane;Reference proteome;Transmembrane;Transmembrane helix	282
WP_010946267	Q5ZY53	unreviewed	Legionella pneumophila subsp. pneumophila (strain Philadelphia 1 / ATCC 33152 / DSM 7513)	Reference proteome	737
WP_010946272	Q5ZY48	reviewed	Legionella pneumophila subsp. pneumophila (strain Philadelphia 1 / ATCC 33152 / DSM 7513)	3D-structure;Cytoplasm;Protein transport;Reference proteome;Transport;Virulence	208
WP_010946287	Q5ZY33	unreviewed	Legionella pneumophila subsp. pneumophila (strain Philadelphia 1 / ATCC 33152 / DSM 7513)	Lysosome;Membrane;Reference proteome;Transmembrane;Transmembrane helix;Transport	427
WP_010946354	Q5ZXW4	unreviewed	Legionella pneumophila subsp. pneumophila (strain Philadelphia 1 / ATCC 33152 / DSM 7513)	Reference proteome;Signal	363
WP_010946358	Q5ZXW0	unreviewed	Legionella pneumophila subsp. pneumophila (strain Philadelphia 1 / ATCC 33152 / DSM 7513)	Membrane;Reference proteome;Transmembrane;Transmembrane helix	474
WP_010946358	Q6RCR9	unreviewed	Legionella pneumophila	Membrane;Transmembrane;Transmembrane helix	474
WP_010946364	Q5ZXV4	unreviewed	Legionella pneumophila subsp. pneumophila (strain Philadelphia 1 / ATCC 33152 / DSM 7513)	Membrane;Reference proteome;Transmembrane;Transmembrane helix	149
WP_010946364	O68499	unreviewed	Legionella pneumophila	Membrane;Transmembrane;Transmembrane helix	149
WP_010946366	Q5ZXV2	unreviewed	Legionella pneumophila subsp. pneumophila (strain Philadelphia 1 / ATCC 33152 / DSM 7513)	Membrane;Reference proteome;Transmembrane;Transmembrane helix	170
WP_010946367	Q5ZXV1	unreviewed	Legionella pneumophila subsp. pneumophila (strain Philadelphia 1 / ATCC 33152 / DSM 7513)	Membrane;Reference proteome;Transmembrane;Transmembrane helix	355
WP_010946368	Q5ZXV0	unreviewed	Legionella pneumophila subsp. pneumophila (strain Philadelphia 1 / ATCC 33152 / DSM 7513)	Membrane;Reference proteome;Transmembrane;Transmembrane helix	179
WP_010946369	Q5ZXU9	unreviewed	Legionella pneumophila subsp. pneumophila (strain Philadelphia 1 / ATCC 33152 / DSM 7513)	Cell inner membrane;Cell membrane;Membrane;Methylation;Reference proteome;Transmembrane;Transmembrane helix	235
WP_010946371	Q5ZXU7	unreviewed	Legionella pneumophila subsp. pneumophila (strain Philadelphia 1 / ATCC 33152 / DSM 7513)	3D-structure;Reference proteome	449
WP_010946379	Q5ZXT9	unreviewed	Legionella pneumophila subsp. pneumophila (strain Philadelphia 1 / ATCC 33152 / DSM 7513)	Coiled coil;Reference proteome	524
WP_010946379	Q5GA15	unreviewed	Legionella pneumophila	3D-structure;Coiled coil	524
WP_010946432	Q5ZXN6	reviewed	Legionella pneumophila subsp. pneumophila (strain Philadelphia 1 / ATCC 33152 / DSM 7513)	3D-structure;ANK repeat;Host cytoplasm;Reference proteome;Repeat;Secreted;Transferase;Virulence	949
WP_010946433	Q5ZXN5	reviewed	Legionella pneumophila subsp. pneumophila (strain Philadelphia 1 / ATCC 33152 / DSM 7513)	3D-structure;Host cytoplasm;Hydrolase;Reference proteome;Secreted;Virulence	570
WP_010946441	Q5ZXM7	unreviewed	Legionella pneumophila subsp. pneumophila (strain Philadelphia 1 / ATCC 33152 / DSM 7513)	Cell shape;Cell wall biogenesis/degradation;Lipoprotein;Palmitate;Peptidoglycan synthesis;Reference proteome;Signal;Transferase	203
WP_010946453	Q5ZXL5	unreviewed	Legionella pneumophila subsp. pneumophila (strain Philadelphia 1 / ATCC 33152 / DSM 7513)	Membrane;Reference proteome;Transmembrane;Transmembrane helix	337
WP_010946470	Q5ZXJ8	unreviewed	Legionella pneumophila subsp. pneumophila (strain Philadelphia 1 / ATCC 33152 / DSM 7513)	Reference proteome	482
WP_010946483	Q5ZXI5	unreviewed	Legionella pneumophila subsp. pneumophila (strain Philadelphia 1 / ATCC 33152 / DSM 7513)	Cell membrane;Membrane;Peptide transport;Protein transport;Reference proteome;Transmembrane;Transmembrane helix;Transport	502
WP_010946484	Q5ZXI4	unreviewed	Legionella pneumophila subsp. pneumophila (strain Philadelphia 1 / ATCC 33152 / DSM 7513)	Reference proteome	272
WP_010946484	Q9RDX0	unreviewed	Legionella pneumophila	Methyltransferase;Transferase	272
WP_010946487	Q5ZXI1	reviewed	Legionella pneumophila subsp. pneumophila (strain Philadelphia 1 / ATCC 33152 / DSM 7513)	Amino-acid biosynthesis;Cytoplasm;Glutamine amidotransferase;Histidine biosynthesis;Hydrolase;Lyase;Reference proteome	213
WP_010946487	Q5X6Z7	reviewed	Legionella pneumophila (strain Paris)	Amino-acid biosynthesis;Cytoplasm;Glutamine amidotransferase;Histidine biosynthesis;Hydrolase;Lyase	213
WP_010946487	Q9RDX3	reviewed	Legionella pneumophila	Amino-acid biosynthesis;Cytoplasm;Glutamine amidotransferase;Histidine biosynthesis;Hydrolase;Lyase	213
WP_010946488	Q5ZXI0	reviewed	Legionella pneumophila subsp. pneumophila (strain Philadelphia 1 / ATCC 33152 / DSM 7513)	Nucleotidyltransferase;Reference proteome;Transferase	232
WP_010946490	Q5ZXH8	reviewed	Legionella pneumophila subsp. pneumophila (strain Philadelphia 1 / ATCC 33152 / DSM 7513)	Hydrolase;Reference proteome;Virulence	377
WP_010946491	Q5ZXH7	unreviewed	Legionella pneumophila subsp. pneumophila (strain Philadelphia 1 / ATCC 33152 / DSM 7513)	Acyltransferase;Reference proteome;Repeat;Transferase	202
WP_010946492	Q5ZXH6	unreviewed	Legionella pneumophila subsp. pneumophila (strain Philadelphia 1 / ATCC 33152 / DSM 7513)	Aminotransferase;CBS domain;Pyridoxal phosphate;Reference proteome;Transferase	500
WP_010946493	Q5ZXH5	unreviewed	Legionella pneumophila subsp. pneumophila (strain Philadelphia 1 / ATCC 33152 / DSM 7513)	3D-structure;Isomerase;Reference proteome	187
WP_010946494	Q5ZXH4	unreviewed	Legionella pneumophila subsp. pneumophila (strain Philadelphia 1 / ATCC 33152 / DSM 7513)	NADP;Oxidoreductase;Reference proteome	294
WP_010946495	Q5ZXH3	unreviewed	Legionella pneumophila subsp. pneumophila (strain Philadelphia 1 / ATCC 33152 / DSM 7513)	Lyase;NAD;Reference proteome	359
WP_010946498	Q5ZXH0	unreviewed	Legionella pneumophila subsp. pneumophila (strain Philadelphia 1 / ATCC 33152 / DSM 7513)	Reference proteome	318
WP_010946499	Q5ZXG9	unreviewed	Legionella pneumophila subsp. pneumophila (strain Philadelphia 1 / ATCC 33152 / DSM 7513)	Cell membrane;Magnesium;Membrane;Metal-binding;Reference proteome;Transferase;Transmembrane;Transmembrane helix	334
WP_010946502	Q5ZXG6	unreviewed	Legionella pneumophila subsp. pneumophila (strain Philadelphia 1 / ATCC 33152 / DSM 7513)	Reference proteome;TPR repeat	598
WP_010946503	Q5ZXG5	unreviewed	Legionella pneumophila subsp. pneumophila (strain Philadelphia 1 / ATCC 33152 / DSM 7513)	Reference proteome	372
WP_010946505	Q5ZXG3	unreviewed	Legionella pneumophila subsp. pneumophila (strain Philadelphia 1 / ATCC 33152 / DSM 7513)	Reference proteome	363
WP_010946506	Q5ZXG2	unreviewed	Legionella pneumophila subsp. pneumophila (strain Philadelphia 1 / ATCC 33152 / DSM 7513)	Methyltransferase;Reference proteome;Transferase	239
WP_010946507	Q5ZXG1	unreviewed	Legionella pneumophila subsp. pneumophila (strain Philadelphia 1 / ATCC 33152 / DSM 7513)	Reference proteome	505
WP_010946509	Q5ZXF9	unreviewed	Legionella pneumophila subsp. pneumophila (strain Philadelphia 1 / ATCC 33152 / DSM 7513)	Cell inner membrane;Cell membrane;Membrane;Reference proteome;Transmembrane;Transmembrane helix;Transport	283
WP_010946510	Q5ZXF8	unreviewed	Legionella pneumophila subsp. pneumophila (strain Philadelphia 1 / ATCC 33152 / DSM 7513)	ATP-binding;Nucleotide-binding;Reference proteome;Transport	474
WP_010946510	B0BKZ0	unreviewed	Legionella pneumophila serogroup 1	ATP-binding;Nucleotide-binding;Transport	474
WP_010946511	Q5ZXF7	unreviewed	Legionella pneumophila subsp. pneumophila (strain Philadelphia 1 / ATCC 33152 / DSM 7513)	Reference proteome	382
WP_010946514	Q5ZXF4	unreviewed	Legionella pneumophila subsp. pneumophila (strain Philadelphia 1 / ATCC 33152 / DSM 7513)	Membrane;Reference proteome;Transferase;Transmembrane;Transmembrane helix	357
WP_010946514	Q8KMM3	unreviewed	Legionella pneumophila	Transferase	357
WP_010946514	B0BKY8	unreviewed	Legionella pneumophila serogroup 1	Membrane;Transferase;Transmembrane;Transmembrane helix	357
WP_010946515	Q5ZXF3	unreviewed	Legionella pneumophila subsp. pneumophila (strain Philadelphia 1 / ATCC 33152 / DSM 7513)	Membrane;Reference proteome;Transferase;Transmembrane;Transmembrane helix	297
WP_010946516	Q5ZXF2	unreviewed	Legionella pneumophila subsp. pneumophila (strain Philadelphia 1 / ATCC 33152 / DSM 7513)	Membrane;Reference proteome;Transferase;Transmembrane;Transmembrane helix	339
WP_010946533	Q5ZXD5	unreviewed	Legionella pneumophila subsp. pneumophila (strain Philadelphia 1 / ATCC 33152 / DSM 7513)	Reference proteome	216
WP_010946589	Q5ZX79	unreviewed	Legionella pneumophila subsp. pneumophila (strain Philadelphia 1 / ATCC 33152 / DSM 7513)	ATP-binding;DNA-binding;Nucleotide-binding;Reference proteome;Transcription;Transcription regulation	471
WP_010946592	Q5ZX76	reviewed	Legionella pneumophila subsp. pneumophila (strain Philadelphia 1 / ATCC 33152 / DSM 7513)	ATP-binding;Cell inner membrane;Cell membrane;Cytochrome c-type biogenesis;Membrane;Nucleotide-binding;Reference proteome;Translocase;Transport	200
WP_010946592	Q5X6P7	reviewed	Legionella pneumophila (strain Paris)	ATP-binding;Cell inner membrane;Cell membrane;Cytochrome c-type biogenesis;Membrane;Nucleotide-binding;Translocase;Transport	200
WP_010946593	Q5ZX75	unreviewed	Legionella pneumophila subsp. pneumophila (strain Philadelphia 1 / ATCC 33152 / DSM 7513)	Cell inner membrane;Cell membrane;Cytochrome c-type biogenesis;Membrane;Reference proteome;Transmembrane;Transmembrane helix;Transport	226
WP_010946596	Q5ZX72	reviewed	Legionella pneumophila subsp. pneumophila (strain Philadelphia 1 / ATCC 33152 / DSM 7513)	Cell inner membrane;Cell membrane;Cytochrome c-type biogenesis;Heme;Iron;Membrane;Metal-binding;Reference proteome;Signal-anchor;Transmembrane;Transmembrane helix	143
WP_010946596	Q5X6P3	reviewed	Legionella pneumophila (strain Paris)	Cell inner membrane;Cell membrane;Cytochrome c-type biogenesis;Heme;Iron;Membrane;Metal-binding;Signal-anchor;Transmembrane;Transmembrane helix	143
WP_010946597	Q5ZX71	unreviewed	Legionella pneumophila subsp. pneumophila (strain Philadelphia 1 / ATCC 33152 / DSM 7513)	Cell inner membrane;Cell membrane;Cytochrome c-type biogenesis;Membrane;Reference proteome;Transmembrane;Transmembrane helix	650
WP_010946630	Q5ZX38	unreviewed	Legionella pneumophila subsp. pneumophila (strain Philadelphia 1 / ATCC 33152 / DSM 7513)	Cell inner membrane;Cell membrane;Membrane;Protein transport;Reference proteome;Transmembrane;Transmembrane helix;Transport	169
WP_010946633	Q5ZX35	unreviewed	Legionella pneumophila subsp. pneumophila (strain Philadelphia 1 / ATCC 33152 / DSM 7513)	Reference proteome	243
WP_010946641	Q5ZX27	unreviewed	Legionella pneumophila subsp. pneumophila (strain Philadelphia 1 / ATCC 33152 / DSM 7513)	Bacterial flagellum biogenesis;Cell projection;Cilium;Coiled coil;Flagellum;Reference proteome	165
WP_010946642	Q5ZX26	unreviewed	Legionella pneumophila subsp. pneumophila (strain Philadelphia 1 / ATCC 33152 / DSM 7513)	Bacterial flagellum biogenesis;Cell projection;Cilium;Flagellum;Reference proteome;Repressor;Transcription;Transcription regulation	106
WP_010946643	Q5ZX25	unreviewed	Legionella pneumophila subsp. pneumophila (strain Philadelphia 1 / ATCC 33152 / DSM 7513)	Bacterial flagellum biogenesis;Cell projection;Cilium;Flagellum;Periplasm;Reference proteome;Signal	233
WP_010946645	Q5ZX23	unreviewed	Legionella pneumophila subsp. pneumophila (strain Philadelphia 1 / ATCC 33152 / DSM 7513)	Cell shape;Cell wall biogenesis/degradation;Lipoprotein;Palmitate;Peptidoglycan synthesis;Reference proteome;Signal;Transferase	185
WP_010946661	Q5ZX07	unreviewed	Legionella pneumophila subsp. pneumophila (strain Philadelphia 1 / ATCC 33152 / DSM 7513)	Coiled coil;Reference proteome	336
WP_010946662	Q5ZX06	unreviewed	Legionella pneumophila subsp. pneumophila (strain Philadelphia 1 / ATCC 33152 / DSM 7513)	Reference proteome	354
WP_010946663	Q5ZX05	unreviewed	Legionella pneumophila subsp. pneumophila (strain Philadelphia 1 / ATCC 33152 / DSM 7513)	Coiled coil;Membrane;Reference proteome;Transmembrane;Transmembrane helix	182
WP_010946665	Q5ZX03	unreviewed	Legionella pneumophila subsp. pneumophila (strain Philadelphia 1 / ATCC 33152 / DSM 7513)	Reference proteome	195
WP_010946666	Q5ZX02	unreviewed	Legionella pneumophila subsp. pneumophila (strain Philadelphia 1 / ATCC 33152 / DSM 7513)	Cell outer membrane;Membrane;Protein transport;Reference proteome;Signal;Transmembrane;Transport	698
WP_010946675	Q5ZWZ3	unreviewed	Legionella pneumophila subsp. pneumophila (strain Philadelphia 1 / ATCC 33152 / DSM 7513)	3D-structure;Reference proteome	729
WP_010946679	Q5ZWY9	unreviewed	Legionella pneumophila subsp. pneumophila (strain Philadelphia 1 / ATCC 33152 / DSM 7513)	3D-structure;Reference proteome	391
WP_010946680	Q5ZWY8	unreviewed	Legionella pneumophila subsp. pneumophila (strain Philadelphia 1 / ATCC 33152 / DSM 7513)	3D-structure;GTPase activation;Leucine-rich repeat;Reference proteome;Repeat	296
WP_010946698	Q5ZWX1	unreviewed	Legionella pneumophila subsp. pneumophila (strain Philadelphia 1 / ATCC 33152 / DSM 7513)	Membrane;Reference proteome;Transmembrane;Transmembrane helix	413
WP_010946702	Q5ZWW7	unreviewed	Legionella pneumophila subsp. pneumophila (strain Philadelphia 1 / ATCC 33152 / DSM 7513)	Reference proteome	197
WP_010946703	Q5ZWW6	unreviewed	Legionella pneumophila subsp. pneumophila (strain Philadelphia 1 / ATCC 33152 / DSM 7513)	3D-structure;Reference proteome	573
WP_010946703	A0ABF7PFW5	unreviewed	Legionella pneumophila subsp. pneumophila ATCC 43290		573
WP_010946704	Q5ZWW5	unreviewed	Legionella pneumophila subsp. pneumophila (strain Philadelphia 1 / ATCC 33152 / DSM 7513)	Reference proteome	246
WP_010946721	Q5ZWU8	unreviewed	Legionella pneumophila subsp. pneumophila (strain Philadelphia 1 / ATCC 33152 / DSM 7513)	Reference proteome;Signal	455
WP_010946797	A0A222P301	unreviewed	Legionella clemsonensis	Hydrolase;Reference proteome	342
WP_010946797	Q5ZWM3	unreviewed	Legionella pneumophila subsp. pneumophila (strain Philadelphia 1 / ATCC 33152 / DSM 7513)	Reference proteome	342
WP_010946797	A0A1E5JNX2	unreviewed	Legionella parisiensis	Reference proteome	342
WP_010946818	Q5ZWK2	unreviewed	Legionella pneumophila subsp. pneumophila (strain Philadelphia 1 / ATCC 33152 / DSM 7513)	Reference proteome	227
WP_010946835	Q5ZWI4	unreviewed	Legionella pneumophila subsp. pneumophila (strain Philadelphia 1 / ATCC 33152 / DSM 7513)	3D-structure;Metal-binding;Reference proteome	322
WP_010946840	Q5ZWH9	unreviewed	Legionella pneumophila subsp. pneumophila (strain Philadelphia 1 / ATCC 33152 / DSM 7513)	Reference proteome	424
WP_010946842	Q5ZWH7	unreviewed	Legionella pneumophila subsp. pneumophila (strain Philadelphia 1 / ATCC 33152 / DSM 7513)	3D-structure;Reference proteome	293
WP_010946843	Q5ZWH6	unreviewed	Legionella pneumophila subsp. pneumophila (strain Philadelphia 1 / ATCC 33152 / DSM 7513)	Membrane;Reference proteome;Transmembrane;Transmembrane helix	686
WP_010946844	Q5ZWH5	unreviewed	Legionella pneumophila subsp. pneumophila (strain Philadelphia 1 / ATCC 33152 / DSM 7513)	Reference proteome	231
WP_010946845	Q5ZWH4	unreviewed	Legionella pneumophila subsp. pneumophila (strain Philadelphia 1 / ATCC 33152 / DSM 7513)	Reference proteome	212
WP_010946854	Q5ZWG5	unreviewed	Legionella pneumophila subsp. pneumophila (strain Philadelphia 1 / ATCC 33152 / DSM 7513)	Hydrolase;Protease;Reference proteome;Thiol protease	588
WP_010946855	Q5ZWG4	unreviewed	Legionella pneumophila subsp. pneumophila (strain Philadelphia 1 / ATCC 33152 / DSM 7513)	Reference proteome	256
WP_010946858	Q5ZWG1	unreviewed	Legionella pneumophila subsp. pneumophila (strain Philadelphia 1 / ATCC 33152 / DSM 7513)	Reference proteome	196
WP_010946863	Q5ZWF6	unreviewed	Legionella pneumophila subsp. pneumophila (strain Philadelphia 1 / ATCC 33152 / DSM 7513)	3D-structure;Reference proteome	519
WP_010946871	Q5ZWE8	reviewed	Legionella pneumophila subsp. pneumophila (strain Philadelphia 1 / ATCC 33152 / DSM 7513)	Host membrane;Host mitochondrion;Hydrolase;Membrane;Protease;Reference proteome;Secreted;Serine protease;Virulence	322
WP_010946878	Q5ZWE1	unreviewed	Legionella pneumophila subsp. pneumophila (strain Philadelphia 1 / ATCC 33152 / DSM 7513)	Reference proteome	168
WP_010946879	Q5ZWE0	unreviewed	Legionella pneumophila subsp. pneumophila (strain Philadelphia 1 / ATCC 33152 / DSM 7513)	Reference proteome	769
WP_010946881	Q5ZWD8	unreviewed	Legionella pneumophila subsp. pneumophila (strain Philadelphia 1 / ATCC 33152 / DSM 7513)	Acyltransferase;Reference proteome;Transferase	167
WP_010946882	Q5ZWD7	unreviewed	Legionella pneumophila subsp. pneumophila (strain Philadelphia 1 / ATCC 33152 / DSM 7513)	3D-structure;Coiled coil;Membrane;Reference proteome;Transmembrane;Transmembrane helix	503
WP_010946886	Q5ZWD3	unreviewed	Legionella pneumophila subsp. pneumophila (strain Philadelphia 1 / ATCC 33152 / DSM 7513)	Reference proteome	318
WP_010946888	Q5ZWD1	unreviewed	Legionella pneumophila subsp. pneumophila (strain Philadelphia 1 / ATCC 33152 / DSM 7513)	Reference proteome	360
WP_010946892	Q5ZWC7	unreviewed	Legionella pneumophila subsp. pneumophila (strain Philadelphia 1 / ATCC 33152 / DSM 7513)	Reference proteome	256
WP_010946900	Q5ZWB9	unreviewed	Legionella pneumophila subsp. pneumophila (strain Philadelphia 1 / ATCC 33152 / DSM 7513)	Coiled coil;Membrane;Reference proteome;Transmembrane;Transmembrane helix	670
WP_010946905	Q5ZWB4	unreviewed	Legionella pneumophila subsp. pneumophila (strain Philadelphia 1 / ATCC 33152 / DSM 7513)	Reference proteome	139
WP_010946906	Q5ZWB3	unreviewed	Legionella pneumophila subsp. pneumophila (strain Philadelphia 1 / ATCC 33152 / DSM 7513)	Reference proteome;Signal	495
WP_010946917	Q5ZWA2	unreviewed	Legionella pneumophila subsp. pneumophila (strain Philadelphia 1 / ATCC 33152 / DSM 7513)	Membrane;Reference proteome;Transmembrane;Transmembrane helix	630
WP_010946948	Q5ZW71	unreviewed	Legionella pneumophila subsp. pneumophila (strain Philadelphia 1 / ATCC 33152 / DSM 7513)	Bacterial flagellum;Cell projection;Cilium;Flagellum;Reference proteome	130
WP_010946949	Q5ZW70	unreviewed	Legionella pneumophila subsp. pneumophila (strain Philadelphia 1 / ATCC 33152 / DSM 7513)	Bacterial flagellum;Cell projection;Cilium;Flagellum;Reference proteome	140
WP_010946950	Q5ZW69	unreviewed	Legionella pneumophila subsp. pneumophila (strain Philadelphia 1 / ATCC 33152 / DSM 7513)	Bacterial flagellum biogenesis;Cell projection;Cilium;Flagellum;Reference proteome	225
WP_010946951	Q5ZW68	unreviewed	Legionella pneumophila subsp. pneumophila (strain Philadelphia 1 / ATCC 33152 / DSM 7513)	Bacterial flagellum;Cell projection;Cilium;Flagellum;Reference proteome	437
WP_010946952	Q5ZW67	unreviewed	Legionella pneumophila subsp. pneumophila (strain Philadelphia 1 / ATCC 33152 / DSM 7513)	Bacterial flagellum;Cell projection;Cilium;Flagellum;Reference proteome	248
WP_010946953	Q5ZW66	unreviewed	Legionella pneumophila subsp. pneumophila (strain Philadelphia 1 / ATCC 33152 / DSM 7513)	Bacterial flagellum;Cell projection;Cilium;Flagellum;Reference proteome	261
WP_010946954	Q5ZW65	reviewed	Legionella pneumophila subsp. pneumophila (strain Philadelphia 1 / ATCC 33152 / DSM 7513)	Bacterial flagellum;Cell outer membrane;Lipoprotein;Membrane;Palmitate;Reference proteome;Signal	230
WP_010946954	A5IBC0	reviewed	Legionella pneumophila (strain Corby)	Bacterial flagellum;Cell outer membrane;Lipoprotein;Membrane;Palmitate;Signal	230
WP_010946957	Q5ZW62	unreviewed	Legionella pneumophila subsp. pneumophila (strain Philadelphia 1 / ATCC 33152 / DSM 7513)	Bacterial flagellum;Cell projection;Cilium;Flagellum;Reference proteome;Secreted	649
WP_010946958	Q5ZW61	unreviewed	Legionella pneumophila subsp. pneumophila (strain Philadelphia 1 / ATCC 33152 / DSM 7513)	3D-structure;Bacterial flagellum;Cell projection;Cilium;Flagellum;Reference proteome;Secreted	411
WP_010946959	Q5ZW60	unreviewed	Legionella pneumophila subsp. pneumophila (strain Philadelphia 1 / ATCC 33152 / DSM 7513)	3D-structure;Hydrolase;Lipid degradation;Lipid metabolism;Reference proteome	598
WP_010947004	Q5ZW15	unreviewed	Legionella pneumophila subsp. pneumophila (strain Philadelphia 1 / ATCC 33152 / DSM 7513)	Reference proteome	354
WP_010947021	Q5ZVZ8	unreviewed	Legionella pneumophila subsp. pneumophila (strain Philadelphia 1 / ATCC 33152 / DSM 7513)	Reference proteome	528
WP_010947047	Q5ZVX2	unreviewed	Legionella pneumophila subsp. pneumophila (strain Philadelphia 1 / ATCC 33152 / DSM 7513)	Membrane;Reference proteome;Transmembrane;Transmembrane helix	340
WP_010947048	Q5ZVX1	unreviewed	Legionella pneumophila subsp. pneumophila (strain Philadelphia 1 / ATCC 33152 / DSM 7513)	Reference proteome	295
WP_010947050	Q5ZVW9	unreviewed	Legionella pneumophila subsp. pneumophila (strain Philadelphia 1 / ATCC 33152 / DSM 7513)	ATP-binding;Cell inner membrane;Cell membrane;Membrane;Metal-binding;Nucleotide-binding;Protein transport;Reference proteome;Translocase;Transport;Zinc	494
WP_010947050	I7HUJ4	unreviewed	Legionella pneumophila	ATP-binding;Cell inner membrane;Cell membrane;Membrane;Metal-binding;Nucleotide-binding;Protein transport;Translocase;Transport;Zinc	494
WP_010947051	Q5ZVW8	unreviewed	Legionella pneumophila subsp. pneumophila (strain Philadelphia 1 / ATCC 33152 / DSM 7513)	3D-structure;Membrane;Reference proteome;Signal;Transmembrane;Transport	791
WP_010947054	Q5ZVW5	unreviewed	Legionella pneumophila subsp. pneumophila (strain Philadelphia 1 / ATCC 33152 / DSM 7513)	Cell membrane;Membrane;Reference proteome;Transmembrane;Transmembrane helix	386
WP_010947055	Q5ZVW4	unreviewed	Legionella pneumophila subsp. pneumophila (strain Philadelphia 1 / ATCC 33152 / DSM 7513)	Cell membrane;Membrane;Reference proteome;Transmembrane;Transmembrane helix;Transport	404
WP_010947057	Q5ZVW3	unreviewed	Legionella pneumophila subsp. pneumophila (strain Philadelphia 1 / ATCC 33152 / DSM 7513)	Reference proteome	361
WP_010947059	Q5ZVW1	unreviewed	Legionella pneumophila subsp. pneumophila (strain Philadelphia 1 / ATCC 33152 / DSM 7513)	Membrane;Reference proteome;Transmembrane;Transmembrane helix	821
WP_010947066	Q5ZVV4	unreviewed	Legionella pneumophila subsp. pneumophila (strain Philadelphia 1 / ATCC 33152 / DSM 7513)	Cell shape;Cell wall biogenesis/degradation;Peptidoglycan synthesis;Reference proteome;Signal;Transferase	248
WP_010947067	Q5ZVV3	unreviewed	Legionella pneumophila subsp. pneumophila (strain Philadelphia 1 / ATCC 33152 / DSM 7513)	Bacterial flagellum biogenesis;Cell projection;Chaperone;Cilium;Cytoplasm;Flagellum;Reference proteome	136
WP_010947068	Q5ZVV2	unreviewed	Legionella pneumophila subsp. pneumophila (strain Philadelphia 1 / ATCC 33152 / DSM 7513)	Bacterial flagellum;Cell projection;Cilium;Coiled coil;Flagellum;Reference proteome;Secreted	541
WP_010947069	Q5ZVV1	unreviewed	Legionella pneumophila subsp. pneumophila (strain Philadelphia 1 / ATCC 33152 / DSM 7513)	Reference proteome	93
WP_010947070	Q5ZVV0	unreviewed	Legionella pneumophila subsp. pneumophila (strain Philadelphia 1 / ATCC 33152 / DSM 7513)	3D-structure;Bacterial flagellum;Cell projection;Cilium;Flagellum;Reference proteome;Secreted	475
WP_010947085	Q5ZVT5	unreviewed	Legionella pneumophila subsp. pneumophila (strain Philadelphia 1 / ATCC 33152 / DSM 7513)	Coiled coil;Reference proteome	974
WP_010947086	Q5ZVT4	unreviewed	Legionella pneumophila subsp. pneumophila (strain Philadelphia 1 / ATCC 33152 / DSM 7513)	3D-structure;Reference proteome;Signal	376
WP_010947088	Q5ZVT2	unreviewed	Legionella pneumophila subsp. pneumophila (strain Philadelphia 1 / ATCC 33152 / DSM 7513)	Cell inner membrane;Cell membrane;Membrane;Protein transport;Reference proteome;Transmembrane;Transmembrane helix;Transport	322
WP_010947088	Q9XD67	unreviewed	Legionella pneumophila	Cell inner membrane;Cell membrane;Membrane;Protein transport;Transmembrane;Transmembrane helix;Transport	322
WP_010947089	Q5ZVT1	unreviewed	Legionella pneumophila subsp. pneumophila (strain Philadelphia 1 / ATCC 33152 / DSM 7513)	Cell inner membrane;Cell membrane;Membrane;Methylation;Reference proteome;Transmembrane;Transmembrane helix	205
WP_010947089	Q9XD68	unreviewed	Legionella pneumophila	Cell inner membrane;Cell membrane;Membrane;Methylation;Transmembrane;Transmembrane helix	205
WP_010947090	Q5ZVT0	unreviewed	Legionella pneumophila subsp. pneumophila (strain Philadelphia 1 / ATCC 33152 / DSM 7513)	Cell inner membrane;Cell membrane;Membrane;Methylation;Reference proteome;Transmembrane;Transmembrane helix	125
WP_010947090	Q9XD69	unreviewed	Legionella pneumophila	Cell inner membrane;Cell membrane;Membrane;Methylation;Transmembrane;Transmembrane helix	125
WP_010947092	Q5ZVS8	unreviewed	Legionella pneumophila subsp. pneumophila (strain Philadelphia 1 / ATCC 33152 / DSM 7513)	Cell inner membrane;Cell membrane;Membrane;Methylation;Reference proteome;Transmembrane;Transmembrane helix	140
WP_010947092	Q9XD71	unreviewed	Legionella pneumophila	Cell inner membrane;Cell membrane;Membrane;Methylation;Transmembrane;Transmembrane helix	140
WP_010947093	Q5ZVS7	unreviewed	Legionella pneumophila subsp. pneumophila (strain Philadelphia 1 / ATCC 33152 / DSM 7513)	Calcium;Cell inner membrane;Cell membrane;Membrane;Metal-binding;Protein transport;Reference proteome;Transmembrane;Transmembrane helix;Transport	399
WP_010947116	Q5ZVQ4	unreviewed	Legionella pneumophila subsp. pneumophila (strain Philadelphia 1 / ATCC 33152 / DSM 7513)	Cell shape;Cell wall biogenesis/degradation;Peptidoglycan synthesis;Reference proteome;Transferase	157
WP_010947130	Q5ZVN9	unreviewed	Legionella pneumophila subsp. pneumophila (strain Philadelphia 1 / ATCC 33152 / DSM 7513)	Reference proteome	113
WP_010947155	Q5ZVL4	unreviewed	Legionella pneumophila subsp. pneumophila (strain Philadelphia 1 / ATCC 33152 / DSM 7513)	Hydrolase;Lipid degradation;Lipid metabolism;Reference proteome	884
WP_010947178	Q5ZVJ1	unreviewed	Legionella pneumophila subsp. pneumophila (strain Philadelphia 1 / ATCC 33152 / DSM 7513)	Reference proteome	870
WP_010947182	Q5ZVI7	unreviewed	Legionella pneumophila subsp. pneumophila (strain Philadelphia 1 / ATCC 33152 / DSM 7513)	Reference proteome	172
WP_010947186	Q5ZVI3	unreviewed	Legionella pneumophila subsp. pneumophila (strain Philadelphia 1 / ATCC 33152 / DSM 7513)	Kinase;Reference proteome;Transferase	734
WP_010947212	Q5ZVF7	unreviewed	Legionella pneumophila subsp. pneumophila (strain Philadelphia 1 / ATCC 33152 / DSM 7513)	Kinase;Membrane;Reference proteome;Serine/threonine-protein kinase;Transferase;Transmembrane;Transmembrane helix	529
WP_010947213	Q5ZVF6	unreviewed	Legionella pneumophila subsp. pneumophila (strain Philadelphia 1 / ATCC 33152 / DSM 7513)	Membrane;Reference proteome;Transmembrane;Transmembrane helix	269
WP_010947217	Q5ZVF2	unreviewed	Legionella pneumophila subsp. pneumophila (strain Philadelphia 1 / ATCC 33152 / DSM 7513)	3D-structure;Coiled coil;Reference proteome	865
WP_010947218	Q5ZVF1	unreviewed	Legionella pneumophila subsp. pneumophila (strain Philadelphia 1 / ATCC 33152 / DSM 7513)	Reference proteome	343
WP_010947220	Q5ZVE9	unreviewed	Legionella pneumophila subsp. pneumophila (strain Philadelphia 1 / ATCC 33152 / DSM 7513)	Reference proteome	413
WP_010947225	Q5ZVE4	unreviewed	Legionella pneumophila subsp. pneumophila (strain Philadelphia 1 / ATCC 33152 / DSM 7513)	3D-structure;Reference proteome	598
WP_010947225	A0ABF7PFV9	unreviewed	Legionella pneumophila subsp. pneumophila ATCC 43290		598
WP_010947251	Q5ZVB8	unreviewed	Legionella pneumophila subsp. pneumophila (strain Philadelphia 1 / ATCC 33152 / DSM 7513)	ATP-binding;Cytoplasm;Nucleotide-binding;Reference proteome	574
WP_010947252	Q5ZVB7	unreviewed	Legionella pneumophila subsp. pneumophila (strain Philadelphia 1 / ATCC 33152 / DSM 7513)	Cell inner membrane;Cell membrane;Membrane;Reference proteome;Transmembrane;Transmembrane helix;Transport	406
WP_010947275	Q5ZV94	unreviewed	Legionella pneumophila subsp. pneumophila (strain Philadelphia 1 / ATCC 33152 / DSM 7513)	Lipoprotein;Palmitate;Reference proteome;Repeat;Signal;TPR repeat	260
WP_010947280	Q5ZV89	unreviewed	Legionella pneumophila subsp. pneumophila (strain Philadelphia 1 / ATCC 33152 / DSM 7513)	Reference proteome	248
WP_010947307	Q5ZV62	unreviewed	Legionella pneumophila subsp. pneumophila (strain Philadelphia 1 / ATCC 33152 / DSM 7513)	Membrane;Reference proteome;Transmembrane;Transmembrane helix	149
WP_010947317	Q5ZV52	unreviewed	Legionella pneumophila subsp. pneumophila (strain Philadelphia 1 / ATCC 33152 / DSM 7513)	Coiled coil;Reference proteome	672
WP_010947327	Q5ZV42	unreviewed	Legionella pneumophila subsp. pneumophila (strain Philadelphia 1 / ATCC 33152 / DSM 7513)	Reference proteome	353
WP_010947329	Q5ZV40	unreviewed	Legionella pneumophila subsp. pneumophila (strain Philadelphia 1 / ATCC 33152 / DSM 7513)	Cytoplasm;Cytoskeleton;Reference proteome	428
WP_010947348	Q5ZV21	unreviewed	Legionella pneumophila subsp. pneumophila (strain Philadelphia 1 / ATCC 33152 / DSM 7513)	3D-structure;Coiled coil;Membrane;Reference proteome;Transmembrane;Transmembrane helix	439
WP_010947352	Q5ZV17	unreviewed	Legionella pneumophila subsp. pneumophila (strain Philadelphia 1 / ATCC 33152 / DSM 7513)	Membrane;Reference proteome;Transmembrane;Transmembrane helix	130
WP_010947366	Q5ZV03	unreviewed	Legionella pneumophila subsp. pneumophila (strain Philadelphia 1 / ATCC 33152 / DSM 7513)	Reference proteome	438
WP_010947369	Q5ZV00	unreviewed	Legionella pneumophila subsp. pneumophila (strain Philadelphia 1 / ATCC 33152 / DSM 7513)	Reference proteome	417
WP_010947369	Q6RCR8	unreviewed	Legionella pneumophila		417
WP_010947381	Q5ZUY8	unreviewed	Legionella pneumophila subsp. pneumophila (strain Philadelphia 1 / ATCC 33152 / DSM 7513)	Reference proteome	372
WP_010947387	Q5ZUY2	unreviewed	Legionella pneumophila subsp. pneumophila (strain Philadelphia 1 / ATCC 33152 / DSM 7513)	Reference proteome	493
WP_010947388	Q5ZUY1	unreviewed	Legionella pneumophila subsp. pneumophila (strain Philadelphia 1 / ATCC 33152 / DSM 7513)	Membrane;Reference proteome;Transmembrane;Transmembrane helix	372
WP_010947393	Q5ZUX6	unreviewed	Legionella pneumophila subsp. pneumophila (strain Philadelphia 1 / ATCC 33152 / DSM 7513)	Coiled coil;Reference proteome	467
WP_010947394	Q5ZUX5	unreviewed	Legionella pneumophila subsp. pneumophila (strain Philadelphia 1 / ATCC 33152 / DSM 7513)	Reference proteome	463
WP_010947397	Q5ZUX2	unreviewed	Legionella pneumophila subsp. pneumophila (strain Philadelphia 1 / ATCC 33152 / DSM 7513)	3D-structure;Reference proteome	296
WP_010947410	Q5ZUV9	reviewed	Legionella pneumophila subsp. pneumophila (strain Philadelphia 1 / ATCC 33152 / DSM 7513)	3D-structure;Host cytoplasmic vesicle;Host membrane;Hydrolase;Membrane;Protease;Reference proteome;Secreted;Thiol protease;Virulence	502
WP_010947411	Q5ZUV8	unreviewed	Legionella pneumophila subsp. pneumophila (strain Philadelphia 1 / ATCC 33152 / DSM 7513)	Reference proteome	465
WP_010947412	Q5ZUV7	unreviewed	Legionella pneumophila subsp. pneumophila (strain Philadelphia 1 / ATCC 33152 / DSM 7513)	Reference proteome	289
WP_010947414	Q5ZUV5	unreviewed	Legionella pneumophila subsp. pneumophila (strain Philadelphia 1 / ATCC 33152 / DSM 7513)	Reference proteome	400
WP_010947415	Q5ZUV4	unreviewed	Legionella pneumophila subsp. pneumophila (strain Philadelphia 1 / ATCC 33152 / DSM 7513)	Bacterial flagellum biogenesis;Cell projection;Cilium;Flagellum;Reference proteome	414
WP_010947416	P37033	reviewed	Legionella pneumophila subsp. pneumophila (strain Philadelphia 1 / ATCC 33152 / DSM 7513)	Reference proteome	208
WP_010947419	Q5ZUV0	unreviewed	Legionella pneumophila subsp. pneumophila (strain Philadelphia 1 / ATCC 33152 / DSM 7513)	Reference proteome	436
WP_010947428	Q5ZUU1	unreviewed	Legionella pneumophila subsp. pneumophila (strain Philadelphia 1 / ATCC 33152 / DSM 7513)	3D-structure;Coiled coil;Membrane;Receptor;Reference proteome;Transmembrane;Transmembrane helix	560
WP_010947429	Q5ZUU0	unreviewed	Legionella pneumophila subsp. pneumophila (strain Philadelphia 1 / ATCC 33152 / DSM 7513)	Coiled coil;Membrane;Reference proteome;Transmembrane;Transmembrane helix	546
WP_010947443	Q5ZUS6	unreviewed	Legionella pneumophila subsp. pneumophila (strain Philadelphia 1 / ATCC 33152 / DSM 7513)	Reference proteome	152
WP_010947444	Q5ZUS5	unreviewed	Legionella pneumophila subsp. pneumophila (strain Philadelphia 1 / ATCC 33152 / DSM 7513)	Reference proteome	562
WP_010947445	Q5ZUS4	unreviewed	Legionella pneumophila subsp. pneumophila (strain Philadelphia 1 / ATCC 33152 / DSM 7513)	3D-structure;ANK repeat;Chromosome;Methyltransferase;Reference proteome;S-adenosyl-L-methionine;Transferase	545
WP_010947454	Q5ZUR5	unreviewed	Legionella pneumophila subsp. pneumophila (strain Philadelphia 1 / ATCC 33152 / DSM 7513)	Membrane;Reference proteome;Transmembrane;Transmembrane helix	305
WP_010947477	Q5ZUP2	unreviewed	Legionella pneumophila subsp. pneumophila (strain Philadelphia 1 / ATCC 33152 / DSM 7513)	Coiled coil;Reference proteome	436
WP_010947478	Q5ZUP1	unreviewed	Legionella pneumophila subsp. pneumophila (strain Philadelphia 1 / ATCC 33152 / DSM 7513)	Reference proteome	215
WP_010947482	Q5ZUN7	unreviewed	Legionella pneumophila subsp. pneumophila (strain Philadelphia 1 / ATCC 33152 / DSM 7513)	Bacterial flagellum biogenesis;Bacterial flagellum protein export;Cell membrane;Cell projection;Chemotaxis;Cilium;Flagellum;Membrane;Protein transport;Reference proteome;Transport	151
WP_010947484	Q5ZUN5	unreviewed	Legionella pneumophila subsp. pneumophila (strain Philadelphia 1 / ATCC 33152 / DSM 7513)	Bacterial flagellum biogenesis;Bacterial flagellum protein export;Cell projection;Cilium;Flagellum;Protein transport;Reference proteome;Transport	212
WP_010947485	Q5ZUN4	unreviewed	Legionella pneumophila subsp. pneumophila (strain Philadelphia 1 / ATCC 33152 / DSM 7513)	Bacterial flagellum;Cell inner membrane;Cell membrane;Cell projection;Chemotaxis;Cilium;Flagellar rotation;Flagellum;Membrane;Reference proteome	329
WP_010947486	Q5ZUN3	unreviewed	Legionella pneumophila subsp. pneumophila (strain Philadelphia 1 / ATCC 33152 / DSM 7513)	Bacterial flagellum;Cell membrane;Cell projection;Cilium;Flagellum;Membrane;Reference proteome;Transmembrane;Transmembrane helix	544
WP_010947487	Q5ZUN2	unreviewed	Legionella pneumophila subsp. pneumophila (strain Philadelphia 1 / ATCC 33152 / DSM 7513)	Bacterial flagellum;Cell projection;Cilium;Flagellum;Reference proteome	104
WP_010947489	Q5ZUN0	unreviewed	Legionella pneumophila subsp. pneumophila (strain Philadelphia 1 / ATCC 33152 / DSM 7513)	Kinase;Phosphoprotein;Reference proteome;Transferase	343
WP_010947502	Q5ZUL7	unreviewed	Legionella pneumophila subsp. pneumophila (strain Philadelphia 1 / ATCC 33152 / DSM 7513)	Membrane;Reference proteome;Transmembrane;Transmembrane helix	161
WP_010947507	Q5ZUL2	unreviewed	Legionella pneumophila subsp. pneumophila (strain Philadelphia 1 / ATCC 33152 / DSM 7513)	Cell membrane;Cell projection;Cilium;Flagellar rotation;Flagellum;Membrane;Protein transport;Reference proteome;Transmembrane;Transmembrane helix;Transport	257
WP_010947511	Q3V868	unreviewed	Legionella pneumophila subsp. pneumophila (strain Philadelphia 1 / ATCC 33152 / DSM 7513)	Bacterial flagellum biogenesis;Bacterial flagellum protein export;Cell membrane;Cell projection;Cilium;Flagellum;Membrane;Protein transport;Reference proteome;Transmembrane;Transmembrane helix;Transport	692
WP_010947513	Q3V866	unreviewed	Legionella pneumophila subsp. pneumophila (strain Philadelphia 1 / ATCC 33152 / DSM 7513)	Bacterial flagellum;Cell membrane;Cell projection;Cilium;Flagellum;Membrane;Reference proteome;Transmembrane;Transmembrane helix	256
WP_010947514	Q3V865	unreviewed	Legionella pneumophila subsp. pneumophila (strain Philadelphia 1 / ATCC 33152 / DSM 7513)	Bacterial flagellum;Cell membrane;Cell projection;Cilium;Flagellum;Membrane;Reference proteome;Transmembrane;Transmembrane helix	89
WP_010947515	Q3V864	unreviewed	Legionella pneumophila subsp. pneumophila (strain Philadelphia 1 / ATCC 33152 / DSM 7513)	Bacterial flagellum;Bacterial flagellum biogenesis;Bacterial flagellum protein export;Cell membrane;Cell projection;Cilium;Flagellum;Membrane;Protein transport;Reference proteome;Transmembrane;Transmembrane helix;Transport	249
WP_010947516	Q5ZUK8	unreviewed	Legionella pneumophila subsp. pneumophila (strain Philadelphia 1 / ATCC 33152 / DSM 7513)	Bacterial flagellum;Cell membrane;Cell projection;Cilium;Flagellum;Membrane;Reference proteome;Transmembrane;Transmembrane helix	136
WP_010947517	Q5ZUK7	unreviewed	Legionella pneumophila subsp. pneumophila (strain Philadelphia 1 / ATCC 33152 / DSM 7513)	Bacterial flagellum;Cell membrane;Cell projection;Chemotaxis;Cilium;Flagellar rotation;Flagellum;Membrane;Reference proteome	109
WP_010947523	Q5ZUK1	unreviewed	Legionella pneumophila subsp. pneumophila (strain Philadelphia 1 / ATCC 33152 / DSM 7513)	Coiled coil;Reference proteome;Secreted;Virulence	426
WP_010947524	Q5ZUK0	unreviewed	Legionella pneumophila subsp. pneumophila (strain Philadelphia 1 / ATCC 33152 / DSM 7513)	Coiled coil;Reference proteome	398
WP_010947529	Q5ZUJ5	unreviewed	Legionella pneumophila subsp. pneumophila (strain Philadelphia 1 / ATCC 33152 / DSM 7513)	Membrane;Reference proteome;Transmembrane;Transmembrane helix	311
WP_010947562	Q5ZUG2	unreviewed	Legionella pneumophila subsp. pneumophila (strain Philadelphia 1 / ATCC 33152 / DSM 7513)	Reference proteome	472
WP_010947577	Q5ZUE7	unreviewed	Legionella pneumophila subsp. pneumophila (strain Philadelphia 1 / ATCC 33152 / DSM 7513)	3D-structure;Reference proteome	220
WP_010947594	Q5ZUD0	unreviewed	Legionella pneumophila subsp. pneumophila (strain Philadelphia 1 / ATCC 33152 / DSM 7513)	Membrane;Protein transport;Reference proteome;Transmembrane;Transmembrane helix;Transport	379
WP_010947595	Q5ZUC9	unreviewed	Legionella pneumophila subsp. pneumophila (strain Philadelphia 1 / ATCC 33152 / DSM 7513)	Cell inner membrane;Cell membrane;Membrane;Protein transport;Reference proteome;Transmembrane;Transmembrane helix;Transport	156
WP_010947601	Q5ZUC3	unreviewed	Legionella pneumophila subsp. pneumophila (strain Philadelphia 1 / ATCC 33152 / DSM 7513)	Coiled coil;Membrane;Reference proteome;Transmembrane;Transmembrane helix	405
WP_010947605	Q5ZUB9	unreviewed	Legionella pneumophila subsp. pneumophila (strain Philadelphia 1 / ATCC 33152 / DSM 7513)	Reference proteome	443
WP_010947607	Q5ZUB7	unreviewed	Legionella pneumophila subsp. pneumophila (strain Philadelphia 1 / ATCC 33152 / DSM 7513)	3D-structure;Coiled coil;Reference proteome	573
WP_010947624	Q5ZUA0	unreviewed	Legionella pneumophila subsp. pneumophila (strain Philadelphia 1 / ATCC 33152 / DSM 7513)	Membrane;Reference proteome;Transmembrane;Transmembrane helix	601
WP_010947629	Q5ZU95	unreviewed	Legionella pneumophila subsp. pneumophila (strain Philadelphia 1 / ATCC 33152 / DSM 7513)	ATP-binding;Cell inner membrane;Cell membrane;Coiled coil;Kinase;Membrane;Nucleotide-binding;Phosphoprotein;Reference proteome;Transferase;Transmembrane;Transmembrane helix;Two-component regulatory system	910
WP_010947641	Q5ZU83	unreviewed	Legionella pneumophila subsp. pneumophila (strain Philadelphia 1 / ATCC 33152 / DSM 7513)	3D-structure;Metal-binding;Reference proteome	930
WP_010947649	Q5ZU75	unreviewed	Legionella pneumophila subsp. pneumophila (strain Philadelphia 1 / ATCC 33152 / DSM 7513)	Reference proteome	204
WP_010947663	Q5ZU61	unreviewed	Legionella pneumophila subsp. pneumophila (strain Philadelphia 1 / ATCC 33152 / DSM 7513)	Coiled coil;Reference proteome	249
WP_010947664	Q5ZU60	unreviewed	Legionella pneumophila subsp. pneumophila (strain Philadelphia 1 / ATCC 33152 / DSM 7513)	Reference proteome	335
WP_010947665	Q5ZU59	unreviewed	Legionella pneumophila subsp. pneumophila (strain Philadelphia 1 / ATCC 33152 / DSM 7513)	Acyltransferase;Reference proteome;Transferase	446
WP_010947665	A0AAN5PJ36	unreviewed	Legionella pneumophila	3D-structure;Acyltransferase;Transferase	446
WP_010947666	Q5ZU58	unreviewed	Legionella pneumophila subsp. pneumophila (strain Philadelphia 1 / ATCC 33152 / DSM 7513)	Reference proteome	374
WP_010947666	Q8RT31	unreviewed	Legionella pneumophila	3D-structure	374
WP_010947669	Q5ZU55	unreviewed	Legionella pneumophila subsp. pneumophila (strain Philadelphia 1 / ATCC 33152 / DSM 7513)	Coiled coil;Reference proteome	760
WP_010947674	Q5ZU50	unreviewed	Legionella pneumophila subsp. pneumophila (strain Philadelphia 1 / ATCC 33152 / DSM 7513)	GTPase activation;Leucine-rich repeat;Reference proteome;Repeat	542
WP_010947675	Q5ZU49	unreviewed	Legionella pneumophila subsp. pneumophila (strain Philadelphia 1 / ATCC 33152 / DSM 7513)	Membrane;Reference proteome;Transmembrane;Transmembrane helix	664
WP_010947676	Q5ZU48	unreviewed	Legionella pneumophila subsp. pneumophila (strain Philadelphia 1 / ATCC 33152 / DSM 7513)	3D-structure;Reference proteome	257
WP_010947678	Q5ZU46	unreviewed	Legionella pneumophila subsp. pneumophila (strain Philadelphia 1 / ATCC 33152 / DSM 7513)	Isomerase;Reference proteome;Rotamase;Signal	188
WP_010947679	Q5ZU45	unreviewed	Legionella pneumophila subsp. pneumophila (strain Philadelphia 1 / ATCC 33152 / DSM 7513)	Reference proteome	699
WP_010947680	Q5ZU44	unreviewed	Legionella pneumophila subsp. pneumophila (strain Philadelphia 1 / ATCC 33152 / DSM 7513)	Reference proteome	436
WP_010947681	Q5ZU43	unreviewed	Legionella pneumophila subsp. pneumophila (strain Philadelphia 1 / ATCC 33152 / DSM 7513)	Coiled coil;Reference proteome	988
WP_010947682	Q5ZU42	unreviewed	Legionella pneumophila subsp. pneumophila (strain Philadelphia 1 / ATCC 33152 / DSM 7513)	Coiled coil;Reference proteome	521
WP_010947685	Q5ZU39	unreviewed	Legionella pneumophila subsp. pneumophila (strain Philadelphia 1 / ATCC 33152 / DSM 7513)	Coiled coil;Membrane;Reference proteome;Transmembrane;Transmembrane helix	635
WP_010947688	Q5ZU36	unreviewed	Legionella pneumophila subsp. pneumophila (strain Philadelphia 1 / ATCC 33152 / DSM 7513)	3D-structure;Reference proteome	125
WP_010947688	A0AAN5PHN6	unreviewed	Legionella pneumophila	3D-structure	125
WP_010947690	Q5ZU34	unreviewed	Legionella pneumophila subsp. pneumophila (strain Philadelphia 1 / ATCC 33152 / DSM 7513)	Reference proteome;Signal	297
WP_010947691	Q5ZU33	unreviewed	Legionella pneumophila subsp. pneumophila (strain Philadelphia 1 / ATCC 33152 / DSM 7513)	Reference proteome	216
WP_010947692	Q5ZU32	unreviewed	Legionella pneumophila subsp. pneumophila (strain Philadelphia 1 / ATCC 33152 / DSM 7513)	Reference proteome;Repeat	286
WP_010947694	Q5ZU30	reviewed	Legionella pneumophila subsp. pneumophila (strain Philadelphia 1 / ATCC 33152 / DSM 7513)	3D-structure;Glycosyltransferase;Reference proteome;Secreted;Transferase;Ubl conjugation;Virulence	644
WP_010947702	Q5ZU22	unreviewed	Legionella pneumophila subsp. pneumophila (strain Philadelphia 1 / ATCC 33152 / DSM 7513)	Coiled coil;Reference proteome	950
WP_010947729	Q5ZTZ5	unreviewed	Legionella pneumophila subsp. pneumophila (strain Philadelphia 1 / ATCC 33152 / DSM 7513)	ATP-binding;Cytoplasm;Fimbrium biogenesis;Nucleotide-binding;Reference proteome;Transport	344
WP_010947766	Q5ZTV8	unreviewed	Legionella pneumophila subsp. pneumophila (strain Philadelphia 1 / ATCC 33152 / DSM 7513)	Reference proteome	352
WP_010947842	Q5ZTN0	unreviewed	Legionella pneumophila subsp. pneumophila (strain Philadelphia 1 / ATCC 33152 / DSM 7513)	ANK repeat;Reference proteome	180
WP_010947848	Q5ZTM4	unreviewed	Legionella pneumophila subsp. pneumophila (strain Philadelphia 1 / ATCC 33152 / DSM 7513)	3D-structure;Kinase;Reference proteome;Transferase	538
WP_010947855	Q5ZTL7	unreviewed	Legionella pneumophila subsp. pneumophila (strain Philadelphia 1 / ATCC 33152 / DSM 7513)	3D-structure;Reference proteome	172
WP_010947858	Q5ZTL4	unreviewed	Legionella pneumophila subsp. pneumophila (strain Philadelphia 1 / ATCC 33152 / DSM 7513)	3D-structure;Reference proteome	482
WP_010947859	Q5ZTL3	unreviewed	Legionella pneumophila subsp. pneumophila (strain Philadelphia 1 / ATCC 33152 / DSM 7513)	3D-structure;Reference proteome	426
WP_010947860	Q5ZTL2	unreviewed	Legionella pneumophila subsp. pneumophila (strain Philadelphia 1 / ATCC 33152 / DSM 7513)	3D-structure;Reference proteome	119
WP_010947860	A0ABF7PFW4	unreviewed	Legionella pneumophila subsp. pneumophila ATCC 43290		119
WP_010947866	Q5ZTK6	reviewed	Legionella pneumophila subsp. pneumophila (strain Philadelphia 1 / ATCC 33152 / DSM 7513)	3D-structure;Hydrolase;Ligase;Magnesium;Metal-binding;Multifunctional enzyme;NAD;Nucleotide-binding;Protease;Reference proteome;Thiol protease;Transferase;Virulence	873
WP_010947871	Q5ZTK1	unreviewed	Legionella pneumophila subsp. pneumophila (strain Philadelphia 1 / ATCC 33152 / DSM 7513)	Reference proteome	482
WP_010947877	Q5ZTJ5	unreviewed	Legionella pneumophila subsp. pneumophila (strain Philadelphia 1 / ATCC 33152 / DSM 7513)	Coiled coil;Reference proteome	419
WP_010947908	Q5ZTG3	unreviewed	Legionella pneumophila subsp. pneumophila (strain Philadelphia 1 / ATCC 33152 / DSM 7513)	Reference proteome	210
WP_010947909	Q5ZTG2	unreviewed	Legionella pneumophila subsp. pneumophila (strain Philadelphia 1 / ATCC 33152 / DSM 7513)	Coiled coil;Reference proteome	178
WP_010947915	Q5ZTF6	unreviewed	Legionella pneumophila subsp. pneumophila (strain Philadelphia 1 / ATCC 33152 / DSM 7513)	Reference proteome;Signal	366
WP_010947915	Q5GA14	unreviewed	Legionella pneumophila	Signal	366
WP_010947924	Q5ZTE7	unreviewed	Legionella pneumophila subsp. pneumophila (strain Philadelphia 1 / ATCC 33152 / DSM 7513)	Reference proteome	531
WP_010947925	Q5ZTE6	unreviewed	Legionella pneumophila subsp. pneumophila (strain Philadelphia 1 / ATCC 33152 / DSM 7513)	Coiled coil;Reference proteome	590
WP_010947931	Q5ZTE0	unreviewed	Legionella pneumophila subsp. pneumophila (strain Philadelphia 1 / ATCC 33152 / DSM 7513)	3D-structure;Reference proteome;Signal	375
WP_010947932	Q5ZTD9	unreviewed	Legionella pneumophila subsp. pneumophila (strain Philadelphia 1 / ATCC 33152 / DSM 7513)	Membrane;Reference proteome;Transmembrane;Transmembrane helix	407
WP_010947933	Q5ZTD8	unreviewed	Legionella pneumophila subsp. pneumophila (strain Philadelphia 1 / ATCC 33152 / DSM 7513)	Reference proteome	593
WP_010947957	Q5ZTB4	unreviewed	Legionella pneumophila subsp. pneumophila (strain Philadelphia 1 / ATCC 33152 / DSM 7513)	3D-structure;Reference proteome	744
WP_010947980	Q5ZT91	unreviewed	Legionella pneumophila subsp. pneumophila (strain Philadelphia 1 / ATCC 33152 / DSM 7513)	3D-structure;Membrane;Reference proteome;Transmembrane;Transmembrane helix	216
WP_010948004	Q5ZT67	unreviewed	Legionella pneumophila subsp. pneumophila (strain Philadelphia 1 / ATCC 33152 / DSM 7513)	Coiled coil;Reference proteome	425
WP_010948006	Q5ZT65	unreviewed	Legionella pneumophila subsp. pneumophila (strain Philadelphia 1 / ATCC 33152 / DSM 7513)	3D-structure;ANK repeat;Reference proteome;Repeat	467
WP_010948024	Q5ZT47	unreviewed	Legionella pneumophila subsp. pneumophila (strain Philadelphia 1 / ATCC 33152 / DSM 7513)	Cell inner membrane;Cell membrane;Chemotaxis;Flagellar rotation;Hydrogen ion transport;Ion transport;Membrane;Reference proteome;Transmembrane;Transmembrane helix;Transport	301
WP_010948025	Q5ZT46	unreviewed	Legionella pneumophila subsp. pneumophila (strain Philadelphia 1 / ATCC 33152 / DSM 7513)	Cell membrane;Coiled coil;Membrane;Reference proteome;Transmembrane;Transmembrane helix	312
WP_010948028	Q5ZT43	unreviewed	Legionella pneumophila subsp. pneumophila (strain Philadelphia 1 / ATCC 33152 / DSM 7513)	ANK repeat;Reference proteome	641
WP_010948033	Q5ZT38	unreviewed	Legionella pneumophila subsp. pneumophila (strain Philadelphia 1 / ATCC 33152 / DSM 7513)	Coiled coil;Reference proteome	297
WP_010948034	Q5ZT37	unreviewed	Legionella pneumophila subsp. pneumophila (strain Philadelphia 1 / ATCC 33152 / DSM 7513)	Coiled coil;Reference proteome	127
WP_010948034	A0ABF7PFW3	unreviewed	Legionella pneumophila subsp. pneumophila ATCC 43290	Coiled coil	127
WP_010948054	Q5ZT17	reviewed	Legionella pneumophila subsp. pneumophila (strain Philadelphia 1 / ATCC 33152 / DSM 7513)	Antioxidant;Copper;Disulfide bond;Metal-binding;Oxidoreductase;Periplasm;Reference proteome;Signal;Zinc	162
WP_010948054	P69049	reviewed	Legionella pneumophila	Antioxidant;Copper;Disulfide bond;Metal-binding;Oxidoreductase;Periplasm;Signal;Zinc	162
WP_010948057	Q5ZT14	unreviewed	Legionella pneumophila subsp. pneumophila (strain Philadelphia 1 / ATCC 33152 / DSM 7513)	Reference proteome	306
WP_010948065	Q5ZT06	unreviewed	Legionella pneumophila subsp. pneumophila (strain Philadelphia 1 / ATCC 33152 / DSM 7513)	Reference proteome	147
WP_010948074	Q5ZSZ6	unreviewed	Legionella pneumophila subsp. pneumophila (strain Philadelphia 1 / ATCC 33152 / DSM 7513)	3D-structure;Kinase;Metal-binding;Reference proteome;Transferase	312
WP_010948076	Q5ZSZ4	unreviewed	Legionella pneumophila subsp. pneumophila (strain Philadelphia 1 / ATCC 33152 / DSM 7513)	Reference proteome	422
WP_010948086	Q5ZSY4	unreviewed	Legionella pneumophila subsp. pneumophila (strain Philadelphia 1 / ATCC 33152 / DSM 7513)	Reference proteome	484
WP_010948095	Q5ZSX5	unreviewed	Legionella pneumophila subsp. pneumophila (strain Philadelphia 1 / ATCC 33152 / DSM 7513)	3D-structure;Reference proteome	434
WP_010948095	Q6RCR5	unreviewed	Legionella pneumophila		434
WP_010948096	Q5ZSX4	unreviewed	Legionella pneumophila subsp. pneumophila (strain Philadelphia 1 / ATCC 33152 / DSM 7513)	GTPase activation;Leucine-rich repeat;Reference proteome;Repeat	294
WP_010948104	Q5ZSW6	unreviewed	Legionella pneumophila subsp. pneumophila (strain Philadelphia 1 / ATCC 33152 / DSM 7513)	3D-structure;GTPase activation;Leucine-rich repeat;Reference proteome;Repeat	354
WP_010948110	Q5ZSW0	unreviewed	Legionella pneumophila subsp. pneumophila (strain Philadelphia 1 / ATCC 33152 / DSM 7513)	Reference proteome	365
WP_010948111	Q5ZSV9	unreviewed	Legionella pneumophila subsp. pneumophila (strain Philadelphia 1 / ATCC 33152 / DSM 7513)	Reference proteome	101
WP_010948113	Q5ZSV7	unreviewed	Legionella pneumophila subsp. pneumophila (strain Philadelphia 1 / ATCC 33152 / DSM 7513)	Reference proteome	272
WP_010948114	Q5ZSV6	unreviewed	Legionella pneumophila subsp. pneumophila (strain Philadelphia 1 / ATCC 33152 / DSM 7513)	Hydrolase;Lipid degradation;Lipid metabolism;Reference proteome	665
WP_010948115	Q5ZSV5	unreviewed	Legionella pneumophila subsp. pneumophila (strain Philadelphia 1 / ATCC 33152 / DSM 7513)	Reference proteome	275
WP_010948120	Q5ZSV0	unreviewed	Legionella pneumophila subsp. pneumophila (strain Philadelphia 1 / ATCC 33152 / DSM 7513)	3D-structure;Reference proteome	368
WP_010948124	Q5ZSU6	unreviewed	Legionella pneumophila subsp. pneumophila (strain Philadelphia 1 / ATCC 33152 / DSM 7513)	Acyltransferase;Reference proteome;Transferase	183
WP_010948125	Q5ZSU4	unreviewed	Legionella pneumophila subsp. pneumophila (strain Philadelphia 1 / ATCC 33152 / DSM 7513)	3D-structure;Reference proteome	753
WP_010948127	Q5ZSU2	unreviewed	Legionella pneumophila subsp. pneumophila (strain Philadelphia 1 / ATCC 33152 / DSM 7513)	Reference proteome	448
WP_010948128	Q5ZSU1	unreviewed	Legionella pneumophila subsp. pneumophila (strain Philadelphia 1 / ATCC 33152 / DSM 7513)	Reference proteome	268
WP_010948136	Q5ZST3	unreviewed	Legionella pneumophila subsp. pneumophila (strain Philadelphia 1 / ATCC 33152 / DSM 7513)	Reference proteome	586
WP_010948137	Q5ZST2	unreviewed	Legionella pneumophila subsp. pneumophila (strain Philadelphia 1 / ATCC 33152 / DSM 7513)	Metal-binding;Reference proteome	164
WP_010948146	Q5ZSS3	unreviewed	Legionella pneumophila subsp. pneumophila (strain Philadelphia 1 / ATCC 33152 / DSM 7513)	Reference proteome	185
WP_010948147	Q5ZSS2	unreviewed	Legionella pneumophila subsp. pneumophila (strain Philadelphia 1 / ATCC 33152 / DSM 7513)	Reference proteome	204
WP_010948154	Q5ZSR5	unreviewed	Legionella pneumophila subsp. pneumophila (strain Philadelphia 1 / ATCC 33152 / DSM 7513)	ANK repeat;Coiled coil;Reference proteome	921
WP_010948158	Q5ZSR1	unreviewed	Legionella pneumophila subsp. pneumophila (strain Philadelphia 1 / ATCC 33152 / DSM 7513)	3D-structure;ANK repeat;Reference proteome	471
WP_010948163	Q5ZSQ6	unreviewed	Legionella pneumophila subsp. pneumophila (strain Philadelphia 1 / ATCC 33152 / DSM 7513)	Reference proteome	212
WP_010948166	Q5ZSQ3	reviewed	Legionella pneumophila subsp. pneumophila (strain Philadelphia 1 / ATCC 33152 / DSM 7513)	3D-structure;ATP-binding;Guanine-nucleotide releasing factor;Host cytoplasmic vesicle;Host membrane;Lipid-binding;Membrane;Multifunctional enzyme;Nucleotide-binding;Nucleotidyltransferase;Reference proteome;Secreted;Transferase;Virulence	647
WP_010948166	Q29ST3	reviewed	Legionella pneumophila	3D-structure;ATP-binding;Guanine-nucleotide releasing factor;Host cytoplasmic vesicle;Host membrane;Lipid-binding;Membrane;Multifunctional enzyme;Nucleotide-binding;Nucleotidyltransferase;Secreted;Transferase;Virulence	647
WP_010948167	Q5ZSQ2	reviewed	Legionella pneumophila subsp. pneumophila (strain Philadelphia 1 / ATCC 33152 / DSM 7513)	3D-structure;Host cytoplasm;Hydrolase;Metal-binding;Reference proteome;Virulence	507
WP_010948167	Q6RCR2	unreviewed	Legionella pneumophila	Hydrolase	507
WP_010948184	Q5ZSN5	unreviewed	Legionella pneumophila subsp. pneumophila (strain Philadelphia 1 / ATCC 33152 / DSM 7513)	Reference proteome	448
WP_010948184	Q6RCR6	unreviewed	Legionella pneumophila		448
WP_010948200	Q5ZSL9	unreviewed	Legionella pneumophila subsp. pneumophila (strain Philadelphia 1 / ATCC 33152 / DSM 7513)	Reference proteome	310
WP_010948206	Q5ZSL3	unreviewed	Legionella pneumophila subsp. pneumophila (strain Philadelphia 1 / ATCC 33152 / DSM 7513)	3D-structure;Coiled coil;Reference proteome	942
WP_010948207	Q5ZSL2	unreviewed	Legionella pneumophila subsp. pneumophila (strain Philadelphia 1 / ATCC 33152 / DSM 7513)	3D-structure;Reference proteome	295
WP_010948210	Q5ZSK9	unreviewed	Legionella pneumophila subsp. pneumophila (strain Philadelphia 1 / ATCC 33152 / DSM 7513)	Reference proteome	807
WP_010948211	Q5ZSK8	unreviewed	Legionella pneumophila subsp. pneumophila (strain Philadelphia 1 / ATCC 33152 / DSM 7513)	3D-structure;Reference proteome	397
WP_010948211	Q6RCQ7	unreviewed	Legionella pneumophila	3D-structure	397
WP_010948212	Q5ZSK7	unreviewed	Legionella pneumophila subsp. pneumophila (strain Philadelphia 1 / ATCC 33152 / DSM 7513)	Reference proteome	908
WP_010948212	Q6RCR3	unreviewed	Legionella pneumophila	3D-structure	908
WP_010948213	Q5ZSK6	unreviewed	Legionella pneumophila subsp. pneumophila (strain Philadelphia 1 / ATCC 33152 / DSM 7513)	3D-structure;Reference proteome	917
WP_010948213	Q6RCR4	unreviewed	Legionella pneumophila	3D-structure	917
WP_010948225	Q5ZSJ4	unreviewed	Legionella pneumophila subsp. pneumophila (strain Philadelphia 1 / ATCC 33152 / DSM 7513)	Reference proteome	779
WP_010948227	Q5ZSJ2	unreviewed	Legionella pneumophila subsp. pneumophila (strain Philadelphia 1 / ATCC 33152 / DSM 7513)	Reference proteome	444
WP_010948228	Q5ZSJ1	unreviewed	Legionella pneumophila subsp. pneumophila (strain Philadelphia 1 / ATCC 33152 / DSM 7513)	3D-structure;Reference proteome	455
WP_010948229	Q5ZSJ0	unreviewed	Legionella pneumophila subsp. pneumophila (strain Philadelphia 1 / ATCC 33152 / DSM 7513)	3D-structure;Coiled coil;Nucleotide-binding;Reference proteome	558
WP_010948231	Q5ZSI8	unreviewed	Legionella pneumophila subsp. pneumophila (strain Philadelphia 1 / ATCC 33152 / DSM 7513)	3D-structure;Coiled coil;Reference proteome	572
WP_010948240	Q5ZSH9	unreviewed	Legionella pneumophila subsp. pneumophila (strain Philadelphia 1 / ATCC 33152 / DSM 7513)	Reference proteome	471
WP_010948241	Q5ZSH8	unreviewed	Legionella pneumophila subsp. pneumophila (strain Philadelphia 1 / ATCC 33152 / DSM 7513)	Reference proteome	135
WP_010948243	Q5ZSH6	unreviewed	Legionella pneumophila subsp. pneumophila (strain Philadelphia 1 / ATCC 33152 / DSM 7513)	Reference proteome	277
WP_010948248	Q5ZSH1	unreviewed	Legionella pneumophila subsp. pneumophila (strain Philadelphia 1 / ATCC 33152 / DSM 7513)	Reference proteome	469
WP_010948254	Q5ZSG5	unreviewed	Legionella pneumophila subsp. pneumophila (strain Philadelphia 1 / ATCC 33152 / DSM 7513)	Membrane;Reference proteome;Transmembrane;Transmembrane helix	555
WP_010948257	Q5ZSG2	unreviewed	Legionella pneumophila subsp. pneumophila (strain Philadelphia 1 / ATCC 33152 / DSM 7513)	Reference proteome	284
WP_010948258	Q5ZSG1	unreviewed	Legionella pneumophila subsp. pneumophila (strain Philadelphia 1 / ATCC 33152 / DSM 7513)	ATP-binding;Kinase;Nucleotide-binding;Reference proteome;Transferase	462
WP_010948277	Q5ZSE2	unreviewed	Legionella pneumophila subsp. pneumophila (strain Philadelphia 1 / ATCC 33152 / DSM 7513)	Reference proteome	252
WP_010948284	Q5ZSD5	unreviewed	Legionella pneumophila subsp. pneumophila (strain Philadelphia 1 / ATCC 33152 / DSM 7513)	3D-structure;Coiled coil;Membrane;Reference proteome;Transmembrane;Transmembrane helix	912
WP_010948284	Q6RCQ6	unreviewed	Legionella pneumophila	Coiled coil;Membrane;Transmembrane;Transmembrane helix	912
WP_010948288	Q5ZSD1	unreviewed	Legionella pneumophila subsp. pneumophila (strain Philadelphia 1 / ATCC 33152 / DSM 7513)	Glycoprotein;Hydrolase;Reference proteome	385
WP_010948291	Q5ZSC8	unreviewed	Legionella pneumophila subsp. pneumophila (strain Philadelphia 1 / ATCC 33152 / DSM 7513)	Reference proteome	165
WP_010948303	Q5ZSB6	unreviewed	Legionella pneumophila subsp. pneumophila (strain Philadelphia 1 / ATCC 33152 / DSM 7513)	3D-structure;Nucleotide-binding;Reference proteome	434
WP_010948328	Q5ZS91	unreviewed	Legionella pneumophila subsp. pneumophila (strain Philadelphia 1 / ATCC 33152 / DSM 7513)	Membrane;Reference proteome;Transmembrane;Transmembrane helix	250
WP_010948337	Q5ZS82	unreviewed	Legionella pneumophila subsp. pneumophila (strain Philadelphia 1 / ATCC 33152 / DSM 7513)	Reference proteome	403
WP_010948338	Q5ZS81	unreviewed	Legionella pneumophila subsp. pneumophila (strain Philadelphia 1 / ATCC 33152 / DSM 7513)	Reference proteome	460
WP_010948340	Q5ZS79	unreviewed	Legionella pneumophila subsp. pneumophila (strain Philadelphia 1 / ATCC 33152 / DSM 7513)	Reference proteome	188
WP_010948341	Q5ZS78	unreviewed	Legionella pneumophila subsp. pneumophila (strain Philadelphia 1 / ATCC 33152 / DSM 7513)	Cell shape;Cell wall biogenesis/degradation;Peptidoglycan synthesis;Reference proteome;Signal;Transferase	240
WP_010948357	Q5ZS62	reviewed	Legionella pneumophila subsp. pneumophila (strain Philadelphia 1 / ATCC 33152 / DSM 7513)	Cell inner membrane;Cell membrane;GTP-binding;Ion transport;Iron;Iron transport;Membrane;Nucleotide-binding;Reference proteome;Transmembrane;Transmembrane helix;Transport	751
WP_010948358	Q5ZS61	unreviewed	Legionella pneumophila subsp. pneumophila (strain Philadelphia 1 / ATCC 33152 / DSM 7513)	Reference proteome	75
WP_010948358	Q8GNS4	unreviewed	Legionella pneumophila		75
WP_010948374	Q5ZS45	unreviewed	Legionella pneumophila subsp. pneumophila (strain Philadelphia 1 / ATCC 33152 / DSM 7513)	3D-structure;Lipoprotein;Palmitate;Reference proteome;Signal	163
WP_010948374	O52183	unreviewed	Legionella pneumophila	3D-structure;Lipoprotein;Palmitate;Signal	163
WP_010948375	Q5ZS44	unreviewed	Legionella pneumophila subsp. pneumophila (strain Philadelphia 1 / ATCC 33152 / DSM 7513)	3D-structure;Lipoprotein;Palmitate;Reference proteome;Signal	303
WP_010948375	O52184	unreviewed	Legionella pneumophila	3D-structure;Lipoprotein;Palmitate;Signal	303
WP_010948387	Q5ZS32	unreviewed	Legionella pneumophila subsp. pneumophila (strain Philadelphia 1 / ATCC 33152 / DSM 7513)	Membrane;Reference proteome;Transmembrane;Transmembrane helix	151
WP_010948387	O87770	unreviewed	Legionella pneumophila	Membrane;Transmembrane;Transmembrane helix	151
WP_010948388	Q5ZS31	reviewed	Legionella pneumophila subsp. pneumophila (strain Philadelphia 1 / ATCC 33152 / DSM 7513)	3D-structure;Cytoplasm;Protein transport;Reference proteome;Transport;Virulence	151
WP_010948388	Q48800	unreviewed	Legionella pneumophila		151
WP_010948389	Q5ZS30	unreviewed	Legionella pneumophila subsp. pneumophila (strain Philadelphia 1 / ATCC 33152 / DSM 7513)	3D-structure;Reference proteome;Signal	466
WP_010948389	Q48801	unreviewed	Legionella pneumophila	Signal	466
WP_010948392	Q5ZS27	unreviewed	Legionella pneumophila subsp. pneumophila (strain Philadelphia 1 / ATCC 33152 / DSM 7513)	Membrane;Reference proteome;Transmembrane;Transmembrane helix	176
WP_010948394	Q5ZS25	unreviewed	Legionella pneumophila subsp. pneumophila (strain Philadelphia 1 / ATCC 33152 / DSM 7513)	Dioxygenase;Iron;Metal-binding;Oxidoreductase;Reference proteome	285
WP_010948417	Q5ZS02	unreviewed	Legionella pneumophila subsp. pneumophila (strain Philadelphia 1 / ATCC 33152 / DSM 7513)	Reference proteome	520
WP_010948417	Q5GA16	unreviewed	Legionella pneumophila	3D-structure;Metal-binding	520
WP_010948419	Q5ZS00	unreviewed	Legionella pneumophila subsp. pneumophila (strain Philadelphia 1 / ATCC 33152 / DSM 7513)	Reference proteome	343
WP_010948442	Q5ZRX7	unreviewed	Legionella pneumophila subsp. pneumophila (strain Philadelphia 1 / ATCC 33152 / DSM 7513)	Reference proteome	389
WP_010948443	Q5ZRX6	unreviewed	Legionella pneumophila subsp. pneumophila (strain Philadelphia 1 / ATCC 33152 / DSM 7513)	Reference proteome	655
WP_010948487	Q3V863	unreviewed	Legionella pneumophila subsp. pneumophila (strain Philadelphia 1 / ATCC 33152 / DSM 7513)	Reference proteome	575
WP_010948491	Q5ZRS6	unreviewed	Legionella pneumophila subsp. pneumophila (strain Philadelphia 1 / ATCC 33152 / DSM 7513)	Membrane;Reference proteome;Transmembrane;Transmembrane helix	468
WP_010948500	Q5ZRR7	unreviewed	Legionella pneumophila subsp. pneumophila (strain Philadelphia 1 / ATCC 33152 / DSM 7513)	3D-structure;Reference proteome	286
WP_010948500	Q5C8M5	unreviewed	Legionella pneumophila		286
WP_010948513	Q5ZRQ4	unreviewed	Legionella pneumophila subsp. pneumophila (strain Philadelphia 1 / ATCC 33152 / DSM 7513)	Reference proteome	577
WP_010948515	Q5ZRQ2	unreviewed	Legionella pneumophila subsp. pneumophila (strain Philadelphia 1 / ATCC 33152 / DSM 7513)	Reference proteome	418
WP_010948517	Q5ZRQ0	reviewed	Legionella pneumophila subsp. pneumophila (strain Philadelphia 1 / ATCC 33152 / DSM 7513)	3D-structure;Reference proteome;Repeat;Secreted;Transferase;Ubl conjugation;Ubl conjugation pathway;Virulence	246
WP_010948518	Q5ZRP9	unreviewed	Legionella pneumophila subsp. pneumophila (strain Philadelphia 1 / ATCC 33152 / DSM 7513)	3D-structure;Hydrolase;Lipid degradation;Lipid metabolism;Reference proteome	621
WP_010948519	Q5ZRP8	unreviewed	Legionella pneumophila subsp. pneumophila (strain Philadelphia 1 / ATCC 33152 / DSM 7513)	Reference proteome	546
WP_010948531	Q5ZRN6	unreviewed	Legionella pneumophila subsp. pneumophila (strain Philadelphia 1 / ATCC 33152 / DSM 7513)	Reference proteome	361
WP_010948548	Q5ZRL9	unreviewed	Legionella pneumophila subsp. pneumophila (strain Philadelphia 1 / ATCC 33152 / DSM 7513)	3D-structure;Reference proteome	636
WP_010948560	Q5ZRK7	unreviewed	Legionella pneumophila subsp. pneumophila (strain Philadelphia 1 / ATCC 33152 / DSM 7513)	Coiled coil;Reference proteome	294
WP_010948565	Q5ZRK2	unreviewed	Legionella pneumophila subsp. pneumophila (strain Philadelphia 1 / ATCC 33152 / DSM 7513)	Reference proteome	583
WP_010948570	Q5ZRJ7	unreviewed	Legionella pneumophila subsp. pneumophila (strain Philadelphia 1 / ATCC 33152 / DSM 7513)	Membrane;Reference proteome;Transmembrane;Transmembrane helix	245
WP_010948571	Q5ZRJ6	unreviewed	Legionella pneumophila subsp. pneumophila (strain Philadelphia 1 / ATCC 33152 / DSM 7513)	Membrane;Reference proteome;Transmembrane;Transmembrane helix	184
WP_010948574	Q5ZRJ3	unreviewed	Legionella pneumophila subsp. pneumophila (strain Philadelphia 1 / ATCC 33152 / DSM 7513)	Coiled coil;Membrane;Reference proteome;Transmembrane;Transmembrane helix	637
WP_010948597	Q5ZRH0	unreviewed	Legionella pneumophila subsp. pneumophila (strain Philadelphia 1 / ATCC 33152 / DSM 7513)	Membrane;Reference proteome;Transmembrane;Transmembrane helix	495
WP_010948621	Q5ZRE6	unreviewed	Legionella pneumophila subsp. pneumophila (strain Philadelphia 1 / ATCC 33152 / DSM 7513)	3D-structure;Cytoplasm;Methyltransferase;Reference proteome;rRNA processing;S-adenosyl-L-methionine;Transferase	244
WP_010948659	Q5ZRA8	unreviewed	Legionella pneumophila subsp. pneumophila (strain Philadelphia 1 / ATCC 33152 / DSM 7513)	3D-structure;Metal-binding;Nucleotide-binding;Reference proteome	871
WP_010948683	Q5ZR84	unreviewed	Legionella pneumophila subsp. pneumophila (strain Philadelphia 1 / ATCC 33152 / DSM 7513)	Hydrolase;Metal-binding;Metalloprotease;Protease;Reference proteome;Signal;Zinc	266
WP_010948684	Q5ZR83	unreviewed	Legionella pneumophila subsp. pneumophila (strain Philadelphia 1 / ATCC 33152 / DSM 7513)	Membrane;Reference proteome;Transmembrane;Transmembrane helix	612
WP_010955924.1	Q7MXR2	unreviewed	Porphyromonas gingivalis (strain ATCC BAA-308 / W83)	Cell membrane;Magnesium;Membrane;Metal-binding;Reference proteome;Transferase;Transmembrane;Transmembrane helix	378
WP_010955925.1	Q7MXR1	unreviewed	Porphyromonas gingivalis (strain ATCC BAA-308 / W83)	NAD;Oxidoreductase;Reference proteome	402
WP_010955926.1	Q7MXQ8	unreviewed	Porphyromonas gingivalis (strain ATCC BAA-308 / W83)	Reference proteome	422
WP_010955928.1	Q7MXQ5	unreviewed	Porphyromonas gingivalis (strain ATCC BAA-308 / W83)	Acyltransferase;Reference proteome;Transferase	145
WP_010955942.1	Q7MXK2	unreviewed	Porphyromonas gingivalis (strain ATCC BAA-308 / W83)	Cell outer membrane;Lipoprotein;Membrane;Palmitate;Reference proteome;Signal	324
WP_010955942.1	B2RHG2	reviewed	Porphyromonas gingivalis (strain ATCC 33277 / DSM 20709 / CIP 103683 / JCM 12257 / NCTC 11834 / 2561)	3D-structure;Cell outer membrane;Lipoprotein;Membrane;Palmitate;Reference proteome;Signal;Virulence	324
WP_010956341.1	Q7MUG6	unreviewed	Porphyromonas gingivalis (strain ATCC BAA-308 / W83)	Cell membrane;Membrane;Protein transport;Reference proteome;Transmembrane;Transmembrane helix;Transport	192
WP_010963212	Q9AHD1	unreviewed	Streptococcus pneumoniae	Membrane;Transferase;Transmembrane;Transmembrane helix	211
WP_010963212	A0A0H2UNI5	unreviewed	Streptococcus pneumoniae serotype 4 (strain ATCC BAA-334 / TIGR4)	Membrane;Reference proteome;Transmembrane;Transmembrane helix	211
WP_010963222	A0A0H2UNM0	unreviewed	Streptococcus pneumoniae serotype 4 (strain ATCC BAA-334 / TIGR4)	3D-structure;Membrane;Reference proteome;Secreted;Signal;Transmembrane;Transmembrane helix	393
WP_010976622	C7G4B8	unreviewed	Streptococcus pneumoniae	Cell wall;Peptidoglycan-anchor;Secreted;Signal	719
WP_010976622	Q8CYC9	reviewed	Streptococcus pneumoniae (strain ATCC BAA-255 / R6)	3D-structure;Cell wall;Coiled coil;Peptidoglycan-anchor;Reference proteome;Repeat;Secreted;Signal;Virulence	719
WP_010980743	P05431	reviewed	Neisseria meningitidis serogroup B (strain ATCC BAA-335 / MC58)	3D-structure;Cell adhesion;Direct protein sequencing;Disulfide bond;Fimbrium;Glycoprotein;Membrane;Methylation;Phosphoprotein;Reference proteome;Transmembrane;Transmembrane helix	170
WP_010980745	Q9K1N8	reviewed	Neisseria meningitidis serogroup B (strain ATCC BAA-335 / MC58)	Disulfide bond;Electron transport;Multifunctional enzyme;Oxidoreductase;Redox-active center;Reference proteome;Transport	522
WP_010980796	Q9K0V0	reviewed	Neisseria meningitidis serogroup B (strain ATCC BAA-335 / MC58)	3D-structure;Cell outer membrane;Lipoprotein;Membrane;Palmitate;Receptor;Reference proteome;Signal;Virulence	712
WP_010980797	Q9K0U9	reviewed	Neisseria meningitidis serogroup B (strain ATCC BAA-335 / MC58)	3D-structure;Cell outer membrane;Membrane;Receptor;Reference proteome;Signal;TonB box;Transmembrane;Transmembrane beta strand;Transport;Virulence	915
WP_010980936	P0DH58	reviewed	Neisseria meningitidis serogroup B (strain ATCC BAA-335 / MC58)	Cell outer membrane;Ion transport;Membrane;Porin;Reference proteome;Signal;Transmembrane;Transmembrane beta strand;Transport	392
WP_010981084	Q9JWA2	reviewed	Neisseria meningitidis serogroup A / serotype 4A (strain DSM 15465 / Z2491)	Cell outer membrane;Membrane;Receptor;Signal;TonB box;Transmembrane;Transmembrane beta strand;Transport	810
WP_010981371	P69977	reviewed	Yersinia pseudotuberculosis serotype I (strain IP32953)	Cytoplasm;Plasmid;Protein transport;Reference proteome;Transport;Virulence	221
WP_010981371	P69976	reviewed	Yersinia pestis	Cytoplasm;Plasmid;Protein transport;Reference proteome;Transport;Virulence	221
WP_010989299	Q04974	reviewed	Salmonella typhi	Reference proteome	831
WP_010992455.1	Q5LFK7	unreviewed	Bacteroides fragilis (strain ATCC 25285 / DSM 2151 / CCUG 4856 / JCM 11019 / LMG 10263 / NCTC 9343 / Onslow / VPI 2553 / EN-2)	Reference proteome	347
WP_010992455.1	Q93QW0	unreviewed	Bacteroides fragilis	Transferase	347
WP_010992682.1	Q5LEE6	unreviewed	Bacteroides fragilis (strain ATCC 25285 / DSM 2151 / CCUG 4856 / JCM 11019 / LMG 10263 / NCTC 9343 / Onslow / VPI 2553 / EN-2)	Reference proteome;Repeat	544
WP_010992791.1	Q5LDV5	unreviewed	Bacteroides fragilis (strain ATCC 25285 / DSM 2151 / CCUG 4856 / JCM 11019 / LMG 10263 / NCTC 9343 / Onslow / VPI 2553 / EN-2)	Lipoprotein;Palmitate;Reference proteome;Signal	790
WP_010992792.1	Q5LDV4	unreviewed	Bacteroides fragilis (strain ATCC 25285 / DSM 2151 / CCUG 4856 / JCM 11019 / LMG 10263 / NCTC 9343 / Onslow / VPI 2553 / EN-2)	Reference proteome	297
WP_010992793.1	Q5LDV1	unreviewed	Bacteroides fragilis (strain ATCC 25285 / DSM 2151 / CCUG 4856 / JCM 11019 / LMG 10263 / NCTC 9343 / Onslow / VPI 2553 / EN-2)	Reference proteome	318
WP_010992794.1	A0A380YY58	unreviewed	Bacteroides fragilis (strain ATCC 25285 / DSM 2151 / CCUG 4856 / JCM 11019 / LMG 10263 / NCTC 9343 / Onslow / VPI 2553 / EN-2)	Reference proteome	380
WP_010992795.1	Q5LDU9	unreviewed	Bacteroides fragilis (strain ATCC 25285 / DSM 2151 / CCUG 4856 / JCM 11019 / LMG 10263 / NCTC 9343 / Onslow / VPI 2553 / EN-2)	Membrane;Reference proteome;Transmembrane	282
WP_010992799.1	A0A380Z0Z3	unreviewed	Bacteroides fragilis (strain ATCC 25285 / DSM 2151 / CCUG 4856 / JCM 11019 / LMG 10263 / NCTC 9343 / Onslow / VPI 2553 / EN-2)	Reference proteome	222
WP_010992799.1	A0A3E5IG32	unreviewed	Bacteroides fragilis	3D-structure	222
WP_010992800.1	A0A380Z4M3	unreviewed	Bacteroides fragilis (strain ATCC 25285 / DSM 2151 / CCUG 4856 / JCM 11019 / LMG 10263 / NCTC 9343 / Onslow / VPI 2553 / EN-2)	Reference proteome	616
WP_010992800.1	A0A3E5IG38	unreviewed	Bacteroides fragilis	3D-structure	616
WP_010992801.1	A0A380YYA5	unreviewed	Bacteroides fragilis (strain ATCC 25285 / DSM 2151 / CCUG 4856 / JCM 11019 / LMG 10263 / NCTC 9343 / Onslow / VPI 2553 / EN-2)	Reference proteome	605
WP_010992802.1	A0A380YY68	unreviewed	Bacteroides fragilis (strain ATCC 25285 / DSM 2151 / CCUG 4856 / JCM 11019 / LMG 10263 / NCTC 9343 / Onslow / VPI 2553 / EN-2)	Reference proteome	152
WP_010992804.1	Q5LDT5	unreviewed	Bacteroides fragilis (strain ATCC 25285 / DSM 2151 / CCUG 4856 / JCM 11019 / LMG 10263 / NCTC 9343 / Onslow / VPI 2553 / EN-2)	3D-structure;Reference proteome	142
WP_010992805.1	Q5LDT4	unreviewed	Bacteroides fragilis (strain ATCC 25285 / DSM 2151 / CCUG 4856 / JCM 11019 / LMG 10263 / NCTC 9343 / Onslow / VPI 2553 / EN-2)	ATP-binding;Chaperone;Hydrolase;Nucleotide-binding;Protease;Reference proteome;Repeat	827
WP_010992884.1	Q5LDF9	unreviewed	Bacteroides fragilis (strain ATCC 25285 / DSM 2151 / CCUG 4856 / JCM 11019 / LMG 10263 / NCTC 9343 / Onslow / VPI 2553 / EN-2)	Lipoprotein;Palmitate;Reference proteome;Signal	558
WP_010994026	P09332	reviewed	Staphylococcus aureus	3D-structure;Direct protein sequencing;Hydrolase;Plasmid;Protease;Serine protease;Signal;Toxin;Virulence	277
WP_010994026	Q7A8F4	unreviewed	Staphylococcus aureus	Hydrolase;Plasmid;Protease;Serine protease;Signal;Virulence	277
WP_011016126.1	Q8RH34	unreviewed	Fusobacterium nucleatum subsp. nucleatum (strain ATCC 25586 / DSM 15643 / BCRC 10681 / CIP 101130 / JCM 8532 / KCTC 2640 / LMG 13131 / VPI 4355)	Bacterial microcompartment;Reference proteome	217
WP_011053144	Q81RQ8	reviewed	Bacillus anthracis	3D-structure;ATP-binding;Ligase;Nucleotide-binding;Reference proteome	612
WP_011053144	A0A6L7HAM0	unreviewed	Bacillus anthracis (anthrax bacterium)	Reference proteome	612
WP_011076307	A0A0H2V653	unreviewed	Escherichia coli O6:H1 (strain CFT073 / ATCC 700928 / UPEC)	Reference proteome;Transcription;Transcription regulation	94
WP_011076307	A8KI45	unreviewed	Escherichia coli	Transcription;Transcription regulation	94
WP_011079605	Q8DBX0	reviewed	Vibrio vulnificus (strain CMCP6)	Cell outer membrane;Ion transport;Membrane;Porin;Reference proteome;Signal;Transmembrane;Transmembrane beta strand;Transport	340
WP_011081071	A0A3Q0KX55	unreviewed	Vibrio vulnificus (strain CMCP6)	Membrane;Reference proteome;Transmembrane;Transmembrane helix	96
WP_011081072	A0A3Q0KX74	unreviewed	Vibrio vulnificus (strain CMCP6)	Membrane;Reference proteome;Transmembrane;Transmembrane helix	272
WP_011081073	A0A3Q0KX69	unreviewed	Vibrio vulnificus (strain CMCP6)	Reference proteome;Signal	441
WP_011081074	A0A3Q0KX68	unreviewed	Vibrio vulnificus (strain CMCP6)	Reference proteome;Signal	153
WP_011081075	A0A3Q0KX76	unreviewed	Vibrio vulnificus (strain CMCP6)	ATP-binding;Nucleotide-binding;Reference proteome	400
WP_011081076	A0A3Q0KX75	unreviewed	Vibrio vulnificus (strain CMCP6)	Hydrolase;Reference proteome	421
WP_011081077	A0A3Q0KX86	unreviewed	Vibrio vulnificus (strain CMCP6)	Cell membrane;Membrane;Reference proteome;Transmembrane;Transmembrane helix	305
WP_011081078	A0A3Q0KX70	unreviewed	Vibrio vulnificus (strain CMCP6)	Cell membrane;Membrane;Reference proteome;Transmembrane;Transmembrane helix	292
WP_011081079	A0A3Q0KX73	unreviewed	Vibrio vulnificus (strain CMCP6)	Reference proteome;TPR repeat	382
WP_011081080	A0A3Q0KX93	unreviewed	Vibrio vulnificus (strain CMCP6)	Membrane;Reference proteome;Transmembrane;Transmembrane helix	175
WP_011105896	Q87P59	unreviewed	Vibrio parahaemolyticus serotype O3:K6 (strain RIMD 2210633)	Reference proteome	607
WP_011105899	Q87P47	unreviewed	Vibrio parahaemolyticus serotype O3:K6 (strain RIMD 2210633)	Reference proteome;Virulence	328
WP_011105907	Q87P20	unreviewed	Vibrio parahaemolyticus serotype O3:K6 (strain RIMD 2210633)	Reference proteome	332
WP_011105908	Q87P18	unreviewed	Vibrio parahaemolyticus serotype O3:K6 (strain RIMD 2210633)	Lipoprotein;Palmitate;Reference proteome;Signal	138
WP_011106485	Q87GG5	unreviewed	Vibrio parahaemolyticus serotype O3:K6 (strain RIMD 2210633)	Reference proteome	336
WP_011106486	Q87GG4	unreviewed	Vibrio parahaemolyticus serotype O3:K6 (strain RIMD 2210633)	Reference proteome	137
WP_011109477	Q836L8	unreviewed	Enterococcus faecalis (strain ATCC 700802 / V583)	Cell wall;Membrane;Peptidoglycan-anchor;Reference proteome;Secreted;Signal;Transmembrane;Transmembrane helix	625
WP_011109506	Q833V4	unreviewed	Enterococcus faecalis (strain ATCC 700802 / V583)	Activator;Cytoplasm;DNA-binding;Phosphoprotein;Reference proteome;Transcription;Transcription regulation;Two-component regulatory system	243
WP_011117548	Q9KIS2	unreviewed	Campylobacter jejuni subsp. jejuni serotype O:23/36 (strain 81-176)	Membrane;Plasmid;Transmembrane;Transmembrane helix	225
WP_011117549	Q9KIS1	unreviewed	Campylobacter jejuni subsp. jejuni serotype O:23/36 (strain 81-176)	Plasmid;Signal	356
WP_011117550	Q9KIS0	unreviewed	Campylobacter jejuni subsp. jejuni serotype O:23/36 (strain 81-176)	Coiled coil;Membrane;Plasmid;Signal;Transmembrane;Transmembrane helix	378
WP_011117553	Q8GJE7	unreviewed	Campylobacter jejuni subsp. jejuni serotype O:23/36 (strain 81-176)	Cell membrane;Membrane;Plasmid;Transmembrane;Transmembrane helix	628
WP_011117594	Q8GJA2	unreviewed	Campylobacter jejuni subsp. jejuni serotype O:23/36 (strain 81-176)	ATP-binding;Nucleotide-binding;Plasmid	822
WP_011180187.1	Q6G4U6	reviewed	Bartonella henselae (strain ATCC 49882 / DSM 28221 / CCUG 30454 / Houston 1) (Rochalimaea henselae)	Cytoplasm;Lipopolysaccharide biosynthesis;Nucleotidyltransferase;Reference proteome;Transferase	243
WP_011180500.1	Q6G409	reviewed	Bartonella henselae (strain ATCC 49882 / DSM 28221 / CCUG 30454 / Houston 1) (Rochalimaea henselae)	Cytoplasm;Lipopolysaccharide biosynthesis;Reference proteome;Transferase	279
WP_011180553.1	Q8VQ23	reviewed	Bartonella henselae (strain ATCC 49882 / DSM 28221 / CCUG 30454 / Houston 1) (Rochalimaea henselae)	Acyltransferase;Lipid A biosynthesis;Lipid biosynthesis;Lipid metabolism;Reference proteome;Repeat;Transferase	348
WP_011180554.1	Q8VQ22	reviewed	Bartonella henselae (strain ATCC 49882 / DSM 28221 / CCUG 30454 / Houston 1) (Rochalimaea henselae)	Cytoplasm;Lipid A biosynthesis;Lipid biosynthesis;Lipid metabolism;Lyase;Reference proteome	155
WP_011180555.1	Q8VQ21	reviewed	Bartonella henselae (strain ATCC 49882 / DSM 28221 / CCUG 30454 / Houston 1) (Rochalimaea henselae)	Acyltransferase;Cytoplasm;Lipid A biosynthesis;Lipid biosynthesis;Lipid metabolism;Reference proteome;Repeat;Transferase	274
WP_011180556.1	A0A0H3M328	unreviewed	Bartonella henselae (strain ATCC 49882 / DSM 28221 / CCUG 30454 / Houston 1) (Rochalimaea henselae)	Reference proteome;Transferase	290
WP_011180557.1	A0A0H3LY16	unreviewed	Bartonella henselae (strain ATCC 49882 / DSM 28221 / CCUG 30454 / Houston 1) (Rochalimaea henselae)	Glycosyltransferase;Lipid A biosynthesis;Lipid biosynthesis;Lipid metabolism;Reference proteome;Transferase	401
WP_011180644.1	A0A0H3M5J8	unreviewed	Bartonella henselae (strain ATCC 49882 / DSM 28221 / CCUG 30454 / Houston 1) (Rochalimaea henselae)	Acyltransferase;Cell inner membrane;Cell membrane;Membrane;Reference proteome;Transferase;Transmembrane;Transmembrane helix	309
WP_011180648.1	A0A0R4J9E9	unreviewed	Bartonella henselae (strain ATCC 49882 / DSM 28221 / CCUG 30454 / Houston 1) (Rochalimaea henselae)	Fatty acid biosynthesis;Fatty acid metabolism;Lipid biosynthesis;Lipid metabolism;Phosphopantetheine;Phosphoprotein;Reference proteome	94
WP_011180965.1	A0A0H3LZ15	unreviewed	Bartonella henselae (strain ATCC 49882 / DSM 28221 / CCUG 30454 / Houston 1) (Rochalimaea henselae)	Hydrolase;Lipid A biosynthesis;Lipid biosynthesis;Lipid metabolism;Metal-binding;Reference proteome;Zinc	291
WP_011181009.1	A0A0R4J6B7	unreviewed	Bartonella henselae (strain ATCC 49882 / DSM 28221 / CCUG 30454 / Houston 1) (Rochalimaea henselae)	Glycosyltransferase;Reference proteome;Transferase	352
WP_011181127	Q9R3F2	reviewed	Bartonella henselae (strain ATCC 49882 / DSM 28221 / CCUG 30454 / Houston 1) (Rochalimaea henselae)	Cell inner membrane;Cell membrane;Fimbrium;Membrane;Protein transport;Reference proteome;Secreted;Signal;Transmembrane;Transmembrane helix;Transport;Virulence	107
WP_011181128	Q9S3N1	reviewed	Bartonella henselae (strain ATCC 49882 / DSM 28221 / CCUG 30454 / Houston 1) (Rochalimaea henselae)	Cell inner membrane;Cell membrane;Membrane;Protein transport;Reference proteome;Transmembrane;Transmembrane helix;Transport;Virulence	103
WP_011181129	Q9R2W4	reviewed	Bartonella henselae (strain ATCC 49882 / DSM 28221 / CCUG 30454 / Houston 1) (Rochalimaea henselae)	ATP-binding;Cell inner membrane;Cell membrane;Hydrolase;Membrane;Nucleotide-binding;Protein transport;Reference proteome;Transport;Virulence	784
WP_011181130	A0A0R4J8X8	unreviewed	Bartonella henselae (strain ATCC 49882 / DSM 28221 / CCUG 30454 / Houston 1) (Rochalimaea henselae)	Reference proteome;Signal	148
WP_011181130	Q9KJ97	unreviewed	Bartonella henselae (Rochalimaea henselae)	Signal	148
WP_011181131	Q9RND2	reviewed	Bartonella henselae (strain ATCC 49882 / DSM 28221 / CCUG 30454 / Houston 1) (Rochalimaea henselae)	Cell inner membrane;Cell membrane;Membrane;Protein transport;Reference proteome;Transmembrane;Transmembrane helix;Transport;Virulence	321
WP_011181135	Q6G2B2	reviewed	Bartonella henselae (strain ATCC 49882 / DSM 28221 / CCUG 30454 / Houston 1) (Rochalimaea henselae)	Cell inner membrane;Cell membrane;Cell outer membrane;Membrane;Protein transport;Reference proteome;Transmembrane;Transmembrane helix;Transport;Virulence	396
WP_011181136	Q9RNC7	reviewed	Bartonella henselae (strain ATCC 49882 / DSM 28221 / CCUG 30454 / Houston 1) (Rochalimaea henselae)	ATP-binding;Cell inner membrane;Cell membrane;Hydrolase;Membrane;Nucleotide-binding;Reference proteome;Transport;Virulence	356
WP_011181137	A0A0H3LZG7	unreviewed	Bartonella henselae (strain ATCC 49882 / DSM 28221 / CCUG 30454 / Houston 1) (Rochalimaea henselae)	3D-structure;Reference proteome	68
WP_011181138	Q6G2A9	reviewed	Bartonella henselae (strain ATCC 49882 / DSM 28221 / CCUG 30454 / Houston 1) (Rochalimaea henselae)	3D-structure;ATP-binding;Nucleotide-binding;Nucleotidyltransferase;Reference proteome;Secreted;Transferase;Virulence	544
WP_011181138	Q5QT06	unreviewed	Bartonella henselae (Rochalimaea henselae)	ATP-binding;Nucleotide-binding;Nucleotidyltransferase;Transferase	544
WP_011181139	Q6G2A8	reviewed	Bartonella henselae (strain ATCC 49882 / DSM 28221 / CCUG 30454 / Houston 1) (Rochalimaea henselae)	ATP-binding;Cell inner membrane;Cell membrane;Hydrolase;Membrane;Nucleotide-binding;Protein transport;Reference proteome;Transmembrane;Transmembrane helix;Transport;Virulence	639
WP_011181140	A0A0R4J835	unreviewed	Bartonella henselae (strain ATCC 49882 / DSM 28221 / CCUG 30454 / Houston 1) (Rochalimaea henselae)	ATP-binding;Nucleotide-binding;Nucleotidyltransferase;Reference proteome;Transferase	542
WP_011181140	Q5QT04	unreviewed	Bartonella henselae (Rochalimaea henselae)	ATP-binding;Nucleotide-binding;Nucleotidyltransferase;Transferase	542
WP_011181141	A0A0R4J7V3	unreviewed	Bartonella henselae (strain ATCC 49882 / DSM 28221 / CCUG 30454 / Houston 1) (Rochalimaea henselae)	ATP-binding;Coiled coil;Nucleotide-binding;Nucleotidyltransferase;Reference proteome;Transferase	532
WP_011181141	Q5QT03	unreviewed	Bartonella henselae (Rochalimaea henselae)	ATP-binding;Nucleotide-binding;Nucleotidyltransferase;Transferase	532
WP_011181142	A0A0R4J6P7	unreviewed	Bartonella henselae (strain ATCC 49882 / DSM 28221 / CCUG 30454 / Houston 1) (Rochalimaea henselae)	Reference proteome	534
WP_011181142	Q5QT02	unreviewed	Bartonella henselae (Rochalimaea henselae)		534
WP_011181143	A0A0R4J6H0	unreviewed	Bartonella henselae (strain ATCC 49882 / DSM 28221 / CCUG 30454 / Houston 1) (Rochalimaea henselae)	3D-structure;Reference proteome	464
WP_011181143	Q5QT01	unreviewed	Bartonella henselae (Rochalimaea henselae)		464
WP_011181144	A0A0R4J737	unreviewed	Bartonella henselae (strain ATCC 49882 / DSM 28221 / CCUG 30454 / Houston 1) (Rochalimaea henselae)	Reference proteome	834
WP_011181144	Q5QT00	unreviewed	Bartonella henselae (Rochalimaea henselae)		834
WP_011181154.1	A0A0H3LZI0	unreviewed	Bartonella henselae (strain ATCC 49882 / DSM 28221 / CCUG 30454 / Houston 1) (Rochalimaea henselae)	Isomerase;Magnesium;Metal-binding;Phosphoprotein;Reference proteome	542
WP_011181321	Q6G1U6	unreviewed	Bartonella henselae (strain ATCC 49882 / DSM 28221 / CCUG 30454 / Houston 1) (Rochalimaea henselae)	Reference proteome	222
WP_011181323	A0A0R4J769	unreviewed	Bartonella henselae (strain ATCC 49882 / DSM 28221 / CCUG 30454 / Houston 1) (Rochalimaea henselae)	Membrane;Reference proteome;Transmembrane;Transmembrane helix	105
WP_011181323	B0RK63	unreviewed	Bartonella henselae (Rochalimaea henselae)	Membrane;Transmembrane;Transmembrane helix	105
WP_011181324	Q6G1U3	unreviewed	Bartonella henselae (strain ATCC 49882 / DSM 28221 / CCUG 30454 / Houston 1) (Rochalimaea henselae)	Membrane;Reference proteome;Transmembrane;Transmembrane helix	103
WP_011181325	Q6G1U2	unreviewed	Bartonella henselae (strain ATCC 49882 / DSM 28221 / CCUG 30454 / Houston 1) (Rochalimaea henselae)	Membrane;Reference proteome;Transmembrane;Transmembrane helix	107
WP_011181326	A0A0R4J957	unreviewed	Bartonella henselae (strain ATCC 49882 / DSM 28221 / CCUG 30454 / Houston 1) (Rochalimaea henselae)	Membrane;Reference proteome;Transmembrane;Transmembrane helix	105
WP_011181326	B0RK66	unreviewed	Bartonella henselae (Rochalimaea henselae)	Membrane;Transmembrane;Transmembrane helix	105
WP_011181327	Q6G1U0	unreviewed	Bartonella henselae (strain ATCC 49882 / DSM 28221 / CCUG 30454 / Houston 1) (Rochalimaea henselae)	Membrane;Reference proteome;Transmembrane;Transmembrane helix	102
WP_011181328	B0RK68	unreviewed	Bartonella henselae (Rochalimaea henselae)	Membrane;Transmembrane;Transmembrane helix	104
WP_011181329	A0A0H3M710	unreviewed	Bartonella henselae (strain ATCC 49882 / DSM 28221 / CCUG 30454 / Houston 1) (Rochalimaea henselae)	Membrane;Reference proteome;Transmembrane;Transmembrane helix	104
WP_011181331	Q6G1T6	unreviewed	Bartonella henselae (strain ATCC 49882 / DSM 28221 / CCUG 30454 / Houston 1) (Rochalimaea henselae)	Cell membrane;Membrane;Reference proteome;Transmembrane;Transmembrane helix	102
WP_011181332	Q6G1T5	unreviewed	Bartonella henselae (strain ATCC 49882 / DSM 28221 / CCUG 30454 / Houston 1) (Rochalimaea henselae)	ATP-binding;Cell inner membrane;Cell membrane;Membrane;Nucleotide-binding;Reference proteome	823
WP_011181333	Q6G1T4	unreviewed	Bartonella henselae (strain ATCC 49882 / DSM 28221 / CCUG 30454 / Houston 1) (Rochalimaea henselae)	Fimbrium;Periplasm;Reference proteome;Signal	262
WP_011181334	Q6G1T3	unreviewed	Bartonella henselae (strain ATCC 49882 / DSM 28221 / CCUG 30454 / Houston 1) (Rochalimaea henselae)	Cell membrane;Membrane;Reference proteome;Transmembrane;Transmembrane helix	294
WP_011181336	Q6G1T1	unreviewed	Bartonella henselae (strain ATCC 49882 / DSM 28221 / CCUG 30454 / Houston 1) (Rochalimaea henselae)	Fimbrium;Periplasm;Reference proteome;Signal	208
WP_011181337	Q4L2V5	unreviewed	Bartonella henselae (strain ATCC 49882 / DSM 28221 / CCUG 30454 / Houston 1) (Rochalimaea henselae)	Cell membrane;Membrane;Reference proteome;Transmembrane;Transmembrane helix	294
WP_011181339	Q4L2V3	unreviewed	Bartonella henselae (strain ATCC 49882 / DSM 28221 / CCUG 30454 / Houston 1) (Rochalimaea henselae)	Membrane;Reference proteome;Transmembrane;Transmembrane helix	232
WP_011181339	Q70XR5	unreviewed	Bartonella henselae (Rochalimaea henselae)	Membrane;Transmembrane;Transmembrane helix	232
WP_011181340	A0A0R4J8X4	unreviewed	Bartonella henselae (strain ATCC 49882 / DSM 28221 / CCUG 30454 / Houston 1) (Rochalimaea henselae)	Cell outer membrane;Membrane;Reference proteome;Signal	268
WP_011181341	A0A0R4J9K5	unreviewed	Bartonella henselae (strain ATCC 49882 / DSM 28221 / CCUG 30454 / Houston 1) (Rochalimaea henselae)	Cell membrane;Cell outer membrane;Membrane;Reference proteome;Transmembrane;Transmembrane helix;Virulence	395
WP_011181341	B0RK84	unreviewed	Bartonella henselae (Rochalimaea henselae)	Cell membrane;Cell outer membrane;Membrane;Transmembrane;Transmembrane helix;Virulence	395
WP_011181342	A0A0R4J7Z0	unreviewed	Bartonella henselae (strain ATCC 49882 / DSM 28221 / CCUG 30454 / Houston 1) (Rochalimaea henselae)	ATP-binding;Cell inner membrane;Cell membrane;Membrane;Nucleotide-binding;Reference proteome;Virulence	353
WP_011181342	B0RKA8	unreviewed	Bartonella henselae (Rochalimaea henselae)	ATP-binding;Cell inner membrane;Cell membrane;Membrane;Nucleotide-binding;Virulence	353
WP_011190504	Q68XX5	reviewed	Rickettsia typhi (strain ATCC VR-144 / Wilmington)	Cell membrane;Membrane;Reference proteome;Signal;Transmembrane;Transmembrane helix	886
WP_011190505	Q68XX4	reviewed	Rickettsia typhi (strain ATCC VR-144 / Wilmington)	Cell membrane;Membrane;Reference proteome;Signal;Transmembrane;Transmembrane helix	971
WP_011190506	Q68XX3	reviewed	Rickettsia typhi (strain ATCC VR-144 / Wilmington)	Cell membrane;Membrane;Reference proteome;Signal;Transmembrane;Transmembrane helix	674
WP_011190508	Q68XX1	unreviewed	Rickettsia typhi (strain ATCC VR-144 / Wilmington)	ATP-binding;Cell inner membrane;Cell membrane;Coiled coil;Membrane;Nucleotide-binding;Reference proteome	805
WP_011190509	Q68XX0	unreviewed	Rickettsia typhi (strain ATCC VR-144 / Wilmington)	Cell membrane;Membrane;Reference proteome;Transmembrane;Transmembrane helix	95
WP_011190742	Q68X85	unreviewed	Rickettsia typhi (strain ATCC VR-144 / Wilmington)	Cell outer membrane;Membrane;Reference proteome;Signal	250
WP_011190743	Q68X84	unreviewed	Rickettsia typhi (strain ATCC VR-144 / Wilmington)	3D-structure;Membrane;Reference proteome;Transmembrane;Transmembrane helix	232
WP_011190745	Q68X82	unreviewed	Rickettsia typhi (strain ATCC VR-144 / Wilmington)	Membrane;Reference proteome;Transmembrane;Transmembrane helix	243
WP_011190746	Q68X81	unreviewed	Rickettsia typhi (strain ATCC VR-144 / Wilmington)	Reference proteome;Signal	158
WP_011190747	Q68X80	unreviewed	Rickettsia typhi (strain ATCC VR-144 / Wilmington)	Membrane;Reference proteome;Transmembrane;Transmembrane helix	483
WP_011190748	Q68X79	unreviewed	Rickettsia typhi (strain ATCC VR-144 / Wilmington)	ATP-binding;Cell inner membrane;Cell membrane;Membrane;Nucleotide-binding;Reference proteome	334
WP_011190749	Q68X78	unreviewed	Rickettsia typhi (strain ATCC VR-144 / Wilmington)	Cell membrane;Membrane;Reference proteome;Transmembrane;Transmembrane helix	591
WP_011190825	Q68X01	unreviewed	Rickettsia typhi (strain ATCC VR-144 / Wilmington)	Reference proteome	454
WP_011190903	Q68WS2	unreviewed	Rickettsia typhi (strain ATCC VR-144 / Wilmington)	Membrane;Reference proteome;Transmembrane;Transmembrane helix	262
WP_011190939	Q9AJ63	reviewed	Rickettsia typhi (strain ATCC VR-144 / Wilmington)	Cytoplasm;Reference proteome	1019
WP_011191158	Q68W10	reviewed	Rickettsia typhi (strain ATCC VR-144 / Wilmington)	CBS domain;Cytolysis;Hemolysis;Reference proteome;Repeat;Toxin;Virulence	305
WP_011191202	Q68VW5	unreviewed	Rickettsia typhi (strain ATCC VR-144 / Wilmington)	Reference proteome	810
WP_011191244	Q68Y06	unreviewed	Rickettsia typhi (strain ATCC VR-144 / Wilmington)	Reference proteome;Signal	246
WP_011191245	Q68Y05	reviewed	Rickettsia typhi (strain ATCC VR-144 / Wilmington)	Reference proteome;Signal	225
WP_011192842.1	A0ABP1ZJS6	unreviewed	Yersinia wautersii	Chaperone;Cytoplasm;Nickel insertion;Reference proteome	321
WP_011192842.1	P52316	reviewed	Yersinia pseudotuberculosis serotype I (strain IP32953)	Chaperone;Cytoplasm;Nickel insertion;Reference proteome	321
WP_011192842.1	A7FFN6	reviewed	Yersinia pseudotuberculosis serotype O:1b (strain IP 31758)	Chaperone;Cytoplasm;Nickel insertion	321
WP_011192842.1	B1JR75	reviewed	Yersinia pseudotuberculosis serotype O:3 (strain YPIII)	Chaperone;Cytoplasm;Nickel insertion	321
WP_011192842.1	B2KAA0	reviewed	Yersinia pseudotuberculosis serotype IB (strain PB1/+)	Chaperone;Cytoplasm;Nickel insertion	321
WP_011192844.1	A0ABP1ZHW3	unreviewed	Yersinia wautersii	Chaperone;Cytoplasm;Nickel;Reference proteome	231
WP_011192844.1	P52317	reviewed	Yersinia pseudotuberculosis serotype I (strain IP32953)	Chaperone;Cytoplasm;Nickel;Nickel insertion;Reference proteome	231
WP_011192844.1	A7FFN3	reviewed	Yersinia pseudotuberculosis serotype O:1b (strain IP 31758)	Chaperone;Cytoplasm;Nickel;Nickel insertion	231
WP_011192844.1	B1JR72	reviewed	Yersinia pseudotuberculosis serotype O:3 (strain YPIII)	Chaperone;Cytoplasm;Nickel	231
WP_011192844.1	B2KAA3	reviewed	Yersinia pseudotuberculosis serotype IB (strain PB1/+)	Chaperone;Cytoplasm;Nickel	231
WP_011204593	A0A0H2WF93	unreviewed	Burkholderia mallei (strain ATCC 23344)	DNA-binding;Phosphoprotein;Reference proteome;Transcription;Transcription regulation;Two-component regulatory system	223
WP_011204593	Q63K44	unreviewed	Burkholderia pseudomallei (strain K96243)	DNA-binding;Phosphoprotein;Reference proteome;Transcription;Transcription regulation;Two-component regulatory system	223
WP_011204776	Q63YG2	unreviewed	Burkholderia pseudomallei (strain K96243)	Cell projection;Cilium;Flagellum;Reference proteome	469
WP_011204972	Q63VI2	unreviewed	Burkholderia pseudomallei (strain K96243)	Reference proteome	580
WP_011205222	Q93UJ2	reviewed	Burkholderia pseudomallei (strain K96243)	3D-structure;Capsule biogenesis/degradation;Carbohydrate metabolism;Cytoplasm;Isomerase;Metal-binding;Reference proteome;Zinc	197
WP_011205226	Q63R64	unreviewed	Burkholderia pseudomallei (strain K96243)	Reference proteome	671
WP_011205290	Q63PR9	unreviewed	Burkholderia pseudomallei (strain K96243)	Cell inner membrane;Cell membrane;Chemotaxis;Membrane;Methylation;Reference proteome;Transducer;Transmembrane;Transmembrane helix	673
WP_011205291	Q63PR7	unreviewed	Burkholderia pseudomallei (strain K96243)	ATP-binding;Chemotaxis;Coiled coil;Cytoplasm;Kinase;Nucleotide-binding;Phosphoprotein;Reference proteome;Transferase;Two-component regulatory system	747
WP_011205386	Q63NI7	unreviewed	Burkholderia pseudomallei (strain K96243)	DNA-binding;Reference proteome;Transcription;Transcription regulation	234
WP_011205628	Q63K70	unreviewed	Burkholderia pseudomallei (strain K96243)	Cell membrane;Kinase;Membrane;Phosphoprotein;Reference proteome;Transferase;Transmembrane;Transmembrane helix	614
WP_011205629	Q63K63	unreviewed	Burkholderia pseudomallei (strain K96243)	ATP-binding;Chaperone;Nucleotide-binding;Reference proteome;Repeat	1012
WP_011205630	Q63K61	unreviewed	Burkholderia pseudomallei (strain K96243)	Reference proteome;Repeat	880
WP_011205635	Q63K46	unreviewed	Burkholderia pseudomallei (strain K96243)	DNA-binding;Reference proteome;Transcription;Transcription regulation	353
WP_011205636	Q63K38	unreviewed	Burkholderia pseudomallei (strain K96243)	Reference proteome	880
WP_011205637	Q63K31	unreviewed	Burkholderia pseudomallei (strain K96243)	Cell membrane;Membrane;Reference proteome;Transmembrane;Transmembrane helix	251
WP_011205638	Q63K27	unreviewed	Burkholderia pseudomallei (strain K96243)	Reference proteome	425
WP_011205639	Q63K21	unreviewed	Burkholderia pseudomallei (strain K96243)	Cell outer membrane;Membrane;Protein transport;Reference proteome;Signal;Translocation;Transport	620
WP_011205640	Q63K20	unreviewed	Burkholderia pseudomallei (strain K96243)	DNA-binding;Reference proteome;Transcription;Transcription regulation	213
WP_011205650	Q63JW4	unreviewed	Burkholderia pseudomallei (strain K96243)	Lipoprotein;Membrane;Palmitate;Reference proteome;Signal	589
WP_011213307	A0A0C9N1W9	unreviewed	Legionella pneumophila	Amino-acid biosynthesis;Cytoplasm;Histidine biosynthesis;Lyase	253
WP_011213307	A0A0P0LXY9	unreviewed	Legionella pneumophila subsp. pneumophila ATCC 33215	Amino-acid biosynthesis;Cytoplasm;Histidine biosynthesis;Lyase	253
WP_011213314	A0A0A2T875	unreviewed	Legionella norrlandica	Activator;Cytoplasm;Reference proteome;Repressor;RNA-binding;Translation regulation	64
WP_011213314	A0ABS1W7Z5	unreviewed	Legionella bononiensis	Activator;Cytoplasm;Reference proteome;Repressor;RNA-binding;Translation regulation	64
WP_011213314	Q5WYB9	reviewed	Legionella pneumophila (strain Lens)	Activator;Cytoplasm;Repressor;RNA-binding;Translation regulation	64
WP_011213314	Q5X6W9	reviewed	Legionella pneumophila (strain Paris)	Activator;Cytoplasm;Repressor;RNA-binding;Translation regulation	64
WP_011213314	A5IGC8	reviewed	Legionella pneumophila (strain Corby)	Activator;Cytoplasm;Repressor;RNA-binding;Translation regulation	64
WP_011213314	Q9EV37	unreviewed	Legionella pneumophila	Activator;Cytoplasm;Repressor;RNA-binding;Translation regulation	64
WP_011213314	A0A378KVN0	unreviewed	Legionella quateirensis	Activator;Cytoplasm;Reference proteome;Repressor;RNA-binding;Translation regulation	64
WP_011213317	Q5ZXE0	reviewed	Legionella pneumophila subsp. pneumophila (strain Philadelphia 1 / ATCC 33152 / DSM 7513)	3D-structure;Cell outer membrane;Direct protein sequencing;Isomerase;Membrane;Reference proteome;Rotamase;Signal;Virulence	233
WP_011213317	Q933L8	unreviewed	Legionella pneumophila	Cell outer membrane;Isomerase;Membrane;Rotamase;Signal;Virulence	233
WP_011214698	O54635	unreviewed	Legionella pneumophila		191
WP_011214699	Q5WZ95	unreviewed	Legionella pneumophila (strain Lens)	3D-structure;Membrane;Transmembrane;Transmembrane helix	376
WP_011214699	O54588	unreviewed	Legionella pneumophila	Membrane;Transmembrane;Transmembrane helix	376
WP_011214707	O54641	unreviewed	Legionella pneumophila	Membrane;Transmembrane;Transmembrane helix	132
WP_011214708	O54599	unreviewed	Legionella pneumophila	Endonuclease;Hydrolase;Nuclease	208
WP_011216518	Q8KQL1	unreviewed	Legionella pneumophila	DNA-binding;Phosphoprotein;Transcription;Transcription regulation;Two-component regulatory system	219
WP_011216546	O52185	unreviewed	Legionella pneumophila	3D-structure	377
WP_011242229	Q5NI41	unreviewed	Francisella tularensis subsp. tularensis (strain SCHU S4 / Schu 4)	Cell inner membrane;Cell membrane;GTP-binding;Ion transport;Iron;Iron transport;Magnesium;Membrane;Metal-binding;Nucleotide-binding;Reference proteome;Transmembrane;Transmembrane helix;Transport	747
WP_011450238	Q2GLN9	unreviewed	Anaplasma phagocytophilum (strain HZ)	Cell outer membrane;Membrane;Reference proteome;Signal	271
WP_011450388	Q2GL86	unreviewed	Anaplasma phagocytophilum (strain HZ)	Reference proteome	124
WP_011450469	Q2GL05	unreviewed	Anaplasma phagocytophilum (strain HZ)	Cell outer membrane;Lipoprotein;Membrane;Palmitate;Reference proteome;Signal	205
WP_011450501	Q2GKX3	unreviewed	Anaplasma phagocytophilum (strain HZ)	Cell membrane;Membrane;Reference proteome;Transmembrane;Transmembrane helix	97
WP_011450501	Q8RPM7	unreviewed	Anaplasma phagocytophilum (Ehrlichia phagocytophila)	Cell membrane;Membrane;Transmembrane;Transmembrane helix	97
WP_011450502	Q2GKX2	unreviewed	Anaplasma phagocytophilum (strain HZ)	ATP-binding;Cell inner membrane;Cell membrane;Membrane;Nucleotide-binding;Reference proteome	801
WP_011450502	Q8RPM6	unreviewed	Anaplasma phagocytophilum (Ehrlichia phagocytophila)	ATP-binding;Cell inner membrane;Cell membrane;Membrane;Nucleotide-binding	801
WP_011450503	Q2GKX1	unreviewed	Anaplasma phagocytophilum (strain HZ)	Cell membrane;Membrane;Reference proteome;Signal;Transmembrane;Transmembrane helix	846
WP_011451002	Q2GJG3	unreviewed	Anaplasma phagocytophilum (strain HZ)	Membrane;Reference proteome;Transmembrane;Transmembrane helix	355
WP_011451169	Q2GIY9	unreviewed	Anaplasma phagocytophilum (strain HZ)	Reference proteome	355
WP_011451179	Q2GIX9	unreviewed	Anaplasma phagocytophilum (strain HZ)	Membrane;Reference proteome;Signal;Transmembrane;Transmembrane helix	123
WP_011451180	Q2GIX8	unreviewed	Anaplasma phagocytophilum (strain HZ)	Membrane;Reference proteome;Signal;Transmembrane;Transmembrane helix	119
WP_011451181	Q2GIX7	unreviewed	Anaplasma phagocytophilum (strain HZ)	Membrane;Reference proteome;Signal;Transmembrane;Transmembrane helix	124
WP_011451182	Q2GIX6	unreviewed	Anaplasma phagocytophilum (strain HZ)	Membrane;Reference proteome;Signal;Transmembrane;Transmembrane helix	119
WP_011451183	Q2GIX5	unreviewed	Anaplasma phagocytophilum (strain HZ)	Membrane;Reference proteome;Signal;Transmembrane;Transmembrane helix	120
WP_011451193	Q2GIW5	unreviewed	Anaplasma phagocytophilum (strain HZ)	Membrane;Reference proteome;Signal;Transmembrane;Transmembrane helix	123
WP_011451194	Q2GIW4	unreviewed	Anaplasma phagocytophilum (strain HZ)	Membrane;Reference proteome;Transmembrane;Transmembrane helix	128
WP_011451214	Q2GIU4	unreviewed	Anaplasma phagocytophilum (strain HZ)	Reference proteome;Signal	366
WP_011451222	Q2GIT6	unreviewed	Anaplasma phagocytophilum (strain HZ)	Reference proteome	359
WP_011451253	Q2GIQ5	unreviewed	Anaplasma phagocytophilum (strain HZ)	Reference proteome	433
WP_011451266	Q2GIP2	unreviewed	Anaplasma phagocytophilum (strain HZ)	Reference proteome	425
WP_011451280	Q2GIM8	unreviewed	Anaplasma phagocytophilum (strain HZ)	Reference proteome	391
WP_011451309	Q2GIJ9	unreviewed	Anaplasma phagocytophilum (strain HZ)	Reference proteome	422
WP_011451361	Q2GIE6	unreviewed	Anaplasma phagocytophilum (strain HZ)	Reference proteome;Signal	461
WP_011451366	Q2GIE1	unreviewed	Anaplasma phagocytophilum (strain HZ)	Reference proteome;Signal	365
WP_011451394	Q2GIB3	unreviewed	Anaplasma phagocytophilum (strain HZ)	Reference proteome	379
WP_011451394	Q8RPB6	unreviewed	Anaplasma phagocytophilum (Ehrlichia phagocytophila)		379
WP_011451400	Q2GIA7	unreviewed	Anaplasma phagocytophilum (strain HZ)	Cell membrane;Membrane;Reference proteome;Transmembrane;Transmembrane helix	740
WP_011451400	Q8RPL3	unreviewed	Anaplasma phagocytophilum (Ehrlichia phagocytophila)	Cell membrane;Membrane;Transmembrane;Transmembrane helix	740
WP_011451401	Q2GIA6	unreviewed	Anaplasma phagocytophilum (strain HZ)	ATP-binding;Cell inner membrane;Cell membrane;Membrane;Nucleotide-binding;Reference proteome	332
WP_011451402	Q2GIA5	unreviewed	Anaplasma phagocytophilum (strain HZ)	Membrane;Reference proteome;Transmembrane;Transmembrane helix	434
WP_011451402	Q8RPL5	unreviewed	Anaplasma phagocytophilum (Ehrlichia phagocytophila)	Membrane;Transmembrane;Transmembrane helix	434
WP_011590331	A0A0H2YQR1	unreviewed	Clostridium perfringens (strain ATCC 13124 / DSM 756 / JCM 1290 / NCIMB 6125 / NCTC 8237 / Type A)	3D-structure;Calcium;Glycosidase;Hydrolase;Metal-binding;Reference proteome;Repeat;Signal	694
WP_011590492	A0A0H2YSM2	unreviewed	Clostridium perfringens (strain ATCC 13124 / DSM 756 / JCM 1290 / NCIMB 6125 / NCTC 8237 / Type A)	Glycosidase;Hydrolase;Reference proteome;Repeat	382
WP_011704492	A0KFM6	unreviewed	Aeromonas hydrophila subsp. hydrophila (strain ATCC 7966 / DSM 30187 / BCRC 13018 / CCUG 14551 / JCM 1027 / KCTC 2358 / NCIMB 9240 / NCTC 8049)	Reference proteome;Signal	180
WP_011705044	A0KHA8	unreviewed	Aeromonas hydrophila subsp. hydrophila (strain ATCC 7966 / DSM 30187 / BCRC 13018 / CCUG 14551 / JCM 1027 / KCTC 2358 / NCIMB 9240 / NCTC 8049)	Reference proteome	172
WP_011705271	A0KI02	unreviewed	Aeromonas hydrophila subsp. hydrophila (strain ATCC 7966 / DSM 30187 / BCRC 13018 / CCUG 14551 / JCM 1027 / KCTC 2358 / NCIMB 9240 / NCTC 8049)	Bacterial flagellum;Cell projection;Cilium;Flagellum;Reference proteome	105
WP_011705273	A0KI04	unreviewed	Aeromonas hydrophila subsp. hydrophila (strain ATCC 7966 / DSM 30187 / BCRC 13018 / CCUG 14551 / JCM 1027 / KCTC 2358 / NCIMB 9240 / NCTC 8049)	Bacterial flagellum;Cell inner membrane;Cell membrane;Cell projection;Chemotaxis;Cilium;Flagellar rotation;Flagellum;Membrane;Reference proteome	353
WP_011705276	A0KI07	unreviewed	Aeromonas hydrophila subsp. hydrophila (strain ATCC 7966 / DSM 30187 / BCRC 13018 / CCUG 14551 / JCM 1027 / KCTC 2358 / NCIMB 9240 / NCTC 8049)	Bacterial flagellum biogenesis;Bacterial flagellum protein export;Cell membrane;Cell projection;Chemotaxis;Cilium;Flagellum;Membrane;Protein transport;Reference proteome;Transport	146
WP_011705278	A0KI09	unreviewed	Aeromonas hydrophila subsp. hydrophila (strain ATCC 7966 / DSM 30187 / BCRC 13018 / CCUG 14551 / JCM 1027 / KCTC 2358 / NCIMB 9240 / NCTC 8049)	Cell inner membrane;Cell membrane;Cell projection;Chemotaxis;Cilium;Flagellar rotation;Flagellum;Membrane;Reference proteome;Transmembrane;Transmembrane helix	172
WP_011705279	A0KI10	unreviewed	Aeromonas hydrophila subsp. hydrophila (strain ATCC 7966 / DSM 30187 / BCRC 13018 / CCUG 14551 / JCM 1027 / KCTC 2358 / NCIMB 9240 / NCTC 8049)	Bacterial flagellum;Cell inner membrane;Cell membrane;Cell projection;Chemotaxis;Cilium;Flagellar rotation;Flagellum;Membrane;Reference proteome	356
WP_011705280	A0A175VLS6	unreviewed	Aeromonas enteropelogenes (Aeromonas trota)	Bacterial flagellum;Cell membrane;Cell projection;Chemotaxis;Cilium;Flagellar rotation;Flagellum;Membrane;Reference proteome	130
WP_011705280	A0KI11	unreviewed	Aeromonas hydrophila subsp. hydrophila (strain ATCC 7966 / DSM 30187 / BCRC 13018 / CCUG 14551 / JCM 1027 / KCTC 2358 / NCIMB 9240 / NCTC 8049)	Bacterial flagellum;Cell membrane;Cell projection;Chemotaxis;Cilium;Flagellar rotation;Flagellum;Membrane;Reference proteome	130
WP_011705282	A0KI14	unreviewed	Aeromonas hydrophila subsp. hydrophila (strain ATCC 7966 / DSM 30187 / BCRC 13018 / CCUG 14551 / JCM 1027 / KCTC 2358 / NCIMB 9240 / NCTC 8049)	Bacterial flagellum;Cell membrane;Cell projection;Cilium;Flagellum;Membrane;Reference proteome;Transmembrane;Transmembrane helix	89
WP_011705282	A0ABT7Q907	unreviewed	Aeromonas piscicola	Bacterial flagellum;Cell membrane;Cell projection;Cilium;Flagellum;Membrane;Reference proteome;Transmembrane;Transmembrane helix	89
WP_011705282	Q2N2M6	unreviewed	Aeromonas hydrophila	Bacterial flagellum;Cell membrane;Cell projection;Cilium;Flagellum;Membrane;Transmembrane;Transmembrane helix	89
WP_011705283	A0KI15	unreviewed	Aeromonas hydrophila subsp. hydrophila (strain ATCC 7966 / DSM 30187 / BCRC 13018 / CCUG 14551 / JCM 1027 / KCTC 2358 / NCIMB 9240 / NCTC 8049)	Bacterial flagellum;Cell membrane;Cell projection;Cilium;Flagellum;Membrane;Reference proteome;Transmembrane;Transmembrane helix	263
WP_011705289	A0KI22	unreviewed	Aeromonas hydrophila subsp. hydrophila (strain ATCC 7966 / DSM 30187 / BCRC 13018 / CCUG 14551 / JCM 1027 / KCTC 2358 / NCIMB 9240 / NCTC 8049)	Chemotaxis;Cytoplasm;Flagellar rotation;Hydrolase;Protein phosphatase;Reference proteome	246
WP_011705294	A0KI27	unreviewed	Aeromonas hydrophila subsp. hydrophila (strain ATCC 7966 / DSM 30187 / BCRC 13018 / CCUG 14551 / JCM 1027 / KCTC 2358 / NCIMB 9240 / NCTC 8049)	Reference proteome	264
WP_011705295	A0KI28	unreviewed	Aeromonas hydrophila subsp. hydrophila (strain ATCC 7966 / DSM 30187 / BCRC 13018 / CCUG 14551 / JCM 1027 / KCTC 2358 / NCIMB 9240 / NCTC 8049)	Reference proteome	290
WP_011705350	A0ABT7PUS0	unreviewed	Aeromonas bestiarum	Membrane;Reference proteome;Transmembrane;Transmembrane helix	67
WP_011705350	A0KI87	unreviewed	Aeromonas hydrophila subsp. hydrophila (strain ATCC 7966 / DSM 30187 / BCRC 13018 / CCUG 14551 / JCM 1027 / KCTC 2358 / NCIMB 9240 / NCTC 8049)	Membrane;Reference proteome;Transmembrane;Transmembrane helix	67
WP_011705643	A0KJ42	unreviewed	Aeromonas hydrophila subsp. hydrophila (strain ATCC 7966 / DSM 30187 / BCRC 13018 / CCUG 14551 / JCM 1027 / KCTC 2358 / NCIMB 9240 / NCTC 8049)	Reference proteome;Repeat;TPR repeat	263
WP_011705706	A0KJA9	unreviewed	Aeromonas hydrophila subsp. hydrophila (strain ATCC 7966 / DSM 30187 / BCRC 13018 / CCUG 14551 / JCM 1027 / KCTC 2358 / NCIMB 9240 / NCTC 8049)	Reference proteome	172
WP_011705707	A0KJB0	reviewed	Aeromonas hydrophila subsp. hydrophila (strain ATCC 7966 / DSM 30187 / BCRC 13018 / CCUG 14551 / JCM 1027 / KCTC 2358 / NCIMB 9240 / NCTC 8049)	Glycosyltransferase;Nucleotidyltransferase;Reference proteome;Secreted;Transferase	743
WP_011705708	A0KJB1	unreviewed	Aeromonas hydrophila subsp. hydrophila (strain ATCC 7966 / DSM 30187 / BCRC 13018 / CCUG 14551 / JCM 1027 / KCTC 2358 / NCIMB 9240 / NCTC 8049)	Reference proteome	439
WP_011705709	A0KJB2	unreviewed	Aeromonas hydrophila subsp. hydrophila (strain ATCC 7966 / DSM 30187 / BCRC 13018 / CCUG 14551 / JCM 1027 / KCTC 2358 / NCIMB 9240 / NCTC 8049)	Reference proteome	329
WP_011705712	A0KJB5	unreviewed	Aeromonas hydrophila subsp. hydrophila (strain ATCC 7966 / DSM 30187 / BCRC 13018 / CCUG 14551 / JCM 1027 / KCTC 2358 / NCIMB 9240 / NCTC 8049)	Reference proteome	167
WP_011705714	A0KJB7	unreviewed	Aeromonas hydrophila subsp. hydrophila (strain ATCC 7966 / DSM 30187 / BCRC 13018 / CCUG 14551 / JCM 1027 / KCTC 2358 / NCIMB 9240 / NCTC 8049)	Reference proteome	143
WP_011705715	A0KJB8	unreviewed	Aeromonas hydrophila subsp. hydrophila (strain ATCC 7966 / DSM 30187 / BCRC 13018 / CCUG 14551 / JCM 1027 / KCTC 2358 / NCIMB 9240 / NCTC 8049)	Reference proteome	588
WP_011705715	A0ABS4B137	unreviewed	Aeromonas sanarellii	Reference proteome	588
WP_011705716	A0KJB9	unreviewed	Aeromonas hydrophila subsp. hydrophila (strain ATCC 7966 / DSM 30187 / BCRC 13018 / CCUG 14551 / JCM 1027 / KCTC 2358 / NCIMB 9240 / NCTC 8049)	Reference proteome	332
WP_011705717	A0KJC0	unreviewed	Aeromonas hydrophila subsp. hydrophila (strain ATCC 7966 / DSM 30187 / BCRC 13018 / CCUG 14551 / JCM 1027 / KCTC 2358 / NCIMB 9240 / NCTC 8049)	Reference proteome	416
WP_011705718	A0KJC1	unreviewed	Aeromonas hydrophila subsp. hydrophila (strain ATCC 7966 / DSM 30187 / BCRC 13018 / CCUG 14551 / JCM 1027 / KCTC 2358 / NCIMB 9240 / NCTC 8049)	Lipoprotein;Palmitate;Reference proteome;Signal	171
WP_011705718	A0ABS4B0Y4	unreviewed	Aeromonas sanarellii	Lipoprotein;Palmitate;Reference proteome;Signal	171
WP_011705719	A0KJC2	unreviewed	Aeromonas hydrophila subsp. hydrophila (strain ATCC 7966 / DSM 30187 / BCRC 13018 / CCUG 14551 / JCM 1027 / KCTC 2358 / NCIMB 9240 / NCTC 8049)	Reference proteome	444
WP_011705721	A0KJC4	unreviewed	Aeromonas hydrophila subsp. hydrophila (strain ATCC 7966 / DSM 30187 / BCRC 13018 / CCUG 14551 / JCM 1027 / KCTC 2358 / NCIMB 9240 / NCTC 8049)	ATP-binding;Chaperone;Coiled coil;Nucleotide-binding;Reference proteome;Repeat	880
WP_011705722	A0KJC5	unreviewed	Aeromonas hydrophila subsp. hydrophila (strain ATCC 7966 / DSM 30187 / BCRC 13018 / CCUG 14551 / JCM 1027 / KCTC 2358 / NCIMB 9240 / NCTC 8049)	ATP-binding;DNA-binding;Nucleotide-binding;Reference proteome;Transcription;Transcription regulation	512
WP_011705723	A0KJC6	unreviewed	Aeromonas hydrophila subsp. hydrophila (strain ATCC 7966 / DSM 30187 / BCRC 13018 / CCUG 14551 / JCM 1027 / KCTC 2358 / NCIMB 9240 / NCTC 8049)	Reference proteome	201
WP_011705724	A0KJC7	unreviewed	Aeromonas hydrophila subsp. hydrophila (strain ATCC 7966 / DSM 30187 / BCRC 13018 / CCUG 14551 / JCM 1027 / KCTC 2358 / NCIMB 9240 / NCTC 8049)	3D-structure;Reference proteome	478
WP_011705726	A0KJC9	unreviewed	Aeromonas hydrophila subsp. hydrophila (strain ATCC 7966 / DSM 30187 / BCRC 13018 / CCUG 14551 / JCM 1027 / KCTC 2358 / NCIMB 9240 / NCTC 8049)	Membrane;Reference proteome;Transmembrane;Transmembrane helix	476
WP_011705727	A0KJD0	unreviewed	Aeromonas hydrophila subsp. hydrophila (strain ATCC 7966 / DSM 30187 / BCRC 13018 / CCUG 14551 / JCM 1027 / KCTC 2358 / NCIMB 9240 / NCTC 8049)	Reference proteome	95
WP_011705728	A0KJD1	unreviewed	Aeromonas hydrophila subsp. hydrophila (strain ATCC 7966 / DSM 30187 / BCRC 13018 / CCUG 14551 / JCM 1027 / KCTC 2358 / NCIMB 9240 / NCTC 8049)	Reference proteome	681
WP_011706550	A0KLU6	unreviewed	Aeromonas hydrophila subsp. hydrophila (strain ATCC 7966 / DSM 30187 / BCRC 13018 / CCUG 14551 / JCM 1027 / KCTC 2358 / NCIMB 9240 / NCTC 8049)	ATP-binding;Nucleotide-binding;Reference proteome	379
WP_011706626	A0KM27	unreviewed	Aeromonas hydrophila subsp. hydrophila (strain ATCC 7966 / DSM 30187 / BCRC 13018 / CCUG 14551 / JCM 1027 / KCTC 2358 / NCIMB 9240 / NCTC 8049)	ATP-binding;DNA-binding;Nucleotide-binding;Phosphoprotein;Reference proteome;Transcription;Transcription regulation;Two-component regulatory system	447
WP_011706637	A0KM38	reviewed	Aeromonas hydrophila subsp. hydrophila (strain ATCC 7966 / DSM 30187 / BCRC 13018 / CCUG 14551 / JCM 1027 / KCTC 2358 / NCIMB 9240 / NCTC 8049)	Bacterial flagellum;Periplasm;Reference proteome;Signal	365
WP_011706638	A0KM39	unreviewed	Aeromonas hydrophila subsp. hydrophila (strain ATCC 7966 / DSM 30187 / BCRC 13018 / CCUG 14551 / JCM 1027 / KCTC 2358 / NCIMB 9240 / NCTC 8049)	Bacterial flagellum;Cell outer membrane;Cell projection;Cilium;Flagellum;Lipoprotein;Membrane;Palmitate;Reference proteome;Signal	223
WP_011706639	A0KM40	unreviewed	Aeromonas hydrophila subsp. hydrophila (strain ATCC 7966 / DSM 30187 / BCRC 13018 / CCUG 14551 / JCM 1027 / KCTC 2358 / NCIMB 9240 / NCTC 8049)	Bacterial flagellum;Cell projection;Cilium;Flagellum;Reference proteome	262
WP_011706640	A0KM41	unreviewed	Aeromonas hydrophila subsp. hydrophila (strain ATCC 7966 / DSM 30187 / BCRC 13018 / CCUG 14551 / JCM 1027 / KCTC 2358 / NCIMB 9240 / NCTC 8049)	Bacterial flagellum;Cell projection;Cilium;Flagellum;Reference proteome	248
WP_011706643	A0KM44	unreviewed	Aeromonas hydrophila subsp. hydrophila (strain ATCC 7966 / DSM 30187 / BCRC 13018 / CCUG 14551 / JCM 1027 / KCTC 2358 / NCIMB 9240 / NCTC 8049)	Bacterial flagellum;Cell projection;Cilium;Flagellum;Reference proteome	139
WP_011706644	A0KM45	reviewed	Aeromonas hydrophila subsp. hydrophila (strain ATCC 7966 / DSM 30187 / BCRC 13018 / CCUG 14551 / JCM 1027 / KCTC 2358 / NCIMB 9240 / NCTC 8049)	Bacterial flagellum;Reference proteome	132
WP_011706645	A0KM46	unreviewed	Aeromonas hydrophila subsp. hydrophila (strain ATCC 7966 / DSM 30187 / BCRC 13018 / CCUG 14551 / JCM 1027 / KCTC 2358 / NCIMB 9240 / NCTC 8049)	Methyltransferase;Reference proteome;S-adenosyl-L-methionine;Transferase	274
WP_011706646	A0KM47	unreviewed	Aeromonas hydrophila subsp. hydrophila (strain ATCC 7966 / DSM 30187 / BCRC 13018 / CCUG 14551 / JCM 1027 / KCTC 2358 / NCIMB 9240 / NCTC 8049)	Phosphoprotein;Reference proteome	303
WP_011706648	A0KM49	unreviewed	Aeromonas hydrophila subsp. hydrophila (strain ATCC 7966 / DSM 30187 / BCRC 13018 / CCUG 14551 / JCM 1027 / KCTC 2358 / NCIMB 9240 / NCTC 8049)	Bacterial flagellum biogenesis;Reference proteome;Repressor;Transcription;Transcription regulation	106
WP_011706649	A0KM50	unreviewed	Aeromonas hydrophila subsp. hydrophila (strain ATCC 7966 / DSM 30187 / BCRC 13018 / CCUG 14551 / JCM 1027 / KCTC 2358 / NCIMB 9240 / NCTC 8049)	Bacterial flagellum biogenesis;Cell projection;Cilium;Flagellum;Reference proteome	137
WP_011707085	A0KNF6	unreviewed	Aeromonas hydrophila subsp. hydrophila (strain ATCC 7966 / DSM 30187 / BCRC 13018 / CCUG 14551 / JCM 1027 / KCTC 2358 / NCIMB 9240 / NCTC 8049)	Cell membrane;Flagellar rotation;Membrane;Reference proteome;Transmembrane;Transmembrane helix;Transport	252
WP_011707389	A0KPC0	unreviewed	Aeromonas hydrophila subsp. hydrophila (strain ATCC 7966 / DSM 30187 / BCRC 13018 / CCUG 14551 / JCM 1027 / KCTC 2358 / NCIMB 9240 / NCTC 8049)	ATP-binding;Cytoplasm;Fimbrium biogenesis;Nucleotide-binding;Reference proteome;Transport	344
WP_011816593	A1JSR8	reviewed	Yersinia enterocolitica serotype O:8 / biotype 1B (strain NCTC 13174 / 8081)	3D-structure;Bacterial flagellum biogenesis;Chaperone;Cytoplasm;Repressor;Transcription;Transcription regulation	120
WP_011817139	Q9KKI3	unreviewed	Yersinia enterocolitica	Cell outer membrane;Lipoprotein;Membrane;Palmitate;Protein transport;Signal;Transmembrane;Transmembrane helix;Transport	247
WP_011817143	A1JQC2	unreviewed	Yersinia enterocolitica serotype O:8 / biotype 1B (strain NCTC 13174 / 8081)	Lipoprotein;Membrane;Palmitate;Signal;Transmembrane;Transmembrane helix	144
WP_011860976	Q18A65	unreviewed	Clostridioides difficile (strain 630) (Peptoclostridium difficile)	3D-structure;Lipoprotein;Palmitate;Reference proteome;Signal	340
WP_011861612	Q182T2	unreviewed	Clostridioides difficile (strain 630) (Peptoclostridium difficile)	Coiled coil;Protein biosynthesis;Reference proteome;RNA-binding;rRNA-binding;tRNA-binding	591
WP_011861680	Q183M1	unreviewed	Clostridioides difficile (strain 630) (Peptoclostridium difficile)	Hydrolase;Protease;Reference proteome;Signal;Thiol protease	803
WP_011861682	Q183M7	unreviewed	Clostridioides difficile (strain 630) (Peptoclostridium difficile)	Reference proteome	610
WP_011861686	Q9AEM4	unreviewed	Clostridioides difficile (Peptoclostridium difficile)	Signal	719
WP_011861686	Q183M8	unreviewed	Clostridioides difficile (strain 630) (Peptoclostridium difficile)	3D-structure;Reference proteome;Signal	719
WP_011861706	Q183R7	reviewed	Clostridioides difficile (strain 630) (Peptoclostridium difficile)	3D-structure;Hydrolase;Metal-binding;Metalloprotease;Protease;Reference proteome;Secreted;Signal;Virulence;Zinc	220
WP_011861707	Q183R6	unreviewed	Clostridioides difficile (strain 630) (Peptoclostridium difficile)	Membrane;Reference proteome;Secreted;Signal;Transmembrane;Transmembrane helix	972
WP_011861889	Q17ZZ0	unreviewed	Clostridioides difficile (strain 630) (Peptoclostridium difficile)	Reference proteome;Signal	727
WP_011899438	Q27RH9	unreviewed	Aeromonas salmonicida (strain A449)	Cell outer membrane;Membrane;Plasmid;Protein transport;Signal;Translocation;Transport;Virulence	617
WP_012104757.1	A7FFN4	reviewed	Yersinia pseudotuberculosis serotype O:1b (strain IP 31758)	Chaperone;Cytoplasm;Nickel insertion	228
WP_012105809	A0A0T9R2W3	unreviewed	Yersinia similis	Reference proteome;Signal	164
WP_012105812	A0A0T9R329	unreviewed	Yersinia similis	Reference proteome	145
WP_012457276.1	B2RH18	unreviewed	Porphyromonas gingivalis (strain ATCC 33277 / DSM 20709 / CIP 103683 / JCM 12257 / NCTC 11834 / 2561)	Reference proteome;Signal	419
WP_012457298.1	B2RH42	unreviewed	Porphyromonas gingivalis (strain ATCC 33277 / DSM 20709 / CIP 103683 / JCM 12257 / NCTC 11834 / 2561)	Reference proteome	323
WP_012457306.1	B2RH54	reviewed	Porphyromonas gingivalis (strain ATCC 33277 / DSM 20709 / CIP 103683 / JCM 12257 / NCTC 11834 / 2561)	3D-structure;Cell adhesion;Cell outer membrane;Direct protein sequencing;Fimbrium;Lipoprotein;Membrane;Palmitate;Reference proteome;Signal;Virulence	383
WP_012457306.1	P0C940	reviewed	Porphyromonas gingivalis (Bacteroides gingivalis)	Cell adhesion;Cell outer membrane;Direct protein sequencing;Fimbrium;Lipoprotein;Membrane;Palmitate;Signal;Virulence	383
WP_012457306.1	A0PA80	unreviewed	Porphyromonas gingivalis (Bacteroides gingivalis)	Cell adhesion;Cell outer membrane;Fimbrium;Lipoprotein;Membrane;Palmitate;Signal;Virulence	383
WP_012457310.1	B2RH58	reviewed	Porphyromonas gingivalis (strain ATCC 33277 / DSM 20709 / CIP 103683 / JCM 12257 / NCTC 11834 / 2561)	Cell outer membrane;Fimbrium;Lipoprotein;Membrane;Palmitate;Reference proteome;Signal;Virulence	670
WP_012457310.1	O32389	reviewed	Porphyromonas gingivalis (Bacteroides gingivalis)	Cell outer membrane;Fimbrium;Lipoprotein;Membrane;Palmitate;Signal;Virulence	670
WP_012457311.1	B2RH59	reviewed	Porphyromonas gingivalis (strain ATCC 33277 / DSM 20709 / CIP 103683 / JCM 12257 / NCTC 11834 / 2561)	Cell outer membrane;Fimbrium;Lipoprotein;Membrane;Palmitate;Reference proteome;Signal;Virulence	550
WP_012457311.1	O32390	reviewed	Porphyromonas gingivalis (Bacteroides gingivalis)	Cell outer membrane;Fimbrium;Lipoprotein;Membrane;Palmitate;Signal;Virulence	550
WP_012457396.1	B2RHG1	reviewed	Porphyromonas gingivalis (strain ATCC 33277 / DSM 20709 / CIP 103683 / JCM 12257 / NCTC 11834 / 2561)	3D-structure;Cell outer membrane;Direct protein sequencing;Fimbrium;Lipoprotein;Membrane;Palmitate;Reference proteome;Signal;Virulence	563
WP_012457396.1	O83017	unreviewed	Porphyromonas gingivalis (Bacteroides gingivalis)	Lipoprotein;Palmitate;Signal	563
WP_012457397.1	B2RHG3	reviewed	Porphyromonas gingivalis (strain ATCC 33277 / DSM 20709 / CIP 103683 / JCM 12257 / NCTC 11834 / 2561)	3D-structure;Cell outer membrane;Direct protein sequencing;Fimbrium;Lipoprotein;Membrane;Palmitate;Reference proteome;Signal;Virulence	446
WP_012457398.1	B2RHG4	reviewed	Porphyromonas gingivalis (strain ATCC 33277 / DSM 20709 / CIP 103683 / JCM 12257 / NCTC 11834 / 2561)	3D-structure;Cell outer membrane;Direct protein sequencing;Fimbrium;Lipoprotein;Membrane;Palmitate;Reference proteome;Signal;Virulence	333
WP_012457401.1	B2RHG8	unreviewed	Porphyromonas gingivalis (strain ATCC 33277 / DSM 20709 / CIP 103683 / JCM 12257 / NCTC 11834 / 2561)	Cell outer membrane;Lipoprotein;Membrane;Palmitate;Receptor;Reference proteome;Signal	503
WP_012457401.1	Q4KTT0	unreviewed	Porphyromonas gingivalis (Bacteroides gingivalis)	Cell outer membrane;Lipoprotein;Membrane;Palmitate;Signal	503
WP_012457404.1	B2RHH1	unreviewed	Porphyromonas gingivalis (strain ATCC 33277 / DSM 20709 / CIP 103683 / JCM 12257 / NCTC 11834 / 2561)	Reference proteome;Signal	235
WP_012457551.1	B2RI15	unreviewed	Porphyromonas gingivalis (strain ATCC 33277 / DSM 20709 / CIP 103683 / JCM 12257 / NCTC 11834 / 2561)	Hydrolase;Protein phosphatase;Reference proteome	167
WP_012457596.1	B2RI81	unreviewed	Porphyromonas gingivalis (strain ATCC 33277 / DSM 20709 / CIP 103683 / JCM 12257 / NCTC 11834 / 2561)	Cell outer membrane;Membrane;Receptor;Reference proteome;Signal;TonB box;Transmembrane;Transmembrane beta strand;Transport	646
WP_012457597.1	B2RI82	unreviewed	Porphyromonas gingivalis (strain ATCC 33277 / DSM 20709 / CIP 103683 / JCM 12257 / NCTC 11834 / 2561)	Lipoprotein;Palmitate;Reference proteome;Signal	216
WP_012457962.1	B2RJJ3	unreviewed	Porphyromonas gingivalis (strain ATCC 33277 / DSM 20709 / CIP 103683 / JCM 12257 / NCTC 11834 / 2561)	Phosphoprotein;Reference proteome;Two-component regulatory system	518
WP_012457989.1	B2RJM8	unreviewed	Porphyromonas gingivalis (strain ATCC 33277 / DSM 20709 / CIP 103683 / JCM 12257 / NCTC 11834 / 2561)	Reference proteome	416
WP_012457990.1	B2RJM9	unreviewed	Porphyromonas gingivalis (strain ATCC 33277 / DSM 20709 / CIP 103683 / JCM 12257 / NCTC 11834 / 2561)	Reference proteome	453
WP_012457991.1	B2RJN0	unreviewed	Porphyromonas gingivalis (strain ATCC 33277 / DSM 20709 / CIP 103683 / JCM 12257 / NCTC 11834 / 2561)	Reference proteome	321
WP_012458125.1	B2RK57	unreviewed	Porphyromonas gingivalis (strain ATCC 33277 / DSM 20709 / CIP 103683 / JCM 12257 / NCTC 11834 / 2561)	Membrane;Reference proteome;Transmembrane;Transmembrane helix	204
WP_012458128.1	B2RK62	unreviewed	Porphyromonas gingivalis (strain ATCC 33277 / DSM 20709 / CIP 103683 / JCM 12257 / NCTC 11834 / 2561)	Reference proteome;Signal	378
WP_012458129.1	B2RK63	unreviewed	Porphyromonas gingivalis (strain ATCC 33277 / DSM 20709 / CIP 103683 / JCM 12257 / NCTC 11834 / 2561)	Reference proteome	286
WP_012458130.1	B2RK64	unreviewed	Porphyromonas gingivalis (strain ATCC 33277 / DSM 20709 / CIP 103683 / JCM 12257 / NCTC 11834 / 2561)	Reference proteome	383
WP_012458132.1	B2RK66	unreviewed	Porphyromonas gingivalis (strain ATCC 33277 / DSM 20709 / CIP 103683 / JCM 12257 / NCTC 11834 / 2561)	Membrane;Reference proteome;Transmembrane;Transmembrane helix	347
WP_012458162.1	B2RKC0	unreviewed	Porphyromonas gingivalis (strain ATCC 33277 / DSM 20709 / CIP 103683 / JCM 12257 / NCTC 11834 / 2561)	Cell outer membrane;Lipoprotein;Membrane;Palmitate;Reference proteome;Signal;TPR repeat	672
WP_012458269.1	B2RKR1	unreviewed	Porphyromonas gingivalis (strain ATCC 33277 / DSM 20709 / CIP 103683 / JCM 12257 / NCTC 11834 / 2561)	Cell outer membrane;Membrane;Reference proteome;Signal;Transmembrane;Transmembrane beta strand;Transport	827
WP_012458292.1	B2RKU0	reviewed	Porphyromonas gingivalis (strain ATCC 33277 / DSM 20709 / CIP 103683 / JCM 12257 / NCTC 11834 / 2561)	Calcium;Hydrolase;Metal-binding;Protease;Reference proteome;Secreted;Signal;Thiol protease;Virulence;Zymogen	736
WP_012458343.1	B2RKZ8	unreviewed	Porphyromonas gingivalis (strain ATCC 33277 / DSM 20709 / CIP 103683 / JCM 12257 / NCTC 11834 / 2561)	ATP-binding;Cell inner membrane;Cell membrane;Kinase;Membrane;Nucleotide-binding;Reference proteome;Transferase;Transmembrane;Transmembrane helix;Tyrosine-protein kinase	821
WP_012458344.1	B2RKZ9	unreviewed	Porphyromonas gingivalis (strain ATCC 33277 / DSM 20709 / CIP 103683 / JCM 12257 / NCTC 11834 / 2561)	Hydrolase;Reference proteome	247
WP_012458403.1	B2RL82	unreviewed	Porphyromonas gingivalis (strain ATCC 33277 / DSM 20709 / CIP 103683 / JCM 12257 / NCTC 11834 / 2561)	Reference proteome;Signal	526
WP_012458445.1	B2RLE2	unreviewed	Porphyromonas gingivalis (strain ATCC 33277 / DSM 20709 / CIP 103683 / JCM 12257 / NCTC 11834 / 2561)	Reference proteome	298
WP_012458449.1	B2RLE7	unreviewed	Porphyromonas gingivalis (strain ATCC 33277 / DSM 20709 / CIP 103683 / JCM 12257 / NCTC 11834 / 2561)	3D-structure;Reference proteome;Signal	359
WP_012458450.1	B2RLE9	unreviewed	Porphyromonas gingivalis (strain ATCC 33277 / DSM 20709 / CIP 103683 / JCM 12257 / NCTC 11834 / 2561)	3D-structure;Membrane;Reference proteome;Transmembrane;Transmembrane helix	309
WP_012458451.1	B2RLF0	unreviewed	Porphyromonas gingivalis (strain ATCC 33277 / DSM 20709 / CIP 103683 / JCM 12257 / NCTC 11834 / 2561)	3D-structure;Lipoprotein;Palmitate;Reference proteome;Signal	491
WP_012458452.1	B2RLF1	unreviewed	Porphyromonas gingivalis (strain ATCC 33277 / DSM 20709 / CIP 103683 / JCM 12257 / NCTC 11834 / 2561)	Reference proteome	313
WP_012458596.1	B2RM20	unreviewed	Porphyromonas gingivalis (strain ATCC 33277 / DSM 20709 / CIP 103683 / JCM 12257 / NCTC 11834 / 2561)	Membrane;Reference proteome;Transferase;Transmembrane;Transmembrane helix	468
WP_012458603.1	B2RM28	unreviewed	Porphyromonas gingivalis (strain ATCC 33277 / DSM 20709 / CIP 103683 / JCM 12257 / NCTC 11834 / 2561)	Reference proteome	350
WP_012458603.1	Q51828	unreviewed	Porphyromonas gingivalis (Bacteroides gingivalis)	Methyltransferase;Transferase	350
WP_012458605.1	B2RM30	unreviewed	Porphyromonas gingivalis (strain ATCC 33277 / DSM 20709 / CIP 103683 / JCM 12257 / NCTC 11834 / 2561)	Reference proteome	350
WP_012458605.1	Q51830	unreviewed	Porphyromonas gingivalis (Bacteroides gingivalis)		350
WP_012458675.1	B2RMC4	unreviewed	Porphyromonas gingivalis (strain ATCC 33277 / DSM 20709 / CIP 103683 / JCM 12257 / NCTC 11834 / 2561)	ATP-binding;Kinase;Membrane;Nucleotide-binding;Phosphoprotein;Reference proteome;Transferase;Transmembrane;Transmembrane helix;Two-component regulatory system	395
WP_012458742.1	B2RML1	unreviewed	Porphyromonas gingivalis (strain ATCC 33277 / DSM 20709 / CIP 103683 / JCM 12257 / NCTC 11834 / 2561)	Membrane;Reference proteome;Transmembrane;Transmembrane helix	198
WP_012458743.1	B2RML3	unreviewed	Porphyromonas gingivalis (strain ATCC 33277 / DSM 20709 / CIP 103683 / JCM 12257 / NCTC 11834 / 2561)	Cell outer membrane;Membrane;Reference proteome;Signal;Transmembrane;Transmembrane beta strand;Transport	740
WP_012458744.1	B2RML4	unreviewed	Porphyromonas gingivalis (strain ATCC 33277 / DSM 20709 / CIP 103683 / JCM 12257 / NCTC 11834 / 2561)	Reference proteome;Signal	218
WP_012477166	Q0H039	unreviewed	Escherichia coli	Plasmid	535
WP_012477166	B7UTD6	unreviewed	Escherichia coli O127:H6 (strain E2348/69 / EPEC)	3D-structure;Metal-binding;Nucleotide-binding;Plasmid;Reference proteome;Zinc	535
WP_012477167	Q47073	unreviewed	Escherichia coli	Lipoprotein;Plasmid	148
WP_012477167	B7UTE0	unreviewed	Escherichia coli O127:H6 (strain E2348/69 / EPEC)	Lipoprotein;Plasmid;Reference proteome	148
WP_012579021	O52142	unreviewed	Escherichia coli		138
WP_012579021	B7UMA4	unreviewed	Escherichia coli O127:H6 (strain E2348/69 / EPEC)	Reference proteome	138
WP_012737529	A0A8B4TTP8	unreviewed	Klebsiella quasivariicola	DNA-binding;Reference proteome;Transcription;Transcription regulation	272
WP_012737529	Q765S0	reviewed	Klebsiella pneumoniae	DNA-binding;Repressor;Transcription;Transcription regulation	272
WP_012737535	A0A8B4TTB9	unreviewed	Klebsiella quasivariicola	Hydrolase;Metal-binding;Purine metabolism;Reference proteome;Zinc	453
WP_012737539	Q765R0	unreviewed	Klebsiella pneumoniae	Hydrolase;Metal-binding;Zinc	411
WP_013095930.1	A0A0H3CG14	unreviewed	Enterobacter cloacae subsp. cloacae (strain ATCC 13047 / DSM 30054 / NBRC 13535 / NCTC 10005 / WDCM 00083 / NCDC 279-56)	Fimbrium;Reference proteome;Signal	187
WP_013095931.1	A0A0H3CGQ8	unreviewed	Enterobacter cloacae subsp. cloacae (strain ATCC 13047 / DSM 30054 / NBRC 13535 / NCTC 10005 / WDCM 00083 / NCDC 279-56)	Fimbrium;Reference proteome;Signal	181
WP_013095932.1	A0A0H3CHS2	unreviewed	Enterobacter cloacae subsp. cloacae (strain ATCC 13047 / DSM 30054 / NBRC 13535 / NCTC 10005 / WDCM 00083 / NCDC 279-56)	Chaperone;Fimbrium biogenesis;Periplasm;Reference proteome;Signal	230
WP_013095935.1	A0A0H3CG19	unreviewed	Enterobacter cloacae subsp. cloacae (strain ATCC 13047 / DSM 30054 / NBRC 13535 / NCTC 10005 / WDCM 00083 / NCDC 279-56)	Reference proteome;Signal	174
WP_013095936.1	A0A0H3CGR3	unreviewed	Enterobacter cloacae subsp. cloacae (strain ATCC 13047 / DSM 30054 / NBRC 13535 / NCTC 10005 / WDCM 00083 / NCDC 279-56)	DNA-binding;Phosphoprotein;Reference proteome;Transcription;Transcription regulation	210
WP_013096050.1	A0A0H3CH28	unreviewed	Enterobacter cloacae subsp. cloacae (strain ATCC 13047 / DSM 30054 / NBRC 13535 / NCTC 10005 / WDCM 00083 / NCDC 279-56)	Activator;Bacterial flagellum biogenesis;Cytoplasm;Disulfide bond;DNA-binding;Reference proteome;Transcription;Transcription regulation	116
WP_013096051.1	A0A0F1AYE8	unreviewed	Enterobacter sichuanensis	Activator;Bacterial flagellum biogenesis;Cell projection;Cilium;Cytoplasm;DNA-binding;Flagellum;Metal-binding;Reference proteome;Transcription;Transcription regulation;Zinc	192
WP_013096051.1	A0A0X4ECW6	unreviewed	Enterobacter genomosp. O	Activator;Bacterial flagellum biogenesis;Cytoplasm;DNA-binding;Metal-binding;Reference proteome;Transcription;Transcription regulation;Zinc	192
WP_013096051.1	A0AAW3HEU1	unreviewed	Enterobacter chengduensis	Activator;Bacterial flagellum biogenesis;Cytoplasm;DNA-binding;Metal-binding;Reference proteome;Transcription;Transcription regulation;Zinc	192
WP_013096051.1	A0AA96RS27	unreviewed	Enterobacter chuandaensis	Activator;Bacterial flagellum biogenesis;Cell projection;Cilium;Cytoplasm;DNA-binding;Flagellum;Metal-binding;Reference proteome;Transcription;Transcription regulation;Zinc	192
WP_013096051.1	A0ABU6E2S5	unreviewed	Enterobacter vonholyi	Activator;Bacterial flagellum biogenesis;Cell projection;Cilium;Cytoplasm;DNA-binding;Flagellum;Metal-binding;Reference proteome;Transcription;Transcription regulation;Zinc	192
WP_013096051.1	A0AAU7IX66	unreviewed	Enterobacter dykesii	Activator;Bacterial flagellum biogenesis;Cell projection;Cilium;Cytoplasm;DNA-binding;Flagellum;Metal-binding;Reference proteome;Transcription;Transcription regulation;Zinc	192
WP_013096051.1	A0ABT3VZP4	unreviewed	Enterobacter nematophilus	Activator;Bacterial flagellum biogenesis;Cell projection;Cilium;Cytoplasm;DNA-binding;Flagellum;Metal-binding;Reference proteome;Transcription;Transcription regulation;Zinc	192
WP_013096051.1	A0ABV4JGL9	unreviewed	Enterobacter rongchengensis	Activator;Bacterial flagellum biogenesis;Cell projection;Cilium;Cytoplasm;DNA-binding;Flagellum;Metal-binding;Reference proteome;Transcription;Transcription regulation;Zinc	192
WP_013096051.1	A0A0F1RES7	unreviewed	Enterobacter asburiae	Activator;Bacterial flagellum biogenesis;Cell projection;Cilium;Cytoplasm;DNA-binding;Flagellum;Metal-binding;Reference proteome;Transcription;Transcription regulation;Zinc	192
WP_013096051.1	A0A0H3CI40	unreviewed	Enterobacter cloacae subsp. cloacae (strain ATCC 13047 / DSM 30054 / NBRC 13535 / NCTC 10005 / WDCM 00083 / NCDC 279-56)	Activator;Bacterial flagellum biogenesis;Cytoplasm;DNA-binding;Metal-binding;Reference proteome;Transcription;Transcription regulation;Zinc	192
WP_013096051.1	A0A2J7SW88	unreviewed	Enterobacter bugandensis	Activator;Bacterial flagellum biogenesis;Cell projection;Cilium;Cytoplasm;DNA-binding;Flagellum;Metal-binding;Reference proteome;Transcription;Transcription regulation;Zinc	192
WP_013096052.1	A0A0H3CK62	unreviewed	Enterobacter cloacae subsp. cloacae (strain ATCC 13047 / DSM 30054 / NBRC 13535 / NCTC 10005 / WDCM 00083 / NCDC 279-56)	Cell inner membrane;Cell membrane;Cell projection;Chemotaxis;Cilium;Flagellar rotation;Flagellum;Membrane;Reference proteome;Transmembrane;Transmembrane helix	309
WP_013096054.1	A0A0H3CH33	unreviewed	Enterobacter cloacae subsp. cloacae (strain ATCC 13047 / DSM 30054 / NBRC 13535 / NCTC 10005 / WDCM 00083 / NCDC 279-56)	Chemotaxis;Cytoplasm;Reference proteome	167
WP_013096065.1	A0AAX3LHI7	unreviewed	Enterobacter ludwigii	Chemotaxis;Cytoplasm;Flagellar rotation;Hydrolase;Protein phosphatase;Reference proteome	214
WP_013096065.1	A0A0H3CIJ4	unreviewed	Enterobacter cloacae subsp. cloacae (strain ATCC 13047 / DSM 30054 / NBRC 13535 / NCTC 10005 / WDCM 00083 / NCDC 279-56)	Chemotaxis;Cytoplasm;Flagellar rotation;Hydrolase;Protein phosphatase;Reference proteome	214
WP_013096066.1	A0A0H3CK79	unreviewed	Enterobacter cloacae subsp. cloacae (strain ATCC 13047 / DSM 30054 / NBRC 13535 / NCTC 10005 / WDCM 00083 / NCDC 279-56)	Bacterial flagellum biogenesis;Bacterial flagellum protein export;Cell membrane;Cell projection;Cilium;Flagellum;Membrane;Protein transport;Reference proteome;Transmembrane;Transmembrane helix;Transport	382
WP_013096068.1	A0A0H3CH47	unreviewed	Enterobacter cloacae subsp. cloacae (strain ATCC 13047 / DSM 30054 / NBRC 13535 / NCTC 10005 / WDCM 00083 / NCDC 279-56)	Cell projection;Cilium;Flagellum;Reference proteome;Signal	130
WP_013096175.1	A0A0H3CIW8	unreviewed	Enterobacter cloacae subsp. cloacae (strain ATCC 13047 / DSM 30054 / NBRC 13535 / NCTC 10005 / WDCM 00083 / NCDC 279-56)	Lipoprotein;Palmitate;Reference proteome;Signal	167
WP_013096176.1	A0A0H3CKL6	unreviewed	Enterobacter cloacae subsp. cloacae (strain ATCC 13047 / DSM 30054 / NBRC 13535 / NCTC 10005 / WDCM 00083 / NCDC 279-56)	Reference proteome	447
WP_013096177.1	A0A0H3CGU1	unreviewed	Enterobacter cloacae subsp. cloacae (strain ATCC 13047 / DSM 30054 / NBRC 13535 / NCTC 10005 / WDCM 00083 / NCDC 279-56)	Membrane;Reference proteome;Transmembrane;Transmembrane helix	412
WP_013096179.1	A0A0H3CII6	unreviewed	Enterobacter cloacae subsp. cloacae (strain ATCC 13047 / DSM 30054 / NBRC 13535 / NCTC 10005 / WDCM 00083 / NCDC 279-56)	Reference proteome	238
WP_013096180.1	A0A0H3CIX3	unreviewed	Enterobacter cloacae subsp. cloacae (strain ATCC 13047 / DSM 30054 / NBRC 13535 / NCTC 10005 / WDCM 00083 / NCDC 279-56)	Reference proteome	338
WP_013096181.1	A0A0F1B007	unreviewed	Enterobacter sichuanensis	Reference proteome	499
WP_013096181.1	A0A0H3CGU5	unreviewed	Enterobacter cloacae subsp. cloacae (strain ATCC 13047 / DSM 30054 / NBRC 13535 / NCTC 10005 / WDCM 00083 / NCDC 279-56)	Reference proteome	499
WP_013096182.1	A0A0H3CIJ2	unreviewed	Enterobacter cloacae subsp. cloacae (strain ATCC 13047 / DSM 30054 / NBRC 13535 / NCTC 10005 / WDCM 00083 / NCDC 279-56)	3D-structure;Reference proteome	163
WP_013096188.1	A0A0H3CIY4	unreviewed	Enterobacter cloacae subsp. cloacae (strain ATCC 13047 / DSM 30054 / NBRC 13535 / NCTC 10005 / WDCM 00083 / NCDC 279-56)	Reference proteome	187
WP_013096190.1	A0A0H3CGV2	unreviewed	Enterobacter cloacae subsp. cloacae (strain ATCC 13047 / DSM 30054 / NBRC 13535 / NCTC 10005 / WDCM 00083 / NCDC 279-56)	Reference proteome	347
WP_013097132.1	A0A0H3CJP9	unreviewed	Enterobacter cloacae subsp. cloacae (strain ATCC 13047 / DSM 30054 / NBRC 13535 / NCTC 10005 / WDCM 00083 / NCDC 279-56)	Bacterial flagellum;Cell projection;Cilium;Coiled coil;Flagellum;Reference proteome;Secreted	545
WP_013097134.1	A0A0H3CLC4	unreviewed	Enterobacter cloacae subsp. cloacae (strain ATCC 13047 / DSM 30054 / NBRC 13535 / NCTC 10005 / WDCM 00083 / NCDC 279-56)	Bacterial flagellum;Cell projection;Cilium;Flagellum;Periplasm;Reference proteome;Signal	365
WP_013097136.1	A0A0H3CKG4	unreviewed	Enterobacter cloacae subsp. cloacae (strain ATCC 13047 / DSM 30054 / NBRC 13535 / NCTC 10005 / WDCM 00083 / NCDC 279-56)	Bacterial flagellum;Cell projection;Cilium;Flagellum;Reference proteome	402
WP_013097138.1	A0A0F0XUI8	unreviewed	Enterobacter kobei	Bacterial flagellum;Cell projection;Cilium;Flagellum;Reference proteome	134
WP_013097138.1	A0AA96M894	unreviewed	Enterobacter chuandaensis	Bacterial flagellum;Cell projection;Cilium;Flagellum;Reference proteome	134
WP_013097138.1	A0ABT3VU32	unreviewed	Enterobacter nematophilus	Bacterial flagellum;Cell projection;Cilium;Flagellum;Reference proteome	134
WP_013097138.1	G8LJI5	unreviewed	Enterobacter ludwigii	Bacterial flagellum;Cell projection;Cilium;Flagellum;Reference proteome	134
WP_013097138.1	A0A0H3CLQ9	unreviewed	Enterobacter cloacae subsp. cloacae (strain ATCC 13047 / DSM 30054 / NBRC 13535 / NCTC 10005 / WDCM 00083 / NCDC 279-56)	Bacterial flagellum;Cell projection;Cilium;Flagellum;Reference proteome	134
WP_013097138.1	A0A2J7S5B8	unreviewed	Enterobacter bugandensis	Bacterial flagellum;Cell projection;Cilium;Flagellum;Reference proteome	134
WP_013097139.1	A0A0H3CNH3	unreviewed	Enterobacter cloacae subsp. cloacae (strain ATCC 13047 / DSM 30054 / NBRC 13535 / NCTC 10005 / WDCM 00083 / NCDC 279-56)	Bacterial flagellum;Cell projection;Cilium;Flagellum;Reference proteome	139
WP_013097140.1	A0A0H3CJQ9	unreviewed	Enterobacter cloacae subsp. cloacae (strain ATCC 13047 / DSM 30054 / NBRC 13535 / NCTC 10005 / WDCM 00083 / NCDC 279-56)	Bacterial flagellum biogenesis;Cell projection;Cilium;Flagellum;Periplasm;Reference proteome;Signal	218
WP_013097141.1	A0A0H3CKG9	unreviewed	Enterobacter cloacae subsp. cloacae (strain ATCC 13047 / DSM 30054 / NBRC 13535 / NCTC 10005 / WDCM 00083 / NCDC 279-56)	Bacterial flagellum biogenesis;Cell projection;Cilium;Flagellum;Reference proteome;Repressor;Transcription;Transcription regulation	97
WP_013097170.1	A0A0H3CLF4	unreviewed	Enterobacter cloacae subsp. cloacae (strain ATCC 13047 / DSM 30054 / NBRC 13535 / NCTC 10005 / WDCM 00083 / NCDC 279-56)	Fimbrium;Reference proteome;Signal	151
WP_013097173.1	A0A0H3CJU2	unreviewed	Enterobacter cloacae subsp. cloacae (strain ATCC 13047 / DSM 30054 / NBRC 13535 / NCTC 10005 / WDCM 00083 / NCDC 279-56)	Reference proteome;Signal	137
WP_013097729.1	A0A0H3CN32	unreviewed	Enterobacter cloacae subsp. cloacae (strain ATCC 13047 / DSM 30054 / NBRC 13535 / NCTC 10005 / WDCM 00083 / NCDC 279-56)	Bacterial flagellum;Cell projection;Cilium;Flagellum;Reference proteome	104
WP_013097729.1	A0A431SUB0	unreviewed	Enterobacter bugandensis	Bacterial flagellum;Cell projection;Cilium;Flagellum;Reference proteome	104
WP_013097731.1	A0A0H3CLK4	unreviewed	Enterobacter cloacae subsp. cloacae (strain ATCC 13047 / DSM 30054 / NBRC 13535 / NCTC 10005 / WDCM 00083 / NCDC 279-56)	Bacterial flagellum biogenesis;Bacterial flagellum protein export;Cell projection;Cilium;Cytoplasm;Flagellum;Protein transport;Reference proteome;Transport	236
WP_013097733.1	A0A0H3CN36	unreviewed	Enterobacter cloacae subsp. cloacae (strain ATCC 13047 / DSM 30054 / NBRC 13535 / NCTC 10005 / WDCM 00083 / NCDC 279-56)	Bacterial flagellum biogenesis;Bacterial flagellum protein export;Cell membrane;Cell projection;Chemotaxis;Cilium;Flagellum;Membrane;Protein transport;Reference proteome;Transport	147
WP_013097736.1	A0A0H3CLK8	unreviewed	Enterobacter cloacae subsp. cloacae (strain ATCC 13047 / DSM 30054 / NBRC 13535 / NCTC 10005 / WDCM 00083 / NCDC 279-56)	Bacterial flagellum;Cell inner membrane;Cell membrane;Cell projection;Chemotaxis;Cilium;Flagellar rotation;Flagellum;Membrane;Reference proteome	334
WP_013097738.1	A0A0H3CNK7	unreviewed	Enterobacter cloacae subsp. cloacae (strain ATCC 13047 / DSM 30054 / NBRC 13535 / NCTC 10005 / WDCM 00083 / NCDC 279-56)	Bacterial flagellum;Bacterial flagellum biogenesis;Bacterial flagellum protein export;Cell membrane;Cell projection;Cilium;Flagellum;Membrane;Protein transport;Reference proteome;Transmembrane;Transmembrane helix;Transport	245
WP_014167903.1	O05376	unreviewed	Aggregatibacter actinomycetemcomitans (Actinobacillus actinomycetemcomitans) (Haemophilus actinomycetemcomitans)	Membrane;Transmembrane;Transmembrane helix	122
WP_014639418	Q6V4K3	unreviewed	Escherichia coli	Membrane;Plasmid;Transmembrane;Transmembrane helix	404
WP_014748741	I3U5K9	unreviewed	Enterococcus faecium (strain ATCC BAA-472 / TX0016 / DO)	Cell wall;Collagen;Membrane;Peptidoglycan-anchor;Reference proteome;Secreted;Signal;Transmembrane;Transmembrane helix	603
WP_014907219	Q5KQZ5	unreviewed	Klebsiella pneumoniae	Membrane;Transmembrane;Transmembrane helix	209
WP_014907221	Q5XL55	unreviewed	Klebsiella pneumoniae	Cell outer membrane;Ion transport;Lipoprotein;Membrane;Palmitate;Polysaccharide transport;Porin;Signal;Sugar transport;Transmembrane;Transmembrane beta strand;Transport	377
WP_014907226	Q762M2	unreviewed	Klebsiella pneumoniae	Glycosyltransferase;Transferase	366
WP_014907227	Q762M0	unreviewed	Klebsiella pneumoniae	Lyase;NADP	374
WP_014907229	Q762L8	unreviewed	Klebsiella pneumoniae	Hydrolase;Magnesium;Metal-binding	152
WP_014907232	Q762L6	unreviewed	Klebsiella pneumoniae	Membrane;Transferase;Transmembrane;Transmembrane helix	467
WP_014907233	A0A0J9WZ66	unreviewed	Klebsiella pneumoniae subsp. pneumoniae NTUH-K2044	3D-structure;Gluconate utilization;NADP;Oxidoreductase;Pentose shunt	468
WP_014907233	Q762L5	unreviewed	Klebsiella pneumoniae	Gluconate utilization;NADP;Oxidoreductase;Pentose shunt	468
WP_014907234	Q762L4	unreviewed	Klebsiella pneumoniae	GTP-binding;Isomerase;Nucleotide-binding;Nucleotidyltransferase;Transferase	471
WP_014907239	Q762K6	unreviewed	Klebsiella pneumoniae	Transferase	297
WP_014907241	Q762K4	unreviewed	Klebsiella pneumoniae	Coiled coil;Glycosyltransferase;Transferase	402
WP_015444101	Q5ZSX7	reviewed	Legionella pneumophila subsp. pneumophila (strain Philadelphia 1 / ATCC 33152 / DSM 7513)	Heme;Hydrogen peroxide;Iron;Metal-binding;Oxidoreductase;Peroxidase;Reference proteome	721
WP_015444101	Q9ZGM4	reviewed	Legionella pneumophila	Cytoplasm;Heme;Hydrogen peroxide;Iron;Metal-binding;Oxidoreductase;Peroxidase	721
WP_015444491	I7HPT6	unreviewed	Legionella pneumophila	Cell inner membrane;Cell membrane;Hydrolase;Membrane;Methyltransferase;Multifunctional enzyme;Protease;S-adenosyl-L-methionine;Transferase;Transmembrane;Transmembrane helix	287
WP_015444568	Q9S4T1	unreviewed	Legionella pneumophila	Cytoplasm;DNA-binding;Sigma factor;Transcription;Transcription regulation	341
WP_015444576	Q5ZW64	reviewed	Legionella pneumophila subsp. pneumophila (strain Philadelphia 1 / ATCC 33152 / DSM 7513)	Bacterial flagellum;Periplasm;Reference proteome;Signal	367
WP_015444826	O54589	unreviewed	Legionella pneumophila	Lipoprotein;Palmitate;Signal	360
WP_015874960	A4GZC6	unreviewed	Klebsiella pneumoniae	Lyase;Magnesium;Metal-binding	434
WP_015874966	A4GZD4	unreviewed	Klebsiella pneumoniae		267
WP_015874967	A4GZD5	unreviewed	Klebsiella pneumoniae	Ligase	525
WP_015874968	A4GZD6	unreviewed	Klebsiella pneumoniae	Cell outer membrane;Ion transport;Iron;Iron transport;Membrane;Receptor;Signal;TonB box;Transmembrane;Transmembrane beta strand;Transport	673
WP_015874979	A4GZE7	unreviewed	Klebsiella pneumoniae	Cell outer membrane;Ion transport;Iron;Iron transport;Membrane;Receptor;Signal;TonB box;Transmembrane;Transmembrane beta strand;Transport	724
WP_015874980	A4GZE8	unreviewed	Klebsiella pneumoniae	Glycosyltransferase;Transferase	371
WP_015874982	A4GZF0	unreviewed	Klebsiella pneumoniae	Cytoplasm;Hydrolase	409
WP_015874986	A2V7P6	unreviewed	Klebsiella pneumoniae	DNA-binding	210
WP_015875022	Q762L7	unreviewed	Klebsiella pneumoniae	Transferase	404
WP_015875024	Q5KQY6	unreviewed	Klebsiella pneumoniae	Transferase	170
WP_015875025	Q7X4B1	unreviewed	Klebsiella pneumoniae	Ligase;Membrane;Transmembrane;Transmembrane helix	408
WP_015875026	Q762M4	unreviewed	Klebsiella pneumoniae	Transferase	356
WP_015875029	Q5XL54	unreviewed	Klebsiella pneumoniae	Hydrolase;Protein phosphatase	144
WP_016357051	P31108	reviewed	Legionella pneumophila subsp. pneumophila (strain Philadelphia 1 / ATCC 33152 / DSM 7513)	Iron;Metal-binding;Oxidoreductase;Reference proteome	192
WP_016357051	Q7B862	unreviewed	Legionella pneumophila	Iron;Metal-binding;Oxidoreductase	192
WP_020848986	Q2GJL5	unreviewed	Anaplasma phagocytophilum (strain HZ)	Reference proteome	376
WP_020848986	D2D055	unreviewed	Anaplasma phagocytophilum (Ehrlichia phagocytophila)		376
WP_024184430	G8GJI8	unreviewed	Escherichia coli		402
WP_024259428	O70018	unreviewed	Shigella dysenteriae	3D-structure;Heme;Iron;Metal-binding;Periplasm;Signal;Transport	304
WP_025298481.1	O05382	unreviewed	Aggregatibacter actinomycetemcomitans (Actinobacillus actinomycetemcomitans) (Haemophilus actinomycetemcomitans)	Cytoplasm;DNA damage;DNA repair;Exonuclease;Hydrolase;Magnesium;Manganese;Metal-binding;Nuclease	267
WP_025298484.1	O05371	unreviewed	Aggregatibacter actinomycetemcomitans (Actinobacillus actinomycetemcomitans) (Haemophilus actinomycetemcomitans)	ATP-binding;Nucleotide-binding;Transport	245
WP_025298485.1	O05370	unreviewed	Aggregatibacter actinomycetemcomitans (Actinobacillus actinomycetemcomitans) (Haemophilus actinomycetemcomitans)	Cell inner membrane;Cell membrane;Membrane;Transmembrane;Transmembrane helix;Transport	263
WP_025862367	Q9XD70	unreviewed	Legionella pneumophila	Cell inner membrane;Cell membrane;Membrane;Methylation;Transmembrane;Transmembrane helix	161
WP_032490785	Q6V4K5	unreviewed	Escherichia coli	Membrane;Plasmid;Transmembrane;Transmembrane helix	273
WP_032558006.1	A0ABV0I0W0	unreviewed	Bacteroides parvus	Membrane;Reference proteome;Transmembrane;Transmembrane helix	292
WP_032558007.1	A0ABV0I293	unreviewed	Bacteroides parvus	ATP-binding;Chaperone;Hydrolase;Nucleotide-binding;Protease;Reference proteome;Repeat	812
WP_032643420.1	A0AAW3HB93	unreviewed	Enterobacter chengduensis	Reference proteome	163
WP_032643423.1	A0AAW3HBL4	unreviewed	Enterobacter chengduensis	Membrane;Reference proteome;Transmembrane;Transmembrane helix	242
WP_032643425.1	A0AAW3HAV4	unreviewed	Enterobacter chengduensis	Reference proteome	449
WP_032643427.1	A0AAW3HAR8	unreviewed	Enterobacter chengduensis	Reference proteome	514
WP_032643429.1	A0AAW3HBR4	unreviewed	Enterobacter chengduensis	Reference proteome	165
WP_034448090	Q6G2B3	reviewed	Bartonella henselae (strain ATCC 49882 / DSM 28221 / CCUG 30454 / Houston 1) (Rochalimaea henselae)	Cell outer membrane;Membrane;Protein transport;Reference proteome;Signal;Transport;Virulence	288
WP_034448453	B0RK62	unreviewed	Bartonella henselae (Rochalimaea henselae)		99
WP_039417483.1	B2RH57	reviewed	Porphyromonas gingivalis (strain ATCC 33277 / DSM 20709 / CIP 103683 / JCM 12257 / NCTC 11834 / 2561)	Cell outer membrane;Fimbrium;Lipoprotein;Membrane;Palmitate;Reference proteome;Signal;Virulence	453
WP_039417483.1	O32388	reviewed	Porphyromonas gingivalis (Bacteroides gingivalis)	Cell outer membrane;Fimbrium;Lipoprotein;Membrane;Palmitate;Signal;Virulence	453
WP_041471735	Q92H62	reviewed	Rickettsia conorii (strain ATCC VR-613 / Malish 7)	Actin-binding;Reference proteome	517
WP_041594650	Q8YDZ0	reviewed	Brucella melitensis biotype 1 (strain ATCC 23456 / CCUG 17765 / NCTC 10094 / 16M)	Cell inner membrane;Cell membrane;Cell outer membrane;Membrane;Reference proteome;Transmembrane;Transmembrane helix;Transport;Virulence	380
WP_041603497	Q8KQI5	unreviewed	Haemophilus ducreyi	Cell membrane;Membrane;Transmembrane;Transmembrane helix	281
WP_041915475.1	Q6SC52	unreviewed	Aggregatibacter actinomycetemcomitans (Actinobacillus actinomycetemcomitans) (Haemophilus actinomycetemcomitans)		76
WP_041937790	Q5KQZ4	unreviewed	Klebsiella pneumoniae	Signal	477
WP_045890683.1	A0AAW3HC82	unreviewed	Enterobacter chengduensis	ATP-binding;Chaperone;Coiled coil;Nucleotide-binding;Reference proteome;Repeat	889
WP_050849356	Q00879	reviewed	Bordetella pertussis (strain Tohama I / ATCC BAA-589 / NCTC 13251)	Reference proteome;Signal	376
WP_053330353.1	Q6SC53	unreviewed	Aggregatibacter actinomycetemcomitans (Actinobacillus actinomycetemcomitans) (Haemophilus actinomycetemcomitans)		75
WP_115801843	Q8X834	unreviewed	Escherichia coli O157:H7	3D-structure;Metal-binding;Reference proteome;Zinc	339
WP_193581815	Q6G2B4	reviewed	Bartonella henselae (strain ATCC 49882 / DSM 28221 / CCUG 30454 / Houston 1) (Rochalimaea henselae)	Cell inner membrane;Cell membrane;Membrane;Protein transport;Reference proteome;Transmembrane;Transmembrane helix;Transport;Virulence	234
YP_001449236	Q9AJW6	unreviewed	Shigella flexneri	Plasmid;Reference proteome	88
YP_001449237	Q9AJU4	unreviewed	Shigella flexneri	Plasmid;Reference proteome	88
YP_002343512	Q0PC85	unreviewed	Campylobacter jejuni subsp. jejuni serotype O:2 (strain ATCC 700819 / NCTC 11168)	Cell projection;Cilium;Flagellum;Reference proteome	598
YP_002343513	Q0PC84	unreviewed	Campylobacter jejuni subsp. jejuni serotype O:2 (strain ATCC 700819 / NCTC 11168)	Bacterial flagellum biogenesis;Cell projection;Cilium;Flagellum;Reference proteome	294
YP_002343514	Q0PC83	unreviewed	Campylobacter jejuni subsp. jejuni serotype O:2 (strain ATCC 700819 / NCTC 11168)	Bacterial flagellum;Cell projection;Cilium;Flagellum;Reference proteome	545
YP_002343523	Q0PC74	unreviewed	Campylobacter jejuni subsp. jejuni serotype O:2 (strain ATCC 700819 / NCTC 11168)	Cell membrane;Cell projection;Chemotaxis;Cilium;Flagellar rotation;Flagellum;Membrane;Reference proteome	280
YP_002343524	Q0PC73	unreviewed	Campylobacter jejuni subsp. jejuni serotype O:2 (strain ATCC 700819 / NCTC 11168)	Bacterial flagellum;Cell inner membrane;Cell membrane;Cell projection;Chemotaxis;Cilium;Coiled coil;Flagellar rotation;Flagellum;Membrane;Reference proteome	359
YP_002343525	Q0PC72	unreviewed	Campylobacter jejuni subsp. jejuni serotype O:2 (strain ATCC 700819 / NCTC 11168)	Cell projection;Cilium;DNA-binding;Flagellum;Reference proteome;Sigma factor;Transcription;Transcription regulation	238
YP_002343527	Q0PC70	unreviewed	Campylobacter jejuni subsp. jejuni serotype O:2 (strain ATCC 700819 / NCTC 11168)	ATP-binding;Nucleotide-binding;Reference proteome	288
YP_002343528	O52908	reviewed	Campylobacter jejuni subsp. jejuni serotype O:2 (strain ATCC 700819 / NCTC 11168)	Bacterial flagellum biogenesis;Bacterial flagellum protein export;Cell membrane;GTP-binding;Membrane;Nucleotide-binding;Protein transport;Reference proteome;Transport	484
YP_002343698	Q0PBP9	unreviewed	Campylobacter jejuni subsp. jejuni serotype O:2 (strain ATCC 700819 / NCTC 11168)	Cell inner membrane;Cell membrane;Membrane;Reference proteome;Transferase;Transmembrane;Transmembrane helix	512
YP_002343724	Q0PBM3	unreviewed	Campylobacter jejuni subsp. jejuni serotype O:2 (strain ATCC 700819 / NCTC 11168)	Reference proteome	173
YP_002343725	Q0PBM2	unreviewed	Campylobacter jejuni subsp. jejuni serotype O:2 (strain ATCC 700819 / NCTC 11168)	Kinase;Phosphoprotein;Reference proteome;Transferase	769
YP_002343726	Q0PBM1	unreviewed	Campylobacter jejuni subsp. jejuni serotype O:2 (strain ATCC 700819 / NCTC 11168)	Phosphoprotein;Reference proteome;Transferase	318
YP_002343756	Q0PBJ1	unreviewed	Campylobacter jejuni subsp. jejuni serotype O:2 (strain ATCC 700819 / NCTC 11168)	Bacterial flagellum;Cell membrane;Cell projection;Cilium;Flagellum;Membrane;Reference proteome;Transmembrane;Transmembrane helix	560
YP_002343757	Q0PBJ0	unreviewed	Campylobacter jejuni subsp. jejuni serotype O:2 (strain ATCC 700819 / NCTC 11168)	Bacterial flagellum;Cell membrane;Cell projection;Chemotaxis;Cilium;Flagellar rotation;Flagellum;Membrane;Reference proteome	342
YP_002343758	Q0PBI9	unreviewed	Campylobacter jejuni subsp. jejuni serotype O:2 (strain ATCC 700819 / NCTC 11168)	Bacterial flagellum biogenesis;Bacterial flagellum protein export;Cell projection;Cilium;Coiled coil;Flagellum;Protein transport;Reference proteome;Transport	276
YP_002343773	Q0PBH4	unreviewed	Campylobacter jejuni subsp. jejuni serotype O:2 (strain ATCC 700819 / NCTC 11168)	Bacterial flagellum biogenesis;Bacterial flagellum protein export;Cell membrane;Cell projection;Cilium;Flagellum;Membrane;Protein transport;Reference proteome;Transmembrane;Transmembrane helix;Transport	362
YP_002343774	Q0PBH3	unreviewed	Campylobacter jejuni subsp. jejuni serotype O:2 (strain ATCC 700819 / NCTC 11168)	Cell membrane;Cell projection;Cilium;Flagellum;Membrane;Reference proteome;Transmembrane;Transmembrane helix	247
YP_002343775	Q0PBH2	unreviewed	Campylobacter jejuni subsp. jejuni serotype O:2 (strain ATCC 700819 / NCTC 11168)	Cell membrane;Cell projection;Cilium;Flagellar rotation;Flagellum;Membrane;Reference proteome;Transmembrane;Transmembrane helix;Transport	258
YP_002343789	Q0PBF8	unreviewed	Campylobacter jejuni subsp. jejuni serotype O:2 (strain ATCC 700819 / NCTC 11168)	Cell membrane;Cell projection;Chemotaxis;Cilium;Flagellar rotation;Flagellum;Membrane;Reference proteome	102
YP_002343808	Q9PID1	reviewed	Campylobacter jejuni subsp. jejuni serotype O:2 (strain ATCC 700819 / NCTC 11168)	Cell membrane;Lipoprotein;Membrane;Palmitate;Reference proteome;Signal	201
YP_002343957	Q9PHY8	reviewed	Campylobacter jejuni subsp. jejuni serotype O:2 (strain ATCC 700819 / NCTC 11168)	Bacterial flagellum;Reference proteome	98
YP_002343958	Q0PAY9	unreviewed	Campylobacter jejuni subsp. jejuni serotype O:2 (strain ATCC 700819 / NCTC 11168)	Bacterial flagellum;Cell projection;Cilium;Flagellum;Reference proteome	164
YP_002343959	Q0PAY8	unreviewed	Campylobacter jejuni subsp. jejuni serotype O:2 (strain ATCC 700819 / NCTC 11168)	Bacterial flagellum;Cell projection;Cilium;Flagellum;Reference proteome	143
YP_002343978	Q0PAW9	unreviewed	Campylobacter jejuni subsp. jejuni serotype O:2 (strain ATCC 700819 / NCTC 11168)	Cell projection;Cilium;Flagellum;Reference proteome	121
YP_002343979	Q9PHW6	reviewed	Campylobacter jejuni subsp. jejuni serotype O:2 (strain ATCC 700819 / NCTC 11168)	3D-structure;Bacterial flagellum;Coiled coil;Reference proteome;Secreted	642
YP_002343980	Q0PAW7	unreviewed	Campylobacter jejuni subsp. jejuni serotype O:2 (strain ATCC 700819 / NCTC 11168)	Bacterial flagellum biogenesis;Cell projection;Chaperone;Cilium;Cytoplasm;Flagellum;Reference proteome	128
YP_002344093	Q0PAK4	unreviewed	Campylobacter jejuni subsp. jejuni serotype O:2 (strain ATCC 700819 / NCTC 11168)	DNA-binding;DNA-directed RNA polymerase;Nucleotidyltransferase;Reference proteome;Sigma factor;Transcription;Transcription regulation;Transferase	416
YP_002344105	Q9PPM0	reviewed	Campylobacter jejuni subsp. jejuni serotype O:2 (strain ATCC 700819 / NCTC 11168)	Bacterial flagellum;Cell outer membrane;Lipoprotein;Membrane;Palmitate;Reference proteome;Signal	232
YP_002344115	Q0PAI2	unreviewed	Campylobacter jejuni subsp. jejuni serotype O:2 (strain ATCC 700819 / NCTC 11168)	Bacterial flagellum;Cell projection;Cilium;Flagellum;Reference proteome	270
YP_002344116	Q0PAI1	unreviewed	Campylobacter jejuni subsp. jejuni serotype O:2 (strain ATCC 700819 / NCTC 11168)	Bacterial flagellum;Cell projection;Cilium;Flagellum;Reference proteome	263
YP_002344138	P96747	reviewed	Campylobacter jejuni subsp. jejuni serotype O:2 (strain ATCC 700819 / NCTC 11168)	Reference proteome;Secreted;Virulence	249
YP_002344176	Q0PAC1	unreviewed	Campylobacter jejuni subsp. jejuni serotype O:2 (strain ATCC 700819 / NCTC 11168)	Bacterial flagellum biogenesis;Cell projection;Cilium;Flagellum;Periplasm;Reference proteome	220
YP_002344200	Q0PA97	unreviewed	Campylobacter jejuni subsp. jejuni serotype O:2 (strain ATCC 700819 / NCTC 11168)	ATP-binding;Kinase;Nucleotide-binding;Phosphoprotein;Reference proteome;Transferase;Two-component regulatory system	339
YP_002344227	Q0PA70	unreviewed	Campylobacter jejuni subsp. jejuni serotype O:2 (strain ATCC 700819 / NCTC 11168)	Bacterial flagellum;Bacterial flagellum biogenesis;Bacterial flagellum protein export;Cell membrane;Cell projection;Cilium;Flagellum;Membrane;Protein transport;Reference proteome;Signal;Transmembrane;Transmembrane helix;Transport	244
YP_002344282	Q0PA15	unreviewed	Campylobacter jejuni subsp. jejuni serotype O:2 (strain ATCC 700819 / NCTC 11168)	Bacterial flagellum biogenesis;Bacterial flagellum protein export;Cell membrane;Cell projection;Cilium;Flagellum;Membrane;Protein transport;Reference proteome;Transmembrane;Transmembrane helix;Transport	724
YP_002344283	Q0PA14	unreviewed	Campylobacter jejuni subsp. jejuni serotype O:2 (strain ATCC 700819 / NCTC 11168)	DNA-binding;Metal-binding;Reference proteome;Transcription;Transcription regulation	136
YP_002344286	Q0PA11	unreviewed	Campylobacter jejuni subsp. jejuni serotype O:2 (strain ATCC 700819 / NCTC 11168)	Bacterial flagellum;Cell projection;Cilium;Flagellum;Reference proteome;Secreted	750
YP_002344312	Q0P9Y5	unreviewed	Campylobacter jejuni subsp. jejuni serotype O:2 (strain ATCC 700819 / NCTC 11168)	Coiled coil;Reference proteome	610
YP_002344319	Q0P9X8	reviewed	Campylobacter jejuni subsp. jejuni serotype O:2 (strain ATCC 700819 / NCTC 11168)	3D-structure;Direct protein sequencing;Reference proteome;Signal;Transport	259
YP_002344378	P45492	reviewed	Campylobacter jejuni subsp. jejuni serotype O:2 (strain ATCC 700819 / NCTC 11168)	Cell membrane;Lipoprotein;Membrane;Palmitate;Reference proteome;Signal	372
YP_002344419	Q0P9M8	unreviewed	Campylobacter jejuni subsp. jejuni serotype O:2 (strain ATCC 700819 / NCTC 11168)	ATP-binding;DNA-binding;Nucleotide-binding;Phosphoprotein;Reference proteome;Transcription;Transcription regulation	433
YP_002344420	Q0P9M7	unreviewed	Campylobacter jejuni subsp. jejuni serotype O:2 (strain ATCC 700819 / NCTC 11168)	Reference proteome	149
YP_002344421	Q0P9M6	unreviewed	Campylobacter jejuni subsp. jejuni serotype O:2 (strain ATCC 700819 / NCTC 11168)	Lipoprotein;Palmitate;Reference proteome;Signal	171
YP_002344468	Q0P9H9	reviewed	Campylobacter jejuni subsp. jejuni serotype O:2 (strain ATCC 700819 / NCTC 11168)	Bacterial flagellum biogenesis;Chaperone;Cytoplasm;Reference proteome;Translation regulation	129
YP_002344511	P0C635	reviewed	Campylobacter jejuni subsp. jejuni serotype O:2 (strain ATCC 700819 / NCTC 11168)	Chemotaxis;Cytoplasm;Flagellar rotation;Magnesium;Metal-binding;Phosphoprotein;Reference proteome;Two-component regulatory system	130
YP_002344526	Q0P9C1	unreviewed	Campylobacter jejuni subsp. jejuni serotype O:2 (strain ATCC 700819 / NCTC 11168)	Cell inner membrane;Cell membrane;Glycosyltransferase;Lipopolysaccharide biosynthesis;Membrane;Reference proteome;Transferase	342
YP_002344527	Q0P9C0	unreviewed	Campylobacter jejuni subsp. jejuni serotype O:2 (strain ATCC 700819 / NCTC 11168)	Acyltransferase;Cell inner membrane;Cell membrane;Membrane;Reference proteome;Transferase;Transmembrane;Transmembrane helix	295
YP_002344528	Q0P9B9	unreviewed	Campylobacter jejuni subsp. jejuni serotype O:2 (strain ATCC 700819 / NCTC 11168)	Reference proteome;Transferase	515
YP_002344529	Q0P9B8	unreviewed	Campylobacter jejuni subsp. jejuni serotype O:2 (strain ATCC 700819 / NCTC 11168)	Reference proteome	390
YP_002344530	Q0P9B7	unreviewed	Campylobacter jejuni subsp. jejuni serotype O:2 (strain ATCC 700819 / NCTC 11168)	Reference proteome	331
YP_002344531	Q0P9B6	unreviewed	Campylobacter jejuni subsp. jejuni serotype O:2 (strain ATCC 700819 / NCTC 11168)	Reference proteome	389
YP_002344532	Q0P9B5	unreviewed	Campylobacter jejuni subsp. jejuni serotype O:2 (strain ATCC 700819 / NCTC 11168)	Glycosyltransferase;Reference proteome;Transferase	303
YP_002344533	Q0P9B4	unreviewed	Campylobacter jejuni subsp. jejuni serotype O:2 (strain ATCC 700819 / NCTC 11168)	Glycosyltransferase;Reference proteome;Transferase	294
YP_002344534	Q0P9B3	unreviewed	Campylobacter jejuni subsp. jejuni serotype O:2 (strain ATCC 700819 / NCTC 11168)	Lyase;Reference proteome	343
YP_002344535	Q0P9B2	unreviewed	Campylobacter jejuni subsp. jejuni serotype O:2 (strain ATCC 700819 / NCTC 11168)	Isomerase;Reference proteome	371
YP_002344537	Q0P9B0	unreviewed	Campylobacter jejuni subsp. jejuni serotype O:2 (strain ATCC 700819 / NCTC 11168)	Reference proteome	281
YP_002344538	Q0P9A9	unreviewed	Campylobacter jejuni subsp. jejuni serotype O:2 (strain ATCC 700819 / NCTC 11168)	Reference proteome	274
YP_002344539	Q0P9A8	reviewed	Campylobacter jejuni subsp. jejuni serotype O:2 (strain ATCC 700819 / NCTC 11168)	Glycosyltransferase;Reference proteome;Transferase	319
YP_002344540	Q9PNE6	reviewed	Campylobacter jejuni subsp. jejuni serotype O:2 (strain ATCC 700819 / NCTC 11168)	3D-structure;Carbohydrate metabolism;Cytoplasm;Isomerase;Metal-binding;Reference proteome;Zinc	186
YP_002344541	Q6TG09	reviewed	Campylobacter jejuni subsp. jejuni serotype O:2 (strain ATCC 700819 / NCTC 11168)	ATP-binding;Carbohydrate metabolism;Kinase;Multifunctional enzyme;Nucleotide-binding;Nucleotidyltransferase;Reference proteome;Transferase	461
YP_002344542	Q0P9A5	unreviewed	Campylobacter jejuni subsp. jejuni serotype O:2 (strain ATCC 700819 / NCTC 11168)	Carbohydrate metabolism;Isomerase;NADP;Reference proteome	317
YP_002344543	Q6TG07	reviewed	Campylobacter jejuni subsp. jejuni serotype O:2 (strain ATCC 700819 / NCTC 11168)	Capsule biogenesis/degradation;Carbohydrate metabolism;Cytoplasm;Hydrolase;Magnesium;Metal-binding;Reference proteome;Zinc	172
YP_002344570	Q0P977	unreviewed	Campylobacter jejuni subsp. jejuni serotype O:2 (strain ATCC 700819 / NCTC 11168)	Bacterial flagellum;Cell membrane;Cell projection;Cilium;Flagellum;Membrane;Reference proteome;Transmembrane;Transmembrane helix	255
YP_002344633	Q0P914	unreviewed	Campylobacter jejuni subsp. jejuni serotype O:2 (strain ATCC 700819 / NCTC 11168)	Reference proteome	106
YP_002344650	P80672	reviewed	Campylobacter jejuni subsp. jejuni serotype O:2 (strain ATCC 700819 / NCTC 11168)	Cell adhesion;Cell outer membrane;Direct protein sequencing;Ion transport;Membrane;Porin;Reference proteome;Signal;Transmembrane;Transmembrane beta strand;Transport	424
YP_002344670	Q0P8X7	unreviewed	Campylobacter jejuni subsp. jejuni serotype O:2 (strain ATCC 700819 / NCTC 11168)	Lipoprotein;Palmitate;Reference proteome;Signal	411
YP_002344683	Q0P8W4	reviewed	Campylobacter jejuni subsp. jejuni serotype O:2 (strain ATCC 700819 / NCTC 11168)	Lyase;NADP;Nucleotide-binding;Reference proteome	334
YP_002344684	Q0P8W3	reviewed	Campylobacter jejuni subsp. jejuni serotype O:2 (strain ATCC 700819 / NCTC 11168)	Aminotransferase;Pyridoxal phosphate;Reference proteome;Transferase	376
YP_002344701	Q0P8U6	reviewed	Campylobacter jejuni subsp. jejuni serotype O:2 (strain ATCC 700819 / NCTC 11168)	Magnesium;Metal-binding;Nucleotidyltransferase;Reference proteome;Transferase	232
YP_002344702	Q0P8U5	reviewed	Campylobacter jejuni subsp. jejuni serotype O:2 (strain ATCC 700819 / NCTC 11168)	3D-structure;Hydrolase;Reference proteome	274
YP_002344703	Q0P8U4	reviewed	Campylobacter jejuni subsp. jejuni serotype O:2 (strain ATCC 700819 / NCTC 11168)	Acyltransferase;Reference proteome;Transferase	157
YP_002344706	Q0P8U1	unreviewed	Campylobacter jejuni subsp. jejuni serotype O:2 (strain ATCC 700819 / NCTC 11168)	Reference proteome	378
YP_002344707	Q0P8U0	reviewed	Campylobacter jejuni subsp. jejuni serotype O:2 (strain ATCC 700819 / NCTC 11168)	3D-structure;Metal-binding;Reference proteome;Transferase	343
YP_002344720	Q0P8S7	reviewed	Campylobacter jejuni subsp. jejuni serotype O:2 (strain ATCC 700819 / NCTC 11168)	Bacterial flagellum biogenesis;Nucleotidyltransferase;Reference proteome;Transferase	235
YP_002344721	Q0P8S6	unreviewed	Campylobacter jejuni subsp. jejuni serotype O:2 (strain ATCC 700819 / NCTC 11168)	Reference proteome	256
YP_002344722	Q0P8S5	unreviewed	Campylobacter jejuni subsp. jejuni serotype O:2 (strain ATCC 700819 / NCTC 11168)	Reference proteome	653
YP_002344724	Q0P8S3	unreviewed	Campylobacter jejuni subsp. jejuni serotype O:2 (strain ATCC 700819 / NCTC 11168)	Coiled coil;Reference proteome	649
YP_002344725	Q0P8S2	unreviewed	Campylobacter jejuni subsp. jejuni serotype O:2 (strain ATCC 700819 / NCTC 11168)	Reference proteome	628
YP_002344726	P56964	reviewed	Campylobacter jejuni subsp. jejuni serotype O:2 (strain ATCC 700819 / NCTC 11168)	Bacterial flagellum;Reference proteome;Secreted	572
YP_002344727	P56963	reviewed	Campylobacter jejuni subsp. jejuni serotype O:2 (strain ATCC 700819 / NCTC 11168)	Bacterial flagellum;Reference proteome;Secreted	572
YP_002344791	Q0P8K6	unreviewed	Campylobacter jejuni subsp. jejuni serotype O:2 (strain ATCC 700819 / NCTC 11168)	Cell membrane;Cell projection;Chemotaxis;Cilium;Flagellar rotation;Flagellum;Membrane;Reference proteome;Transmembrane;Transmembrane helix	178
YP_002344796	Q0P8K1	unreviewed	Campylobacter jejuni subsp. jejuni serotype O:2 (strain ATCC 700819 / NCTC 11168)	Membrane;Reference proteome;Transmembrane;Transmembrane helix	394
YP_002344797	Q0P8K0	unreviewed	Campylobacter jejuni subsp. jejuni serotype O:2 (strain ATCC 700819 / NCTC 11168)	Reference proteome	689
YP_002344799	Q0P8J8	reviewed	Campylobacter jejuni subsp. jejuni serotype O:2 (strain ATCC 700819 / NCTC 11168)	Capsule biogenesis/degradation;Nucleotidyltransferase;Reference proteome;Transferase	253
YP_002344800	Q0P8J7	reviewed	Campylobacter jejuni subsp. jejuni serotype O:2 (strain ATCC 700819 / NCTC 11168)	Capsule biogenesis/degradation;Hydrolase;Reference proteome	200
YP_002344801	Q0P8J6	reviewed	Campylobacter jejuni subsp. jejuni serotype O:2 (strain ATCC 700819 / NCTC 11168)	Capsule biogenesis/degradation;Kinase;Reference proteome;Transferase	779
YP_002344802	Q0P8J5	unreviewed	Campylobacter jejuni subsp. jejuni serotype O:2 (strain ATCC 700819 / NCTC 11168)	Methyltransferase;Reference proteome;Transferase	253
YP_002344803	Q0P8J4	unreviewed	Campylobacter jejuni subsp. jejuni serotype O:2 (strain ATCC 700819 / NCTC 11168)	Methyltransferase;Reference proteome;Transferase	257
YP_002344804	Q0P8J3	unreviewed	Campylobacter jejuni subsp. jejuni serotype O:2 (strain ATCC 700819 / NCTC 11168)	Reference proteome;Transferase	612
YP_002344805	Q0P8J2	unreviewed	Campylobacter jejuni subsp. jejuni serotype O:2 (strain ATCC 700819 / NCTC 11168)	Reference proteome;Transferase	625
YP_002344806	Q0P8J1	reviewed	Campylobacter jejuni subsp. jejuni serotype O:2 (strain ATCC 700819 / NCTC 11168)	Capsule biogenesis/degradation;Carbohydrate metabolism;GTP-binding;Nucleotide-binding;Nucleotidyltransferase;Reference proteome;Transferase	221
YP_002344807	Q9PMN3	reviewed	Campylobacter jejuni subsp. jejuni serotype O:2 (strain ATCC 700819 / NCTC 11168)	Capsule biogenesis/degradation;Carbohydrate metabolism;Cytoplasm;Isomerase;Metal-binding;Reference proteome;Zinc	201
YP_002344808	Q0P8I9	reviewed	Campylobacter jejuni subsp. jejuni serotype O:2 (strain ATCC 700819 / NCTC 11168)	3D-structure;ATP-binding;Capsule biogenesis/degradation;Carbohydrate metabolism;Kinase;Magnesium;Metal-binding;Nucleotide-binding;Reference proteome;Transferase	339
YP_002344809	Q0P8I8	unreviewed	Campylobacter jejuni subsp. jejuni serotype O:2 (strain ATCC 700819 / NCTC 11168)	Methyltransferase;Reference proteome;Transferase	283
YP_002344810	Q0P8I7	reviewed	Campylobacter jejuni subsp. jejuni serotype O:2 (strain ATCC 700819 / NCTC 11168)	3D-structure;NAD;Oxidoreductase;Reference proteome	313
YP_002344811	Q0P8I6	unreviewed	Campylobacter jejuni subsp. jejuni serotype O:2 (strain ATCC 700819 / NCTC 11168)	3D-structure;Isomerase;Multifunctional enzyme;NADP;Nucleotide-binding;Oxidoreductase;Reference proteome	346
YP_002344812	Q0P8I5	unreviewed	Campylobacter jejuni subsp. jejuni serotype O:2 (strain ATCC 700819 / NCTC 11168)	Reference proteome	308
YP_002344813	Q0P8I4	unreviewed	Campylobacter jejuni subsp. jejuni serotype O:2 (strain ATCC 700819 / NCTC 11168)	3D-structure;Isomerase;Reference proteome	181
YP_002344814	Q0P8I3	unreviewed	Campylobacter jejuni subsp. jejuni serotype O:2 (strain ATCC 700819 / NCTC 11168)	Reference proteome	582
YP_002344816	Q0P8I1	unreviewed	Campylobacter jejuni subsp. jejuni serotype O:2 (strain ATCC 700819 / NCTC 11168)	Iron;Iron-sulfur;Metal-binding;Reference proteome;S-adenosyl-L-methionine	368
YP_002344817	Q0P8I0	unreviewed	Campylobacter jejuni subsp. jejuni serotype O:2 (strain ATCC 700819 / NCTC 11168)	Reference proteome;Transferase	445
YP_002344818	Q0P8H9	unreviewed	Campylobacter jejuni subsp. jejuni serotype O:2 (strain ATCC 700819 / NCTC 11168)	Reference proteome	211
YP_002344819	Q0P8H8	reviewed	Campylobacter jejuni subsp. jejuni serotype O:2 (strain ATCC 700819 / NCTC 11168)	Capsule biogenesis/degradation;Decarboxylase;Lyase;Pyridoxal phosphate;Reference proteome	390
YP_002344820	Q0P8H7	reviewed	Campylobacter jejuni subsp. jejuni serotype O:2 (strain ATCC 700819 / NCTC 11168)	Aminotransferase;Capsule biogenesis/degradation;Pyridoxal phosphate;Reference proteome;Transferase	367
YP_002344821	Q0P8H6	unreviewed	Campylobacter jejuni subsp. jejuni serotype O:2 (strain ATCC 700819 / NCTC 11168)	Reference proteome;Transferase	776
YP_002344822	Q0P8H5	unreviewed	Campylobacter jejuni subsp. jejuni serotype O:2 (strain ATCC 700819 / NCTC 11168)	3D-structure;FAD;Flavoprotein;Isomerase;Nucleotide-binding;Reference proteome	368
YP_002344823	Q0P8H4	unreviewed	Campylobacter jejuni subsp. jejuni serotype O:2 (strain ATCC 700819 / NCTC 11168)	Reference proteome;Transferase	407
YP_002344824	Q0P8H3	reviewed	Campylobacter jejuni subsp. jejuni serotype O:2 (strain ATCC 700819 / NCTC 11168)	3D-structure;Capsule biogenesis/degradation;NAD;Oxidoreductase;Reference proteome	393
YP_002344825	Q0P8H2	unreviewed	Campylobacter jejuni subsp. jejuni serotype O:2 (strain ATCC 700819 / NCTC 11168)	Reference proteome;Transferase	544
YP_002344826	Q0P8H1	unreviewed	Campylobacter jejuni subsp. jejuni serotype O:2 (strain ATCC 700819 / NCTC 11168)	Carbohydrate metabolism;CBS domain;Isomerase;Metal-binding;Reference proteome;Repeat;Zinc	315
YP_002344827	Q0P8H0	unreviewed	Campylobacter jejuni subsp. jejuni serotype O:2 (strain ATCC 700819 / NCTC 11168)	Reference proteome;Signal	552
YP_002344828	Q0P8G9	unreviewed	Campylobacter jejuni subsp. jejuni serotype O:2 (strain ATCC 700819 / NCTC 11168)	Coiled coil;Membrane;Reference proteome;Transmembrane;Transmembrane helix	372
YP_002344829	Q0P8G8	unreviewed	Campylobacter jejuni subsp. jejuni serotype O:2 (strain ATCC 700819 / NCTC 11168)	ATP-binding;Nucleotide-binding;Reference proteome;Transport	220
YP_002344830	Q0P8G7	unreviewed	Campylobacter jejuni subsp. jejuni serotype O:2 (strain ATCC 700819 / NCTC 11168)	Cell inner membrane;Cell membrane;Membrane;Reference proteome;Transmembrane;Transmembrane helix;Transport	260
YP_002344844	Q9PMJ8	reviewed	Campylobacter jejuni subsp. jejuni serotype O:2 (strain ATCC 700819 / NCTC 11168)	Bacterial flagellum;Periplasm;Reference proteome;Signal	348
YP_002344846	Q0P8F1	unreviewed	Campylobacter jejuni subsp. jejuni serotype O:2 (strain ATCC 700819 / NCTC 11168)	Reference proteome	65
YP_002344848	Q0P8E9	unreviewed	Campylobacter jejuni subsp. jejuni serotype O:2 (strain ATCC 700819 / NCTC 11168)	3D-structure;Bacterial flagellum;Cell projection;Cilium;Flagellum;Reference proteome;Secreted	608
YP_002344858	Q0P8D9	unreviewed	Campylobacter jejuni subsp. jejuni serotype O:2 (strain ATCC 700819 / NCTC 11168)	Cell outer membrane;Ion transport;Membrane;Porin;Reference proteome;Signal;Transmembrane;Transmembrane beta strand;Transport	319
YP_002344934	Q0P863	unreviewed	Campylobacter jejuni subsp. jejuni serotype O:2 (strain ATCC 700819 / NCTC 11168)	Reference proteome	788
YP_002345043	Q0P7V4	unreviewed	Campylobacter jejuni subsp. jejuni serotype O:2 (strain ATCC 700819 / NCTC 11168)	Bacterial flagellum;Cell membrane;Cell projection;Cilium;Flagellum;Membrane;Reference proteome;Transmembrane;Transmembrane helix	89
YP_008719764	Q9HZ84	unreviewed	Pseudomonas aeruginosa (strain ATCC 15692 / DSM 22644 / CIP 104116 / JCM 14847 / LMG 12228 / 1C / PRS 101 / PAO1)	Reference proteome	180
YP_177694	P9WQN9	reviewed	Mycobacterium tuberculosis (strain ATCC 25618 / H37Rv)	3D-structure;Acyltransferase;Direct protein sequencing;Reference proteome;Secreted;Signal;Transferase	340
YP_177710	L7N695	reviewed	Mycobacterium tuberculosis (strain ATCC 25618 / H37Rv)	3D-structure;Reference proteome;Secreted;Virulence	102
YP_177711	P9WI43	reviewed	Mycobacterium tuberculosis (strain ATCC 25618 / H37Rv)	3D-structure;Cell membrane;Membrane;Reference proteome;Transmembrane;Transmembrane helix	513
YP_177728	P9WKK7	reviewed	Mycobacterium tuberculosis (strain ATCC 25618 / H37Rv)	3D-structure;Glyoxylate bypass;Isopeptide bond;Lyase;Magnesium;Manganese;Metal-binding;Reference proteome;Tricarboxylic acid cycle;Ubl conjugation	428
YP_177730	P9WPB3	reviewed	Mycobacterium tuberculosis (strain ATCC 25618 / H37Rv)	3D-structure;Acetylation;Cytoplasm;Lipid biosynthesis;Lipid metabolism;Methyltransferase;Phosphoprotein;Reference proteome;S-adenosyl-L-methionine;Transferase	287
YP_177826	Q79FL8	reviewed	Mycobacterium tuberculosis (strain ATCC 25618 / H37Rv)	Cell wall;Reference proteome;Secreted;Virulence	1011
YP_177833	P9WI13	reviewed	Mycobacterium tuberculosis (strain ATCC 25618 / H37Rv)	Reference proteome	365
YP_177834	L7N649	unreviewed	Mycobacterium tuberculosis (strain ATCC 25618 / H37Rv)	Reference proteome	99
YP_177835	Q79FK6	reviewed	Mycobacterium tuberculosis (strain ATCC 25618 / H37Rv)	Reference proteome;Virulence	393
YP_177836	Q79FK5	unreviewed	Mycobacterium tuberculosis (strain ATCC 25618 / H37Rv)	Reference proteome	350
YP_177837	Q79FK4	unreviewed	Mycobacterium tuberculosis (strain ATCC 25618 / H37Rv)	Reference proteome	99
YP_177838	P9WNJ3	reviewed	Mycobacterium tuberculosis (strain ATCC 25618 / H37Rv)	Reference proteome;Secreted	94
YP_177876	Q79FE8	unreviewed	Mycobacterium tuberculosis (strain ATCC 25618 / H37Rv)	Hydrolase;Reference proteome	306
YP_177877	P9WFX1	reviewed	Mycobacterium tuberculosis (strain ATCC 25618 / H37Rv)	3D-structure;Isomerase;Lyase;Magnesium;Metal-binding;Reference proteome	450
YP_177881	Q79FE1	reviewed	Mycobacterium tuberculosis (strain ATCC 25618 / H37Rv)	3D-structure;Reference proteome;Secreted;Virulence	194
YP_178017	P9WQN7	reviewed	Mycobacterium tuberculosis (strain ATCC 25618 / H37Rv)	3D-structure;Acyltransferase;Reference proteome;Secreted;Signal;Transferase	299
YP_178020	P9WIK7	reviewed	Mycobacterium tuberculosis (strain ATCC 25618 / H37Rv)	3D-structure;Acyltransferase;Cell wall biogenesis/degradation;Lipid biosynthesis;Lipid metabolism;Reference proteome;Transferase	468
YP_178021	P9WIG7	reviewed	Mycobacterium tuberculosis (strain ATCC 25618 / H37Rv)	Reference proteome;Secreted;Virulence	99
YP_178022	P9WHW9	reviewed	Mycobacterium tuberculosis (strain ATCC 25618 / H37Rv)	Cell membrane;Cell wall;Membrane;Reference proteome;Secreted;Virulence	368
YP_178023	P9WNK7	reviewed	Mycobacterium tuberculosis (strain ATCC 25618 / H37Rv)	3D-structure;Acetylation;Apoptosis;Cell wall;Coiled coil;Direct protein sequencing;Host cell membrane;Host cytoplasm;Host endoplasmic reticulum;Host membrane;Membrane;Reference proteome;Secreted;Transmembrane;Transmembrane helix;Virulence	95
YP_178023	B5TV89	unreviewed	Mycobacterium tuberculosis (strain ATCC 25618 / H37Rv)	Coiled coil;Host membrane;Membrane;Secreted;Transmembrane;Transmembrane helix;Virulence	95
AAA17490	P09331	reviewed	Staphylococcus aureus	3D-structure;Calcium;Direct protein sequencing;Hydrolase;Protease;Serine protease;Signal;Toxin;Virulence	280
AAA20525	Q48029	unreviewed	Haemophilus influenzae	Signal	545
AAA20526	Q48030	unreviewed	Haemophilus influenzae	Glycosyltransferase;Transferase	650
AAA20528	Q48032	unreviewed	Haemophilus influenzae	Signal	545
AAA20529	Q48033	unreviewed	Haemophilus influenzae	Glycosyltransferase;Transferase	650
AAA92657	P13949	reviewed	Escherichia coli	Activator;Conjugation;Cytoplasm;Plasmid;Transcription;Transcription regulation	201
AAB65153	O34165	unreviewed	Escherichia coli		186
AAC34910.1	Q44790	unreviewed	Borreliella burgdorferi (Lyme disease spirochete) (Borrelia burgdorferi)	3D-structure;Lipoprotein;Palmitate;Plasmid;Signal	179
AAC38364	O52122	unreviewed	Escherichia coli	Cytoplasm;DNA-binding	129
AAC38392	P19809	reviewed	Escherichia coli O127:H6 (strain E2348/69 / EPEC)	3D-structure;Cell adhesion;Cell outer membrane;Disulfide bond;Membrane;Reference proteome;Repeat;Signal;Virulence	939
AAC67814	O84225	unreviewed	Chlamydia trachomatis serovar D (strain ATCC VR-885 / DSM 19411 / UW-3/Cx)	Membrane;Reference proteome;Transmembrane;Transmembrane helix	129
AAD32423	Q44636	reviewed	Bacillus anthracis	3D-structure;Activator;Capsule biogenesis/degradation;Plasmid;Reference proteome;Repeat;Transcription;Transcription regulation;Virulence	475
AAD40326	D0ZVG2	reviewed	Salmonella typhimurium (strain 14028s / SGSC 2262)	3D-structure;Host cytoplasm;Host nucleus;Leucine-rich repeat;Reference proteome;Repeat;Secreted;Transferase;Ubl conjugation;Ubl conjugation pathway;Virulence	700
AAF13660	Q51693	reviewed	Bacillus anthracis	3D-structure;Capsule biogenesis/degradation;Direct protein sequencing;Hydrolase;Plasmid;Protease;Reference proteome;Signal;Transferase;Virulence;Zymogen	528
AAF13661	P19579	reviewed	Bacillus anthracis	Capsule biogenesis/degradation;Cell membrane;Membrane;Plasmid;Reference proteome;Transmembrane;Transmembrane helix;Virulence	411
AAF13662	P19581	reviewed	Bacillus anthracis	Capsule biogenesis/degradation;Cell membrane;Membrane;Plasmid;Reference proteome;Transmembrane;Transmembrane helix;Virulence	149
AAF13663	P19580	reviewed	Bacillus anthracis	Capsule biogenesis/degradation;Cell membrane;Membrane;Plasmid;Reference proteome;Transmembrane;Transmembrane helix;Virulence	464
AAF37887	Q9L6J0	unreviewed	Escherichia coli	Cell outer membrane;Conjugation;Disulfide bond;Ion transport;Membrane;Porin;Repeat;Signal;Transmembrane;Transmembrane beta strand;Transport	346
AAF96036	Q9KN43	unreviewed	Vibrio cholerae serotype O1 (strain ATCC 39315 / El Tor Inaba N16961)	Reference proteome	80
AAG10151	Q9F821	unreviewed	Escherichia coli	Calcium;Hydrolase;Metal-binding;Signal	475
AAK16475	Q7BG38	unreviewed	Escherichia coli	Transcription;Transcription regulation	101
AAK16476	Q7BG37	unreviewed	Escherichia coli	Chaperone;Immunoglobulin domain;Periplasm;Signal	247
AAK16477	Q9AGQ3	unreviewed	Escherichia coli	Cell outer membrane;Fimbrium biogenesis;Lipoprotein;Membrane;Palmitate;Signal;Transmembrane;Transmembrane beta strand;Transport	859
AAK16479	Q9AGQ2	unreviewed	Escherichia coli		57
AAK16480	Q7BG35	unreviewed	Escherichia coli	Signal	160
AAN07916	P0DUW5	reviewed	Escherichia coli	3D-structure;Host nucleus;Hydrolase;Plasmid;Secreted;Toxin;Virulence	282
AAN12397	Q84BK5	unreviewed	Enterococcus faecium (Streptococcus faecium)	Cell wall;Collagen;Membrane;Peptidoglycan-anchor;Secreted;Signal;Transmembrane;Transmembrane helix	721
AAP42178	Q7B3Y5	unreviewed	Haemophilus influenzae	Capsule biogenesis/degradation;Cell membrane;Membrane;Polysaccharide transport;Sugar transport;Transmembrane;Transmembrane helix;Transport	265
AAP42179	Q7WRX7	unreviewed	Haemophilus influenzae	Capsule biogenesis/degradation;Cell inner membrane;Cell membrane;Coiled coil;Membrane;Polysaccharide transport;Sugar transport;Transmembrane;Transmembrane helix;Transport	377
AAP42180	Q7WS64	unreviewed	Haemophilus influenzae	Cell outer membrane;Ion transport;Lipoprotein;Membrane;Palmitate;Polysaccharide transport;Porin;Signal;Sugar transport;Transmembrane;Transmembrane beta strand;Transport	394
AAP42181	Q7WRK1	unreviewed	Haemophilus influenzae	Isoprene biosynthesis;Nucleotidyltransferase;Transferase	474
AAP42182	Q48231	unreviewed	Haemophilus influenzae		371
AAP42184	Q48233	unreviewed	Haemophilus influenzae		607
AAP42185	Q7WTM7	unreviewed	Haemophilus influenzae		680
AAP42186	Q7WRG5	unreviewed	Haemophilus influenzae		414
AAP42187	Q7WRX1	unreviewed	Haemophilus influenzae		120
AAP42188	Q7B3Y6	unreviewed	Haemophilus influenzae	ATP-binding;Nucleotide-binding;Transport	217
AAP42196	Q7WTM6	unreviewed	Haemophilus influenzae		595
CAA70683	Q9RLV9	reviewed	Listeria ivanovii	3D-structure;Cytolysis;Hemolysis;Hydrolase;Secreted;Signal;Virulence	335
CAA83901	P35757	reviewed	Haemophilus influenzae	Chaperone;Fimbrium biogenesis;Immunoglobulin domain;Periplasm;Signal	241
CAA83902	P45997	reviewed	Haemophilus influenzae	Cell outer membrane;Disulfide bond;Fimbrium biogenesis;Membrane;Signal;Transmembrane;Transmembrane beta strand;Transport	837
CAA83903	P45992	reviewed	Haemophilus influenzae	Cell membrane;Fimbrium;Lipoprotein;Membrane;Palmitate;Signal	216
CAA83904	P45994	reviewed	Haemophilus influenzae	Fimbrium;Signal	435
CAA83905	P14212	reviewed	Haemophilus influenzae	Direct protein sequencing;Disulfide bond;Fimbrium;Signal	213
