Entry	Organism (ID)	Taxonomic lineage	Organism
B0UW09	228400	cellular organisms (no rank), Bacteria (domain), Pseudomonadati (kingdom), Pseudomonadota (phylum), Gammaproteobacteria (class), Pasteurellales (order), Pasteurellaceae (family), Histophilus (genus), Histophilus somni (species)	Histophilus somni (strain 2336) (Haemophilus somnus)
Q03304	300	cellular organisms (no rank), Bacteria (domain), Pseudomonadati (kingdom), Pseudomonadota (phylum), Gammaproteobacteria (class), Pseudomonadales (order), Pseudomonadaceae (family), Ectopseudomonas (genus)	Ectopseudomonas mendocina (Pseudomonas mendocina)
B1J5A5	390235	cellular organisms (no rank), Bacteria (domain), Pseudomonadati (kingdom), Pseudomonadota (phylum), Gammaproteobacteria (class), Pseudomonadales (order), Pseudomonadaceae (family), Pseudomonas (genus), Pseudomonas putida group (no rank), Pseudomonas putida (species)	Pseudomonas putida (strain W619)
B5XHZ8	471876	cellular organisms (no rank), Bacteria (domain), Bacillati (kingdom), Bacillota (phylum), Bacilli (class), Lactobacillales (order), Streptococcaceae (family), Streptococcus (genus), Streptococcus pyogenes (species), Streptococcus pyogenes serotype M49 (serotype)	Streptococcus pyogenes serotype M49 (strain NZ131)
Q9WYC5	243274	cellular organisms (no rank), Bacteria (domain), Thermotogati (kingdom), Thermotogota (phylum), Thermotogae (class), Thermotogales (order), Thermotogaceae (family), Thermotoga (genus), Thermotoga maritima (species)	Thermotoga maritima (strain ATCC 43589 / DSM 3109 / JCM 10099 / NBRC 100826 / MSB8)
Q9WXT2	243274	cellular organisms (no rank), Bacteria (domain), Thermotogati (kingdom), Thermotogota (phylum), Thermotogae (class), Thermotogales (order), Thermotogaceae (family), Thermotoga (genus), Thermotoga maritima (species)	Thermotoga maritima (strain ATCC 43589 / DSM 3109 / JCM 10099 / NBRC 100826 / MSB8)
Q5YQZ6	247156	cellular organisms (no rank), Bacteria (domain), Bacillati (kingdom), Actinomycetota (phylum), Actinomycetes (class), Mycobacteriales (order), Nocardiaceae (family), Nocardia (genus), Nocardia farcinica (species)	Nocardia farcinica (strain IFM 10152)
P10958	266834	cellular organisms (no rank), Bacteria (domain), Pseudomonadati (kingdom), Pseudomonadota (phylum), Alphaproteobacteria (class), Hyphomicrobiales (order), Rhizobiaceae (family), Sinorhizobium/Ensifer group (no rank), Sinorhizobium (genus), Rhizobium meliloti (species)	Rhizobium meliloti (strain 1021) (Ensifer meliloti) (Sinorhizobium meliloti)
P08773	10665	Viruses (no rank), Duplodnaviria (realm), Heunggongvirae (kingdom), Uroviricota (phylum), Caudoviricetes (class), Pantevenvirales (order), Straboviridae (family), Tevenvirinae (subfamily), Tequatrovirus (genus)	Enterobacteria phage T4 (Bacteriophage T4)
A5EW27	246195	cellular organisms (no rank), Bacteria (domain), Pseudomonadati (kingdom), Pseudomonadota (phylum), Gammaproteobacteria (class), Cardiobacteriales (order), Cardiobacteriaceae (family), Dichelobacter (genus), Dichelobacter nodosus (species)	Dichelobacter nodosus (strain VCS1703A)
Q8GR45	1921421	cellular organisms (no rank), Bacteria (domain), Bacillati (kingdom), Bacillota (phylum), Bacilli (class), Caryophanales (order), Anoxybacillaceae (family), Geobacillus (genus)	Geobacillus genomosp. 3
P0C6H3	482133	Viruses (no rank), Riboviria (realm), Pararnavirae (kingdom), Artverviricota (phylum), Revtraviricetes (class), Blubervirales (order), Hepadnaviridae (family), Orthohepadnavirus (genus), Orthohepadnavirus hominoidei (species), Hepatitis B virus (no rank), Hepatitis B virus subtype adr (no rank)	Hepatitis B virus genotype C subtype adr (isolate Japan/Nishioka/1983) (HBV-C)
P0A609	233413	cellular organisms (no rank), Bacteria (domain), Bacillati (kingdom), Actinomycetota (phylum), Actinomycetes (class), Mycobacteriales (order), Mycobacteriaceae (family), Mycobacterium (genus), Mycobacterium tuberculosis complex (no rank), Mycobacterium tuberculosis (species), Mycobacterium bovis (biotype)	Mycobacterium bovis (strain ATCC BAA-935 / AF2122/97)
A2AXG5	1961	cellular organisms (no rank), Bacteria (domain), Bacillati (kingdom), Actinomycetota (phylum), Actinomycetes (class), Kitasatosporales (order), Streptomycetaceae (family), Streptomyces (genus)	Streptomyces virginiae (Streptomyces cinnamonensis)
P07173	1079	cellular organisms (no rank), Bacteria (domain), Pseudomonadati (kingdom), Pseudomonadota (phylum), Alphaproteobacteria (class), Hyphomicrobiales (order), Blastochloridaceae (family), Blastochloris (genus)	Blastochloris viridis (Rhodopseudomonas viridis)
Q5YRV4	247156	cellular organisms (no rank), Bacteria (domain), Bacillati (kingdom), Actinomycetota (phylum), Actinomycetes (class), Mycobacteriales (order), Nocardiaceae (family), Nocardia (genus), Nocardia farcinica (species)	Nocardia farcinica (strain IFM 10152)
Q834W6	226185	cellular organisms (no rank), Bacteria (domain), Bacillati (kingdom), Bacillota (phylum), Bacilli (class), Lactobacillales (order), Enterococcaceae (family), Enterococcus (genus), Enterococcus faecalis (species)	Enterococcus faecalis (strain ATCC 700802 / V583)
Q9RAH6	96045	cellular organisms (no rank), Bacteria (domain), Bacillati (kingdom), Actinomycetota (phylum), Actinomycetes (class), Mycobacteriales (order), Nocardiaceae (family), Nocardia (genus), Nocardia uniformis (species)	Nocardia uniformis subsp. tsuyamanensis
B1V8A0	6239	cellular organisms (no rank), Eukaryota (domain), Opisthokonta (clade), Metazoa (kingdom), Eumetazoa (clade), Bilateria (clade), Protostomia (clade), Ecdysozoa (clade), Nematoda (phylum), Chromadorea (class), Rhabditida (order), Rhabditina (suborder), Rhabditomorpha (infraorder), Rhabditoidea (superfamily), Rhabditidae (family), Peloderinae (subfamily), Caenorhabditis (genus)	Caenorhabditis elegans
Q0BV08	391165	cellular organisms (no rank), Bacteria (domain), Pseudomonadati (kingdom), Pseudomonadota (phylum), Alphaproteobacteria (class), Acetobacterales (order), Acetobacteraceae (family), Granulibacter (genus), Granulibacter bethesdensis (species)	Granulibacter bethesdensis (strain ATCC BAA-1260 / CGDNIH1)
P44505	71421	cellular organisms (no rank), Bacteria (domain), Pseudomonadati (kingdom), Pseudomonadota (phylum), Gammaproteobacteria (class), Pasteurellales (order), Pasteurellaceae (family), Haemophilus (genus), Haemophilus influenzae (species)	Haemophilus influenzae (strain ATCC 51907 / DSM 11121 / KW20 / Rd)
Q05496	45410	Viruses (no rank), Riboviria (realm), Pararnavirae (kingdom), Artverviricota (phylum), Revtraviricetes (class), Blubervirales (order), Hepadnaviridae (family), Orthohepadnavirus (genus), Orthohepadnavirus hominoidei (species), Hepatitis B virus (no rank), Hepatitis B virus subtype adw (no rank), Hepatitis B virus subtype adw4 (no rank)	Hepatitis B virus genotype F2 (isolate Brazil/w4B) (HBV-F)
O86028	266834	cellular organisms (no rank), Bacteria (domain), Pseudomonadati (kingdom), Pseudomonadota (phylum), Alphaproteobacteria (class), Hyphomicrobiales (order), Rhizobiaceae (family), Sinorhizobium/Ensifer group (no rank), Sinorhizobium (genus), Rhizobium meliloti (species)	Rhizobium meliloti (strain 1021) (Ensifer meliloti) (Sinorhizobium meliloti)
P03692	10760	Viruses (no rank), Duplodnaviria (realm), Heunggongvirae (kingdom), Uroviricota (phylum), Caudoviricetes (class), Autographivirales (order), Autotranscriptaviridae (family), Studiervirinae (subfamily), Teseptimavirus (genus), Teseptimavirus T7 (species)	Escherichia phage T7 (Bacteriophage T7)
A1USU8	360095	cellular organisms (no rank), Bacteria (domain), Pseudomonadati (kingdom), Pseudomonadota (phylum), Alphaproteobacteria (class), Hyphomicrobiales (order), Bartonellaceae (family), Bartonella (genus), Bartonella bacilliformis (species)	Bartonella bacilliformis (strain ATCC 35685 / KC583 / Herrer 020/F12,63)
Q8Y7F2	169963	cellular organisms (no rank), Bacteria (domain), Bacillati (kingdom), Bacillota (phylum), Bacilli (class), Caryophanales (order), Listeriaceae (family), Listeria (genus), Listeria monocytogenes (species)	Listeria monocytogenes serovar 1/2a (strain ATCC BAA-679 / EGD-e)
P08305	266	cellular organisms (no rank), Bacteria (domain), Pseudomonadati (kingdom), Pseudomonadota (phylum), Alphaproteobacteria (class), Rhodobacterales (order), Paracoccaceae (family), Paracoccus (genus)	Paracoccus denitrificans
P54632	44689	cellular organisms (no rank), Eukaryota (domain), Amoebozoa (clade), Evosea (phylum), Eumycetozoa (class), Dictyostelia (clade), Dictyosteliales (order), Dictyosteliaceae (family), Dictyostelium (genus)	Dictyostelium discoideum (Social amoeba)
Q939X3	208443	cellular organisms (no rank), Bacteria (domain), Bacillati (kingdom), Actinomycetota (phylum), Actinomycetes (class), Pseudonocardiales (order), Pseudonocardiaceae (family), Amycolatopsis (genus)	Amycolatopsis balhimycina
Q9RKY0	100226	cellular organisms (no rank), Bacteria (domain), Bacillati (kingdom), Actinomycetota (phylum), Actinomycetes (class), Kitasatosporales (order), Streptomycetaceae (family), Streptomyces (genus), Streptomyces albidoflavus group (no rank), Streptomyces coelicolor (species)	Streptomyces coelicolor (strain ATCC BAA-471 / A3(2) / M145)
A7FHI1	349747	cellular organisms (no rank), Bacteria (domain), Pseudomonadati (kingdom), Pseudomonadota (phylum), Gammaproteobacteria (class), Enterobacterales (order), Yersiniaceae (family), Yersinia (genus), Yersinia pseudotuberculosis complex (no rank), Yersinia pseudotuberculosis (species)	Yersinia pseudotuberculosis serotype O:1b (strain IP 31758)
Q055P9	355276	cellular organisms (no rank), Bacteria (domain), Pseudomonadati (kingdom), Spirochaetota (phylum), Leptospiria (class), Leptospirales (order), Leptospiraceae (family), Leptospira (genus), Leptospira borgpetersenii (species), Leptospira borgpetersenii serovar Hardjo-bovis (no rank)	Leptospira borgpetersenii serovar Hardjo-bovis (strain L550)
B1MCA4	561007	cellular organisms (no rank), Bacteria (domain), Bacillati (kingdom), Actinomycetota (phylum), Actinomycetes (class), Mycobacteriales (order), Mycobacteriaceae (family), Mycobacteroides (genus), Mycobacteroides abscessus (species)	Mycobacteroides abscessus (strain ATCC 19977 / DSM 44196 / CCUG 20993 / CIP 104536 / JCM 13569 / NCTC 13031 / TMC 1543 / L948) (Mycobacterium abscessus)
B3H0P8	537457	cellular organisms (no rank), Bacteria (domain), Pseudomonadati (kingdom), Pseudomonadota (phylum), Gammaproteobacteria (class), Pasteurellales (order), Pasteurellaceae (family), Actinobacillus (genus), Actinobacillus pleuropneumoniae (species), Actinobacillus pleuropneumoniae serovar 7 (no rank)	Actinobacillus pleuropneumoniae serotype 7 (strain AP76)
Q8CPJ5	176280	cellular organisms (no rank), Bacteria (domain), Bacillati (kingdom), Bacillota (phylum), Bacilli (class), Caryophanales (order), Staphylococcaceae (family), Staphylococcus (genus), Staphylococcus epidermidis (species)	Staphylococcus epidermidis (strain ATCC 12228 / FDA PCI 1200)
Q6UR88	1197	cellular organisms (no rank), Bacteria (domain), Bacillati (kingdom), Cyanobacteriota/Melainabacteria group (clade), Cyanobacteriota (phylum), Cyanophyceae (class), Nostocales (order), Rivulariaceae (family), Microchaete (genus)	Microchaete diplosiphon (Fremyella diplosiphon)
Q2GG24	205920	cellular organisms (no rank), Bacteria (domain), Pseudomonadati (kingdom), Pseudomonadota (phylum), Alphaproteobacteria (class), Rickettsiales (order), Anaplasmataceae (family), Ehrlichia (genus), canis group (no rank), Ehrlichia chaffeensis (species)	Ehrlichia chaffeensis (strain ATCC CRL-10679 / Arkansas)
Q39FG3	482957	cellular organisms (no rank), Bacteria (domain), Pseudomonadati (kingdom), Pseudomonadota (phylum), Betaproteobacteria (class), Burkholderiales (order), Burkholderiaceae (family), Burkholderia (genus), Burkholderia cepacia complex (no rank)	Burkholderia lata (strain ATCC 17760 / DSM 23089 / LMG 22485 / NCIMB 9086 / R18194 / 383)
Q9JXW7	122586	cellular organisms (no rank), Bacteria (domain), Pseudomonadati (kingdom), Pseudomonadota (phylum), Betaproteobacteria (class), Neisseriales (order), Neisseriaceae (family), Neisseria (genus), Neisseria meningitidis (species), Neisseria meningitidis serogroup B (serogroup)	Neisseria meningitidis serogroup B (strain ATCC BAA-335 / MC58)
A9VN62	315730	cellular organisms (no rank), Bacteria (domain), Bacillati (kingdom), Bacillota (phylum), Bacilli (class), Caryophanales (order), Bacillaceae (family), Bacillus (genus), Bacillus cereus group (no rank), Bacillus mycoides (species)	Bacillus mycoides (strain KBAB4) (Bacillus weihenstephanensis)
B1KCZ3	392500	cellular organisms (no rank), Bacteria (domain), Pseudomonadati (kingdom), Pseudomonadota (phylum), Gammaproteobacteria (class), Alteromonadales (order), Shewanellaceae (family), Shewanella (genus), Shewanella woodyi (species)	Shewanella woodyi (strain ATCC 51908 / MS32)
A4WFH1	399742	cellular organisms (no rank), Bacteria (domain), Pseudomonadati (kingdom), Pseudomonadota (phylum), Gammaproteobacteria (class), Enterobacterales (order), Enterobacteriaceae (family), Enterobacter (genus), unclassified Enterobacter (no rank)	Enterobacter sp. (strain 638)
Q82IZ1	227882	cellular organisms (no rank), Bacteria (domain), Bacillati (kingdom), Actinomycetota (phylum), Actinomycetes (class), Kitasatosporales (order), Streptomycetaceae (family), Streptomyces (genus), Streptomyces avermitilis (species)	Streptomyces avermitilis (strain ATCC 31267 / DSM 46492 / JCM 5070 / NBRC 14893 / NCIMB 12804 / NRRL 8165 / MA-4680)
A2RG45	160491	cellular organisms (no rank), Bacteria (domain), Bacillati (kingdom), Bacillota (phylum), Bacilli (class), Lactobacillales (order), Streptococcaceae (family), Streptococcus (genus), Streptococcus pyogenes (species), Streptococcus pyogenes serotype M5 (serotype)	Streptococcus pyogenes serotype M5 (strain Manfredo)
A4XQK5	399739	cellular organisms (no rank), Bacteria (domain), Pseudomonadati (kingdom), Pseudomonadota (phylum), Gammaproteobacteria (class), Pseudomonadales (order), Pseudomonadaceae (family), Ectopseudomonas (genus), Ectopseudomonas mendocina (species)	Ectopseudomonas mendocina (strain ymp) (Pseudomonas mendocina)
Q88M11	160488	cellular organisms (no rank), Bacteria (domain), Pseudomonadati (kingdom), Pseudomonadota (phylum), Gammaproteobacteria (class), Pseudomonadales (order), Pseudomonadaceae (family), Pseudomonas (genus), Pseudomonas putida group (no rank), Pseudomonas putida (species)	Pseudomonas putida (strain ATCC 47054 / DSM 6125 / CFBP 8728 / NCIMB 11950 / KT2440)
Q8ZBN6	632	cellular organisms (no rank), Bacteria (domain), Pseudomonadati (kingdom), Pseudomonadota (phylum), Gammaproteobacteria (class), Enterobacterales (order), Yersiniaceae (family), Yersinia (genus), Yersinia pseudotuberculosis complex (no rank)	Yersinia pestis
C8WR67	521098	cellular organisms (no rank), Bacteria (domain), Bacillati (kingdom), Bacillota (phylum), Bacilli (class), Caryophanales (order), Alicyclobacillaceae (family), Alicyclobacillus (genus), Alicyclobacillus acidocaldarius (species), Alicyclobacillus acidocaldarius subsp. acidocaldarius (subspecies)	Alicyclobacillus acidocaldarius subsp. acidocaldarius (strain ATCC 27009 / DSM 446 / BCRC 14685 / JCM 5260 / KCTC 1825 / NBRC 15652 / NCIMB 11725 / NRRL B-14509 / 104-IA) (Bacillus acidocaldarius)
Q9PEC2	160492	cellular organisms (no rank), Bacteria (domain), Pseudomonadati (kingdom), Pseudomonadota (phylum), Gammaproteobacteria (class), Lysobacterales (order), Lysobacteraceae (family), Xylella (genus), Xylella fastidiosa (species)	Xylella fastidiosa (strain 9a5c)
Q04983	264203	cellular organisms (no rank), Bacteria (domain), Pseudomonadati (kingdom), Pseudomonadota (phylum), Alphaproteobacteria (class), Sphingomonadales (order), Zymomonadaceae (family), Zymomonas (genus), Zymomonas mobilis (species), Zymomonas mobilis subsp. mobilis (subspecies)	Zymomonas mobilis subsp. mobilis (strain ATCC 31821 / ZM4 / CP4)
A0A516ELE7	67283	cellular organisms (no rank), Bacteria (domain), Bacillati (kingdom), Actinomycetota (phylum), Actinomycetes (class), Kitasatosporales (order), Streptomycetaceae (family), Streptomyces (genus)	Streptomyces candidus
P72525	170187	cellular organisms (no rank), Bacteria (domain), Bacillati (kingdom), Bacillota (phylum), Bacilli (class), Lactobacillales (order), Streptococcaceae (family), Streptococcus (genus), Streptococcus pneumoniae (species)	Streptococcus pneumoniae serotype 4 (strain ATCC BAA-334 / TIGR4)
Q63YJ8	272560	cellular organisms (no rank), Bacteria (domain), Pseudomonadati (kingdom), Pseudomonadota (phylum), Betaproteobacteria (class), Burkholderiales (order), Burkholderiaceae (family), Burkholderia (genus), pseudomallei group (no rank), Burkholderia pseudomallei (species)	Burkholderia pseudomallei (strain K96243)
A1R4G1	290340	cellular organisms (no rank), Bacteria (domain), Bacillati (kingdom), Actinomycetota (phylum), Actinomycetes (class), Micrococcales (order), Micrococcaceae (family), Paenarthrobacter (genus), Paenarthrobacter aurescens (species)	Paenarthrobacter aurescens (strain TC1)
Q9RLB8	1265	cellular organisms (no rank), Bacteria (domain), Bacillati (kingdom), Bacillota (phylum), Clostridia (class), Eubacteriales (order), Oscillospiraceae (family), Ruminococcus (genus)	Ruminococcus flavefaciens
P00315	83541	cellular organisms (no rank), Bacteria (domain), Bacillati (kingdom), Cyanobacteriota/Melainabacteria group (clade), Cyanobacteriota (phylum), Cyanophyceae (class), Nostocales (order), Hapalosiphonaceae (family), Mastigocladus (genus)	Mastigocladus laminosus (Fischerella sp.)
P21543	1406	cellular organisms (no rank), Bacteria (domain), Bacillati (kingdom), Bacillota (phylum), Bacilli (class), Caryophanales (order), Paenibacillaceae (family), Paenibacillus (genus)	Paenibacillus polymyxa (Bacillus polymyxa)
O33635	1282	cellular organisms (no rank), Bacteria (domain), Bacillati (kingdom), Bacillota (phylum), Bacilli (class), Caryophanales (order), Staphylococcaceae (family), Staphylococcus (genus)	Staphylococcus epidermidis
Q8DFA8	216895	cellular organisms (no rank), Bacteria (domain), Pseudomonadati (kingdom), Pseudomonadota (phylum), Gammaproteobacteria (class), Vibrionales (order), Vibrionaceae (family), Vibrio (genus), Vibrio vulnificus (species)	Vibrio vulnificus (strain CMCP6)
P06632	268952	cellular organisms (no rank), Bacteria (domain), Bacillati (kingdom), Actinomycetota (phylum), Actinomycetes (class), Mycobacteriales (order), Corynebacteriaceae (family), Corynebacterium (genus), unclassified Corynebacterium (no rank)	Corynebacterium sp. (strain ATCC 31090)
W0SLW8	1275028	cellular organisms (no rank), Bacteria (domain), Pseudomonadati (kingdom), FCB group (clade), Bacteroidota/Chlorobiota group (clade), Bacteroidota (phylum), Flavobacteriia (class), Flavobacteriales (order), Weeksellaceae (family), Chryseobacterium group (no rank), Chryseobacterium (genus), unclassified Chryseobacterium (no rank)	Chryseobacterium sp. (strain 5-3B)
Q3K7B3	205922	cellular organisms (no rank), Bacteria (domain), Pseudomonadati (kingdom), Pseudomonadota (phylum), Gammaproteobacteria (class), Pseudomonadales (order), Pseudomonadaceae (family), Pseudomonas (genus), Pseudomonas fluorescens group (no rank), Pseudomonas fluorescens (species)	Pseudomonas fluorescens (strain Pf0-1)
F5L3T2	986075	cellular organisms (no rank), Bacteria (domain), Bacillati (kingdom), Bacillota (phylum), Bacilli (class), Caryophanales (order), Bacillaceae (family), Caldalkalibacillus (genus), Caldalkalibacillus thermarum (species)	Caldalkalibacillus thermarum (strain TA2.A1)
P26877	72584	cellular organisms (no rank), Bacteria (domain), Pseudomonadati (kingdom), Pseudomonadota (phylum), Pseudomonadota incertae sedis (no rank), unclassified pseudomonads (no rank)	Pseudomonas sp. (strain 109)
A0A0H3GN27	393133	cellular organisms (no rank), Bacteria (domain), Bacillati (kingdom), Bacillota (phylum), Bacilli (class), Caryophanales (order), Listeriaceae (family), Listeria (genus), Listeria monocytogenes (species)	Listeria monocytogenes serotype 1/2a (strain 10403S)
B5EZR9	454166	cellular organisms (no rank), Bacteria (domain), Pseudomonadati (kingdom), Pseudomonadota (phylum), Gammaproteobacteria (class), Enterobacterales (order), Enterobacteriaceae (family), Salmonella (genus), Salmonella enterica (species), Salmonella enterica I (subspecies), Salmonella enterica subsp. enterica serovar Agona (no rank)	Salmonella agona (strain SL483)
P0A388	439	cellular organisms (no rank), Bacteria (domain), Pseudomonadati (kingdom), Pseudomonadota (phylum), Alphaproteobacteria (class), Acetobacterales (order), Acetobacteraceae (family), Gluconacetobacter (genus)	Gluconacetobacter polyoxogenes (Acetobacter polyoxogenes)
Q5LAX6	272559	cellular organisms (no rank), Bacteria (domain), Pseudomonadati (kingdom), FCB group (clade), Bacteroidota/Chlorobiota group (clade), Bacteroidota (phylum), Bacteroidia (class), Bacteroidales (order), Bacteroidaceae (family), Bacteroides (genus), Bacteroides fragilis (species)	Bacteroides fragilis (strain ATCC 25285 / DSM 2151 / CCUG 4856 / JCM 11019 / LMG 10263 / NCTC 9343 / Onslow / VPI 2553 / EN-2)
A9CH28	176299	cellular organisms (no rank), Bacteria (domain), Pseudomonadati (kingdom), Pseudomonadota (phylum), Alphaproteobacteria (class), Hyphomicrobiales (order), Rhizobiaceae (family), Rhizobium/Agrobacterium group (no rank), Agrobacterium (genus), Agrobacterium tumefaciens complex (no rank), Agrobacterium fabrum (species)	Agrobacterium fabrum (strain C58 / ATCC 33970) (Agrobacterium tumefaciens (strain C58))
A0Q112	386415	cellular organisms (no rank), Bacteria (domain), Bacillati (kingdom), Bacillota (phylum), Clostridia (class), Eubacteriales (order), Clostridiaceae (family), Clostridium (genus), Clostridium novyi (species)	Clostridium novyi (strain NT)
A5UIK2	374931	cellular organisms (no rank), Bacteria (domain), Pseudomonadati (kingdom), Pseudomonadota (phylum), Gammaproteobacteria (class), Pasteurellales (order), Pasteurellaceae (family), Haemophilus (genus), Haemophilus influenzae (species)	Haemophilus influenzae (strain PittGG)
Q2Y6L7	323848	cellular organisms (no rank), Bacteria (domain), Pseudomonadati (kingdom), Pseudomonadota (phylum), Betaproteobacteria (class), Nitrosomonadales (order), Nitrosomonadaceae (family), Nitrosospira (genus), Nitrosospira multiformis (species)	Nitrosospira multiformis (strain ATCC 25196 / NCIMB 11849 / C 71)
Q5SK88	300852	cellular organisms (no rank), Bacteria (domain), Thermotogati (kingdom), Deinococcota (phylum), Deinococci (class), Thermales (order), Thermaceae (family), Thermus (genus), Thermus thermophilus (species)	Thermus thermophilus (strain ATCC 27634 / DSM 579 / HB8)
P30197	1282	cellular organisms (no rank), Bacteria (domain), Bacillati (kingdom), Bacillota (phylum), Bacilli (class), Caryophanales (order), Staphylococcaceae (family), Staphylococcus (genus)	Staphylococcus epidermidis
P09772	573	cellular organisms (no rank), Bacteria (domain), Pseudomonadati (kingdom), Pseudomonadota (phylum), Gammaproteobacteria (class), Enterobacterales (order), Enterobacteriaceae (family), Klebsiella (genus), Klebsiella pneumoniae complex (no rank)	Klebsiella pneumoniae
B8GUD3	396588	cellular organisms (no rank), Bacteria (domain), Pseudomonadati (kingdom), Pseudomonadota (phylum), Gammaproteobacteria (class), Chromatiales (order), Ectothiorhodospiraceae (family), Thioalkalivibrio (genus), Thioalkalivibrio sulfidiphilus (species)	Thioalkalivibrio sulfidiphilus (strain HL-EbGR7)
F5L3T3	986075	cellular organisms (no rank), Bacteria (domain), Bacillati (kingdom), Bacillota (phylum), Bacilli (class), Caryophanales (order), Bacillaceae (family), Caldalkalibacillus (genus), Caldalkalibacillus thermarum (species)	Caldalkalibacillus thermarum (strain TA2.A1)
A9BN39	398578	cellular organisms (no rank), Bacteria (domain), Pseudomonadati (kingdom), Pseudomonadota (phylum), Betaproteobacteria (class), Burkholderiales (order), Comamonadaceae (family), Delftia (genus), Delftia acidovorans (species)	Delftia acidovorans (strain DSM 14801 / SPH-1)
P0DPQ8	385957	cellular organisms (no rank), Bacteria (domain), Bacillati (kingdom), Actinomycetota (phylum), Actinomycetes (class), Pseudonocardiales (order), Pseudonocardiaceae (family), Amycolatopsis (genus), unclassified Amycolatopsis (no rank)	Amycolatopsis sp. (strain ATCC 39116 / 75iv2)
C7N8L9	523794	cellular organisms (no rank), Bacteria (domain), Fusobacteriati (kingdom), Fusobacteriota (phylum), Fusobacteriia (class), Fusobacteriales (order), Leptotrichiaceae (family), Leptotrichia (genus), Leptotrichia buccalis (species)	Leptotrichia buccalis (strain ATCC 14201 / DSM 1135 / JCM 12969 / NCTC 10249 / C-1013-b)
Q74Y23	632	cellular organisms (no rank), Bacteria (domain), Pseudomonadati (kingdom), Pseudomonadota (phylum), Gammaproteobacteria (class), Enterobacterales (order), Yersiniaceae (family), Yersinia (genus), Yersinia pseudotuberculosis complex (no rank)	Yersinia pestis
P11124	2928686	Viruses (no rank), Riboviria (realm), Orthornavirae (kingdom), Duplornaviricota (phylum), Vidaverviricetes (class), Mindivirales (order), Cystoviridae (family), Orthocystovirus (genus), Orthocystovirus phi6 (species), Cystovirus phi6 (no rank)	Pseudomonas phage phi6 (Bacteriophage phi-6)
B4UIT6	447217	cellular organisms (no rank), Bacteria (domain), Pseudomonadati (kingdom), Myxococcota (phylum), Myxococcia (class), Myxococcales (order), Cystobacterineae (suborder), Anaeromyxobacteraceae (family), Anaeromyxobacter (genus), unclassified Anaeromyxobacter (no rank)	Anaeromyxobacter sp. (strain K)
Q927X3	272626	cellular organisms (no rank), Bacteria (domain), Bacillati (kingdom), Bacillota (phylum), Bacilli (class), Caryophanales (order), Listeriaceae (family), Listeria (genus), Listeria innocua (species)	Listeria innocua serovar 6a (strain ATCC BAA-680 / CLIP 11262)
P9WGD1	83332	cellular organisms (no rank), Bacteria (domain), Bacillati (kingdom), Actinomycetota (phylum), Actinomycetes (class), Mycobacteriales (order), Mycobacteriaceae (family), Mycobacterium (genus), Mycobacterium tuberculosis complex (no rank), Mycobacterium tuberculosis (species)	Mycobacterium tuberculosis (strain ATCC 25618 / H37Rv)
B8D1H3	373903	cellular organisms (no rank), Bacteria (domain), Bacillati (kingdom), Bacillota (phylum), Clostridia (class), Halanaerobiales (order), Halothermotrichaceae (family), Halothermothrix (genus), Halothermothrix orenii (species)	Halothermothrix orenii (strain H 168 / OCM 544 / DSM 9562)
B2VF62	465817	cellular organisms (no rank), Bacteria (domain), Pseudomonadati (kingdom), Pseudomonadota (phylum), Gammaproteobacteria (class), Enterobacterales (order), Erwiniaceae (family), Erwinia (genus), Erwinia tasmaniensis (species)	Erwinia tasmaniensis (strain DSM 17950 / CFBP 7177 / CIP 109463 / NCPPB 4357 / Et1/99)
P15474	100226	cellular organisms (no rank), Bacteria (domain), Bacillati (kingdom), Actinomycetota (phylum), Actinomycetes (class), Kitasatosporales (order), Streptomycetaceae (family), Streptomyces (genus), Streptomyces albidoflavus group (no rank), Streptomyces coelicolor (species)	Streptomyces coelicolor (strain ATCC BAA-471 / A3(2) / M145)
A1AUE4	338966	cellular organisms (no rank), Bacteria (domain), Pseudomonadati (kingdom), Thermodesulfobacteriota (phylum), Desulfuromonadia (class), Desulfuromonadales (order), Desulfuromonadaceae (family), Pelobacter (genus), Pelobacter propionicus (species)	Pelobacter propionicus (strain DSM 2379 / NBRC 103807 / OttBd1)
Q6LZM9	267377	cellular organisms (no rank), Archaea (domain), Methanobacteriati (kingdom), Methanobacteriota (phylum), Methanomada group (clade), Methanococci (class), Methanococcales (order), Methanococcaceae (family), Methanococcus (genus), Methanococcus maripaludis (species)	Methanococcus maripaludis (strain DSM 14266 / JCM 13030 / NBRC 101832 / S2 / LL)
Q05320	128952	Viruses (no rank), Riboviria (realm), Orthornavirae (kingdom), Negarnaviricota (phylum), Haploviricotina (subphylum), Monjiviricetes (class), Mononegavirales (order), Filoviridae (family), Orthoebolavirus (genus), Orthoebolavirus zairense (species), Ebola virus (no rank)	Zaire ebolavirus (strain Mayinga-76) (ZEBOV) (Zaire Ebola virus)
Q02141	272623	cellular organisms (no rank), Bacteria (domain), Bacillati (kingdom), Bacillota (phylum), Bacilli (class), Lactobacillales (order), Streptococcaceae (family), Lactococcus (genus), Lactococcus lactis (species), Lactococcus lactis subsp. lactis (subspecies)	Lactococcus lactis subsp. lactis (strain IL1403) (Streptococcus lactis)
Q9X0C6	243274	cellular organisms (no rank), Bacteria (domain), Thermotogati (kingdom), Thermotogota (phylum), Thermotogae (class), Thermotogales (order), Thermotogaceae (family), Thermotoga (genus), Thermotoga maritima (species)	Thermotoga maritima (strain ATCC 43589 / DSM 3109 / JCM 10099 / NBRC 100826 / MSB8)
P70826	224326	cellular organisms (no rank), Bacteria (domain), Pseudomonadati (kingdom), Spirochaetota (phylum), Spirochaetia (class), Spirochaetales (order), Borreliaceae (family), Borreliella (genus), Borreliella burgdorferi (species)	Borreliella burgdorferi (strain ATCC 35210 / DSM 4680 / CIP 102532 / B31) (Borrelia burgdorferi)
A0A0M3KKZ0	342616	cellular organisms (no rank), Bacteria (domain), Bacillati (kingdom), Bacillota (phylum), Bacilli (class), Lactobacillales (order), Streptococcaceae (family), Streptococcus (genus), Streptococcus agalactiae (species)	Streptococcus agalactiae serotype III (strain COH1)
Q8GAI3	29320	cellular organisms (no rank), Bacteria (domain), Bacillati (kingdom), Actinomycetota (phylum), Actinomycetes (class), Micrococcales (order), Micrococcaceae (family), Paenarthrobacter (genus)	Paenarthrobacter nicotinovorans (Arthrobacter nicotinovorans)
A7ZP28	331111	cellular organisms (no rank), Bacteria (domain), Pseudomonadati (kingdom), Pseudomonadota (phylum), Gammaproteobacteria (class), Enterobacterales (order), Enterobacteriaceae (family), Escherichia (genus), Escherichia coli (species), Escherichia coli O139:H28 (no rank)	Escherichia coli O139:H28 (strain E24377A / ETEC)
A3CYJ4	325240	cellular organisms (no rank), Bacteria (domain), Pseudomonadati (kingdom), Pseudomonadota (phylum), Gammaproteobacteria (class), Alteromonadales (order), Shewanellaceae (family), Shewanella (genus), Shewanella baltica (species)	Shewanella baltica (strain OS155 / ATCC BAA-1091)
Q54808	1950	cellular organisms (no rank), Bacteria (domain), Bacillati (kingdom), Actinomycetota (phylum), Actinomycetes (class), Kitasatosporales (order), Streptomycetaceae (family), Streptomyces (genus)	Streptomyces peucetius
O28608	224325	cellular organisms (no rank), Archaea (domain), Methanobacteriati (kingdom), Methanobacteriota (phylum), Archaeoglobi (class), Archaeoglobales (order), Archaeoglobaceae (family), Archaeoglobus (genus), Archaeoglobus fulgidus (species)	Archaeoglobus fulgidus (strain ATCC 49558 / DSM 4304 / JCM 9628 / NBRC 100126 / VC-16)
O33832	243274	cellular organisms (no rank), Bacteria (domain), Thermotogati (kingdom), Thermotogota (phylum), Thermotogae (class), Thermotogales (order), Thermotogaceae (family), Thermotoga (genus), Thermotoga maritima (species)	Thermotoga maritima (strain ATCC 43589 / DSM 3109 / JCM 10099 / NBRC 100826 / MSB8)
Q8CXH8	221109	cellular organisms (no rank), Bacteria (domain), Bacillati (kingdom), Bacillota (phylum), Bacilli (class), Caryophanales (order), Bacillaceae (family), Oceanobacillus (genus), Oceanobacillus iheyensis (species)	Oceanobacillus iheyensis (strain DSM 14371 / CIP 107618 / JCM 11309 / KCTC 3954 / HTE831)
C1DD41	557598	cellular organisms (no rank), Bacteria (domain), Pseudomonadati (kingdom), Pseudomonadota (phylum), Betaproteobacteria (class), Neisseriales (order), Aquaspirillaceae (family), Laribacter (genus), Laribacter hongkongensis (species)	Laribacter hongkongensis (strain HLHK9)
B9DMT7	396513	cellular organisms (no rank), Bacteria (domain), Bacillati (kingdom), Bacillota (phylum), Bacilli (class), Caryophanales (order), Staphylococcaceae (family), Staphylococcus (genus), Staphylococcus carnosus (species)	Staphylococcus carnosus (strain TM300)
Q9AJD6	69367	cellular organisms (no rank), Bacteria (domain), Bacillati (kingdom), Actinomycetota (phylum), Actinomycetes (class), Micrococcales (order), Microbacteriaceae (family), Microbacterium (genus)	Microbacterium luteolum (Aureobacterium luteolum)
Q2ND71	314225	cellular organisms (no rank), Bacteria (domain), Pseudomonadati (kingdom), Pseudomonadota (phylum), Alphaproteobacteria (class), Sphingomonadales (order), Erythrobacteraceae (family), Erythrobacter/Porphyrobacter group (no rank), Erythrobacter (genus), Erythrobacter litoralis (species)	Erythrobacter litoralis (strain HTCC2594)
Q58130	243232	cellular organisms (no rank), Archaea (domain), Methanobacteriati (kingdom), Methanobacteriota (phylum), Methanomada group (clade), Methanococci (class), Methanococcales (order), Methanocaldococcaceae (family), Methanocaldococcus (genus), Methanocaldococcus jannaschii (species)	Methanocaldococcus jannaschii (strain ATCC 43067 / DSM 2661 / JAL-1 / JCM 10045 / NBRC 100440) (Methanococcus jannaschii)
P0DOJ6	1891730	Viruses (no rank), Floreoviria (realm), Shotokuvirae (kingdom), Cossaviricota (phylum), Papovaviricetes (class), Sepolyvirales (order), Polyomaviridae (family), Alphapolyomavirus (genus)	Mus musculus polyomavirus 1 (MPyV)
Q89FU2	224911	cellular organisms (no rank), Bacteria (domain), Pseudomonadati (kingdom), Pseudomonadota (phylum), Alphaproteobacteria (class), Hyphomicrobiales (order), Nitrobacteraceae (family), Bradyrhizobium (genus), Bradyrhizobium diazoefficiens (species)	Bradyrhizobium diazoefficiens (strain JCM 10833 / BCRC 13528 / IAM 13628 / NBRC 14792 / USDA 110)
P63731	211110	cellular organisms (no rank), Bacteria (domain), Bacillati (kingdom), Bacillota (phylum), Bacilli (class), Lactobacillales (order), Streptococcaceae (family), Streptococcus (genus), Streptococcus agalactiae (species), Streptococcus agalactiae serogroup III (serogroup)	Streptococcus agalactiae serotype III (strain NEM316)
P72156	47660	cellular organisms (no rank), Bacteria (domain), Pseudomonadati (kingdom), Pseudomonadota (phylum), Gammaproteobacteria (class), Pseudomonadales (order), Pseudomonadaceae (family), Pseudomonas (genus), unclassified Pseudomonas (no rank)	Pseudomonas sp. (strain ADP)
A1W3Q7	232721	cellular organisms (no rank), Bacteria (domain), Pseudomonadati (kingdom), Pseudomonadota (phylum), Betaproteobacteria (class), Burkholderiales (order), Comamonadaceae (family), Acidovorax (genus), unclassified Acidovorax (no rank)	Acidovorax sp. (strain JS42)
A6VQY7	339671	cellular organisms (no rank), Bacteria (domain), Pseudomonadati (kingdom), Pseudomonadota (phylum), Gammaproteobacteria (class), Pasteurellales (order), Pasteurellaceae (family), Actinobacillus (genus), Actinobacillus succinogenes (species)	Actinobacillus succinogenes (strain ATCC 55618 / DSM 22257 / CCUG 43843 / 130Z)
P52477	208964	cellular organisms (no rank), Bacteria (domain), Pseudomonadati (kingdom), Pseudomonadota (phylum), Gammaproteobacteria (class), Pseudomonadales (order), Pseudomonadaceae (family), Pseudomonas (genus), Pseudomonas aeruginosa group (no rank), Pseudomonas aeruginosa (species)	Pseudomonas aeruginosa (strain ATCC 15692 / DSM 22644 / CIP 104116 / JCM 14847 / LMG 12228 / 1C / PRS 101 / PAO1)
Q9EX73	1833	cellular organisms (no rank), Bacteria (domain), Bacillati (kingdom), Actinomycetota (phylum), Actinomycetes (class), Mycobacteriales (order), Nocardiaceae (family), Rhodococcus (genus), Rhodococcus erythropolis group (no rank)	Rhodococcus erythropolis (Arthrobacter picolinophilus)
P04862	11198	Viruses (no rank), Riboviria (realm), Orthornavirae (kingdom), Negarnaviricota (phylum), Haploviricotina (subphylum), Monjiviricetes (class), Mononegavirales (order), Paramyxoviridae (family), Feraresvirinae (subfamily), Respirovirus (genus), Respirovirus muris (species)	Sendai virus (strain Z) (SeV) (Sendai virus (strain HVJ))
A1C3M0	1318	cellular organisms (no rank), Bacteria (domain), Bacillati (kingdom), Bacillota (phylum), Bacilli (class), Lactobacillales (order), Streptococcaceae (family), Streptococcus (genus), Streptococcus parasanguinis group (no rank)	Streptococcus parasanguinis
Q313W4	207559	cellular organisms (no rank), Bacteria (domain), Pseudomonadati (kingdom), Thermodesulfobacteriota (phylum), Desulfovibrionia (class), Desulfovibrionales (order), Desulfovibrionaceae (family), Oleidesulfovibrio (genus), Oleidesulfovibrio alaskensis (species)	Oleidesulfovibrio alaskensis (strain ATCC BAA-1058 / DSM 17464 / G20) (Desulfovibrio alaskensis)
A3PF80	167546	cellular organisms (no rank), Bacteria (domain), Bacillati (kingdom), Cyanobacteriota/Melainabacteria group (clade), Cyanobacteriota (phylum), Cyanophyceae (class), Synechococcales (order), Prochlorococcaceae (family), Prochlorococcus (genus), Prochlorococcus marinus (species)	Prochlorococcus marinus (strain MIT 9301)
Q02317	31514	Viruses (no rank), Riboviria (realm), Pararnavirae (kingdom), Artverviricota (phylum), Revtraviricetes (class), Blubervirales (order), Hepadnaviridae (family), Orthohepadnavirus (genus), Orthohepadnavirus hominoidei (species), Hepatitis B virus (no rank), Hepatitis B virus subtype adw (no rank)	Hepatitis B virus genotype A1 subtype adw (isolate Philippines/pFDW294/1988) (HBV-A)
A9HWM1	340100	cellular organisms (no rank), Bacteria (domain), Pseudomonadati (kingdom), Pseudomonadota (phylum), Betaproteobacteria (class), Burkholderiales (order), Alcaligenaceae (family), Bordetella (genus), Bordetella petrii (species)	Bordetella petrii (strain ATCC BAA-461 / DSM 12804 / CCUG 43448 / CIP 107267 / Se-1111R)
Q9F131	43263	cellular organisms (no rank), Bacteria (domain), Pseudomonadati (kingdom), Pseudomonadota (phylum), Gammaproteobacteria (class), Pseudomonadales (order), Pseudomonadaceae (family), Aquipseudomonas (genus)	Aquipseudomonas alcaligenes (Pseudomonas alcaligenes)
A0A089MMR2	160799	cellular organisms (no rank), Bacteria (domain), Bacillati (kingdom), Bacillota (phylum), Bacilli (class), Caryophanales (order), Paenibacillaceae (family), Paenibacillus (genus)	Paenibacillus borealis
Q5E325	312309	cellular organisms (no rank), Bacteria (domain), Pseudomonadati (kingdom), Pseudomonadota (phylum), Gammaproteobacteria (class), Vibrionales (order), Vibrionaceae (family), Aliivibrio (genus), Aliivibrio fischeri (species)	Aliivibrio fischeri (strain ATCC 700601 / ES114) (Vibrio fischeri)
F1Q8X5	7955	cellular organisms (no rank), Eukaryota (domain), Opisthokonta (clade), Metazoa (kingdom), Eumetazoa (clade), Bilateria (clade), Deuterostomia (clade), Chordata (phylum), Craniata (subphylum), Vertebrata (clade), Gnathostomata (clade), Teleostomi (clade), Euteleostomi (clade), Actinopterygii (superclass), Actinopteri (class), Neopterygii (subclass), Teleostei (infraclass), Osteoglossocephalai (clade), Clupeocephala (clade), Otomorpha (cohort), Ostariophysi (subcohort), Otophysi (clade), Cypriniphysae (superorder), Cypriniformes (order), Cyprinoidei (suborder), Danionidae (family), Danioninae (subfamily), Danio (genus)	Danio rerio (Zebrafish) (Brachydanio rerio)
B3GZA0	537457	cellular organisms (no rank), Bacteria (domain), Pseudomonadati (kingdom), Pseudomonadota (phylum), Gammaproteobacteria (class), Pasteurellales (order), Pasteurellaceae (family), Actinobacillus (genus), Actinobacillus pleuropneumoniae (species), Actinobacillus pleuropneumoniae serovar 7 (no rank)	Actinobacillus pleuropneumoniae serotype 7 (strain AP76)
Q3K1E6	205921	cellular organisms (no rank), Bacteria (domain), Bacillati (kingdom), Bacillota (phylum), Bacilli (class), Lactobacillales (order), Streptococcaceae (family), Streptococcus (genus), Streptococcus agalactiae (species), Streptococcus agalactiae serogroup Ia (serogroup)	Streptococcus agalactiae serotype Ia (strain ATCC 27591 / A909 / CDC SS700)
Q87SK9	223926	cellular organisms (no rank), Bacteria (domain), Pseudomonadati (kingdom), Pseudomonadota (phylum), Gammaproteobacteria (class), Vibrionales (order), Vibrionaceae (family), Vibrio (genus), Vibrio harveyi group (no rank), Vibrio parahaemolyticus (species)	Vibrio parahaemolyticus serotype O3:K6 (strain RIMD 2210633)
P41368	1280	cellular organisms (no rank), Bacteria (domain), Bacillati (kingdom), Bacillota (phylum), Bacilli (class), Caryophanales (order), Staphylococcaceae (family), Staphylococcus (genus)	Staphylococcus aureus
Q59701	176298	cellular organisms (no rank), Bacteria (domain), Pseudomonadati (kingdom), Pseudomonadota (phylum), Alphaproteobacteria (class), Hyphomicrobiales (order), Rhizobiaceae (family), Rhizobium/Agrobacterium group (no rank), Agrobacterium (genus), Agrobacterium tumefaciens complex (no rank), Agrobacterium tumefaciens (species)	Agrobacterium tumefaciens (strain Ach5)
A4W5B9	399742	cellular organisms (no rank), Bacteria (domain), Pseudomonadati (kingdom), Pseudomonadota (phylum), Gammaproteobacteria (class), Enterobacterales (order), Enterobacteriaceae (family), Enterobacter (genus), unclassified Enterobacter (no rank)	Enterobacter sp. (strain 638)
Q1QMJ4	323097	cellular organisms (no rank), Bacteria (domain), Pseudomonadati (kingdom), Pseudomonadota (phylum), Alphaproteobacteria (class), Hyphomicrobiales (order), Nitrobacteraceae (family), Nitrobacter (genus), Nitrobacter hamburgensis (species)	Nitrobacter hamburgensis (strain DSM 10229 / NCIMB 13809 / X14)
P12568	11250	Viruses (no rank), Riboviria (realm), Orthornavirae (kingdom), Negarnaviricota (phylum), Haploviricotina (subphylum), Monjiviricetes (class), Mononegavirales (order), Pneumoviridae (family), Orthopneumovirus (genus), Orthopneumovirus hominis (species)	Human respiratory syncytial virus
Q8ZDX8	632	cellular organisms (no rank), Bacteria (domain), Pseudomonadati (kingdom), Pseudomonadota (phylum), Gammaproteobacteria (class), Enterobacterales (order), Yersiniaceae (family), Yersinia (genus), Yersinia pseudotuberculosis complex (no rank)	Yersinia pestis
P81594	272564	cellular organisms (no rank), Bacteria (domain), Bacillati (kingdom), Bacillota (phylum), Clostridia (class), Eubacteriales (order), Desulfitobacteriaceae (family), Desulfitobacterium (genus), Desulfitobacterium hafniense (species)	Desulfitobacterium hafniense (strain DSM 10664 / DCB-2)
Q5U925	1496	cellular organisms (no rank), Bacteria (domain), Bacillati (kingdom), Bacillota (phylum), Clostridia (class), Peptostreptococcales (order), Peptostreptococcaceae (family), Clostridioides (genus)	Clostridioides difficile (Peptoclostridium difficile)
P42449	196627	cellular organisms (no rank), Bacteria (domain), Bacillati (kingdom), Actinomycetota (phylum), Actinomycetes (class), Mycobacteriales (order), Corynebacteriaceae (family), Corynebacterium (genus), Corynebacterium glutamicum (species)	Corynebacterium glutamicum (strain ATCC 13032 / DSM 20300 / JCM 1318 / BCRC 11384 / CCUG 27702 / LMG 3730 / NBRC 12168 / NCIMB 10025 / NRRL B-2784 / 534)
B3WEF5	543734	cellular organisms (no rank), Bacteria (domain), Bacillati (kingdom), Bacillota (phylum), Bacilli (class), Lactobacillales (order), Lactobacillaceae (family), Lacticaseibacillus (genus), Lacticaseibacillus casei (species)	Lacticaseibacillus casei (strain BL23) (Lactobacillus casei)
O88037	100226	cellular organisms (no rank), Bacteria (domain), Bacillati (kingdom), Actinomycetota (phylum), Actinomycetes (class), Kitasatosporales (order), Streptomycetaceae (family), Streptomyces (genus), Streptomyces albidoflavus group (no rank), Streptomyces coelicolor (species)	Streptomyces coelicolor (strain ATCC BAA-471 / A3(2) / M145)
Q8GED7	1971	cellular organisms (no rank), Bacteria (domain), Bacillati (kingdom), Actinomycetota (phylum), Actinomycetes (class), Kitasatosporales (order), Streptomycetaceae (family), Streptomyces (genus)	Streptomyces noursei (Streptomyces albulus)
A0R066	246196	cellular organisms (no rank), Bacteria (domain), Bacillati (kingdom), Actinomycetota (phylum), Actinomycetes (class), Mycobacteriales (order), Mycobacteriaceae (family), Mycolicibacterium (genus), Mycolicibacterium smegmatis (species)	Mycolicibacterium smegmatis (strain ATCC 700084 / mc(2)155) (Mycobacterium smegmatis)
P15266	34	cellular organisms (no rank), Bacteria (domain), Pseudomonadati (kingdom), Myxococcota (phylum), Myxococcia (class), Myxococcales (order), Cystobacterineae (suborder), Myxococcaceae (family), Myxococcus (genus)	Myxococcus xanthus
Q9PPU6	273119	cellular organisms (no rank), Bacteria (domain), Bacillati (kingdom), Mycoplasmatota (phylum), Mycoplasmoidales (order), Mycoplasmoidaceae (family), Ureaplasma (genus), Ureaplasma parvum (species), Ureaplasma parvum serovar 3 (no rank)	Ureaplasma parvum serovar 3 (strain ATCC 700970)
B9MD63	535289	cellular organisms (no rank), Bacteria (domain), Pseudomonadati (kingdom), Pseudomonadota (phylum), Betaproteobacteria (class), Burkholderiales (order), Comamonadaceae (family), Diaphorobacter (genus), [Acidovorax] ebreus (species)	Acidovorax ebreus (strain TPSY) (Diaphorobacter sp. (strain TPSY))
P03145	489543	Viruses (no rank), Riboviria (realm), Pararnavirae (kingdom), Artverviricota (phylum), Revtraviricetes (class), Blubervirales (order), Hepadnaviridae (family), Avihepadnavirus (genus), Avihepadnavirus anatigruidae (species), Duck hepatitis B virus (no rank)	Duck hepatitis B virus (strain United States/DHBV-16) (DHBV)
A1AXS8	413404	cellular organisms (no rank), Bacteria (domain), Pseudomonadati (kingdom), Pseudomonadota (phylum), Gammaproteobacteria (class), Gammaproteobacteria incertae sedis (no rank), Candidatus Pseudothioglobaceae (family), Candidatus Ruthturnera (genus), Candidatus Ruthturnera calyptogenae (species)	Ruthia magnifica subsp. Calyptogena magnifica
Q7VGY9	235279	cellular organisms (no rank), Bacteria (domain), Pseudomonadati (kingdom), Campylobacterota (phylum), Epsilonproteobacteria (class), Campylobacterales (order), Helicobacteraceae (family), Helicobacter (genus), Helicobacter hepaticus (species)	Helicobacter hepaticus (strain ATCC 51449 / 3B1)
P32010	1950	cellular organisms (no rank), Bacteria (domain), Bacillati (kingdom), Actinomycetota (phylum), Actinomycetes (class), Kitasatosporales (order), Streptomycetaceae (family), Streptomyces (genus)	Streptomyces peucetius
Q59334	517417	cellular organisms (no rank), Bacteria (domain), Pseudomonadati (kingdom), FCB group (clade), Bacteroidota/Chlorobiota group (clade), Chlorobiota (phylum), Chlorobiia (class), Chlorobiales (order), Chlorobiaceae (family), Chlorobaculum (genus), Chlorobaculum parvum (species)	Chlorobaculum parvum (strain DSM 263 / NCIMB 8327) (Chlorobium vibrioforme subsp. thiosulfatophilum)
P20345	2884424	Viruses (no rank), Duplodnaviria (realm), Heunggongvirae (kingdom), Uroviricota (phylum), Caudoviricetes (class), Caudoviricetes incertae sedis (no rank), Salasmaviridae (family), Picovirinae (subfamily), Salasvirus (genus), Salasvirus phi29 (species)	Bacillus phage phi29 (Bacteriophage phi-29)
B7HSY1	405534	cellular organisms (no rank), Bacteria (domain), Bacillati (kingdom), Bacillota (phylum), Bacilli (class), Caryophanales (order), Bacillaceae (family), Bacillus (genus), Bacillus cereus group (no rank), Bacillus cereus (species)	Bacillus cereus (strain AH187)
Q9UWU1	273057	cellular organisms (no rank), Archaea (domain), Thermoproteati (kingdom), Thermoproteota (phylum), Thermoprotei (class), Sulfolobales (order), Sulfolobaceae (family), Saccharolobus (genus), Saccharolobus solfataricus (species)	Saccharolobus solfataricus (strain ATCC 35092 / DSM 1617 / JCM 11322 / P2) (Sulfolobus solfataricus)
O58328	70601	cellular organisms (no rank), Archaea (domain), Methanobacteriati (kingdom), Methanobacteriota (phylum), Thermococci (class), Thermococcales (order), Thermococcaceae (family), Pyrococcus (genus), Pyrococcus horikoshii (species)	Pyrococcus horikoshii (strain ATCC 700860 / DSM 12428 / JCM 9974 / NBRC 100139 / OT-3)
Q1Q8J9	335284	cellular organisms (no rank), Bacteria (domain), Pseudomonadati (kingdom), Pseudomonadota (phylum), Gammaproteobacteria (class), Moraxellales (order), Moraxellaceae (family), Psychrobacter (genus), Psychrobacter cryohalolentis (species)	Psychrobacter cryohalolentis (strain ATCC BAA-1226 / DSM 17306 / VKM B-2378 / K5)
B9KMT6	557760	cellular organisms (no rank), Bacteria (domain), Pseudomonadati (kingdom), Pseudomonadota (phylum), Alphaproteobacteria (class), Rhodobacterales (order), Paracoccaceae (family), Cereibacter (genus), Cereibacter sphaeroides (species)	Cereibacter sphaeroides (strain KD131 / KCTC 12085) (Rhodobacter sphaeroides)
O84395	272561	cellular organisms (no rank), Bacteria (domain), Pseudomonadati (kingdom), PVC group (clade), Chlamydiota (phylum), Chlamydiia (class), Chlamydiales (order), Chlamydiaceae (family), Chlamydia/Chlamydophila group (no rank), Chlamydia (genus), Chlamydia trachomatis (species)	Chlamydia trachomatis serovar D (strain ATCC VR-885 / DSM 19411 / UW-3/Cx)
P54937	1523	cellular organisms (no rank), Bacteria (domain), Bacillati (kingdom), Bacillota (phylum), Clostridia (class), Eubacteriales (order), Clostridiaceae (family), Clostridium (genus)	Clostridium longisporum
Q9FDN6	264732	cellular organisms (no rank), Bacteria (domain), Bacillati (kingdom), Bacillota (phylum), Clostridia (class), Neomoorellales (order), Neomoorellaceae (family), Neomoorella (genus), Neomoorella thermoacetica (species)	Moorella thermoacetica (strain ATCC 39073 / JCM 9320)
Q2RT58	269796	cellular organisms (no rank), Bacteria (domain), Pseudomonadati (kingdom), Pseudomonadota (phylum), Alphaproteobacteria (class), Rhodospirillales (order), Rhodospirillaceae (family), Rhodospirillum (genus), Rhodospirillum rubrum (species)	Rhodospirillum rubrum (strain ATCC 11170 / ATH 1.1.1 / DSM 467 / LMG 4362 / NCIMB 8255 / S1)
P41393	571	cellular organisms (no rank), Bacteria (domain), Pseudomonadati (kingdom), Pseudomonadota (phylum), Gammaproteobacteria (class), Enterobacterales (order), Enterobacteriaceae (family), Klebsiella (genus)	Klebsiella oxytoca
P33455	12557	Viruses (no rank), Riboviria (realm), Orthornavirae (kingdom), Negarnaviricota (phylum), Polyploviricotina (subphylum), Bunyaviricetes (class), Elliovirales (order), Hantaviridae (family), Mammantavirinae (subfamily), Orthohantavirus (genus), Orthohantavirus seoulense (species)	Seoul virus (strain 80-39)
C5BQ30	377629	cellular organisms (no rank), Bacteria (domain), Pseudomonadati (kingdom), Pseudomonadota (phylum), Gammaproteobacteria (class), Cellvibrionales (order), Cellvibrionaceae (family), Teredinibacter (genus), Teredinibacter turnerae (species)	Teredinibacter turnerae (strain ATCC 39867 / T7901)
Q60106	136420	cellular organisms (no rank), Bacteria (domain), Pseudomonadati (kingdom), Pseudomonadota (phylum), Gammaproteobacteria (class), Lysobacterales (order), Lysobacteraceae (family), Xanthomonas (genus), unclassified Xanthomonas (no rank)	Xanthomonas sp. (strain T-22)
Q7VP66	233412	cellular organisms (no rank), Bacteria (domain), Pseudomonadati (kingdom), Pseudomonadota (phylum), Gammaproteobacteria (class), Pasteurellales (order), Pasteurellaceae (family), Haemophilus (genus), Haemophilus ducreyi (species)	Haemophilus ducreyi (strain 35000HP / ATCC 700724)
P17303	192	cellular organisms (no rank), Bacteria (domain), Pseudomonadati (kingdom), Pseudomonadota (phylum), Alphaproteobacteria (class), Rhodospirillales (order), Azospirillaceae (family), Azospirillum (genus)	Azospirillum brasilense
Q8A947	226186	cellular organisms (no rank), Bacteria (domain), Pseudomonadati (kingdom), FCB group (clade), Bacteroidota/Chlorobiota group (clade), Bacteroidota (phylum), Bacteroidia (class), Bacteroidales (order), Bacteroidaceae (family), Bacteroides (genus), Bacteroides thetaiotaomicron (species)	Bacteroides thetaiotaomicron (strain ATCC 29148 / DSM 2079 / JCM 5827 / CCUG 10774 / NCTC 10582 / VPI-5482 / E50)
A8GZ99	398579	cellular organisms (no rank), Bacteria (domain), Pseudomonadati (kingdom), Pseudomonadota (phylum), Gammaproteobacteria (class), Alteromonadales (order), Shewanellaceae (family), Shewanella (genus), Shewanella pealeana (species)	Shewanella pealeana (strain ATCC 700345 / ANG-SQ1)
Q12XX5	259564	cellular organisms (no rank), Archaea (domain), Methanobacteriati (kingdom), Methanobacteriota (phylum), Stenosarchaea group (clade), Methanomicrobia (class), Methanosarcinales (order), Methanosarcinaceae (family), Methanococcoides (genus), Methanococcoides burtonii (species)	Methanococcoides burtonii (strain DSM 6242 / NBRC 107633 / OCM 468 / ACE-M)
O88070	100226	cellular organisms (no rank), Bacteria (domain), Bacillati (kingdom), Actinomycetota (phylum), Actinomycetes (class), Kitasatosporales (order), Streptomycetaceae (family), Streptomyces (genus), Streptomyces albidoflavus group (no rank), Streptomyces coelicolor (species)	Streptomyces coelicolor (strain ATCC BAA-471 / A3(2) / M145)
A3DIH0	203119	cellular organisms (no rank), Bacteria (domain), Bacillati (kingdom), Bacillota (phylum), Clostridia (class), Acetivibrionales (order), Acetivibrionaceae (family), Acetivibrio (genus), Acetivibrio thermocellus (species)	Acetivibrio thermocellus (strain ATCC 27405 / DSM 1237 / JCM 9322 / NBRC 103400 / NCIMB 10682 / NRRL B-4536 / VPI 7372) (Clostridium thermocellum)
C7EXL6	46506	cellular organisms (no rank), Bacteria (domain), Pseudomonadati (kingdom), FCB group (clade), Bacteroidota/Chlorobiota group (clade), Bacteroidota (phylum), Bacteroidia (class), Bacteroidales (order), Bacteroidaceae (family), Bacteroides (genus)	Bacteroides stercoris
Q5E775	312309	cellular organisms (no rank), Bacteria (domain), Pseudomonadati (kingdom), Pseudomonadota (phylum), Gammaproteobacteria (class), Vibrionales (order), Vibrionaceae (family), Aliivibrio (genus), Aliivibrio fischeri (species)	Aliivibrio fischeri (strain ATCC 700601 / ES114) (Vibrio fischeri)
Q635H0	288681	cellular organisms (no rank), Bacteria (domain), Bacillati (kingdom), Bacillota (phylum), Bacilli (class), Caryophanales (order), Bacillaceae (family), Bacillus (genus), Bacillus cereus group (no rank), Bacillus cereus (species)	Bacillus cereus (strain ZK / E33L)
A0A0F6AK91	126740	cellular organisms (no rank), Bacteria (domain), Thermotogati (kingdom), Thermotogota (phylum), Thermotogae (class), Thermotogales (order), Thermotogaceae (family), Thermotoga (genus), unclassified Thermotoga (no rank)	Thermotoga sp. (strain RQ2)
Q4AAM2	262719	cellular organisms (no rank), Bacteria (domain), Bacillati (kingdom), Mycoplasmatota (phylum), Mycoplasmoidales (order), Metamycoplasmataceae (family), Mesomycoplasma (genus), Mesomycoplasma hyopneumoniae (species)	Mesomycoplasma hyopneumoniae (strain J / ATCC 25934 / NCTC 10110) (Mycoplasma hyopneumoniae)
A3NQ46	357348	cellular organisms (no rank), Bacteria (domain), Pseudomonadati (kingdom), Pseudomonadota (phylum), Betaproteobacteria (class), Burkholderiales (order), Burkholderiaceae (family), Burkholderia (genus), pseudomallei group (no rank), Burkholderia pseudomallei (species)	Burkholderia pseudomallei (strain 1106a)
P0C6J0	490134	Viruses (no rank), Riboviria (realm), Pararnavirae (kingdom), Artverviricota (phylum), Revtraviricetes (class), Blubervirales (order), Hepadnaviridae (family), Orthohepadnavirus (genus), Orthohepadnavirus lagothricis (species), Woolly monkey hepatitis B virus (no rank)	Woolly monkey hepatitis B virus (isolate Louisville) (WMHBV)
A0A096MK47	10116	cellular organisms (no rank), Eukaryota (domain), Opisthokonta (clade), Metazoa (kingdom), Eumetazoa (clade), Bilateria (clade), Deuterostomia (clade), Chordata (phylum), Craniata (subphylum), Vertebrata (clade), Gnathostomata (clade), Teleostomi (clade), Euteleostomi (clade), Sarcopterygii (superclass), Dipnotetrapodomorpha (clade), Tetrapoda (clade), Amniota (clade), Mammalia (class), Theria (clade), Eutheria (clade), Boreoeutheria (clade), Euarchontoglires (superorder), Glires (clade), Rodentia (order), Myomorpha (suborder), Muroidea (clade), Muridae (family), Murinae (subfamily), Rattus (genus)	Rattus norvegicus (Rat)
O39522	57119	Viruses (no rank), Floreoviria (realm), Shotokuvirae (kingdom), Cressdnaviricota (phylum), Repensiviricetes (class), Geplafuvirales (order), Geminiviridae (family), Mastrevirus (genus), Mastrevirus cicerparvi (species)	Bean yellow dwarf virus (BeYDV)
P51759	43989	cellular organisms (no rank), Bacteria (domain), Bacillati (kingdom), Cyanobacteriota/Melainabacteria group (clade), Cyanobacteriota (phylum), Cyanophyceae (class), Oscillatoriophycideae (subclass), Chroococcales (order), Aphanothecaceae (family), Crocosphaera (genus), Crocosphaera subtropica (species)	Crocosphaera subtropica (strain ATCC 51142 / BH68) (Cyanothece sp. (strain ATCC 51142))
Q9V262	272844	cellular organisms (no rank), Archaea (domain), Methanobacteriati (kingdom), Methanobacteriota (phylum), Thermococci (class), Thermococcales (order), Thermococcaceae (family), Pyrococcus (genus), Pyrococcus abyssi (species)	Pyrococcus abyssi (strain GE5 / Orsay)
S5FMM4	1402	cellular organisms (no rank), Bacteria (domain), Bacillati (kingdom), Bacillota (phylum), Bacilli (class), Caryophanales (order), Bacillaceae (family), Bacillus (genus), Bacillus subtilis group (no rank)	Bacillus licheniformis
Q6GAG0	282459	cellular organisms (no rank), Bacteria (domain), Bacillati (kingdom), Bacillota (phylum), Bacilli (class), Caryophanales (order), Staphylococcaceae (family), Staphylococcus (genus), Staphylococcus aureus (species)	Staphylococcus aureus (strain MSSA476)
A1U487	351348	cellular organisms (no rank), Bacteria (domain), Pseudomonadati (kingdom), Pseudomonadota (phylum), Gammaproteobacteria (class), Pseudomonadales (order), Marinobacteraceae (family), Marinobacter (genus), Marinobacter nauticus (species)	Marinobacter nauticus (strain ATCC 700491 / DSM 11845 / VT8) (Marinobacter aquaeolei)
Q71EW5	29542	cellular organisms (no rank), Bacteria (domain), Pseudomonadati (kingdom), Thermodesulfobacteriota (phylum), Desulfuromonadia (class), Desulfuromonadales (order), Syntrophotaleaceae (family), Syntrophotalea (genus)	Syntrophotalea acetylenica (Pelobacter acetylenicus)
Q932V0	622	cellular organisms (no rank), Bacteria (domain), Pseudomonadati (kingdom), Pseudomonadota (phylum), Gammaproteobacteria (class), Enterobacterales (order), Enterobacteriaceae (family), Shigella (genus)	Shigella dysenteriae
P56418	85962	cellular organisms (no rank), Bacteria (domain), Pseudomonadati (kingdom), Campylobacterota (phylum), Epsilonproteobacteria (class), Campylobacterales (order), Helicobacteraceae (family), Helicobacter (genus), Helicobacter pylori (species)	Helicobacter pylori (strain ATCC 700392 / 26695) (Campylobacter pylori)
Q5SHN6	300852	cellular organisms (no rank), Bacteria (domain), Thermotogati (kingdom), Deinococcota (phylum), Deinococci (class), Thermales (order), Thermaceae (family), Thermus (genus), Thermus thermophilus (species)	Thermus thermophilus (strain ATCC 27634 / DSM 579 / HB8)
P0CB53	1307	cellular organisms (no rank), Bacteria (domain), Bacillati (kingdom), Bacillota (phylum), Bacilli (class), Lactobacillales (order), Streptococcaceae (family), Streptococcus (genus)	Streptococcus suis
A4XZK2	399739	cellular organisms (no rank), Bacteria (domain), Pseudomonadati (kingdom), Pseudomonadota (phylum), Gammaproteobacteria (class), Pseudomonadales (order), Pseudomonadaceae (family), Ectopseudomonas (genus), Ectopseudomonas mendocina (species)	Ectopseudomonas mendocina (strain ymp) (Pseudomonas mendocina)
D4GP33	309800	cellular organisms (no rank), Archaea (domain), Methanobacteriati (kingdom), Methanobacteriota (phylum), Stenosarchaea group (clade), Halobacteria (class), Halobacteriales (order), Haloferacaceae (family), Haloferax (genus), Haloferax volcanii (species)	Haloferax volcanii (strain ATCC 29605 / DSM 3757 / JCM 8879 / NBRC 14742 / NCIMB 2012 / VKM B-1768 / DS2) (Halobacterium volcanii)
Q93HX3	188	cellular organisms (no rank), Bacteria (domain), Pseudomonadati (kingdom), Pseudomonadota (phylum), Alphaproteobacteria (class), Rhodospirillales (order), Magnetospirillaceae (family), Paramagnetospirillum (genus)	Paramagnetospirillum magnetotacticum (Aquaspirillum magnetotacticum)
Q6J1Z5	285	cellular organisms (no rank), Bacteria (domain), Pseudomonadati (kingdom), Pseudomonadota (phylum), Betaproteobacteria (class), Burkholderiales (order), Comamonadaceae (family), Comamonas (genus)	Comamonas testosteroni (Pseudomonas testosteroni)
B8JBN6	455488	cellular organisms (no rank), Bacteria (domain), Pseudomonadati (kingdom), Myxococcota (phylum), Myxococcia (class), Myxococcales (order), Cystobacterineae (suborder), Anaeromyxobacteraceae (family), Anaeromyxobacter (genus), Anaeromyxobacter dehalogenans (species)	Anaeromyxobacter dehalogenans (strain ATCC BAA-258 / DSM 21875 / 2CP-1)
A3CNI5	388919	cellular organisms (no rank), Bacteria (domain), Bacillati (kingdom), Bacillota (phylum), Bacilli (class), Lactobacillales (order), Streptococcaceae (family), Streptococcus (genus), Streptococcus sanguinis (species)	Streptococcus sanguinis (strain SK36)
Q4JQJ5	1091494	cellular organisms (no rank), Bacteria (domain), Pseudomonadati (kingdom), Pseudomonadota (phylum), Gammaproteobacteria (class), Methylococcales (order), Methylococcaceae (family), Methylotuvimicrobium (genus), Methylotuvimicrobium alcaliphilum (species)	Methylotuvimicrobium alcaliphilum (strain DSM 19304 / NCIMB 14124 / VKM B-2133 / 20Z) (Methylomicrobium alcaliphilum)
D0KN27	555311	cellular organisms (no rank), Archaea (domain), Thermoproteati (kingdom), Thermoproteota (phylum), Thermoprotei (class), Sulfolobales (order), Sulfolobaceae (family), Saccharolobus (genus), Saccharolobus solfataricus (species)	Saccharolobus solfataricus (strain 98/2) (Sulfolobus solfataricus)
B6I4I6	409438	cellular organisms (no rank), Bacteria (domain), Pseudomonadati (kingdom), Pseudomonadota (phylum), Gammaproteobacteria (class), Enterobacterales (order), Enterobacteriaceae (family), Escherichia (genus), Escherichia coli (species)	Escherichia coli (strain SE11)
A1ADA7	405955	cellular organisms (no rank), Bacteria (domain), Pseudomonadati (kingdom), Pseudomonadota (phylum), Gammaproteobacteria (class), Enterobacterales (order), Enterobacteriaceae (family), Escherichia (genus), Escherichia coli (species)	Escherichia coli O1:K1 / APEC
Q5JGC2	69014	cellular organisms (no rank), Archaea (domain), Methanobacteriati (kingdom), Methanobacteriota (phylum), Thermococci (class), Thermococcales (order), Thermococcaceae (family), Thermococcus (genus), Thermococcus kodakarensis (species)	Thermococcus kodakarensis (strain ATCC BAA-918 / JCM 12380 / KOD1) (Pyrococcus kodakaraensis (strain KOD1))
Q0P9D1	192222	cellular organisms (no rank), Bacteria (domain), Pseudomonadati (kingdom), Campylobacterota (phylum), Epsilonproteobacteria (class), Campylobacterales (order), Campylobacteraceae (family), Campylobacter (genus), Campylobacter jejuni (species), Campylobacter jejuni subsp. jejuni (subspecies)	Campylobacter jejuni subsp. jejuni serotype O:2 (strain ATCC 700819 / NCTC 11168)
A7ZPF8	331111	cellular organisms (no rank), Bacteria (domain), Pseudomonadati (kingdom), Pseudomonadota (phylum), Gammaproteobacteria (class), Enterobacterales (order), Enterobacteriaceae (family), Escherichia (genus), Escherichia coli (species), Escherichia coli O139:H28 (no rank)	Escherichia coli O139:H28 (strain E24377A / ETEC)
P00360	559292	cellular organisms (no rank), Eukaryota (domain), Opisthokonta (clade), Fungi (kingdom), Dikarya (subkingdom), Ascomycota (phylum), saccharomyceta (clade), Saccharomycotina (subphylum), Saccharomycetes (class), Saccharomycetales (order), Saccharomycetaceae (family), Saccharomyces (genus), Saccharomyces cerevisiae (species)	Saccharomyces cerevisiae (strain ATCC 204508 / S288c) (Baker's yeast)
A3Q3N5	164757	cellular organisms (no rank), Bacteria (domain), Bacillati (kingdom), Actinomycetota (phylum), Actinomycetes (class), Mycobacteriales (order), Mycobacteriaceae (family), Mycobacterium (genus), unclassified Mycobacterium (no rank)	Mycobacterium sp. (strain JLS)
Q7M1B9	324602	cellular organisms (no rank), Bacteria (domain), Bacillati (kingdom), Chloroflexota (phylum), Chloroflexia (class), Chloroflexales (order), Chloroflexineae (suborder), Chloroflexaceae (family), Chloroflexus (genus), Chloroflexus aurantiacus (species)	Chloroflexus aurantiacus (strain ATCC 29366 / DSM 635 / J-10-fl)
Q02499	1422	cellular organisms (no rank), Bacteria (domain), Bacillati (kingdom), Bacillota (phylum), Bacilli (class), Caryophanales (order), Anoxybacillaceae (family), Geobacillus (genus)	Geobacillus stearothermophilus (Bacillus stearothermophilus)
C6DAW5	561230	cellular organisms (no rank), Bacteria (domain), Pseudomonadati (kingdom), Pseudomonadota (phylum), Gammaproteobacteria (class), Enterobacterales (order), Pectobacteriaceae (family), Pectobacterium (genus), Pectobacterium carotovorum (species), Pectobacterium carotovorum subsp. carotovorum (subspecies)	Pectobacterium carotovorum subsp. carotovorum (strain PC1)
Q8XQC5	267608	cellular organisms (no rank), Bacteria (domain), Pseudomonadati (kingdom), Pseudomonadota (phylum), Betaproteobacteria (class), Burkholderiales (order), Burkholderiaceae (family), Ralstonia (genus), Ralstonia solanacearum species complex (no rank), Ralstonia pseudosolanacearum (species)	Ralstonia nicotianae (strain ATCC BAA-1114 / GMI1000) (Ralstonia solanacearum)
A0RV30	414004	cellular organisms (no rank), Archaea (domain), Thermoproteati (kingdom), Nitrososphaerota (phylum), Candidatus Cenarchaeales (order), Candidatus Cenarchaeaceae (family), Candidatus Cenarchaeum (genus), Cenarchaeum symbiosum (species)	Cenarchaeum symbiosum (strain A)
Q04L24	373153	cellular organisms (no rank), Bacteria (domain), Bacillati (kingdom), Bacillota (phylum), Bacilli (class), Lactobacillales (order), Streptococcaceae (family), Streptococcus (genus), Streptococcus pneumoniae (species)	Streptococcus pneumoniae serotype 2 (strain D39 / NCTC 7466)
Q253Q2	264202	cellular organisms (no rank), Bacteria (domain), Pseudomonadati (kingdom), PVC group (clade), Chlamydiota (phylum), Chlamydiia (class), Chlamydiales (order), Chlamydiaceae (family), Chlamydia/Chlamydophila group (no rank), Chlamydia (genus), Chlamydia felis (species)	Chlamydia felis (strain Fe/C-56) (Chlamydophila felis)
A6VLS5	339671	cellular organisms (no rank), Bacteria (domain), Pseudomonadati (kingdom), Pseudomonadota (phylum), Gammaproteobacteria (class), Pasteurellales (order), Pasteurellaceae (family), Actinobacillus (genus), Actinobacillus succinogenes (species)	Actinobacillus succinogenes (strain ATCC 55618 / DSM 22257 / CCUG 43843 / 130Z)
A0R2N3	246196	cellular organisms (no rank), Bacteria (domain), Bacillati (kingdom), Actinomycetota (phylum), Actinomycetes (class), Mycobacteriales (order), Mycobacteriaceae (family), Mycolicibacterium (genus), Mycolicibacterium smegmatis (species)	Mycolicibacterium smegmatis (strain ATCC 700084 / mc(2)155) (Mycobacterium smegmatis)
Q1WSI0	362948	cellular organisms (no rank), Bacteria (domain), Bacillati (kingdom), Bacillota (phylum), Bacilli (class), Lactobacillales (order), Lactobacillaceae (family), Ligilactobacillus (genus), Ligilactobacillus salivarius (species)	Ligilactobacillus salivarius (strain UCC118) (Lactobacillus salivarius)
E7EZ53	7955	cellular organisms (no rank), Eukaryota (domain), Opisthokonta (clade), Metazoa (kingdom), Eumetazoa (clade), Bilateria (clade), Deuterostomia (clade), Chordata (phylum), Craniata (subphylum), Vertebrata (clade), Gnathostomata (clade), Teleostomi (clade), Euteleostomi (clade), Actinopterygii (superclass), Actinopteri (class), Neopterygii (subclass), Teleostei (infraclass), Osteoglossocephalai (clade), Clupeocephala (clade), Otomorpha (cohort), Ostariophysi (subcohort), Otophysi (clade), Cypriniphysae (superorder), Cypriniformes (order), Cyprinoidei (suborder), Danionidae (family), Danioninae (subfamily), Danio (genus)	Danio rerio (Zebrafish) (Brachydanio rerio)
Q1EPR4	388923	cellular organisms (no rank), Bacteria (domain), Bacillati (kingdom), Actinomycetota (phylum), Actinomycetes (class), Micrococcales (order), Micrococcaceae (family), Kocuria (genus), unclassified Kocuria (no rank)	Kocuria sp. (strain KY2)
P0A521	233413	cellular organisms (no rank), Bacteria (domain), Bacillati (kingdom), Actinomycetota (phylum), Actinomycetes (class), Mycobacteriales (order), Mycobacteriaceae (family), Mycobacterium (genus), Mycobacterium tuberculosis complex (no rank), Mycobacterium tuberculosis (species), Mycobacterium bovis (biotype)	Mycobacterium bovis (strain ATCC BAA-935 / AF2122/97)
Q04440	398511	cellular organisms (no rank), Bacteria (domain), Bacillati (kingdom), Bacillota (phylum), Bacilli (class), Caryophanales (order), Bacillaceae (family), Alkalihalophilus (genus), Alkalihalophilus pseudofirmus (species)	Alkalihalophilus pseudofirmus (strain ATCC BAA-2126 / JCM 17055 / OF4) (Bacillus pseudofirmus)
Q39C92	482957	cellular organisms (no rank), Bacteria (domain), Pseudomonadati (kingdom), Pseudomonadota (phylum), Betaproteobacteria (class), Burkholderiales (order), Burkholderiaceae (family), Burkholderia (genus), Burkholderia cepacia complex (no rank)	Burkholderia lata (strain ATCC 17760 / DSM 23089 / LMG 22485 / NCIMB 9086 / R18194 / 383)
A6L075	435590	cellular organisms (no rank), Bacteria (domain), Pseudomonadati (kingdom), FCB group (clade), Bacteroidota/Chlorobiota group (clade), Bacteroidota (phylum), Bacteroidia (class), Bacteroidales (order), Bacteroidaceae (family), Phocaeicola (genus), Phocaeicola vulgatus (species)	Phocaeicola vulgatus (strain ATCC 8482 / DSM 1447 / JCM 5826 / CCUG 4940 / NBRC 14291 / NCTC 11154) (Bacteroides vulgatus)
Q13T65	266265	cellular organisms (no rank), Bacteria (domain), Pseudomonadati (kingdom), Pseudomonadota (phylum), Betaproteobacteria (class), Burkholderiales (order), Burkholderiaceae (family), Paraburkholderia (genus), Paraburkholderia xenovorans (species)	Paraburkholderia xenovorans (strain LB400)
Q3MAB1	240292	cellular organisms (no rank), Bacteria (domain), Bacillati (kingdom), Cyanobacteriota/Melainabacteria group (clade), Cyanobacteriota (phylum), Cyanophyceae (class), Nostocales (order), Nostocaceae (family), Trichormus (genus), Anabaena variabilis (species)	Trichormus variabilis (strain ATCC 29413 / PCC 7937) (Anabaena variabilis)
A6KWQ7	435590	cellular organisms (no rank), Bacteria (domain), Pseudomonadati (kingdom), FCB group (clade), Bacteroidota/Chlorobiota group (clade), Bacteroidota (phylum), Bacteroidia (class), Bacteroidales (order), Bacteroidaceae (family), Phocaeicola (genus), Phocaeicola vulgatus (species)	Phocaeicola vulgatus (strain ATCC 8482 / DSM 1447 / JCM 5826 / CCUG 4940 / NBRC 14291 / NCTC 11154) (Bacteroides vulgatus)
B9ZUK6	52	cellular organisms (no rank), Bacteria (domain), Pseudomonadati (kingdom), Myxococcota (phylum), Polyangia (subclass), Polyangiales (order), Polyangiaceae (family), Chondromyces (genus)	Chondromyces crocatus
P17692	1417	cellular organisms (no rank), Bacteria (domain), Bacillati (kingdom), Bacillota (phylum), Bacilli (class), Caryophanales (order), Bacillaceae (family), Bacillus (genus), unclassified Bacillus (in: firmicutes) (no rank)	Bacillus sp. (strain B1018)
K5BIS0	1122247	cellular organisms (no rank), Bacteria (domain), Bacillati (kingdom), Actinomycetota (phylum), Actinomycetes (class), Mycobacteriales (order), Mycobacteriaceae (family), Mycolicibacterium (genus), Mycolicibacterium hassiacum (species)	Mycolicibacterium hassiacum (strain DSM 44199 / CIP 105218 / JCM 12690 / 3849) (Mycobacterium hassiacum)
P0C0Y8	1063	cellular organisms (no rank), Bacteria (domain), Pseudomonadati (kingdom), Pseudomonadota (phylum), Alphaproteobacteria (class), Rhodobacterales (order), Paracoccaceae (family), Cereibacter (genus)	Cereibacter sphaeroides (Rhodobacter sphaeroides)
B5F1H9	454166	cellular organisms (no rank), Bacteria (domain), Pseudomonadati (kingdom), Pseudomonadota (phylum), Gammaproteobacteria (class), Enterobacterales (order), Enterobacteriaceae (family), Salmonella (genus), Salmonella enterica (species), Salmonella enterica I (subspecies), Salmonella enterica subsp. enterica serovar Agona (no rank)	Salmonella agona (strain SL483)
P52200	2133	cellular organisms (no rank), Bacteria (domain), Bacillati (kingdom), Mycoplasmatota (phylum), Mollicutes (class), Entomoplasmatales (order), Spiroplasmataceae (family), Spiroplasma (genus)	Spiroplasma citri
B0KPI4	76869	cellular organisms (no rank), Bacteria (domain), Pseudomonadati (kingdom), Pseudomonadota (phylum), Gammaproteobacteria (class), Pseudomonadales (order), Pseudomonadaceae (family), Pseudomonas (genus), Pseudomonas putida group (no rank), Pseudomonas putida (species)	Pseudomonas putida (strain GB-1)
O30642	2208	cellular organisms (no rank), Archaea (domain), Methanobacteriati (kingdom), Methanobacteriota (phylum), Stenosarchaea group (clade), Methanomicrobia (class), Methanosarcinales (order), Methanosarcinaceae (family), Methanosarcina (genus)	Methanosarcina barkeri
Q72H00	262724	cellular organisms (no rank), Bacteria (domain), Thermotogati (kingdom), Deinococcota (phylum), Deinococci (class), Thermales (order), Thermaceae (family), Thermus (genus), Thermus thermophilus (species)	Thermus thermophilus (strain ATCC BAA-163 / DSM 7039 / HB27)
A4WCW6	399742	cellular organisms (no rank), Bacteria (domain), Pseudomonadati (kingdom), Pseudomonadota (phylum), Gammaproteobacteria (class), Enterobacterales (order), Enterobacteriaceae (family), Enterobacter (genus), unclassified Enterobacter (no rank)	Enterobacter sp. (strain 638)
D0VWR1	32053	cellular organisms (no rank), Bacteria (domain), Bacillati (kingdom), Cyanobacteriota/Melainabacteria group (clade), Cyanobacteriota (phylum), Cyanophyceae (class), Thermostichales (order), Thermostichaceae (family), Thermostichus (genus)	Thermostichus vulcanus (Synechococcus vulcanus)
B0BTC2	434271	cellular organisms (no rank), Bacteria (domain), Pseudomonadati (kingdom), Pseudomonadota (phylum), Gammaproteobacteria (class), Pasteurellales (order), Pasteurellaceae (family), Actinobacillus (genus), Actinobacillus pleuropneumoniae (species), Actinobacillus pleuropneumoniae serovar 3 (no rank)	Actinobacillus pleuropneumoniae serotype 3 (strain JL03)
Q741F1	262316	cellular organisms (no rank), Bacteria (domain), Bacillati (kingdom), Actinomycetota (phylum), Actinomycetes (class), Mycobacteriales (order), Mycobacteriaceae (family), Mycobacterium (genus), Mycobacterium avium complex (MAC) (no rank), Mycobacterium avium (species), Mycobacterium paratuberculosis (subspecies)	Mycolicibacterium paratuberculosis (strain ATCC BAA-968 / K-10) (Mycobacterium paratuberculosis)
Q5SHZ4	300852	cellular organisms (no rank), Bacteria (domain), Thermotogati (kingdom), Deinococcota (phylum), Deinococci (class), Thermales (order), Thermaceae (family), Thermus (genus), Thermus thermophilus (species)	Thermus thermophilus (strain ATCC 27634 / DSM 579 / HB8)
Q2NV91	343509	cellular organisms (no rank), Bacteria (domain), Pseudomonadati (kingdom), Pseudomonadota (phylum), Gammaproteobacteria (class), Enterobacterales (order), Bruguierivoracaceae (family), Sodalis (genus), Sodalis glossinidius (species)	Sodalis glossinidius (strain morsitans)
B7N544	585056	cellular organisms (no rank), Bacteria (domain), Pseudomonadati (kingdom), Pseudomonadota (phylum), Gammaproteobacteria (class), Enterobacterales (order), Enterobacteriaceae (family), Escherichia (genus), Escherichia coli (species)	Escherichia coli O17:K52:H18 (strain UMN026 / ExPEC)
Q6NGK9	257309	cellular organisms (no rank), Bacteria (domain), Bacillati (kingdom), Actinomycetota (phylum), Actinomycetes (class), Mycobacteriales (order), Corynebacteriaceae (family), Corynebacterium (genus), Corynebacterium diphtheriae (species)	Corynebacterium diphtheriae (strain ATCC 700971 / NCTC 13129 / Biotype gravis)
P17054	272942	cellular organisms (no rank), Bacteria (domain), Pseudomonadati (kingdom), Pseudomonadota (phylum), Alphaproteobacteria (class), Rhodobacterales (order), Rhodobacter group (no rank), Rhodobacter (genus), Rhodobacter capsulatus (species)	Rhodobacter capsulatus (strain ATCC BAA-309 / NBRC 16581 / SB1003)
Q02RW0	208963	cellular organisms (no rank), Bacteria (domain), Pseudomonadati (kingdom), Pseudomonadota (phylum), Gammaproteobacteria (class), Pseudomonadales (order), Pseudomonadaceae (family), Pseudomonas (genus), Pseudomonas aeruginosa group (no rank), Pseudomonas aeruginosa (species)	Pseudomonas aeruginosa (strain UCBPP-PA14)
Q2F7J1	356663	Viruses (no rank), Riboviria (realm), Pararnavirae (kingdom), Artverviricota (phylum), Revtraviricetes (class), Ortervirales (order), Retroviridae (family), Orthoretrovirinae (subfamily), Gammaretrovirus (genus), unclassified Gammaretrovirus (no rank), Murine leukemia-related retroviruses (species), XMRV-related viruses (no rank), Xenotropic MuLV-related virus (no rank)	Xenotropic MuLV-related virus (isolate VP35) (XMRV)
Q3YZV5	300269	cellular organisms (no rank), Bacteria (domain), Pseudomonadati (kingdom), Pseudomonadota (phylum), Gammaproteobacteria (class), Enterobacterales (order), Enterobacteriaceae (family), Shigella (genus), Shigella sonnei (species)	Shigella sonnei (strain Ss046)
Q724L5	265669	cellular organisms (no rank), Bacteria (domain), Bacillati (kingdom), Bacillota (phylum), Bacilli (class), Caryophanales (order), Listeriaceae (family), Listeria (genus), Listeria monocytogenes (species), Listeria monocytogenes serotype 4b (serotype)	Listeria monocytogenes serotype 4b (strain F2365)
A1B8Z0	318586	cellular organisms (no rank), Bacteria (domain), Pseudomonadati (kingdom), Pseudomonadota (phylum), Alphaproteobacteria (class), Rhodobacterales (order), Paracoccaceae (family), Paracoccus (genus), Paracoccus denitrificans (species)	Paracoccus denitrificans (strain Pd 1222)
Q47WD4	167879	cellular organisms (no rank), Bacteria (domain), Pseudomonadati (kingdom), Pseudomonadota (phylum), Gammaproteobacteria (class), Alteromonadales (order), Colwelliaceae (family), Colwellia (genus), Colwellia psychrerythraea (species)	Colwellia psychrerythraea (strain 34H / ATCC BAA-681) (Vibrio psychroerythus)
Q8U0Z6	186497	cellular organisms (no rank), Archaea (domain), Methanobacteriati (kingdom), Methanobacteriota (phylum), Thermococci (class), Thermococcales (order), Thermococcaceae (family), Pyrococcus (genus), Pyrococcus furiosus (species)	Pyrococcus furiosus (strain ATCC 43587 / DSM 3638 / JCM 8422 / Vc1)
Q5L1B7	235909	cellular organisms (no rank), Bacteria (domain), Bacillati (kingdom), Bacillota (phylum), Bacilli (class), Caryophanales (order), Anoxybacillaceae (family), Geobacillus (genus), Geobacillus thermoleovorans group (no rank), Geobacillus kaustophilus (species)	Geobacillus kaustophilus (strain HTA426)
Q9JP87	983917	cellular organisms (no rank), Bacteria (domain), Pseudomonadati (kingdom), Pseudomonadota (phylum), Betaproteobacteria (class), Burkholderiales (order), Sphaerotilaceae (family), Rubrivivax (genus), Rubrivivax gelatinosus (species)	Rubrivivax gelatinosus (strain NBRC 100245 / IL144)
P29946	99287	cellular organisms (no rank), Bacteria (domain), Pseudomonadati (kingdom), Pseudomonadota (phylum), Gammaproteobacteria (class), Enterobacterales (order), Enterobacteriaceae (family), Salmonella (genus), Salmonella enterica (species), Salmonella enterica I (subspecies), Salmonella typhimurium (no rank)	Salmonella typhimurium (strain LT2 / SGSC1412 / ATCC 700720)
P0A252	90370	cellular organisms (no rank), Bacteria (domain), Pseudomonadati (kingdom), Pseudomonadota (phylum), Gammaproteobacteria (class), Enterobacterales (order), Enterobacteriaceae (family), Salmonella (genus), Salmonella enterica (species), Salmonella enterica I (subspecies)	Salmonella typhi
A1SWQ0	357804	cellular organisms (no rank), Bacteria (domain), Pseudomonadati (kingdom), Pseudomonadota (phylum), Gammaproteobacteria (class), Alteromonadales (order), Psychromonadaceae (family), Psychromonas (genus), Psychromonas ingrahamii (species)	Psychromonas ingrahamii (strain DSM 17664 / CCUG 51855 / 37)
Q65R54	221988	cellular organisms (no rank), Bacteria (domain), Pseudomonadati (kingdom), Pseudomonadota (phylum), Gammaproteobacteria (class), Pasteurellales (order), Pasteurellaceae (family), Basfia (genus), [Mannheimia] succiniciproducens (species)	Mannheimia succiniciproducens (strain KCTC 0769BP / MBEL55E)
P24574	64091	cellular organisms (no rank), Archaea (domain), Methanobacteriati (kingdom), Methanobacteriota (phylum), Stenosarchaea group (clade), Halobacteria (class), Halobacteriales (order), Halobacteriaceae (family), Halobacterium (genus), Halobacterium salinarum (species), Halobacterium salinarum NRC-34001 (strain)	Halobacterium salinarum (strain ATCC 700922 / JCM 11081 / NRC-1) (Halobacterium halobium)
P19449	28448	cellular organisms (no rank), Bacteria (domain), Pseudomonadati (kingdom), Pseudomonadota (phylum), Alphaproteobacteria (class), Acetobacterales (order), Acetobacteraceae (family), Komagataeibacter (genus)	Komagataeibacter xylinus (Gluconacetobacter xylinus)
D3DFP8	608538	cellular organisms (no rank), Bacteria (domain), Pseudomonadati (kingdom), Aquificota (phylum), Aquificia (class), Aquificales (order), Aquificaceae (family), Hydrogenobacter (genus), Hydrogenobacter thermophilus (species)	Hydrogenobacter thermophilus (strain DSM 6534 / IAM 12695 / TK-6)
A0A4V8H042	506591	cellular organisms (no rank), Bacteria (domain), Pseudomonadati (kingdom), Pseudomonadota (phylum), Alphaproteobacteria (class), Rhodobacterales (order), Roseobacteraceae (family), Leisingera (genus)	Leisingera caerulea (Phaeobacter caeruleus)
Q1GZ11	265072	cellular organisms (no rank), Bacteria (domain), Pseudomonadati (kingdom), Pseudomonadota (phylum), Betaproteobacteria (class), Nitrosomonadales (order), Methylophilaceae (family), Methylobacillus (genus), Methylobacillus flagellatus (species)	Methylobacillus flagellatus (strain ATCC 51484 / DSM 6875 / VKM B-1610 / KT)
P0DN68	59374	cellular organisms (no rank), Bacteria (domain), Pseudomonadati (kingdom), FCB group (clade), Fibrobacterota (phylum), Fibrobacteria (class), Fibrobacterales (order), Fibrobacteraceae (family), Fibrobacter (genus), Fibrobacter succinogenes (species), Fibrobacter succinogenes subsp. succinogenes (subspecies)	Fibrobacter succinogenes (strain ATCC 19169 / S85)
C1B2L3	632772	cellular organisms (no rank), Bacteria (domain), Bacillati (kingdom), Actinomycetota (phylum), Actinomycetes (class), Mycobacteriales (order), Nocardiaceae (family), Rhodococcus (genus), Rhodococcus opacus (species)	Rhodococcus opacus (strain B4)
B4SIY9	391008	cellular organisms (no rank), Bacteria (domain), Pseudomonadati (kingdom), Pseudomonadota (phylum), Gammaproteobacteria (class), Lysobacterales (order), Lysobacteraceae (family), Stenotrophomonas (genus), Stenotrophomonas maltophilia group (no rank), Stenotrophomonas maltophilia (species)	Stenotrophomonas maltophilia (strain R551-3)
B7MBE2	585035	cellular organisms (no rank), Bacteria (domain), Pseudomonadati (kingdom), Pseudomonadota (phylum), Gammaproteobacteria (class), Enterobacterales (order), Enterobacteriaceae (family), Escherichia (genus), Escherichia coli (species)	Escherichia coli O45:K1 (strain S88 / ExPEC)
Q76KC2	69367	cellular organisms (no rank), Bacteria (domain), Bacillati (kingdom), Actinomycetota (phylum), Actinomycetes (class), Micrococcales (order), Microbacteriaceae (family), Microbacterium (genus)	Microbacterium luteolum (Aureobacterium luteolum)
P0A926	623	cellular organisms (no rank), Bacteria (domain), Pseudomonadati (kingdom), Pseudomonadota (phylum), Gammaproteobacteria (class), Enterobacterales (order), Enterobacteriaceae (family), Shigella (genus)	Shigella flexneri
Q9HYT3	208964	cellular organisms (no rank), Bacteria (domain), Pseudomonadati (kingdom), Pseudomonadota (phylum), Gammaproteobacteria (class), Pseudomonadales (order), Pseudomonadaceae (family), Pseudomonas (genus), Pseudomonas aeruginosa group (no rank), Pseudomonas aeruginosa (species)	Pseudomonas aeruginosa (strain ATCC 15692 / DSM 22644 / CIP 104116 / JCM 14847 / LMG 12228 / 1C / PRS 101 / PAO1)
A3Q8U4	323850	cellular organisms (no rank), Bacteria (domain), Pseudomonadati (kingdom), Pseudomonadota (phylum), Gammaproteobacteria (class), Alteromonadales (order), Shewanellaceae (family), Shewanella (genus), Shewanella loihica (species)	Shewanella loihica (strain ATCC BAA-1088 / PV-4)
Q5PB50	234826	cellular organisms (no rank), Bacteria (domain), Pseudomonadati (kingdom), Pseudomonadota (phylum), Alphaproteobacteria (class), Rickettsiales (order), Anaplasmataceae (family), Anaplasma (genus), Anaplasma marginale (species)	Anaplasma marginale (strain St. Maries)
Q2LQN9	56780	cellular organisms (no rank), Bacteria (domain), Pseudomonadati (kingdom), Thermodesulfobacteriota (phylum), Syntrophia (class), Syntrophales (order), Syntrophaceae (family), Syntrophus (genus), Syntrophus aciditrophicus (species)	Syntrophus aciditrophicus (strain SB)
Q72EF4	882	cellular organisms (no rank), Bacteria (domain), Pseudomonadati (kingdom), Thermodesulfobacteriota (phylum), Desulfovibrionia (class), Desulfovibrionales (order), Desulfovibrionaceae (family), Nitratidesulfovibrio (genus), Nitratidesulfovibrio vulgaris (species)	Nitratidesulfovibrio vulgaris (strain ATCC 29579 / DSM 644 / CCUG 34227 / NCIMB 8303 / VKM B-1760 / Hildenborough) (Desulfovibrio vulgaris)
Q32AZ8	300267	cellular organisms (no rank), Bacteria (domain), Pseudomonadati (kingdom), Pseudomonadota (phylum), Gammaproteobacteria (class), Enterobacterales (order), Enterobacteriaceae (family), Shigella (genus), Shigella dysenteriae (species)	Shigella dysenteriae serotype 1 (strain Sd197)
Q9XDM4	99287	cellular organisms (no rank), Bacteria (domain), Pseudomonadati (kingdom), Pseudomonadota (phylum), Gammaproteobacteria (class), Enterobacterales (order), Enterobacteriaceae (family), Salmonella (genus), Salmonella enterica (species), Salmonella enterica I (subspecies), Salmonella typhimurium (no rank)	Salmonella typhimurium (strain LT2 / SGSC1412 / ATCC 700720)
P73911	1111708	cellular organisms (no rank), Bacteria (domain), Bacillati (kingdom), Cyanobacteriota/Melainabacteria group (clade), Cyanobacteriota (phylum), Cyanophyceae (class), Synechococcales (order), Merismopediaceae (family), Synechocystis (genus), unclassified Synechocystis (no rank), Synechocystis sp. PCC 6803 (species)	Synechocystis sp. (strain ATCC 27184 / PCC 6803 / Kazusa)
Q79VD7	196627	cellular organisms (no rank), Bacteria (domain), Bacillati (kingdom), Actinomycetota (phylum), Actinomycetes (class), Mycobacteriales (order), Corynebacteriaceae (family), Corynebacterium (genus), Corynebacterium glutamicum (species)	Corynebacterium glutamicum (strain ATCC 13032 / DSM 20300 / JCM 1318 / BCRC 11384 / CCUG 27702 / LMG 3730 / NBRC 12168 / NCIMB 10025 / NRRL B-2784 / 534)
P38099	316	cellular organisms (no rank), Bacteria (domain), Pseudomonadati (kingdom), Pseudomonadota (phylum), Gammaproteobacteria (class), Pseudomonadales (order), Pseudomonadaceae (family), Stutzerimonas (genus), Stutzerimonas stutzeri group (no rank), Stutzerimonas stutzeri subgroup (no rank)	Stutzerimonas stutzeri (Pseudomonas stutzeri)
P26829	72581	cellular organisms (no rank), Bacteria (domain), Bacillati (kingdom), Bacillota (phylum), Bacilli (class), Caryophanales (order), Bacillaceae (family), Fredinandcohnia (genus)	Ferdinandcohnia aciditolerans (strain JCM 32973 / CCTCC AB 2017280 / YN-1) (Bacillus aciditolerans)
Q0S277	101510	cellular organisms (no rank), Bacteria (domain), Bacillati (kingdom), Actinomycetota (phylum), Actinomycetes (class), Mycobacteriales (order), Nocardiaceae (family), Rhodococcus (genus), Rhodococcus jostii (species)	Rhodococcus jostii (strain RHA1)
Q2Y681	323848	cellular organisms (no rank), Bacteria (domain), Pseudomonadati (kingdom), Pseudomonadota (phylum), Betaproteobacteria (class), Nitrosomonadales (order), Nitrosomonadaceae (family), Nitrosospira (genus), Nitrosospira multiformis (species)	Nitrosospira multiformis (strain ATCC 25196 / NCIMB 11849 / C 71)
B2SUA3	360094	cellular organisms (no rank), Bacteria (domain), Pseudomonadati (kingdom), Pseudomonadota (phylum), Gammaproteobacteria (class), Lysobacterales (order), Lysobacteraceae (family), Xanthomonas (genus), Xanthomonas oryzae (species), Xanthomonas oryzae pv. oryzae (no rank)	Xanthomonas oryzae pv. oryzae (strain PXO99A)
P0C692	482134	Viruses (no rank), Riboviria (realm), Pararnavirae (kingdom), Artverviricota (phylum), Revtraviricetes (class), Blubervirales (order), Hepadnaviridae (family), Orthohepadnavirus (genus), Orthohepadnavirus hominoidei (species), Hepatitis B virus (no rank), hepatitis B virus genotype A (no rank), HBV genotype A2 (no rank)	Hepatitis B virus genotype A2 subtype adw (isolate Japan/Nishioka/1983) (HBV-A)
P05445	269796	cellular organisms (no rank), Bacteria (domain), Pseudomonadati (kingdom), Pseudomonadota (phylum), Alphaproteobacteria (class), Rhodospirillales (order), Rhodospirillaceae (family), Rhodospirillum (genus), Rhodospirillum rubrum (species)	Rhodospirillum rubrum (strain ATCC 11170 / ATH 1.1.1 / DSM 467 / LMG 4362 / NCIMB 8255 / S1)
C1CPU6	487213	cellular organisms (no rank), Bacteria (domain), Bacillati (kingdom), Bacillota (phylum), Bacilli (class), Lactobacillales (order), Streptococcaceae (family), Streptococcus (genus), Streptococcus pneumoniae (species)	Streptococcus pneumoniae (strain Taiwan19F-14)
Q9FCA6	100226	cellular organisms (no rank), Bacteria (domain), Bacillati (kingdom), Actinomycetota (phylum), Actinomycetes (class), Kitasatosporales (order), Streptomycetaceae (family), Streptomyces (genus), Streptomyces albidoflavus group (no rank), Streptomyces coelicolor (species)	Streptomyces coelicolor (strain ATCC BAA-471 / A3(2) / M145)
A0R3R7	246196	cellular organisms (no rank), Bacteria (domain), Bacillati (kingdom), Actinomycetota (phylum), Actinomycetes (class), Mycobacteriales (order), Mycobacteriaceae (family), Mycolicibacterium (genus), Mycolicibacterium smegmatis (species)	Mycolicibacterium smegmatis (strain ATCC 700084 / mc(2)155) (Mycobacterium smegmatis)
P05341	354	cellular organisms (no rank), Bacteria (domain), Pseudomonadati (kingdom), Pseudomonadota (phylum), Gammaproteobacteria (class), Pseudomonadales (order), Pseudomonadaceae (family), Azotobacter group (subfamily), Azotobacter (genus)	Azotobacter vinelandii
P69168	1977402	Viruses (no rank), Floreoviria (realm), Loebvirae (kingdom), Hofneiviricota (phylum), Faserviricetes (class), Tubulavirales (order), Inoviridae (family), Inovirus (genus)	Enterobacteria phage M13 (Bacteriophage M13)
Q8ZWV0	178306	cellular organisms (no rank), Archaea (domain), Thermoproteati (kingdom), Thermoproteota (phylum), Thermoprotei (class), Thermoproteales (order), Thermoproteaceae (family), Pyrobaculum (genus), Pyrobaculum aerophilum (species)	Pyrobaculum aerophilum (strain ATCC 51768 / DSM 7523 / JCM 9630 / CIP 104966 / NBRC 100827 / IM2)
Q65W71	221988	cellular organisms (no rank), Bacteria (domain), Pseudomonadati (kingdom), Pseudomonadota (phylum), Gammaproteobacteria (class), Pasteurellales (order), Pasteurellaceae (family), Basfia (genus), [Mannheimia] succiniciproducens (species)	Mannheimia succiniciproducens (strain KCTC 0769BP / MBEL55E)
Q1DDZ9	246197	cellular organisms (no rank), Bacteria (domain), Pseudomonadati (kingdom), Myxococcota (phylum), Myxococcia (class), Myxococcales (order), Cystobacterineae (suborder), Myxococcaceae (family), Myxococcus (genus), Myxococcus xanthus (species)	Myxococcus xanthus (strain DK1622)
Q8CXP9	221109	cellular organisms (no rank), Bacteria (domain), Bacillati (kingdom), Bacillota (phylum), Bacilli (class), Caryophanales (order), Bacillaceae (family), Oceanobacillus (genus), Oceanobacillus iheyensis (species)	Oceanobacillus iheyensis (strain DSM 14371 / CIP 107618 / JCM 11309 / KCTC 3954 / HTE831)
C3N664	427318	cellular organisms (no rank), Archaea (domain), Thermoproteati (kingdom), Thermoproteota (phylum), Thermoprotei (class), Sulfolobales (order), Sulfolobaceae (family), Saccharolobus (genus), Saccharolobus islandicus (species)	Saccharolobus islandicus (strain M.16.27) (Sulfolobus islandicus)
B8ZSN3	561304	cellular organisms (no rank), Bacteria (domain), Bacillati (kingdom), Actinomycetota (phylum), Actinomycetes (class), Mycobacteriales (order), Mycobacteriaceae (family), Mycobacterium (genus), Mycobacterium leprae (species)	Mycobacterium leprae (strain Br4923)
P69480	11297	Viruses (no rank), Riboviria (realm), Orthornavirae (kingdom), Negarnaviricota (phylum), Haploviricotina (subphylum), Monjiviricetes (class), Mononegavirales (order), Rhabdoviridae (family), Alpharhabdovirinae (subfamily), Lyssavirus (genus), Rabies virus (species)	Rabies virus (strain PM) (RABV)
P46204	1140	cellular organisms (no rank), Bacteria (domain), Bacillati (kingdom), Cyanobacteriota/Melainabacteria group (clade), Cyanobacteriota (phylum), Cyanophyceae (class), Synechococcales (order), Synechococcaceae (family), Synechococcus (genus), Synechococcus elongatus (species)	Synechococcus elongatus (strain ATCC 33912 / PCC 7942 / FACHB-805) (Anacystis nidulans R2)
B0K1Y9	399726	cellular organisms (no rank), Bacteria (domain), Bacillati (kingdom), Bacillota (phylum), Clostridia (class), Thermoanaerobacterales (order), Thermoanaerobacteraceae (family), Thermoanaerobacter (genus), unclassified Thermoanaerobacter (no rank)	Thermoanaerobacter sp. (strain X514)
A0A861B9Z9	2712845	cellular organisms (no rank), Bacteria (domain), Bacillati (kingdom), Cyanobacteriota/Melainabacteria group (clade), Cyanobacteriota (phylum), Cyanophyceae (class), Nostocales (order), Hapalosiphonaceae (family), Aetokthonos (genus), Aetokthonos hydrillicola (species)	Aetokthonos hydrillicola (strain Thurmond2011)
P31052	303	cellular organisms (no rank), Bacteria (domain), Pseudomonadati (kingdom), Pseudomonadota (phylum), Gammaproteobacteria (class), Pseudomonadales (order), Pseudomonadaceae (family), Pseudomonas (genus), Pseudomonas putida group (no rank)	Pseudomonas putida (Arthrobacter siderocapsulatus)
E3PJ86	316401	cellular organisms (no rank), Bacteria (domain), Pseudomonadati (kingdom), Pseudomonadota (phylum), Gammaproteobacteria (class), Enterobacterales (order), Enterobacteriaceae (family), Escherichia (genus), Escherichia coli (species)	Escherichia coli O78:H11 (strain H10407 / ETEC)
A9BDD9	93059	cellular organisms (no rank), Bacteria (domain), Bacillati (kingdom), Cyanobacteriota/Melainabacteria group (clade), Cyanobacteriota (phylum), Cyanophyceae (class), Synechococcales (order), Prochlorococcaceae (family), Prochlorococcus (genus), Prochlorococcus marinus (species)	Prochlorococcus marinus (strain MIT 9211)
O33106	272631	cellular organisms (no rank), Bacteria (domain), Bacillati (kingdom), Actinomycetota (phylum), Actinomycetes (class), Mycobacteriales (order), Mycobacteriaceae (family), Mycobacterium (genus), Mycobacterium leprae (species)	Mycobacterium leprae (strain TN)
Q8GQN9	59405	cellular organisms (no rank), Bacteria (domain), Pseudomonadati (kingdom), Pseudomonadota (phylum), Betaproteobacteria (class), Rhodocyclales (order), Zoogloeaceae (family), Thauera (genus)	Thauera aromatica
Q82IY7	227882	cellular organisms (no rank), Bacteria (domain), Bacillati (kingdom), Actinomycetota (phylum), Actinomycetes (class), Kitasatosporales (order), Streptomycetaceae (family), Streptomyces (genus), Streptomyces avermitilis (species)	Streptomyces avermitilis (strain ATCC 31267 / DSM 46492 / JCM 5070 / NBRC 14893 / NCIMB 12804 / NRRL 8165 / MA-4680)
O33731	318167	cellular organisms (no rank), Bacteria (domain), Pseudomonadati (kingdom), Pseudomonadota (phylum), Gammaproteobacteria (class), Alteromonadales (order), Shewanellaceae (family), Shewanella (genus), Shewanella frigidimarina (species)	Shewanella frigidimarina (strain NCIMB 400)
Q51645	292	cellular organisms (no rank), Bacteria (domain), Pseudomonadati (kingdom), Pseudomonadota (phylum), Betaproteobacteria (class), Burkholderiales (order), Burkholderiaceae (family), Burkholderia (genus), Burkholderia cepacia complex (no rank)	Burkholderia cepacia (Pseudomonas cepacia)
P32265	208964	cellular organisms (no rank), Bacteria (domain), Pseudomonadati (kingdom), Pseudomonadota (phylum), Gammaproteobacteria (class), Pseudomonadales (order), Pseudomonadaceae (family), Pseudomonas (genus), Pseudomonas aeruginosa group (no rank), Pseudomonas aeruginosa (species)	Pseudomonas aeruginosa (strain ATCC 15692 / DSM 22644 / CIP 104116 / JCM 14847 / LMG 12228 / 1C / PRS 101 / PAO1)
B4EUF7	529507	cellular organisms (no rank), Bacteria (domain), Pseudomonadati (kingdom), Pseudomonadota (phylum), Gammaproteobacteria (class), Enterobacterales (order), Morganellaceae (family), Proteus (genus), Proteus mirabilis (species)	Proteus mirabilis (strain HI4320)
E5Y8P8	563192	cellular organisms (no rank), Bacteria (domain), Pseudomonadati (kingdom), Thermodesulfobacteriota (phylum), Desulfovibrionia (class), Desulfovibrionales (order), Desulfovibrionaceae (family), Bilophila (genus), Bilophila wadsworthia (species)	Bilophila wadsworthia (strain 3_1_6)
P18188	878	cellular organisms (no rank), Bacteria (domain), Pseudomonadati (kingdom), Thermodesulfobacteriota (phylum), Desulfovibrionia (class), Desulfovibrionales (order), Desulfovibrionaceae (family), Solidesulfovibrio (genus)	Solidesulfovibrio fructosivorans (Desulfovibrio fructosivorans)
A7N1D2	2902295	cellular organisms (no rank), Bacteria (domain), Pseudomonadati (kingdom), Pseudomonadota (phylum), Gammaproteobacteria (class), Vibrionales (order), Vibrionaceae (family), Vibrio (genus), Vibrio harveyi group (no rank), Vibrio campbellii (species)	Vibrio campbellii (strain ATCC BAA-1116)
Q31NB3	1140	cellular organisms (no rank), Bacteria (domain), Bacillati (kingdom), Cyanobacteriota/Melainabacteria group (clade), Cyanobacteriota (phylum), Cyanophyceae (class), Synechococcales (order), Synechococcaceae (family), Synechococcus (genus), Synechococcus elongatus (species)	Synechococcus elongatus (strain ATCC 33912 / PCC 7942 / FACHB-805) (Anacystis nidulans R2)
Q2YIF7	359391	cellular organisms (no rank), Bacteria (domain), Pseudomonadati (kingdom), Pseudomonadota (phylum), Alphaproteobacteria (class), Hyphomicrobiales (order), Brucellaceae (family), Brucella/Ochrobactrum group (no rank), Brucella (genus), Brucella melitensis group (no rank), Brucella abortus (species)	Brucella abortus (strain 2308)
Q87A39	183190	cellular organisms (no rank), Bacteria (domain), Pseudomonadati (kingdom), Pseudomonadota (phylum), Gammaproteobacteria (class), Lysobacterales (order), Lysobacteraceae (family), Xylella (genus), Xylella fastidiosa (species)	Xylella fastidiosa (strain Temecula1 / ATCC 700964)
Q8RSQ2	1833	cellular organisms (no rank), Bacteria (domain), Bacillati (kingdom), Actinomycetota (phylum), Actinomycetes (class), Mycobacteriales (order), Nocardiaceae (family), Rhodococcus (genus), Rhodococcus erythropolis group (no rank)	Rhodococcus erythropolis (Arthrobacter picolinophilus)
Q13YZ6	266265	cellular organisms (no rank), Bacteria (domain), Pseudomonadati (kingdom), Pseudomonadota (phylum), Betaproteobacteria (class), Burkholderiales (order), Burkholderiaceae (family), Paraburkholderia (genus), Paraburkholderia xenovorans (species)	Paraburkholderia xenovorans (strain LB400)
A1SMA0	196162	cellular organisms (no rank), Bacteria (domain), Bacillati (kingdom), Actinomycetota (phylum), Actinomycetes (class), Propionibacteriales (order), Nocardioidaceae (family), Nocardioides (genus), unclassified Nocardioides (no rank)	Nocardioides sp. (strain ATCC BAA-499 / JS614)
Q46A52	269797	cellular organisms (no rank), Archaea (domain), Methanobacteriati (kingdom), Methanobacteriota (phylum), Stenosarchaea group (clade), Methanomicrobia (class), Methanosarcinales (order), Methanosarcinaceae (family), Methanosarcina (genus), Methanosarcina barkeri (species)	Methanosarcina barkeri (strain Fusaro / DSM 804)
O25029	85962	cellular organisms (no rank), Bacteria (domain), Pseudomonadati (kingdom), Campylobacterota (phylum), Epsilonproteobacteria (class), Campylobacterales (order), Helicobacteraceae (family), Helicobacter (genus), Helicobacter pylori (species)	Helicobacter pylori (strain ATCC 700392 / 26695) (Campylobacter pylori)
A4WYU7	349102	cellular organisms (no rank), Bacteria (domain), Pseudomonadati (kingdom), Pseudomonadota (phylum), Alphaproteobacteria (class), Rhodobacterales (order), Paracoccaceae (family), Cereibacter (genus), Cereibacter sphaeroides (species)	Cereibacter sphaeroides (strain ATCC 17025 / ATH 2.4.3) (Rhodobacter sphaeroides)
Q89ZI2	226186	cellular organisms (no rank), Bacteria (domain), Pseudomonadati (kingdom), FCB group (clade), Bacteroidota/Chlorobiota group (clade), Bacteroidota (phylum), Bacteroidia (class), Bacteroidales (order), Bacteroidaceae (family), Bacteroides (genus), Bacteroides thetaiotaomicron (species)	Bacteroides thetaiotaomicron (strain ATCC 29148 / DSM 2079 / JCM 5827 / CCUG 10774 / NCTC 10582 / VPI-5482 / E50)
Q8ZFL4	632	cellular organisms (no rank), Bacteria (domain), Pseudomonadati (kingdom), Pseudomonadota (phylum), Gammaproteobacteria (class), Enterobacterales (order), Yersiniaceae (family), Yersinia (genus), Yersinia pseudotuberculosis complex (no rank)	Yersinia pestis
B1I194	477974	cellular organisms (no rank), Bacteria (domain), Bacillati (kingdom), Bacillota (phylum), Clostridia (class), Thermoanaerobacterales (order), Desulforudaceae (family), Desulforudis (genus), Desulforudis audaxviator (species)	Desulforudis audaxviator (strain MP104C)
K9UJK2	1173020	cellular organisms (no rank), Bacteria (domain), Bacillati (kingdom), Cyanobacteriota/Melainabacteria group (clade), Cyanobacteriota (phylum), Cyanophyceae (class), Gomontiellales (order), Chamaesiphonaceae (family), Chamaesiphon (genus), Chamaesiphon minutus (species)	Chamaesiphon minutus (strain ATCC 27169 / PCC 6605)
Q87TN7	223926	cellular organisms (no rank), Bacteria (domain), Pseudomonadati (kingdom), Pseudomonadota (phylum), Gammaproteobacteria (class), Vibrionales (order), Vibrionaceae (family), Vibrio (genus), Vibrio harveyi group (no rank), Vibrio parahaemolyticus (species)	Vibrio parahaemolyticus serotype O3:K6 (strain RIMD 2210633)
Q5LLW6	246200	cellular organisms (no rank), Bacteria (domain), Pseudomonadati (kingdom), Pseudomonadota (phylum), Alphaproteobacteria (class), Rhodobacterales (order), Roseobacteraceae (family), Ruegeria (genus), Ruegeria pomeroyi (species)	Ruegeria pomeroyi (strain ATCC 700808 / DSM 15171 / DSS-3) (Silicibacter pomeroyi)
A1ATL4	338966	cellular organisms (no rank), Bacteria (domain), Pseudomonadati (kingdom), Thermodesulfobacteriota (phylum), Desulfuromonadia (class), Desulfuromonadales (order), Desulfuromonadaceae (family), Pelobacter (genus), Pelobacter propionicus (species)	Pelobacter propionicus (strain DSM 2379 / NBRC 103807 / OttBd1)
A3CZ93	325240	cellular organisms (no rank), Bacteria (domain), Pseudomonadati (kingdom), Pseudomonadota (phylum), Gammaproteobacteria (class), Alteromonadales (order), Shewanellaceae (family), Shewanella (genus), Shewanella baltica (species)	Shewanella baltica (strain OS155 / ATCC BAA-1091)
Q7NFW7	251221	cellular organisms (no rank), Bacteria (domain), Bacillati (kingdom), Cyanobacteriota/Melainabacteria group (clade), Cyanobacteriota (phylum), Cyanophyceae (class), Gloeobacterales (order), Gloeobacteraceae (family), Gloeobacter (genus), Gloeobacter violaceus (species)	Gloeobacter violaceus (strain ATCC 29082 / PCC 7421)
V6F510	431944	cellular organisms (no rank), Bacteria (domain), Pseudomonadati (kingdom), Pseudomonadota (phylum), Alphaproteobacteria (class), Rhodospirillales (order), Rhodospirillaceae (family), Magnetospirillum (genus), Magnetospirillum gryphiswaldense (species)	Magnetospirillum gryphiswaldense (strain DSM 6361 / JCM 21280 / NBRC 15271 / MSR-1)
Q9HM14	273075	cellular organisms (no rank), Archaea (domain), Methanobacteriati (kingdom), Thermoplasmatota (phylum), Thermoplasmata (class), Thermoplasmatales (order), Thermoplasmataceae (family), Thermoplasma (genus), Thermoplasma acidophilum (species)	Thermoplasma acidophilum (strain ATCC 25905 / DSM 1728 / JCM 9062 / NBRC 15155 / AMRC-C165)
C4XIR3	573370	cellular organisms (no rank), Bacteria (domain), Pseudomonadati (kingdom), Thermodesulfobacteriota (phylum), Desulfovibrionia (class), Desulfovibrionales (order), Desulfovibrionaceae (family), Solidesulfovibrio (genus), Solidesulfovibrio magneticus (species)	Solidesulfovibrio magneticus (strain ATCC 700980 / DSM 13731 / RS-1) (Desulfovibrio magneticus)
Q9L8R8	1409	cellular organisms (no rank), Bacteria (domain), Bacillati (kingdom), Bacillota (phylum), Bacilli (class), Caryophanales (order), Bacillaceae (family), Bacillus (genus), unclassified Bacillus (in: firmicutes) (no rank)	Bacillus sp
Q55088	2287	cellular organisms (no rank), Archaea (domain), Thermoproteati (kingdom), Thermoproteota (phylum), Thermoprotei (class), Sulfolobales (order), Sulfolobaceae (family), Saccharolobus (genus)	Saccharolobus solfataricus (Sulfolobus solfataricus)
A7KS54	441452	cellular organisms (no rank), Bacteria (domain), Pseudomonadati (kingdom), Pseudomonadota (phylum), Betaproteobacteria (class), Burkholderiales (order), Alcaligenaceae (family), Alcaligenes (genus), unclassified Alcaligenes (no rank)	Alcaligenes sp. (strain NyZ215)
A4YJY2	114615	cellular organisms (no rank), Bacteria (domain), Pseudomonadati (kingdom), Pseudomonadota (phylum), Alphaproteobacteria (class), Hyphomicrobiales (order), Nitrobacteraceae (family), Bradyrhizobium (genus), unclassified Bradyrhizobium (no rank)	Bradyrhizobium sp. (strain ORS 278)
O87689	1404	cellular organisms (no rank), Bacteria (domain), Bacillati (kingdom), Bacillota (phylum), Bacilli (class), Caryophanales (order), Bacillaceae (family), Priestia (genus)	Priestia megaterium (Bacillus megaterium)
P0C0I0	1314	cellular organisms (no rank), Bacteria (domain), Bacillati (kingdom), Bacillota (phylum), Bacilli (class), Lactobacillales (order), Streptococcaceae (family), Streptococcus (genus)	Streptococcus pyogenes
Q1Q0T3	174633	cellular organisms (no rank), Bacteria (domain), Pseudomonadati (kingdom), PVC group (clade), Planctomycetota (phylum), Candidatus Brocadiia (class), Candidatus Brocadiales (order), Candidatus Brocadiaceae (family), Candidatus Kuenenia (genus)	Kuenenia stuttgartiensis
P61422	243231	cellular organisms (no rank), Bacteria (domain), Pseudomonadati (kingdom), Thermodesulfobacteriota (phylum), Desulfuromonadia (class), Geobacterales (order), Geobacteraceae (family), Geobacter (genus), Geobacter sulfurreducens (species)	Geobacter sulfurreducens (strain ATCC 51573 / DSM 12127 / PCA)
A1W4R3	232721	cellular organisms (no rank), Bacteria (domain), Pseudomonadati (kingdom), Pseudomonadota (phylum), Betaproteobacteria (class), Burkholderiales (order), Comamonadaceae (family), Acidovorax (genus), unclassified Acidovorax (no rank)	Acidovorax sp. (strain JS42)
A5UC48	374930	cellular organisms (no rank), Bacteria (domain), Pseudomonadati (kingdom), Pseudomonadota (phylum), Gammaproteobacteria (class), Pasteurellales (order), Pasteurellaceae (family), Haemophilus (genus), Haemophilus influenzae (species)	Haemophilus influenzae (strain PittEE)
B6YTP6	523850	cellular organisms (no rank), Archaea (domain), Methanobacteriati (kingdom), Methanobacteriota (phylum), Thermococci (class), Thermococcales (order), Thermococcaceae (family), Thermococcus (genus), Thermococcus onnurineus (species)	Thermococcus onnurineus (strain NA1)
Q83GX8	203267	cellular organisms (no rank), Bacteria (domain), Bacillati (kingdom), Actinomycetota (phylum), Actinomycetes (class), Micrococcales (order), Tropherymataceae (family), Tropheryma (genus), Tropheryma whipplei (species)	Tropheryma whipplei (strain Twist) (Whipple's bacillus)
A5VI16	557436	cellular organisms (no rank), Bacteria (domain), Bacillati (kingdom), Bacillota (phylum), Bacilli (class), Lactobacillales (order), Lactobacillaceae (family), Limosilactobacillus (genus), Limosilactobacillus reuteri (species)	Limosilactobacillus reuteri (strain DSM 20016) (Lactobacillus reuteri)
K4LVZ1	1089553	cellular organisms (no rank), Bacteria (domain), Bacillati (kingdom), Bacillota (phylum), Clostridia (class), Thermoanaerobacterales (order), Thermoanaerobacteraceae (family), Thermacetogenium (genus), Thermacetogenium phaeum (species)	Thermacetogenium phaeum (strain ATCC BAA-254 / DSM 26808 / PB)
F4HQA1	3702	cellular organisms (no rank), Eukaryota (domain), Viridiplantae (kingdom), Streptophyta (phylum), Streptophytina (subphylum), Embryophyta (clade), Tracheophyta (clade), Euphyllophyta (clade), Spermatophyta (clade), Magnoliopsida (class), Mesangiospermae (clade), eudicotyledons (clade), Gunneridae (clade), Pentapetalae (clade), rosids (clade), malvids (clade), Brassicales (order), Brassicaceae (family), Camelineae (tribe), Arabidopsis (genus)	Arabidopsis thaliana (Mouse-ear cress)
Q8E7P8	211110	cellular organisms (no rank), Bacteria (domain), Bacillati (kingdom), Bacillota (phylum), Bacilli (class), Lactobacillales (order), Streptococcaceae (family), Streptococcus (genus), Streptococcus agalactiae (species), Streptococcus agalactiae serogroup III (serogroup)	Streptococcus agalactiae serotype III (strain NEM316)
A1B4Z8	318586	cellular organisms (no rank), Bacteria (domain), Pseudomonadati (kingdom), Pseudomonadota (phylum), Alphaproteobacteria (class), Rhodobacterales (order), Paracoccaceae (family), Paracoccus (genus), Paracoccus denitrificans (species)	Paracoccus denitrificans (strain Pd 1222)
Q7NAY0	710127	cellular organisms (no rank), Bacteria (domain), Bacillati (kingdom), Mycoplasmatota (phylum), Mycoplasmoidales (order), Mycoplasmoidaceae (family), Mycoplasmoides (genus), Mycoplasmoides gallisepticum (species), Mycoplasmoides gallisepticum (strain R) (strain)	Mycoplasmoides gallisepticum (strain R(low / passage 15 / clone 2)) (Mycoplasma gallisepticum)
Q83GR0	203267	cellular organisms (no rank), Bacteria (domain), Bacillati (kingdom), Actinomycetota (phylum), Actinomycetes (class), Micrococcales (order), Tropherymataceae (family), Tropheryma (genus), Tropheryma whipplei (species)	Tropheryma whipplei (strain Twist) (Whipple's bacillus)
P17332	11621	Viruses (no rank), Riboviria (realm), Orthornavirae (kingdom), Negarnaviricota (phylum), Polyploviricotina (subphylum), Bunyaviricetes (class), Hareavirales (order), Arenaviridae (family), Mammarenavirus (genus), Mammarenavirus lassaense (species)	Lassa virus (strain GA391) (LASV)
Q99ZD0	301447	cellular organisms (no rank), Bacteria (domain), Bacillati (kingdom), Bacillota (phylum), Bacilli (class), Lactobacillales (order), Streptococcaceae (family), Streptococcus (genus), Streptococcus pyogenes (species)	Streptococcus pyogenes serotype M1
Q6LUZ5	298386	cellular organisms (no rank), Bacteria (domain), Pseudomonadati (kingdom), Pseudomonadota (phylum), Gammaproteobacteria (class), Vibrionales (order), Vibrionaceae (family), Photobacterium (genus), Photobacterium profundum (species)	Photobacterium profundum (strain SS9)
A1ALB2	338966	cellular organisms (no rank), Bacteria (domain), Pseudomonadati (kingdom), Thermodesulfobacteriota (phylum), Desulfuromonadia (class), Desulfuromonadales (order), Desulfuromonadaceae (family), Pelobacter (genus), Pelobacter propionicus (species)	Pelobacter propionicus (strain DSM 2379 / NBRC 103807 / OttBd1)
B1VB77	546	cellular organisms (no rank), Bacteria (domain), Pseudomonadati (kingdom), Pseudomonadota (phylum), Gammaproteobacteria (class), Enterobacterales (order), Enterobacteriaceae (family), Citrobacter (genus), Citrobacter freundii complex (no rank)	Citrobacter freundii
B9EB69	458233	cellular organisms (no rank), Bacteria (domain), Bacillati (kingdom), Bacillota (phylum), Bacilli (class), Caryophanales (order), Staphylococcaceae (family), Macrococcoides (genus), Macrococcoides caseolyticum (species)	Macrococcoides caseolyticum (strain JCSC5402) (Macrococcus caseolyticus)
C6DB40	561230	cellular organisms (no rank), Bacteria (domain), Pseudomonadati (kingdom), Pseudomonadota (phylum), Gammaproteobacteria (class), Enterobacterales (order), Pectobacteriaceae (family), Pectobacterium (genus), Pectobacterium carotovorum (species), Pectobacterium carotovorum subsp. carotovorum (subspecies)	Pectobacterium carotovorum subsp. carotovorum (strain PC1)
Q9CKV0	272843	cellular organisms (no rank), Bacteria (domain), Pseudomonadati (kingdom), Pseudomonadota (phylum), Gammaproteobacteria (class), Pasteurellales (order), Pasteurellaceae (family), Pasteurella (genus), Pasteurella multocida (species), Pasteurella multocida subsp. multocida (subspecies)	Pasteurella multocida (strain Pm70)
P80184	79929	cellular organisms (no rank), Archaea (domain), Methanobacteriati (kingdom), Methanobacteriota (phylum), Methanomada group (clade), Methanobacteria (class), Methanobacteriales (order), Methanobacteriaceae (family), Methanothermobacter (genus), Methanothermobacter marburgensis (species)	Methanothermobacter marburgensis (strain ATCC BAA-927 / DSM 2133 / JCM 14651 / NBRC 100331 / OCM 82 / Marburg) (Methanobacterium thermoautotrophicum)
B1LLK9	439855	cellular organisms (no rank), Bacteria (domain), Pseudomonadati (kingdom), Pseudomonadota (phylum), Gammaproteobacteria (class), Enterobacterales (order), Enterobacteriaceae (family), Escherichia (genus), Escherichia coli (species)	Escherichia coli (strain SMS-3-5 / SECEC)
P07097	352475	cellular organisms (no rank), Bacteria (domain), Pseudomonadati (kingdom), Pseudomonadota (phylum), Alphaproteobacteria (class), Hyphomicrobiales (order), Rhizobiaceae (family), Shinella (genus)	Shinella zoogloeoides (Crabtreella saccharophila)
A4G1L3	204773	cellular organisms (no rank), Bacteria (domain), Pseudomonadati (kingdom), Pseudomonadota (phylum), Betaproteobacteria (class), Burkholderiales (order), Oxalobacteraceae (family), Herminiimonas (genus)	Herminiimonas arsenicoxydans
P48374	485	cellular organisms (no rank), Bacteria (domain), Pseudomonadati (kingdom), Pseudomonadota (phylum), Betaproteobacteria (class), Neisseriales (order), Neisseriaceae (family), Neisseria (genus)	Neisseria gonorrhoeae
Q8Y755	169963	cellular organisms (no rank), Bacteria (domain), Bacillati (kingdom), Bacillota (phylum), Bacilli (class), Caryophanales (order), Listeriaceae (family), Listeria (genus), Listeria monocytogenes (species)	Listeria monocytogenes serovar 1/2a (strain ATCC BAA-679 / EGD-e)
B2HDJ0	216594	cellular organisms (no rank), Bacteria (domain), Bacillati (kingdom), Actinomycetota (phylum), Actinomycetes (class), Mycobacteriales (order), Mycobacteriaceae (family), Mycobacterium (genus), Mycobacterium ulcerans group (no rank), Mycobacterium marinum (species)	Mycobacterium marinum (strain ATCC BAA-535 / M)
Q3SU34	323098	cellular organisms (no rank), Bacteria (domain), Pseudomonadati (kingdom), Pseudomonadota (phylum), Alphaproteobacteria (class), Hyphomicrobiales (order), Nitrobacteraceae (family), Nitrobacter (genus), Nitrobacter winogradskyi (species)	Nitrobacter winogradskyi (strain ATCC 25391 / DSM 10237 / CIP 104748 / NCIMB 11846 / Nb-255)
Q9HKT1	273075	cellular organisms (no rank), Archaea (domain), Methanobacteriati (kingdom), Thermoplasmatota (phylum), Thermoplasmata (class), Thermoplasmatales (order), Thermoplasmataceae (family), Thermoplasma (genus), Thermoplasma acidophilum (species)	Thermoplasma acidophilum (strain ATCC 25905 / DSM 1728 / JCM 9062 / NBRC 15155 / AMRC-C165)
Q8CSU3	176280	cellular organisms (no rank), Bacteria (domain), Bacillati (kingdom), Bacillota (phylum), Bacilli (class), Caryophanales (order), Staphylococcaceae (family), Staphylococcus (genus), Staphylococcus epidermidis (species)	Staphylococcus epidermidis (strain ATCC 12228 / FDA PCI 1200)
Q8DIQ1	197221	cellular organisms (no rank), Bacteria (domain), Bacillati (kingdom), Cyanobacteriota/Melainabacteria group (clade), Cyanobacteriota (phylum), Cyanophyceae (class), Acaryochloridales (order), Thermosynechococcaceae (family), Thermosynechococcus (genus), Thermosynechococcus vestitus (species)	Thermosynechococcus vestitus (strain NIES-2133 / IAM M-273 / BP-1)
Q92EU6	272626	cellular organisms (no rank), Bacteria (domain), Bacillati (kingdom), Bacillota (phylum), Bacilli (class), Caryophanales (order), Listeriaceae (family), Listeria (genus), Listeria innocua (species)	Listeria innocua serovar 6a (strain ATCC BAA-680 / CLIP 11262)
Q53005	258594	cellular organisms (no rank), Bacteria (domain), Pseudomonadati (kingdom), Pseudomonadota (phylum), Alphaproteobacteria (class), Hyphomicrobiales (order), Nitrobacteraceae (family), Rhodopseudomonas (genus), Rhodopseudomonas palustris (species)	Rhodopseudomonas palustris (strain ATCC BAA-98 / CGA009)
B0SYY1	366602	cellular organisms (no rank), Bacteria (domain), Pseudomonadati (kingdom), Pseudomonadota (phylum), Alphaproteobacteria (class), Caulobacterales (order), Caulobacteraceae (family), Caulobacter (genus), unclassified Caulobacter (no rank)	Caulobacter sp. (strain K31)
O68503	334542	cellular organisms (no rank), Bacteria (domain), Bacillati (kingdom), Actinomycetota (phylum), Actinomycetes (class), Mycobacteriales (order), Nocardiaceae (family), Rhodococcus (genus), Rhodococcus erythropolis group (no rank)	Rhodococcus qingshengii
Q0S2E0	101510	cellular organisms (no rank), Bacteria (domain), Bacillati (kingdom), Actinomycetota (phylum), Actinomycetes (class), Mycobacteriales (order), Nocardiaceae (family), Rhodococcus (genus), Rhodococcus jostii (species)	Rhodococcus jostii (strain RHA1)
B2TUP5	344609	cellular organisms (no rank), Bacteria (domain), Pseudomonadati (kingdom), Pseudomonadota (phylum), Gammaproteobacteria (class), Enterobacterales (order), Enterobacteriaceae (family), Shigella (genus), Shigella boydii (species)	Shigella boydii serotype 18 (strain CDC 3083-94 / BS512)
Q93NG3	29320	cellular organisms (no rank), Bacteria (domain), Bacillati (kingdom), Actinomycetota (phylum), Actinomycetes (class), Micrococcales (order), Micrococcaceae (family), Paenarthrobacter (genus)	Paenarthrobacter nicotinovorans (Arthrobacter nicotinovorans)
O29867	224325	cellular organisms (no rank), Archaea (domain), Methanobacteriati (kingdom), Methanobacteriota (phylum), Archaeoglobi (class), Archaeoglobales (order), Archaeoglobaceae (family), Archaeoglobus (genus), Archaeoglobus fulgidus (species)	Archaeoglobus fulgidus (strain ATCC 49558 / DSM 4304 / JCM 9628 / NBRC 100126 / VC-16)
O08333	100226	cellular organisms (no rank), Bacteria (domain), Bacillati (kingdom), Actinomycetota (phylum), Actinomycetes (class), Kitasatosporales (order), Streptomycetaceae (family), Streptomyces (genus), Streptomyces albidoflavus group (no rank), Streptomyces coelicolor (species)	Streptomyces coelicolor (strain ATCC BAA-471 / A3(2) / M145)
A4XWS3	399739	cellular organisms (no rank), Bacteria (domain), Pseudomonadati (kingdom), Pseudomonadota (phylum), Gammaproteobacteria (class), Pseudomonadales (order), Pseudomonadaceae (family), Ectopseudomonas (genus), Ectopseudomonas mendocina (species)	Ectopseudomonas mendocina (strain ymp) (Pseudomonas mendocina)
A7NN90	383372	cellular organisms (no rank), Bacteria (domain), Bacillati (kingdom), Chloroflexota (phylum), Chloroflexia (class), Chloroflexales (order), Roseiflexineae (suborder), Roseiflexaceae (family), Roseiflexus (genus), Roseiflexus castenholzii (species)	Roseiflexus castenholzii (strain DSM 13941 / HLO8)
Q9KWN1	358	cellular organisms (no rank), Bacteria (domain), Pseudomonadati (kingdom), Pseudomonadota (phylum), Alphaproteobacteria (class), Hyphomicrobiales (order), Rhizobiaceae (family), Rhizobium/Agrobacterium group (no rank), Agrobacterium (genus), Agrobacterium tumefaciens complex (no rank)	Agrobacterium tumefaciens
P45737	295405	cellular organisms (no rank), Bacteria (domain), Pseudomonadati (kingdom), FCB group (clade), Bacteroidota/Chlorobiota group (clade), Bacteroidota (phylum), Bacteroidia (class), Bacteroidales (order), Bacteroidaceae (family), Bacteroides (genus), Bacteroides fragilis (species)	Bacteroides fragilis (strain YCH46)
P22853	1396	cellular organisms (no rank), Bacteria (domain), Bacillati (kingdom), Bacillota (phylum), Bacilli (class), Caryophanales (order), Bacillaceae (family), Bacillus (genus), Bacillus cereus group (no rank)	Bacillus cereus
Q8A6W4	226186	cellular organisms (no rank), Bacteria (domain), Pseudomonadati (kingdom), FCB group (clade), Bacteroidota/Chlorobiota group (clade), Bacteroidota (phylum), Bacteroidia (class), Bacteroidales (order), Bacteroidaceae (family), Bacteroides (genus), Bacteroides thetaiotaomicron (species)	Bacteroides thetaiotaomicron (strain ATCC 29148 / DSM 2079 / JCM 5827 / CCUG 10774 / NCTC 10582 / VPI-5482 / E50)
P69997	85963	cellular organisms (no rank), Bacteria (domain), Pseudomonadati (kingdom), Campylobacterota (phylum), Epsilonproteobacteria (class), Campylobacterales (order), Helicobacteraceae (family), Helicobacter (genus), Helicobacter pylori (species)	Helicobacter pylori (strain J99 / ATCC 700824) (Campylobacter pylori J99)
Q2RI40	264732	cellular organisms (no rank), Bacteria (domain), Bacillati (kingdom), Bacillota (phylum), Clostridia (class), Neomoorellales (order), Neomoorellaceae (family), Neomoorella (genus), Neomoorella thermoacetica (species)	Moorella thermoacetica (strain ATCC 39073 / JCM 9320)
D6A5I3	566461	cellular organisms (no rank), Bacteria (domain), Bacillati (kingdom), Actinomycetota (phylum), Actinomycetes (class), Kitasatosporales (order), Streptomycetaceae (family), Streptomyces (genus), Streptomyces viridosporus (species)	Streptomyces viridosporus (strain ATCC 14672 / DSM 40746 / JCM 4963 / KCTC 9882 / NRRL B-12104 / FH 1290) (Streptomyces ghanaensis)
Q3C1D2	34028	cellular organisms (no rank), Bacteria (domain), Pseudomonadati (kingdom), Pseudomonadota (phylum), Betaproteobacteria (class), Burkholderiales (order), Comamonadaceae (family), Comamonas (genus), unclassified Comamonas (no rank)	Comamonas sp
B0UW05	228400	cellular organisms (no rank), Bacteria (domain), Pseudomonadati (kingdom), Pseudomonadota (phylum), Gammaproteobacteria (class), Pasteurellales (order), Pasteurellaceae (family), Histophilus (genus), Histophilus somni (species)	Histophilus somni (strain 2336) (Haemophilus somnus)
P05618	1410	cellular organisms (no rank), Bacteria (domain), Bacillati (kingdom), Bacillota (phylum), Bacilli (class), Caryophanales (order), Bacillaceae (family), Bacillus (genus), unclassified Bacillus (in: firmicutes) (no rank)	Bacillus sp. (strain 1011)
A4D0H5	295838	cellular organisms (no rank), Bacteria (domain), Bacillati (kingdom), Actinomycetota (phylum), Actinomycetes (class), Kitasatosporales (order), Streptomycetaceae (family), Streptomyces (genus)	Streptomyces rugosporus
P0A517	233413	cellular organisms (no rank), Bacteria (domain), Bacillati (kingdom), Actinomycetota (phylum), Actinomycetes (class), Mycobacteriales (order), Mycobacteriaceae (family), Mycobacterium (genus), Mycobacterium tuberculosis complex (no rank), Mycobacterium tuberculosis (species), Mycobacterium bovis (biotype)	Mycobacterium bovis (strain ATCC BAA-935 / AF2122/97)
Q8ZD45	632	cellular organisms (no rank), Bacteria (domain), Pseudomonadati (kingdom), Pseudomonadota (phylum), Gammaproteobacteria (class), Enterobacterales (order), Yersiniaceae (family), Yersinia (genus), Yersinia pseudotuberculosis complex (no rank)	Yersinia pestis
P54582	196627	cellular organisms (no rank), Bacteria (domain), Bacillati (kingdom), Actinomycetota (phylum), Actinomycetes (class), Mycobacteriales (order), Corynebacteriaceae (family), Corynebacterium (genus), Corynebacterium glutamicum (species)	Corynebacterium glutamicum (strain ATCC 13032 / DSM 20300 / JCM 1318 / BCRC 11384 / CCUG 27702 / LMG 3730 / NBRC 12168 / NCIMB 10025 / NRRL B-2784 / 534)
Q6E7F2	562	cellular organisms (no rank), Bacteria (domain), Pseudomonadati (kingdom), Pseudomonadota (phylum), Gammaproteobacteria (class), Enterobacterales (order), Enterobacteriaceae (family), Escherichia (genus)	Escherichia coli
P03095	10632	Viruses (no rank), Floreoviria (realm), Shotokuvirae (kingdom), Cossaviricota (phylum), Papovaviricetes (class), Sepolyvirales (order), Polyomaviridae (family), Betapolyomavirus (genus), Betapolyomavirus secuhominis (species)	JC polyomavirus (JCPyV) (JCV)
T2KPK5	1347342	cellular organisms (no rank), Bacteria (domain), Pseudomonadati (kingdom), FCB group (clade), Bacteroidota/Chlorobiota group (clade), Bacteroidota (phylum), Flavobacteriia (class), Flavobacteriales (order), Flavobacteriaceae (family), Formosa (genus), Formosa agariphila (species)	Formosa agariphila (strain DSM 15362 / KCTC 12365 / LMG 23005 / KMM 3901 / M-2Alg 35-1)
B5A7L9	1318	cellular organisms (no rank), Bacteria (domain), Bacillati (kingdom), Bacillota (phylum), Bacilli (class), Lactobacillales (order), Streptococcaceae (family), Streptococcus (genus), Streptococcus parasanguinis group (no rank)	Streptococcus parasanguinis
F4KU78	760192	cellular organisms (no rank), Bacteria (domain), Pseudomonadati (kingdom), FCB group (clade), Bacteroidota/Chlorobiota group (clade), Bacteroidota (phylum), Saprospiria (class), Saprospirales (order), Haliscomenobacteraceae (family), Haliscomenobacter (genus), Haliscomenobacter hydrossis (species)	Haliscomenobacter hydrossis (strain ATCC 27775 / DSM 1100 / LMG 10767 / O)
Q9KZC7	100226	cellular organisms (no rank), Bacteria (domain), Bacillati (kingdom), Actinomycetota (phylum), Actinomycetes (class), Kitasatosporales (order), Streptomycetaceae (family), Streptomyces (genus), Streptomyces albidoflavus group (no rank), Streptomyces coelicolor (species)	Streptomyces coelicolor (strain ATCC BAA-471 / A3(2) / M145)
A4X491	369723	cellular organisms (no rank), Bacteria (domain), Bacillati (kingdom), Actinomycetota (phylum), Actinomycetes (class), Micromonosporales (order), Micromonosporaceae (family), Salinispora (genus), Salinispora tropica (species)	Salinispora tropica (strain ATCC BAA-916 / DSM 44818 / JCM 13857 / NBRC 105044 / CNB-440)
Q6N2R1	258594	cellular organisms (no rank), Bacteria (domain), Pseudomonadati (kingdom), Pseudomonadota (phylum), Alphaproteobacteria (class), Hyphomicrobiales (order), Nitrobacteraceae (family), Rhodopseudomonas (genus), Rhodopseudomonas palustris (species)	Rhodopseudomonas palustris (strain ATCC BAA-98 / CGA009)
A1TM24	397945	cellular organisms (no rank), Bacteria (domain), Pseudomonadati (kingdom), Pseudomonadota (phylum), Betaproteobacteria (class), Burkholderiales (order), Comamonadaceae (family), Paracidovorax (genus), Paracidovorax citrulli (species)	Paracidovorax citrulli (strain AAC00-1) (Acidovorax citrulli)
P37278	1140	cellular organisms (no rank), Bacteria (domain), Bacillati (kingdom), Cyanobacteriota/Melainabacteria group (clade), Cyanobacteriota (phylum), Cyanophyceae (class), Synechococcales (order), Synechococcaceae (family), Synechococcus (genus), Synechococcus elongatus (species)	Synechococcus elongatus (strain ATCC 33912 / PCC 7942 / FACHB-805) (Anacystis nidulans R2)
Q9A4J7	190650	cellular organisms (no rank), Bacteria (domain), Pseudomonadati (kingdom), Pseudomonadota (phylum), Alphaproteobacteria (class), Caulobacterales (order), Caulobacteraceae (family), Caulobacter (genus), Caulobacter vibrioides (species)	Caulobacter vibrioides (strain ATCC 19089 / CIP 103742 / CB 15) (Caulobacter crescentus)
P31892	381666	cellular organisms (no rank), Bacteria (domain), Pseudomonadati (kingdom), Pseudomonadota (phylum), Betaproteobacteria (class), Burkholderiales (order), Burkholderiaceae (family), Cupriavidus (genus), Cupriavidus necator (species)	Cupriavidus necator (strain ATCC 17699 / DSM 428 / KCTC 22496 / NCIMB 10442 / H16 / Stanier 337) (Ralstonia eutropha)
Q312S2	207559	cellular organisms (no rank), Bacteria (domain), Pseudomonadati (kingdom), Thermodesulfobacteriota (phylum), Desulfovibrionia (class), Desulfovibrionales (order), Desulfovibrionaceae (family), Oleidesulfovibrio (genus), Oleidesulfovibrio alaskensis (species)	Oleidesulfovibrio alaskensis (strain ATCC BAA-1058 / DSM 17464 / G20) (Desulfovibrio alaskensis)
Q6G1C0	283165	cellular organisms (no rank), Bacteria (domain), Pseudomonadati (kingdom), Pseudomonadota (phylum), Alphaproteobacteria (class), Hyphomicrobiales (order), Bartonellaceae (family), Bartonella (genus), Bartonella quintana (species)	Bartonella quintana (strain Toulouse) (Rochalimaea quintana)
C3JY53	216595	cellular organisms (no rank), Bacteria (domain), Pseudomonadati (kingdom), Pseudomonadota (phylum), Gammaproteobacteria (class), Pseudomonadales (order), Pseudomonadaceae (family), Pseudomonas (genus), Pseudomonas fluorescens group (no rank), Pseudomonas fluorescens (species)	Pseudomonas fluorescens (strain SBW25)
C3P2A0	592021	cellular organisms (no rank), Bacteria (domain), Bacillati (kingdom), Bacillota (phylum), Bacilli (class), Caryophanales (order), Bacillaceae (family), Bacillus (genus), Bacillus cereus group (no rank), Bacillus anthracis (species)	Bacillus anthracis (strain A0248)
Q8A1G2	226186	cellular organisms (no rank), Bacteria (domain), Pseudomonadati (kingdom), FCB group (clade), Bacteroidota/Chlorobiota group (clade), Bacteroidota (phylum), Bacteroidia (class), Bacteroidales (order), Bacteroidaceae (family), Bacteroides (genus), Bacteroides thetaiotaomicron (species)	Bacteroides thetaiotaomicron (strain ATCC 29148 / DSM 2079 / JCM 5827 / CCUG 10774 / NCTC 10582 / VPI-5482 / E50)
Q4MQ58	1396	cellular organisms (no rank), Bacteria (domain), Bacillati (kingdom), Bacillota (phylum), Bacilli (class), Caryophanales (order), Bacillaceae (family), Bacillus (genus), Bacillus cereus group (no rank)	Bacillus cereus
P06617	29438	cellular organisms (no rank), Bacteria (domain), Pseudomonadati (kingdom), Pseudomonadota (phylum), Gammaproteobacteria (class), Pseudomonadales (order), Pseudomonadaceae (family), Pseudomonas (genus), Pseudomonas syringae group (no rank), Pseudomonas syringae group genomosp. 2 (no rank)	Pseudomonas savastanoi (Pseudomonas syringae pv. savastanoi)
Q9CJ41	272623	cellular organisms (no rank), Bacteria (domain), Bacillati (kingdom), Bacillota (phylum), Bacilli (class), Lactobacillales (order), Streptococcaceae (family), Lactococcus (genus), Lactococcus lactis (species), Lactococcus lactis subsp. lactis (subspecies)	Lactococcus lactis subsp. lactis (strain IL1403) (Streptococcus lactis)
B9K7Z6	309803	cellular organisms (no rank), Bacteria (domain), Thermotogati (kingdom), Thermotogota (phylum), Thermotogae (class), Thermotogales (order), Thermotogaceae (family), Thermotoga (genus), Thermotoga neapolitana (species)	Thermotoga neapolitana (strain ATCC 49049 / DSM 4359 / NBRC 107923 / NS-E)
Q9KWS3	306	cellular organisms (no rank), Bacteria (domain), Pseudomonadati (kingdom), Pseudomonadota (phylum), Gammaproteobacteria (class), Pseudomonadales (order), Pseudomonadaceae (family), Pseudomonas (genus), unclassified Pseudomonas (no rank)	Pseudomonas sp
A0LQM1	335543	cellular organisms (no rank), Bacteria (domain), Pseudomonadati (kingdom), Thermodesulfobacteriota (phylum), Syntrophobacteria (class), Syntrophobacterales (order), Syntrophobacteraceae (family), Syntrophobacter (genus), Syntrophobacter fumaroxidans (species)	Syntrophobacter fumaroxidans (strain DSM 10017 / MPOB)
P52687	573	cellular organisms (no rank), Bacteria (domain), Pseudomonadati (kingdom), Pseudomonadota (phylum), Gammaproteobacteria (class), Enterobacterales (order), Enterobacteriaceae (family), Klebsiella (genus), Klebsiella pneumoniae complex (no rank)	Klebsiella pneumoniae
P74308	1111708	cellular organisms (no rank), Bacteria (domain), Bacillati (kingdom), Cyanobacteriota/Melainabacteria group (clade), Cyanobacteriota (phylum), Cyanophyceae (class), Synechococcales (order), Merismopediaceae (family), Synechocystis (genus), unclassified Synechocystis (no rank), Synechocystis sp. PCC 6803 (species)	Synechocystis sp. (strain ATCC 27184 / PCC 6803 / Kazusa)
Q92SA6	266834	cellular organisms (no rank), Bacteria (domain), Pseudomonadati (kingdom), Pseudomonadota (phylum), Alphaproteobacteria (class), Hyphomicrobiales (order), Rhizobiaceae (family), Sinorhizobium/Ensifer group (no rank), Sinorhizobium (genus), Rhizobium meliloti (species)	Rhizobium meliloti (strain 1021) (Ensifer meliloti) (Sinorhizobium meliloti)
Q59544	582	cellular organisms (no rank), Bacteria (domain), Pseudomonadati (kingdom), Pseudomonadota (phylum), Gammaproteobacteria (class), Enterobacterales (order), Morganellaceae (family), Morganella (genus)	Morganella morganii (Proteus morganii)
O33469	303	cellular organisms (no rank), Bacteria (domain), Pseudomonadati (kingdom), Pseudomonadota (phylum), Gammaproteobacteria (class), Pseudomonadales (order), Pseudomonadaceae (family), Pseudomonas (genus), Pseudomonas putida group (no rank)	Pseudomonas putida (Arthrobacter siderocapsulatus)
P05407	224911	cellular organisms (no rank), Bacteria (domain), Pseudomonadati (kingdom), Pseudomonadota (phylum), Alphaproteobacteria (class), Hyphomicrobiales (order), Nitrobacteraceae (family), Bradyrhizobium (genus), Bradyrhizobium diazoefficiens (species)	Bradyrhizobium diazoefficiens (strain JCM 10833 / BCRC 13528 / IAM 13628 / NBRC 14792 / USDA 110)
Q9L9C1	59406	cellular organisms (no rank), Bacteria (domain), Pseudomonadati (kingdom), Pseudomonadota (phylum), Betaproteobacteria (class), Rhodocyclales (order), Rhodocyclaceae (family), Aromatoleum (genus)	Aromatoleum evansii (Azoarcus evansii)
Q87DG7	183190	cellular organisms (no rank), Bacteria (domain), Pseudomonadati (kingdom), Pseudomonadota (phylum), Gammaproteobacteria (class), Lysobacterales (order), Lysobacteraceae (family), Xylella (genus), Xylella fastidiosa (species)	Xylella fastidiosa (strain Temecula1 / ATCC 700964)
B8GL96	396588	cellular organisms (no rank), Bacteria (domain), Pseudomonadati (kingdom), Pseudomonadota (phylum), Gammaproteobacteria (class), Chromatiales (order), Ectothiorhodospiraceae (family), Thioalkalivibrio (genus), Thioalkalivibrio sulfidiphilus (species)	Thioalkalivibrio sulfidiphilus (strain HL-EbGR7)
A0A1R4LHH9	1123498	cellular organisms (no rank), Bacteria (domain), Pseudomonadati (kingdom), Pseudomonadota (phylum), Gammaproteobacteria (class), Vibrionales (order), Vibrionaceae (family), Vibrio (genus), Vibrio ruber (species)	Vibrio ruber (strain DSM 16370 / JCM 11486 / BCRC 17186 / CECT 7878 / LMG 23124 / VR1)
A0KRT7	94122	cellular organisms (no rank), Bacteria (domain), Pseudomonadati (kingdom), Pseudomonadota (phylum), Gammaproteobacteria (class), Alteromonadales (order), Shewanellaceae (family), Shewanella (genus), unclassified Shewanella (no rank)	Shewanella sp. (strain ANA-3)
Q2J6U8	106370	cellular organisms (no rank), Bacteria (domain), Bacillati (kingdom), Actinomycetota (phylum), Actinomycetes (class), Frankiales (order), Frankiaceae (family), Frankia (genus)	Frankia casuarinae (strain DSM 45818 / CECT 9043 / HFP020203 / CcI3)
A1TA81	350058	cellular organisms (no rank), Bacteria (domain), Bacillati (kingdom), Actinomycetota (phylum), Actinomycetes (class), Mycobacteriales (order), Mycobacteriaceae (family), Mycolicibacterium (genus), Mycolicibacterium austroafricanum (species)	Mycolicibacterium vanbaalenii (strain DSM 7251 / JCM 13017 / BCRC 16820 / KCTC 9966 / NRRL B-24157 / PYR-1) (Mycobacterium vanbaalenii)
Q73MU2	243275	cellular organisms (no rank), Bacteria (domain), Pseudomonadati (kingdom), Spirochaetota (phylum), Spirochaetia (class), Treponematales (order), Treponemataceae (family), Treponema (genus), Treponema denticola (species)	Treponema denticola (strain ATCC 35405 / DSM 14222 / CIP 103919 / JCM 8153 / KCTC 15104)
G4SW86	1091494	cellular organisms (no rank), Bacteria (domain), Pseudomonadati (kingdom), Pseudomonadota (phylum), Gammaproteobacteria (class), Methylococcales (order), Methylococcaceae (family), Methylotuvimicrobium (genus), Methylotuvimicrobium alcaliphilum (species)	Methylotuvimicrobium alcaliphilum (strain DSM 19304 / NCIMB 14124 / VKM B-2133 / 20Z) (Methylomicrobium alcaliphilum)
Q50LF2	31944	cellular organisms (no rank), Bacteria (domain), Bacillati (kingdom), Actinomycetota (phylum), Actinomycetes (class), Mycobacteriales (order), Corynebacteriaceae (family), Corynebacterium (genus), unclassified Corynebacterium (no rank)	Corynebacterium sp. (strain U-96)
Q9S426	1772	cellular organisms (no rank), Bacteria (domain), Bacillati (kingdom), Actinomycetota (phylum), Actinomycetes (class), Mycobacteriales (order), Mycobacteriaceae (family), Mycolicibacterium (genus)	Mycolicibacterium smegmatis (Mycobacterium smegmatis)
Q59599	485	cellular organisms (no rank), Bacteria (domain), Pseudomonadati (kingdom), Pseudomonadota (phylum), Betaproteobacteria (class), Neisseriales (order), Neisseriaceae (family), Neisseria (genus)	Neisseria gonorrhoeae
Q899N5	212717	cellular organisms (no rank), Bacteria (domain), Bacillati (kingdom), Bacillota (phylum), Clostridia (class), Eubacteriales (order), Clostridiaceae (family), Clostridium (genus), Clostridium tetani (species)	Clostridium tetani (strain Massachusetts / E88)
Q8A1G0	226186	cellular organisms (no rank), Bacteria (domain), Pseudomonadati (kingdom), FCB group (clade), Bacteroidota/Chlorobiota group (clade), Bacteroidota (phylum), Bacteroidia (class), Bacteroidales (order), Bacteroidaceae (family), Bacteroides (genus), Bacteroides thetaiotaomicron (species)	Bacteroides thetaiotaomicron (strain ATCC 29148 / DSM 2079 / JCM 5827 / CCUG 10774 / NCTC 10582 / VPI-5482 / E50)
Q12L31	318161	cellular organisms (no rank), Bacteria (domain), Pseudomonadati (kingdom), Pseudomonadota (phylum), Gammaproteobacteria (class), Alteromonadales (order), Shewanellaceae (family), Shewanella (genus), Shewanella denitrificans (species)	Shewanella denitrificans (strain OS217 / ATCC BAA-1090 / DSM 15013)
P96157	29494	cellular organisms (no rank), Bacteria (domain), Pseudomonadati (kingdom), Pseudomonadota (phylum), Gammaproteobacteria (class), Vibrionales (order), Vibrionaceae (family), Vibrio (genus)	Vibrio furnissii
Q47QN2	269800	cellular organisms (no rank), Bacteria (domain), Bacillati (kingdom), Actinomycetota (phylum), Actinomycetes (class), Streptosporangiales (order), Nocardiopsidaceae (family), Thermobifida (genus), Thermobifida fusca (species)	Thermobifida fusca (strain YX)
Q83AQ1	227377	cellular organisms (no rank), Bacteria (domain), Pseudomonadati (kingdom), Pseudomonadota (phylum), Gammaproteobacteria (class), Legionellales (order), Coxiellaceae (family), Coxiella (genus), Coxiella burnetii (species)	Coxiella burnetii (strain RSA 493 / Nine Mile phase I)
P54865	1708	cellular organisms (no rank), Bacteria (domain), Bacillati (kingdom), Actinomycetota (phylum), Actinomycetes (class), Micrococcales (order), Cellulomonadaceae (family), Cellulomonas (genus)	Cellulomonas fimi
P12870	12287	Viruses (no rank), Riboviria (realm), Orthornavirae (kingdom), Kitrinoviricota (phylum), Magsaviricetes (class), Nodamuvirales (order), Nodaviridae (family), Alphanodavirus (genus), Alphanodavirus flockense (species)	Flock house virus (FHV)
Q8DNZ9	171101	cellular organisms (no rank), Bacteria (domain), Bacillati (kingdom), Bacillota (phylum), Bacilli (class), Lactobacillales (order), Streptococcaceae (family), Streptococcus (genus), Streptococcus pneumoniae (species)	Streptococcus pneumoniae (strain ATCC BAA-255 / R6)
Q9KWN0	237531	cellular organisms (no rank), Bacteria (domain), Bacillati (kingdom), Actinomycetota (phylum), Actinomycetes (class), Actinomycetales (order), unclassified Actinomycetales (no rank)	Actinomycete sp. (strain K97-0003)
G5EE96	6239	cellular organisms (no rank), Eukaryota (domain), Opisthokonta (clade), Metazoa (kingdom), Eumetazoa (clade), Bilateria (clade), Protostomia (clade), Ecdysozoa (clade), Nematoda (phylum), Chromadorea (class), Rhabditida (order), Rhabditina (suborder), Rhabditomorpha (infraorder), Rhabditoidea (superfamily), Rhabditidae (family), Peloderinae (subfamily), Caenorhabditis (genus)	Caenorhabditis elegans
P43263	1393	cellular organisms (no rank), Bacteria (domain), Bacillati (kingdom), Bacillota (phylum), Bacilli (class), Caryophanales (order), Paenibacillaceae (family), Brevibacillus (genus)	Brevibacillus brevis (Bacillus brevis)
Q8Y489	169963	cellular organisms (no rank), Bacteria (domain), Bacillati (kingdom), Bacillota (phylum), Bacilli (class), Caryophanales (order), Listeriaceae (family), Listeria (genus), Listeria monocytogenes (species)	Listeria monocytogenes serovar 1/2a (strain ATCC BAA-679 / EGD-e)
Q5YLG1	1408	cellular organisms (no rank), Bacteria (domain), Bacillati (kingdom), Bacillota (phylum), Bacilli (class), Caryophanales (order), Bacillaceae (family), Bacillus (genus)	Bacillus pumilus (Bacillus mesentericus)
B1I501	477974	cellular organisms (no rank), Bacteria (domain), Bacillati (kingdom), Bacillota (phylum), Clostridia (class), Thermoanaerobacterales (order), Desulforudaceae (family), Desulforudis (genus), Desulforudis audaxviator (species)	Desulforudis audaxviator (strain MP104C)
P32823	43662	cellular organisms (no rank), Bacteria (domain), Pseudomonadati (kingdom), Pseudomonadota (phylum), Gammaproteobacteria (class), Alteromonadales (order), Pseudoalteromonadaceae (family), Pseudoalteromonas (genus)	Pseudoalteromonas piscicida
P38502	2210	cellular organisms (no rank), Archaea (domain), Methanobacteriati (kingdom), Methanobacteriota (phylum), Stenosarchaea group (clade), Methanomicrobia (class), Methanosarcinales (order), Methanosarcinaceae (family), Methanosarcina (genus)	Methanosarcina thermophila
D3Z8D9	10116	cellular organisms (no rank), Eukaryota (domain), Opisthokonta (clade), Metazoa (kingdom), Eumetazoa (clade), Bilateria (clade), Deuterostomia (clade), Chordata (phylum), Craniata (subphylum), Vertebrata (clade), Gnathostomata (clade), Teleostomi (clade), Euteleostomi (clade), Sarcopterygii (superclass), Dipnotetrapodomorpha (clade), Tetrapoda (clade), Amniota (clade), Mammalia (class), Theria (clade), Eutheria (clade), Boreoeutheria (clade), Euarchontoglires (superorder), Glires (clade), Rodentia (order), Myomorpha (suborder), Muroidea (clade), Muridae (family), Murinae (subfamily), Rattus (genus)	Rattus norvegicus (Rat)
P07497	269084	cellular organisms (no rank), Bacteria (domain), Bacillati (kingdom), Cyanobacteriota/Melainabacteria group (clade), Cyanobacteriota (phylum), Cyanophyceae (class), Synechococcales (order), Synechococcaceae (family), Synechococcus (genus), Synechococcus elongatus (species)	Synechococcus sp. (strain ATCC 27144 / PCC 6301 / SAUG 1402/1) (Anacystis nidulans)
D2Z026	1914	cellular organisms (no rank), Bacteria (domain), Bacillati (kingdom), Actinomycetota (phylum), Actinomycetes (class), Kitasatosporales (order), Streptomycetaceae (family), Streptomyces (genus)	Streptomyces lavendulae
B8D1K5	373903	cellular organisms (no rank), Bacteria (domain), Bacillati (kingdom), Bacillota (phylum), Clostridia (class), Halanaerobiales (order), Halothermotrichaceae (family), Halothermothrix (genus), Halothermothrix orenii (species)	Halothermothrix orenii (strain H 168 / OCM 544 / DSM 9562)
B7N5M0	585056	cellular organisms (no rank), Bacteria (domain), Pseudomonadati (kingdom), Pseudomonadota (phylum), Gammaproteobacteria (class), Enterobacterales (order), Enterobacteriaceae (family), Escherichia (genus), Escherichia coli (species)	Escherichia coli O17:K52:H18 (strain UMN026 / ExPEC)
P46154	303	cellular organisms (no rank), Bacteria (domain), Pseudomonadati (kingdom), Pseudomonadota (phylum), Gammaproteobacteria (class), Pseudomonadales (order), Pseudomonadaceae (family), Pseudomonas (genus), Pseudomonas putida group (no rank)	Pseudomonas putida (Arthrobacter siderocapsulatus)
P43012	71421	cellular organisms (no rank), Bacteria (domain), Pseudomonadati (kingdom), Pseudomonadota (phylum), Gammaproteobacteria (class), Pasteurellales (order), Pasteurellaceae (family), Haemophilus (genus), Haemophilus influenzae (species)	Haemophilus influenzae (strain ATCC 51907 / DSM 11121 / KW20 / Rd)
B7N8X6	585056	cellular organisms (no rank), Bacteria (domain), Pseudomonadati (kingdom), Pseudomonadota (phylum), Gammaproteobacteria (class), Enterobacterales (order), Enterobacteriaceae (family), Escherichia (genus), Escherichia coli (species)	Escherichia coli O17:K52:H18 (strain UMN026 / ExPEC)
Q70DK5	1515	cellular organisms (no rank), Bacteria (domain), Bacillati (kingdom), Bacillota (phylum), Clostridia (class), Acetivibrionales (order), Acetivibrionaceae (family), Acetivibrio (genus)	Acetivibrio thermocellus (Hungateiclostridium thermocellum) (Clostridium thermocellum)
A2VDP1	9913	cellular organisms (no rank), Eukaryota (domain), Opisthokonta (clade), Metazoa (kingdom), Eumetazoa (clade), Bilateria (clade), Deuterostomia (clade), Chordata (phylum), Craniata (subphylum), Vertebrata (clade), Gnathostomata (clade), Teleostomi (clade), Euteleostomi (clade), Sarcopterygii (superclass), Dipnotetrapodomorpha (clade), Tetrapoda (clade), Amniota (clade), Mammalia (class), Theria (clade), Eutheria (clade), Boreoeutheria (clade), Laurasiatheria (superorder), Artiodactyla (order), Ruminantia (suborder), Pecora (infraorder), Bovidae (family), Bovinae (subfamily), Bos (genus)	Bos taurus (Bovine)
O69729	83332	cellular organisms (no rank), Bacteria (domain), Bacillati (kingdom), Actinomycetota (phylum), Actinomycetes (class), Mycobacteriales (order), Mycobacteriaceae (family), Mycobacterium (genus), Mycobacterium tuberculosis complex (no rank), Mycobacterium tuberculosis (species)	Mycobacterium tuberculosis (strain ATCC 25618 / H37Rv)
Q0HGM0	60480	cellular organisms (no rank), Bacteria (domain), Pseudomonadati (kingdom), Pseudomonadota (phylum), Gammaproteobacteria (class), Alteromonadales (order), Shewanellaceae (family), Shewanella (genus), unclassified Shewanella (no rank)	Shewanella sp. (strain MR-4)
Q5P5G4	76114	cellular organisms (no rank), Bacteria (domain), Pseudomonadati (kingdom), Pseudomonadota (phylum), Betaproteobacteria (class), Rhodocyclales (order), Rhodocyclaceae (family), Aromatoleum (genus), Aromatoleum aromaticum (species)	Aromatoleum aromaticum (strain DSM 19018 / LMG 30748 / EbN1) (Azoarcus sp. (strain EbN1))
P63733	170187	cellular organisms (no rank), Bacteria (domain), Bacillati (kingdom), Bacillota (phylum), Bacilli (class), Lactobacillales (order), Streptococcaceae (family), Streptococcus (genus), Streptococcus pneumoniae (species)	Streptococcus pneumoniae serotype 4 (strain ATCC BAA-334 / TIGR4)
A6VWM9	400668	cellular organisms (no rank), Bacteria (domain), Pseudomonadati (kingdom), Pseudomonadota (phylum), Gammaproteobacteria (class), Oceanospirillales (order), Oceanospirillaceae (family), Marinomonas (genus), unclassified Marinomonas (no rank)	Marinomonas sp. (strain MWYL1)
A5GT42	316278	cellular organisms (no rank), Bacteria (domain), Bacillati (kingdom), Cyanobacteriota/Melainabacteria group (clade), Cyanobacteriota (phylum), Cyanophyceae (class), Synechococcales (order), Synechococcaceae (family), Synechococcus (genus), unclassified Synechococcus (no rank)	Synechococcus sp. (strain RCC307)
Q31YK2	300268	cellular organisms (no rank), Bacteria (domain), Pseudomonadati (kingdom), Pseudomonadota (phylum), Gammaproteobacteria (class), Enterobacterales (order), Enterobacteriaceae (family), Shigella (genus), Shigella boydii (species)	Shigella boydii serotype 4 (strain Sb227)
C5C7X8	465515	cellular organisms (no rank), Bacteria (domain), Bacillati (kingdom), Actinomycetota (phylum), Actinomycetes (class), Micrococcales (order), Micrococcaceae (family), Micrococcus (genus), Micrococcus luteus (species)	Micrococcus luteus (strain ATCC 4698 / DSM 20030 / JCM 1464 / CCM 169 / CCUG 5858 / IAM 1056 / NBRC 3333 / NCIMB 9278 / NCTC 2665 / VKM Ac-2230) (Micrococcus lysodeikticus)
Q5E3Y2	312309	cellular organisms (no rank), Bacteria (domain), Pseudomonadati (kingdom), Pseudomonadota (phylum), Gammaproteobacteria (class), Vibrionales (order), Vibrionaceae (family), Aliivibrio (genus), Aliivibrio fischeri (species)	Aliivibrio fischeri (strain ATCC 700601 / ES114) (Vibrio fischeri)
B0CN26	1914	cellular organisms (no rank), Bacteria (domain), Bacillati (kingdom), Actinomycetota (phylum), Actinomycetes (class), Kitasatosporales (order), Streptomycetaceae (family), Streptomyces (genus)	Streptomyces lavendulae
O33125	272631	cellular organisms (no rank), Bacteria (domain), Bacillati (kingdom), Actinomycetota (phylum), Actinomycetes (class), Mycobacteriales (order), Mycobacteriaceae (family), Mycobacterium (genus), Mycobacterium leprae (species)	Mycobacterium leprae (strain TN)
Q9AF95	1219356	cellular organisms (no rank), Bacteria (domain), Pseudomonadati (kingdom), Pseudomonadota (phylum), Betaproteobacteria (class), Rhodocyclales (order), Zoogloeaceae (family), Thauera (genus), Thauera butanivorans (species)	Thauera butanivorans (strain ATCC 43655 / DSM 2080 / JCM 20651 / CCUG 51053 / NBRC 103042 / IAM 12574 / Bu B1211) (Pseudomonas butanovora)
Q9KQG2	243277	cellular organisms (no rank), Bacteria (domain), Pseudomonadati (kingdom), Pseudomonadota (phylum), Gammaproteobacteria (class), Vibrionales (order), Vibrionaceae (family), Vibrio (genus), Vibrio cholerae (species), Vibrio cholerae O1 (serogroup), Vibrio cholerae serotype O1 biovar El Tor (no rank)	Vibrio cholerae serotype O1 (strain ATCC 39315 / El Tor Inaba N16961)
Q1RKC5	336407	cellular organisms (no rank), Bacteria (domain), Pseudomonadati (kingdom), Pseudomonadota (phylum), Alphaproteobacteria (class), Rickettsiales (order), Rickettsiaceae (family), Rickettsieae (tribe), Rickettsia (genus), belli group (no rank), Rickettsia bellii (species)	Rickettsia bellii (strain RML369-C)
Q02143	272623	cellular organisms (no rank), Bacteria (domain), Bacillati (kingdom), Bacillota (phylum), Bacilli (class), Lactobacillales (order), Streptococcaceae (family), Lactococcus (genus), Lactococcus lactis (species), Lactococcus lactis subsp. lactis (subspecies)	Lactococcus lactis subsp. lactis (strain IL1403) (Streptococcus lactis)
P00115	195253	cellular organisms (no rank), Bacteria (domain), Bacillati (kingdom), Cyanobacteriota/Melainabacteria group (clade), Cyanobacteriota (phylum), Cyanophyceae (class), Synechococcales (order), Synechococcaceae (family), Synechococcus (genus), unclassified Synechococcus (no rank)	Synechococcus sp. (strain ATCC 27167 / PCC 6312)
Q7VP67	233412	cellular organisms (no rank), Bacteria (domain), Pseudomonadati (kingdom), Pseudomonadota (phylum), Gammaproteobacteria (class), Pasteurellales (order), Pasteurellaceae (family), Haemophilus (genus), Haemophilus ducreyi (species)	Haemophilus ducreyi (strain 35000HP / ATCC 700724)
A0A059WLZ7	1283312	cellular organisms (no rank), Bacteria (domain), Pseudomonadati (kingdom), Pseudomonadota (phylum), Alphaproteobacteria (class), Sphingomonadales (order), Rhizorhabdaceae (family), Rhizorhabdus (genus), Rhizorhabdus wittichii (species)	Rhizorhabdus wittichii (strain DC-6 / KACC 16600) (Sphingomonas wittichii)
P12425	224308	cellular organisms (no rank), Bacteria (domain), Bacillati (kingdom), Bacillota (phylum), Bacilli (class), Caryophanales (order), Bacillaceae (family), Bacillus (genus), Bacillus subtilis group (no rank), Bacillus subtilis (species), Bacillus subtilis subsp. subtilis (subspecies)	Bacillus subtilis (strain 168)
A1W9F8	232721	cellular organisms (no rank), Bacteria (domain), Pseudomonadati (kingdom), Pseudomonadota (phylum), Betaproteobacteria (class), Burkholderiales (order), Comamonadaceae (family), Acidovorax (genus), unclassified Acidovorax (no rank)	Acidovorax sp. (strain JS42)
P61429	882	cellular organisms (no rank), Bacteria (domain), Pseudomonadati (kingdom), Thermodesulfobacteriota (phylum), Desulfovibrionia (class), Desulfovibrionales (order), Desulfovibrionaceae (family), Nitratidesulfovibrio (genus), Nitratidesulfovibrio vulgaris (species)	Nitratidesulfovibrio vulgaris (strain ATCC 29579 / DSM 644 / CCUG 34227 / NCIMB 8303 / VKM B-1760 / Hildenborough) (Desulfovibrio vulgaris)
Q3ILQ9	326442	cellular organisms (no rank), Bacteria (domain), Pseudomonadati (kingdom), Pseudomonadota (phylum), Gammaproteobacteria (class), Alteromonadales (order), Pseudoalteromonadaceae (family), Pseudoalteromonas (genus), Pseudoalteromonas translucida (species)	Pseudoalteromonas translucida (strain TAC 125)
Q97VT7	273057	cellular organisms (no rank), Archaea (domain), Thermoproteati (kingdom), Thermoproteota (phylum), Thermoprotei (class), Sulfolobales (order), Sulfolobaceae (family), Saccharolobus (genus), Saccharolobus solfataricus (species)	Saccharolobus solfataricus (strain ATCC 35092 / DSM 1617 / JCM 11322 / P2) (Sulfolobus solfataricus)
C3KBV5	216595	cellular organisms (no rank), Bacteria (domain), Pseudomonadati (kingdom), Pseudomonadota (phylum), Gammaproteobacteria (class), Pseudomonadales (order), Pseudomonadaceae (family), Pseudomonas (genus), Pseudomonas fluorescens group (no rank), Pseudomonas fluorescens (species)	Pseudomonas fluorescens (strain SBW25)
B4SZ85	423368	cellular organisms (no rank), Bacteria (domain), Pseudomonadati (kingdom), Pseudomonadota (phylum), Gammaproteobacteria (class), Enterobacterales (order), Enterobacteriaceae (family), Salmonella (genus), Salmonella enterica (species), Salmonella enterica I (subspecies), Salmonella newport (no rank)	Salmonella newport (strain SL254)
Q21FS7	203122	cellular organisms (no rank), Bacteria (domain), Pseudomonadati (kingdom), Pseudomonadota (phylum), Gammaproteobacteria (class), Cellvibrionales (order), Cellvibrionaceae (family), Saccharophagus (genus), Saccharophagus degradans (species)	Saccharophagus degradans (strain 2-40 / ATCC 43961 / DSM 17024)
O52866	268954	cellular organisms (no rank), Bacteria (domain), Bacillati (kingdom), Actinomycetota (phylum), Actinomycetes (class), Mycobacteriales (order), Corynebacteriaceae (family), Corynebacterium (genus), unclassified Corynebacterium (no rank)	Corynebacterium sp. (strain C12)
A1AD59	405955	cellular organisms (no rank), Bacteria (domain), Pseudomonadati (kingdom), Pseudomonadota (phylum), Gammaproteobacteria (class), Enterobacterales (order), Enterobacteriaceae (family), Escherichia (genus), Escherichia coli (species)	Escherichia coli O1:K1 / APEC
Q8VPD4	37919	cellular organisms (no rank), Bacteria (domain), Bacillati (kingdom), Actinomycetota (phylum), Actinomycetes (class), Mycobacteriales (order), Nocardiaceae (family), Rhodococcus (genus)	Rhodococcus opacus (Nocardia opaca)
B0TK03	458817	cellular organisms (no rank), Bacteria (domain), Pseudomonadati (kingdom), Pseudomonadota (phylum), Gammaproteobacteria (class), Alteromonadales (order), Shewanellaceae (family), Shewanella (genus), Shewanella halifaxensis (species)	Shewanella halifaxensis (strain HAW-EB4)
O58523	70601	cellular organisms (no rank), Archaea (domain), Methanobacteriati (kingdom), Methanobacteriota (phylum), Thermococci (class), Thermococcales (order), Thermococcaceae (family), Pyrococcus (genus), Pyrococcus horikoshii (species)	Pyrococcus horikoshii (strain ATCC 700860 / DSM 12428 / JCM 9974 / NBRC 100139 / OT-3)
Q9RN59	38314	cellular organisms (no rank), Bacteria (domain), Bacillati (kingdom), Actinomycetota (phylum), Actinomycetes (class), Kitasatosporales (order), Streptomycetaceae (family), Streptomyces (genus)	Streptomyces nogalater
Q3JWX1	320372	cellular organisms (no rank), Bacteria (domain), Pseudomonadati (kingdom), Pseudomonadota (phylum), Betaproteobacteria (class), Burkholderiales (order), Burkholderiaceae (family), Burkholderia (genus), pseudomallei group (no rank), Burkholderia pseudomallei (species)	Burkholderia pseudomallei (strain 1710b)
P0DTF2	913088	cellular organisms (no rank), Bacteria (domain), Pseudomonadati (kingdom), Pseudomonadota (phylum), Gammaproteobacteria (class), Enterobacterales (order), Enterobacteriaceae (family), Escherichia (genus), Escherichia coli (species)	Escherichia coli (strain TW11681)
Q8FFB0	199310	cellular organisms (no rank), Bacteria (domain), Pseudomonadati (kingdom), Pseudomonadota (phylum), Gammaproteobacteria (class), Enterobacterales (order), Enterobacteriaceae (family), Escherichia (genus), Escherichia coli (species)	Escherichia coli O6:H1 (strain CFT073 / ATCC 700928 / UPEC)
P0CK60	1453083	Viruses (no rank), Viruses incertae sedis (no rank), Alphasatellitidae (family), Nanoalphasatellitinae (subfamily), Fabenesatellite (genus), Fabenesatellite fabae (species), Faba bean necrotic yellows alphasatellite 2 (no rank)	Faba bean necrotic yellows C9 alphasatellite (FBNYC9A)
Q5V463	272569	cellular organisms (no rank), Archaea (domain), Methanobacteriati (kingdom), Methanobacteriota (phylum), Stenosarchaea group (clade), Halobacteria (class), Halobacteriales (order), Haloarculaceae (family), Haloarcula (genus), Haloarcula marismortui (species)	Haloarcula marismortui (strain ATCC 43049 / DSM 3752 / JCM 8966 / VKM B-1809) (Halobacterium marismortui)
Q1B7P4	164756	cellular organisms (no rank), Bacteria (domain), Bacillati (kingdom), Actinomycetota (phylum), Actinomycetes (class), Mycobacteriales (order), Mycobacteriaceae (family), Mycobacterium (genus), unclassified Mycobacterium (no rank)	Mycobacterium sp. (strain MCS)
Q67867	31512	Viruses (no rank), Riboviria (realm), Pararnavirae (kingdom), Artverviricota (phylum), Revtraviricetes (class), Blubervirales (order), Hepadnaviridae (family), Orthohepadnavirus (genus), Orthohepadnavirus hominoidei (species), Hepatitis B virus (no rank), Hepatitis B virus subtype adr (no rank)	Hepatitis B virus genotype C subtype adr (isolate Korea/Kim/1989) (HBV-C)
