Entry	Organism (ID)	Taxonomic lineage	Organism
E1BH29	9913	cellular organisms (no rank), Eukaryota (domain), Opisthokonta (clade), Metazoa (kingdom), Eumetazoa (clade), Bilateria (clade), Deuterostomia (clade), Chordata (phylum), Craniata (subphylum), Vertebrata (clade), Gnathostomata (clade), Teleostomi (clade), Euteleostomi (clade), Sarcopterygii (superclass), Dipnotetrapodomorpha (clade), Tetrapoda (clade), Amniota (clade), Mammalia (class), Theria (clade), Eutheria (clade), Boreoeutheria (clade), Laurasiatheria (superorder), Artiodactyla (order), Ruminantia (suborder), Pecora (infraorder), Bovidae (family), Bovinae (subfamily), Bos (genus)	Bos taurus (Bovine)
P40149	847	cellular organisms (no rank), Bacteria (domain), Pseudomonadati (kingdom), Pseudomonadota (phylum), Betaproteobacteria (class), Burkholderiales (order), Oxalobacteraceae (family), Oxalobacter (genus)	Oxalobacter formigenes
Q2KWB0	360910	cellular organisms (no rank), Bacteria (domain), Pseudomonadati (kingdom), Pseudomonadota (phylum), Betaproteobacteria (class), Burkholderiales (order), Alcaligenaceae (family), Bordetella (genus), Bordetella avium (species)	Bordetella avium (strain 197N)
Q9R3D1	495	cellular organisms (no rank), Bacteria (domain), Pseudomonadati (kingdom), Pseudomonadota (phylum), Betaproteobacteria (class), Neisseriales (order), Neisseriaceae (family), Neisseria (genus)	Neisseria elongata
Q05756	192	cellular organisms (no rank), Bacteria (domain), Pseudomonadati (kingdom), Pseudomonadota (phylum), Alphaproteobacteria (class), Rhodospirillales (order), Azospirillaceae (family), Azospirillum (genus)	Azospirillum brasilense
C6DDL3	561230	cellular organisms (no rank), Bacteria (domain), Pseudomonadati (kingdom), Pseudomonadota (phylum), Gammaproteobacteria (class), Enterobacterales (order), Pectobacteriaceae (family), Pectobacterium (genus), Pectobacterium carotovorum (species), Pectobacterium carotovorum subsp. carotovorum (subspecies)	Pectobacterium carotovorum subsp. carotovorum (strain PC1)
B6YTR4	523850	cellular organisms (no rank), Archaea (domain), Methanobacteriati (kingdom), Methanobacteriota (phylum), Thermococci (class), Thermococcales (order), Thermococcaceae (family), Thermococcus (genus), Thermococcus onnurineus (species)	Thermococcus onnurineus (strain NA1)
P55818	272630	cellular organisms (no rank), Bacteria (domain), Pseudomonadati (kingdom), Pseudomonadota (phylum), Alphaproteobacteria (class), Hyphomicrobiales (order), Methylobacteriaceae (family), Methylorubrum (genus), Methylorubrum extorquens (species)	Methylorubrum extorquens (strain ATCC 14718 / DSM 1338 / JCM 2805 / NCIMB 9133 / AM1) (Methylobacterium extorquens)
Q8ZNF5	99287	cellular organisms (no rank), Bacteria (domain), Pseudomonadati (kingdom), Pseudomonadota (phylum), Gammaproteobacteria (class), Enterobacterales (order), Enterobacteriaceae (family), Salmonella (genus), Salmonella enterica (species), Salmonella enterica I (subspecies), Salmonella typhimurium (no rank)	Salmonella typhimurium (strain LT2 / SGSC1412 / ATCC 700720)
A9MME5	41514	cellular organisms (no rank), Bacteria (domain), Pseudomonadati (kingdom), Pseudomonadota (phylum), Gammaproteobacteria (class), Enterobacterales (order), Enterobacteriaceae (family), Salmonella (genus), Salmonella enterica (species), Salmonella enterica subsp. arizonae (subspecies)	Salmonella arizonae (strain ATCC BAA-731 / CDC346-86 / RSK2980)
A4JIF7	269482	cellular organisms (no rank), Bacteria (domain), Pseudomonadati (kingdom), Pseudomonadota (phylum), Betaproteobacteria (class), Burkholderiales (order), Burkholderiaceae (family), Burkholderia (genus), Burkholderia cepacia complex (no rank), Burkholderia vietnamiensis (species)	Burkholderia vietnamiensis (strain G4 / LMG 22486) (Burkholderia cepacia (strain R1808))
O04986	39947	cellular organisms (no rank), Eukaryota (domain), Viridiplantae (kingdom), Streptophyta (phylum), Streptophytina (subphylum), Embryophyta (clade), Tracheophyta (clade), Euphyllophyta (clade), Spermatophyta (clade), Magnoliopsida (class), Mesangiospermae (clade), Liliopsida (clade), Petrosaviidae (subclass), commelinids (clade), Poales (order), Poaceae (family), BOP clade (clade), Oryzoideae (subfamily), Oryzeae (tribe), Oryzinae (subtribe), Oryza (genus), Oryza sativa (species)	Oryza sativa subsp. japonica (Rice)
Q2FZQ3	93061	cellular organisms (no rank), Bacteria (domain), Bacillati (kingdom), Bacillota (phylum), Bacilli (class), Caryophanales (order), Staphylococcaceae (family), Staphylococcus (genus), Staphylococcus aureus (species)	Staphylococcus aureus (strain NCTC 8325 / PS 47)
A9W9J2	419610	cellular organisms (no rank), Bacteria (domain), Pseudomonadati (kingdom), Pseudomonadota (phylum), Alphaproteobacteria (class), Hyphomicrobiales (order), Methylobacteriaceae (family), Methylorubrum (genus), Methylorubrum extorquens (species)	Methylorubrum extorquens (strain PA1) (Methylobacterium extorquens)
A5D662	370438	cellular organisms (no rank), Bacteria (domain), Bacillati (kingdom), Bacillota (phylum), Clostridia (class), Eubacteriales (order), Desulfotomaculaceae (family), Pelotomaculum (genus), Pelotomaculum thermopropionicum (species)	Pelotomaculum thermopropionicum (strain DSM 13744 / JCM 10971 / SI)
Q79EM8	102632	cellular organisms (no rank), Bacteria (domain), Bacillati (kingdom), Actinomycetota (phylum), Actinomycetes (class), Propionibacteriales (order), Nocardioidaceae (family), Nocardioides (genus), unclassified Nocardioides (no rank)	Nocardioides sp. (strain KP7)
B2GV22	10116	cellular organisms (no rank), Eukaryota (domain), Opisthokonta (clade), Metazoa (kingdom), Eumetazoa (clade), Bilateria (clade), Deuterostomia (clade), Chordata (phylum), Craniata (subphylum), Vertebrata (clade), Gnathostomata (clade), Teleostomi (clade), Euteleostomi (clade), Sarcopterygii (superclass), Dipnotetrapodomorpha (clade), Tetrapoda (clade), Amniota (clade), Mammalia (class), Theria (clade), Eutheria (clade), Boreoeutheria (clade), Euarchontoglires (superorder), Glires (clade), Rodentia (order), Myomorpha (suborder), Muroidea (clade), Muridae (family), Murinae (subfamily), Rattus (genus)	Rattus norvegicus (Rat)
G5EDU6	6239	cellular organisms (no rank), Eukaryota (domain), Opisthokonta (clade), Metazoa (kingdom), Eumetazoa (clade), Bilateria (clade), Protostomia (clade), Ecdysozoa (clade), Nematoda (phylum), Chromadorea (class), Rhabditida (order), Rhabditina (suborder), Rhabditomorpha (infraorder), Rhabditoidea (superfamily), Rhabditidae (family), Peloderinae (subfamily), Caenorhabditis (genus)	Caenorhabditis elegans
Q17ZF6	382638	cellular organisms (no rank), Bacteria (domain), Pseudomonadati (kingdom), Campylobacterota (phylum), Epsilonproteobacteria (class), Campylobacterales (order), Helicobacteraceae (family), Helicobacter (genus), Helicobacter acinonychis (species)	Helicobacter acinonychis (strain Sheeba)
W8FLH9	28068	cellular organisms (no rank), Bacteria (domain), Pseudomonadati (kingdom), Pseudomonadota (phylum), Betaproteobacteria (class), Burkholderiales (order), Sphaerotilaceae (family), Rubrivivax (genus)	Rubrivivax gelatinosus (Rhodocyclus gelatinosus) (Rhodopseudomonas gelatinosa)
Q8G5P1	206672	cellular organisms (no rank), Bacteria (domain), Bacillati (kingdom), Actinomycetota (phylum), Actinomycetes (class), Bifidobacteriales (order), Bifidobacteriaceae (family), Bifidobacterium (genus), Bifidobacterium longum (species)	Bifidobacterium longum (strain NCC 2705)
B1HZY7	444177	cellular organisms (no rank), Bacteria (domain), Bacillati (kingdom), Bacillota (phylum), Bacilli (class), Caryophanales (order), Bacillaceae (family), Lysinibacillus (genus), Lysinibacillus sphaericus (species)	Lysinibacillus sphaericus (strain C3-41)
P03116	337052	Viruses (no rank), Floreoviria (realm), Shotokuvirae (kingdom), Cossaviricota (phylum), Papovaviricetes (class), Zurhausenvirales (order), Papillomaviridae (family), Firstpapillomavirinae (subfamily), Deltapapillomavirus (genus)	Bovine papillomavirus type 1
D5MP61	678	cellular organisms (no rank), Bacteria (domain), Pseudomonadati (kingdom), Pseudomonadota (phylum), Gammaproteobacteria (class), Vibrionales (order), Vibrionaceae (family), Vibrio (genus), unclassified Vibrio (no rank)	Vibrio sp
P18190	355	cellular organisms (no rank), Bacteria (domain), Pseudomonadati (kingdom), Pseudomonadota (phylum), Gammaproteobacteria (class), Pseudomonadales (order), Pseudomonadaceae (family), Azotobacter group (subfamily), Azotobacter (genus), Azotobacter chroococcum (species)	Azotobacter chroococcum mcd 1
Q47DH9	159087	cellular organisms (no rank), Bacteria (domain), Pseudomonadati (kingdom), Pseudomonadota (phylum), Betaproteobacteria (class), Rhodocyclales (order), Azonexaceae (family), Dechloromonas (genus), Dechloromonas aromatica (nom. nud.) (species)	Dechloromonas aromatica (strain RCB)
P72508	118562	cellular organisms (no rank), Bacteria (domain), Bacillati (kingdom), Cyanobacteriota/Melainabacteria group (clade), Cyanobacteriota (phylum), Cyanophyceae (class), Oscillatoriophycideae (subclass), Oscillatoriales (order), Sirenicapillariaceae (family), Limnospira (genus)	Limnospira platensis (Arthrospira platensis)
Q31MN3	1140	cellular organisms (no rank), Bacteria (domain), Bacillati (kingdom), Cyanobacteriota/Melainabacteria group (clade), Cyanobacteriota (phylum), Cyanophyceae (class), Synechococcales (order), Synechococcaceae (family), Synechococcus (genus), Synechococcus elongatus (species)	Synechococcus elongatus (strain ATCC 33912 / PCC 7942 / FACHB-805) (Anacystis nidulans R2)
A5UHD3	374931	cellular organisms (no rank), Bacteria (domain), Pseudomonadati (kingdom), Pseudomonadota (phylum), Gammaproteobacteria (class), Pasteurellales (order), Pasteurellaceae (family), Haemophilus (genus), Haemophilus influenzae (species)	Haemophilus influenzae (strain PittGG)
Q2IH95	290397	cellular organisms (no rank), Bacteria (domain), Pseudomonadati (kingdom), Myxococcota (phylum), Myxococcia (class), Myxococcales (order), Cystobacterineae (suborder), Anaeromyxobacteraceae (family), Anaeromyxobacter (genus), Anaeromyxobacter dehalogenans (species)	Anaeromyxobacter dehalogenans (strain 2CP-C)
Q1AYW0	266117	cellular organisms (no rank), Bacteria (domain), Bacillati (kingdom), Actinomycetota (phylum), Rubrobacteria (class), Rubrobacterales (order), Rubrobacteraceae (family), Rubrobacter (genus), Rubrobacter xylanophilus (species)	Rubrobacter xylanophilus (strain DSM 9941 / JCM 11954 / NBRC 16129 / PRD-1)
Q1GYD4	265072	cellular organisms (no rank), Bacteria (domain), Pseudomonadati (kingdom), Pseudomonadota (phylum), Betaproteobacteria (class), Nitrosomonadales (order), Methylophilaceae (family), Methylobacillus (genus), Methylobacillus flagellatus (species)	Methylobacillus flagellatus (strain ATCC 51484 / DSM 6875 / VKM B-1610 / KT)
I3DZK9	796606	cellular organisms (no rank), Bacteria (domain), Bacillati (kingdom), Bacillota (phylum), Bacilli (class), Caryophanales (order), Bacillaceae (family), Bacillus (genus), Bacillus methanolicus (species)	Bacillus methanolicus (strain MGA3 / ATCC 53907)
P0A4D8	171101	cellular organisms (no rank), Bacteria (domain), Bacillati (kingdom), Bacillota (phylum), Bacilli (class), Lactobacillales (order), Streptococcaceae (family), Streptococcus (genus), Streptococcus pneumoniae (species)	Streptococcus pneumoniae (strain ATCC BAA-255 / R6)
A5GPM2	32051	cellular organisms (no rank), Bacteria (domain), Bacillati (kingdom), Cyanobacteriota/Melainabacteria group (clade), Cyanobacteriota (phylum), Cyanophyceae (class), Synechococcales (order), Synechococcaceae (family), Synechococcus (genus), unclassified Synechococcus (no rank)	Synechococcus sp. (strain WH7803)
Q08751	2026	cellular organisms (no rank), Bacteria (domain), Bacillati (kingdom), Bacillota (phylum), Bacilli (class), Caryophanales (order), Thermoactinomycetaceae (family), Thermoactinomyces (genus)	Thermoactinomyces vulgaris
Q136Z3	316057	cellular organisms (no rank), Bacteria (domain), Pseudomonadati (kingdom), Pseudomonadota (phylum), Alphaproteobacteria (class), Hyphomicrobiales (order), Nitrobacteraceae (family), Rhodopseudomonas (genus), Rhodopseudomonas palustris (species)	Rhodopseudomonas palustris (strain BisB5)
P73276	1111708	cellular organisms (no rank), Bacteria (domain), Bacillati (kingdom), Cyanobacteriota/Melainabacteria group (clade), Cyanobacteriota (phylum), Cyanophyceae (class), Synechococcales (order), Merismopediaceae (family), Synechocystis (genus), unclassified Synechocystis (no rank), Synechocystis sp. PCC 6803 (species)	Synechocystis sp. (strain ATCC 27184 / PCC 6803 / Kazusa)
Q8K9Z7	198804	cellular organisms (no rank), Bacteria (domain), Pseudomonadati (kingdom), Pseudomonadota (phylum), Gammaproteobacteria (class), Enterobacterales (order), Erwiniaceae (family), Buchnera (genus), Buchnera aphidicola (species), Buchnera aphidicola (Schizaphis graminum) (no rank)	Buchnera aphidicola subsp. Schizaphis graminum (strain Sg)
Q8PDA8	190485	cellular organisms (no rank), Bacteria (domain), Pseudomonadati (kingdom), Pseudomonadota (phylum), Gammaproteobacteria (class), Lysobacterales (order), Lysobacteraceae (family), Xanthomonas (genus), Xanthomonas campestris (species), Xanthomonas campestris pv. campestris (no rank)	Xanthomonas campestris pv. campestris (strain ATCC 33913 / DSM 3586 / NCPPB 528 / LMG 568 / P 25)
B8FY55	272564	cellular organisms (no rank), Bacteria (domain), Bacillati (kingdom), Bacillota (phylum), Clostridia (class), Eubacteriales (order), Desulfitobacteriaceae (family), Desulfitobacterium (genus), Desulfitobacterium hafniense (species)	Desulfitobacterium hafniense (strain DSM 10664 / DCB-2)
O68252	66821	cellular organisms (no rank), Bacteria (domain), Pseudomonadati (kingdom), Campylobacterota (phylum), Epsilonproteobacteria (class), Campylobacterales (order), Sulfurospirillaceae (family), Sulfurospirillum (genus)	Sulfurospirillum multivorans (Dehalospirillum multivorans)
Q71Z96	265669	cellular organisms (no rank), Bacteria (domain), Bacillati (kingdom), Bacillota (phylum), Bacilli (class), Caryophanales (order), Listeriaceae (family), Listeria (genus), Listeria monocytogenes (species), Listeria monocytogenes serotype 4b (serotype)	Listeria monocytogenes serotype 4b (strain F2365)
B7N2G9	585397	cellular organisms (no rank), Bacteria (domain), Pseudomonadati (kingdom), Pseudomonadota (phylum), Gammaproteobacteria (class), Enterobacterales (order), Enterobacteriaceae (family), Escherichia (genus), Escherichia coli (species)	Escherichia coli O81 (strain ED1a)
A8H161	398579	cellular organisms (no rank), Bacteria (domain), Pseudomonadati (kingdom), Pseudomonadota (phylum), Gammaproteobacteria (class), Alteromonadales (order), Shewanellaceae (family), Shewanella (genus), Shewanella pealeana (species)	Shewanella pealeana (strain ATCC 700345 / ANG-SQ1)
Q39ZH2	269799	cellular organisms (no rank), Bacteria (domain), Pseudomonadati (kingdom), Thermodesulfobacteriota (phylum), Desulfuromonadia (class), Geobacterales (order), Geobacteraceae (family), Geobacter (genus), Geobacter metallireducens (species)	Geobacter metallireducens (strain ATCC 53774 / DSM 7210 / GS-15)
Q8Y8H5	169963	cellular organisms (no rank), Bacteria (domain), Bacillati (kingdom), Bacillota (phylum), Bacilli (class), Caryophanales (order), Listeriaceae (family), Listeria (genus), Listeria monocytogenes (species)	Listeria monocytogenes serovar 1/2a (strain ATCC BAA-679 / EGD-e)
B4EUF6	529507	cellular organisms (no rank), Bacteria (domain), Pseudomonadati (kingdom), Pseudomonadota (phylum), Gammaproteobacteria (class), Enterobacterales (order), Morganellaceae (family), Proteus (genus), Proteus mirabilis (species)	Proteus mirabilis (strain HI4320)
Q609M6	243233	cellular organisms (no rank), Bacteria (domain), Pseudomonadati (kingdom), Pseudomonadota (phylum), Gammaproteobacteria (class), Methylococcales (order), Methylococcaceae (family), Methylococcus (genus), Methylococcus capsulatus (species)	Methylococcus capsulatus (strain ATCC 33009 / NCIMB 11132 / Bath)
A1JQW2	393305	cellular organisms (no rank), Bacteria (domain), Pseudomonadati (kingdom), Pseudomonadota (phylum), Gammaproteobacteria (class), Enterobacterales (order), Yersiniaceae (family), Yersinia (genus), Yersinia enterocolitica (species), Yersinia enterocolitica subsp. enterocolitica (subspecies)	Yersinia enterocolitica serotype O:8 / biotype 1B (strain NCTC 13174 / 8081)
P03967	44689	cellular organisms (no rank), Eukaryota (domain), Amoebozoa (clade), Evosea (phylum), Eumycetozoa (class), Dictyostelia (clade), Dictyosteliales (order), Dictyosteliaceae (family), Dictyostelium (genus)	Dictyostelium discoideum (Social amoeba)
A7X1N2	418127	cellular organisms (no rank), Bacteria (domain), Bacillati (kingdom), Bacillota (phylum), Bacilli (class), Caryophanales (order), Staphylococcaceae (family), Staphylococcus (genus), Staphylococcus aureus (species)	Staphylococcus aureus (strain Mu3 / ATCC 700698)
Q8CM25	197221	cellular organisms (no rank), Bacteria (domain), Bacillati (kingdom), Cyanobacteriota/Melainabacteria group (clade), Cyanobacteriota (phylum), Cyanophyceae (class), Acaryochloridales (order), Thermosynechococcaceae (family), Thermosynechococcus (genus), Thermosynechococcus vestitus (species)	Thermosynechococcus vestitus (strain NIES-2133 / IAM M-273 / BP-1)
Q8E3P5	211110	cellular organisms (no rank), Bacteria (domain), Bacillati (kingdom), Bacillota (phylum), Bacilli (class), Lactobacillales (order), Streptococcaceae (family), Streptococcus (genus), Streptococcus agalactiae (species), Streptococcus agalactiae serogroup III (serogroup)	Streptococcus agalactiae serotype III (strain NEM316)
Q0SQX5	289380	cellular organisms (no rank), Bacteria (domain), Bacillati (kingdom), Bacillota (phylum), Clostridia (class), Eubacteriales (order), Clostridiaceae (family), Clostridium (genus), Clostridium perfringens (species)	Clostridium perfringens (strain SM101 / Type A)
Q8JMZ4	489541	Viruses (no rank), Riboviria (realm), Pararnavirae (kingdom), Artverviricota (phylum), Revtraviricetes (class), Blubervirales (order), Hepadnaviridae (family), Orthohepadnavirus (genus), Orthohepadnavirus hominoidei (species), Hepatitis B virus (no rank), hepatitis B virus genotype H (no rank)	Hepatitis B virus genotype H subtype adw4 (isolate Nicaragua/2928Nic/1997) (HBV-H)
Q7X2D3	37930	cellular organisms (no rank), Bacteria (domain), Bacillati (kingdom), Actinomycetota (phylum), Actinomycetes (class), Micrococcales (order), Micrococcaceae (family), Glutamicibacter (genus)	Glutamicibacter protophormiae (Brevibacterium protophormiae)
Q7MGI2	196600	cellular organisms (no rank), Bacteria (domain), Pseudomonadati (kingdom), Pseudomonadota (phylum), Gammaproteobacteria (class), Vibrionales (order), Vibrionaceae (family), Vibrio (genus), Vibrio vulnificus (species)	Vibrio vulnificus (strain YJ016)
Q3BM92	316273	cellular organisms (no rank), Bacteria (domain), Pseudomonadati (kingdom), Pseudomonadota (phylum), Gammaproteobacteria (class), Lysobacterales (order), Lysobacteraceae (family), Xanthomonas (genus), Xanthomonas euvesicatoria (species)	Xanthomonas euvesicatoria pv. vesicatoria (strain 85-10) (Xanthomonas campestris pv. vesicatoria)
Q8G481	206672	cellular organisms (no rank), Bacteria (domain), Bacillati (kingdom), Actinomycetota (phylum), Actinomycetes (class), Bifidobacteriales (order), Bifidobacteriaceae (family), Bifidobacterium (genus), Bifidobacterium longum (species)	Bifidobacterium longum (strain NCC 2705)
P0DSO6	342108	cellular organisms (no rank), Bacteria (domain), Pseudomonadati (kingdom), Pseudomonadota (phylum), Alphaproteobacteria (class), Rhodospirillales (order), Magnetospirillaceae (family), Paramagnetospirillum (genus), Paramagnetospirillum magneticum (species)	Paramagnetospirillum magneticum (strain ATCC 700264 / AMB-1) (Magnetospirillum magneticum)
Q82ZA5	226185	cellular organisms (no rank), Bacteria (domain), Bacillati (kingdom), Bacillota (phylum), Bacilli (class), Lactobacillales (order), Enterococcaceae (family), Enterococcus (genus), Enterococcus faecalis (species)	Enterococcus faecalis (strain ATCC 700802 / V583)
Q8FPY5	196164	cellular organisms (no rank), Bacteria (domain), Bacillati (kingdom), Actinomycetota (phylum), Actinomycetes (class), Mycobacteriales (order), Corynebacteriaceae (family), Corynebacterium (genus), Corynebacterium efficiens (species)	Corynebacterium efficiens (strain DSM 44549 / YS-314 / AJ 12310 / JCM 11189 / NBRC 100395)
Q2XWL3	240302	cellular organisms (no rank), Bacteria (domain), Bacillati (kingdom), Bacillota (phylum), Bacilli (class), Caryophanales (order), Bacillaceae (family), Halobacillus (genus)	Halobacillus dabanensis
B1MH83	561007	cellular organisms (no rank), Bacteria (domain), Bacillati (kingdom), Actinomycetota (phylum), Actinomycetes (class), Mycobacteriales (order), Mycobacteriaceae (family), Mycobacteroides (genus), Mycobacteroides abscessus (species)	Mycobacteroides abscessus (strain ATCC 19977 / DSM 44196 / CCUG 20993 / CIP 104536 / JCM 13569 / NCTC 13031 / TMC 1543 / L948) (Mycobacterium abscessus)
P94692	873	cellular organisms (no rank), Bacteria (domain), Pseudomonadati (kingdom), Thermodesulfobacteriota (phylum), Desulfovibrionia (class), Desulfovibrionales (order), Desulfovibrionaceae (family), Desulfocurvibacter (genus)	Desulfocurvibacter africanus (Desulfovibrio africanus)
P21310	303	cellular organisms (no rank), Bacteria (domain), Pseudomonadati (kingdom), Pseudomonadota (phylum), Gammaproteobacteria (class), Pseudomonadales (order), Pseudomonadaceae (family), Pseudomonas (genus), Pseudomonas putida group (no rank)	Pseudomonas putida (Arthrobacter siderocapsulatus)
O87198	262724	cellular organisms (no rank), Bacteria (domain), Thermotogati (kingdom), Deinococcota (phylum), Deinococci (class), Thermales (order), Thermaceae (family), Thermus (genus), Thermus thermophilus (species)	Thermus thermophilus (strain ATCC BAA-163 / DSM 7039 / HB27)
P9WIS4	83331	cellular organisms (no rank), Bacteria (domain), Bacillati (kingdom), Actinomycetota (phylum), Actinomycetes (class), Mycobacteriales (order), Mycobacteriaceae (family), Mycobacterium (genus), Mycobacterium tuberculosis complex (no rank), Mycobacterium tuberculosis (species)	Mycobacterium tuberculosis (strain CDC 1551 / Oshkosh)
A0A0E3KBH3	2287	cellular organisms (no rank), Archaea (domain), Thermoproteati (kingdom), Thermoproteota (phylum), Thermoprotei (class), Sulfolobales (order), Sulfolobaceae (family), Saccharolobus (genus)	Saccharolobus solfataricus (Sulfolobus solfataricus)
B2DEV1	1872086	cellular organisms (no rank), Bacteria (domain), Pseudomonadati (kingdom), Pseudomonadota (phylum), Alphaproteobacteria (class), Hyphomicrobiales (order), Rhizobiaceae (family), Sinorhizobium/Ensifer group (no rank), Ensifer (genus), unclassified Ensifer (no rank)	Ensifer sp
Q1MQJ3	363253	cellular organisms (no rank), Bacteria (domain), Pseudomonadati (kingdom), Thermodesulfobacteriota (phylum), Desulfovibrionia (class), Desulfovibrionales (order), Desulfovibrionaceae (family), Lawsonia (genus), Lawsonia intracellularis (species)	Lawsonia intracellularis (strain PHE/MN1-00)
Q2RVS1	269796	cellular organisms (no rank), Bacteria (domain), Pseudomonadati (kingdom), Pseudomonadota (phylum), Alphaproteobacteria (class), Rhodospirillales (order), Rhodospirillaceae (family), Rhodospirillum (genus), Rhodospirillum rubrum (species)	Rhodospirillum rubrum (strain ATCC 11170 / ATH 1.1.1 / DSM 467 / LMG 4362 / NCIMB 8255 / S1)
B6EIM5	316275	cellular organisms (no rank), Bacteria (domain), Pseudomonadati (kingdom), Pseudomonadota (phylum), Gammaproteobacteria (class), Vibrionales (order), Vibrionaceae (family), Aliivibrio (genus), Aliivibrio salmonicida (species)	Aliivibrio salmonicida (strain LFI1238) (Vibrio salmonicida (strain LFI1238))
Q88QT3	160488	cellular organisms (no rank), Bacteria (domain), Pseudomonadati (kingdom), Pseudomonadota (phylum), Gammaproteobacteria (class), Pseudomonadales (order), Pseudomonadaceae (family), Pseudomonas (genus), Pseudomonas putida group (no rank), Pseudomonas putida (species)	Pseudomonas putida (strain ATCC 47054 / DSM 6125 / CFBP 8728 / NCIMB 11950 / KT2440)
A8F840	416591	cellular organisms (no rank), Bacteria (domain), Thermotogati (kingdom), Thermotogota (phylum), Thermotogae (class), Thermotogales (order), Thermotogaceae (family), Pseudothermotoga (genus), Pseudothermotoga lettingae (species)	Pseudothermotoga lettingae (strain ATCC BAA-301 / DSM 14385 / NBRC 107922 / TMO) (Thermotoga lettingae)
A8FLJ3	407148	cellular organisms (no rank), Bacteria (domain), Pseudomonadati (kingdom), Campylobacterota (phylum), Epsilonproteobacteria (class), Campylobacterales (order), Campylobacteraceae (family), Campylobacter (genus), Campylobacter jejuni (species), Campylobacter jejuni subsp. jejuni (subspecies)	Campylobacter jejuni subsp. jejuni serotype O:6 (strain 81116 / NCTC 11828)
E7FHP1	186497	cellular organisms (no rank), Archaea (domain), Methanobacteriati (kingdom), Methanobacteriota (phylum), Thermococci (class), Thermococcales (order), Thermococcaceae (family), Pyrococcus (genus), Pyrococcus furiosus (species)	Pyrococcus furiosus (strain ATCC 43587 / DSM 3638 / JCM 8422 / Vc1)
P0A3M6	171101	cellular organisms (no rank), Bacteria (domain), Bacillati (kingdom), Bacillota (phylum), Bacilli (class), Lactobacillales (order), Streptococcaceae (family), Streptococcus (genus), Streptococcus pneumoniae (species)	Streptococcus pneumoniae (strain ATCC BAA-255 / R6)
Q9EMA9	11235	Viruses (no rank), Riboviria (realm), Orthornavirae (kingdom), Negarnaviricota (phylum), Haploviricotina (subphylum), Monjiviricetes (class), Mononegavirales (order), Paramyxoviridae (family), Orthoparamyxovirinae (subfamily), Morbillivirus (genus), Morbillivirus hominis (species), Measles morbillivirus (no rank)	Measles virus (strain Edmonston) (MeV) (Subacute sclerose panencephalitis virus)
Q46H41	59920	cellular organisms (no rank), Bacteria (domain), Bacillati (kingdom), Cyanobacteriota/Melainabacteria group (clade), Cyanobacteriota (phylum), Cyanophyceae (class), Synechococcales (order), Prochlorococcaceae (family), Prochlorococcus (genus), Prochlorococcus marinus (species)	Prochlorococcus marinus (strain NATL2A)
G5EC89	6239	cellular organisms (no rank), Eukaryota (domain), Opisthokonta (clade), Metazoa (kingdom), Eumetazoa (clade), Bilateria (clade), Protostomia (clade), Ecdysozoa (clade), Nematoda (phylum), Chromadorea (class), Rhabditida (order), Rhabditina (suborder), Rhabditomorpha (infraorder), Rhabditoidea (superfamily), Rhabditidae (family), Peloderinae (subfamily), Caenorhabditis (genus)	Caenorhabditis elegans
Q5FKG6	272621	cellular organisms (no rank), Bacteria (domain), Bacillati (kingdom), Bacillota (phylum), Bacilli (class), Lactobacillales (order), Lactobacillaceae (family), Lactobacillus (genus), Lactobacillus acidophilus (species)	Lactobacillus acidophilus (strain ATCC 700396 / NCK56 / N2 / NCFM)
Q92J76	272944	cellular organisms (no rank), Bacteria (domain), Pseudomonadati (kingdom), Pseudomonadota (phylum), Alphaproteobacteria (class), Rickettsiales (order), Rickettsiaceae (family), Rickettsieae (tribe), Rickettsia (genus), spotted fever group (no rank), Rickettsia conorii (species)	Rickettsia conorii (strain ATCC VR-613 / Malish 7)
P07328	354	cellular organisms (no rank), Bacteria (domain), Pseudomonadati (kingdom), Pseudomonadota (phylum), Gammaproteobacteria (class), Pseudomonadales (order), Pseudomonadaceae (family), Azotobacter group (subfamily), Azotobacter (genus)	Azotobacter vinelandii
Q71WM0	265669	cellular organisms (no rank), Bacteria (domain), Bacillati (kingdom), Bacillota (phylum), Bacilli (class), Caryophanales (order), Listeriaceae (family), Listeria (genus), Listeria monocytogenes (species), Listeria monocytogenes serotype 4b (serotype)	Listeria monocytogenes serotype 4b (strain F2365)
P04855	11198	Viruses (no rank), Riboviria (realm), Orthornavirae (kingdom), Negarnaviricota (phylum), Haploviricotina (subphylum), Monjiviricetes (class), Mononegavirales (order), Paramyxoviridae (family), Feraresvirinae (subfamily), Respirovirus (genus), Respirovirus muris (species)	Sendai virus (strain Z) (SeV) (Sendai virus (strain HVJ))
Q32BR2	300267	cellular organisms (no rank), Bacteria (domain), Pseudomonadati (kingdom), Pseudomonadota (phylum), Gammaproteobacteria (class), Enterobacterales (order), Enterobacteriaceae (family), Shigella (genus), Shigella dysenteriae (species)	Shigella dysenteriae serotype 1 (strain Sd197)
Q8CNI2	176280	cellular organisms (no rank), Bacteria (domain), Bacillati (kingdom), Bacillota (phylum), Bacilli (class), Caryophanales (order), Staphylococcaceae (family), Staphylococcus (genus), Staphylococcus epidermidis (species)	Staphylococcus epidermidis (strain ATCC 12228 / FDA PCI 1200)
P27764	333	cellular organisms (no rank), Bacteria (domain), Pseudomonadati (kingdom), Pseudomonadota (phylum), Gammaproteobacteria (class), Pseudomonadales (order), Pseudomonadaceae (family), Pseudomonas (genus), Pseudomonas chlororaphis group (no rank), Pseudomonas chlororaphis (species)	Pseudomonas chlororaphis (Pseudomonas aureofaciens)
B1LKV2	439855	cellular organisms (no rank), Bacteria (domain), Pseudomonadati (kingdom), Pseudomonadota (phylum), Gammaproteobacteria (class), Enterobacterales (order), Enterobacteriaceae (family), Escherichia (genus), Escherichia coli (species)	Escherichia coli (strain SMS-3-5 / SECEC)
A8FP63	425104	cellular organisms (no rank), Bacteria (domain), Pseudomonadati (kingdom), Pseudomonadota (phylum), Gammaproteobacteria (class), Alteromonadales (order), Shewanellaceae (family), Shewanella (genus), Shewanella sediminis (species)	Shewanella sediminis (strain HAW-EB3)
O33405	504832	cellular organisms (no rank), Bacteria (domain), Pseudomonadati (kingdom), Pseudomonadota (phylum), Alphaproteobacteria (class), Hyphomicrobiales (order), Nitrobacteraceae (family), Afipia (genus), Afipia carboxidovorans (species)	Afipia carboxidovorans (strain ATCC 49405 / DSM 1227 / KCTC 32145 / OM5) (Oligotropha carboxidovorans)
B3WE64	543734	cellular organisms (no rank), Bacteria (domain), Bacillati (kingdom), Bacillota (phylum), Bacilli (class), Lactobacillales (order), Lactobacillaceae (family), Lacticaseibacillus (genus), Lacticaseibacillus casei (species)	Lacticaseibacillus casei (strain BL23) (Lactobacillus casei)
P03681	2884424	Viruses (no rank), Duplodnaviria (realm), Heunggongvirae (kingdom), Uroviricota (phylum), Caudoviricetes (class), Caudoviricetes incertae sedis (no rank), Salasmaviridae (family), Picovirinae (subfamily), Salasvirus (genus), Salasvirus phi29 (species)	Bacillus phage phi29 (Bacteriophage phi-29)
Q1QHE3	323097	cellular organisms (no rank), Bacteria (domain), Pseudomonadati (kingdom), Pseudomonadota (phylum), Alphaproteobacteria (class), Hyphomicrobiales (order), Nitrobacteraceae (family), Nitrobacter (genus), Nitrobacter hamburgensis (species)	Nitrobacter hamburgensis (strain DSM 10229 / NCIMB 13809 / X14)
B0SGA8	355278	cellular organisms (no rank), Bacteria (domain), Pseudomonadati (kingdom), Spirochaetota (phylum), Leptospiria (class), Leptospirales (order), Leptospiraceae (family), Leptospira (genus), Leptospira biflexa (species), Leptospira biflexa serovar Patoc (no rank)	Leptospira biflexa serovar Patoc (strain Patoc 1 / Ames)
Q60358	243232	cellular organisms (no rank), Archaea (domain), Methanobacteriati (kingdom), Methanobacteriota (phylum), Methanomada group (clade), Methanococci (class), Methanococcales (order), Methanocaldococcaceae (family), Methanocaldococcus (genus), Methanocaldococcus jannaschii (species)	Methanocaldococcus jannaschii (strain ATCC 43067 / DSM 2661 / JAL-1 / JCM 10045 / NBRC 100440) (Methanococcus jannaschii)
B7N5L6	585056	cellular organisms (no rank), Bacteria (domain), Pseudomonadati (kingdom), Pseudomonadota (phylum), Gammaproteobacteria (class), Enterobacterales (order), Enterobacteriaceae (family), Escherichia (genus), Escherichia coli (species)	Escherichia coli O17:K52:H18 (strain UMN026 / ExPEC)
A0A1J1EM40	1762963	cellular organisms (no rank), Bacteria (domain), Bacillati (kingdom), Actinomycetota (phylum), Actinomycetes (class), Micrococcales (order), Micrococcaceae (family), Sinomonas (genus), unclassified Sinomonas (no rank)	Sinomonas sp. (strain No.22)
A5I133	441771	cellular organisms (no rank), Bacteria (domain), Bacillati (kingdom), Bacillota (phylum), Clostridia (class), Eubacteriales (order), Clostridiaceae (family), Clostridium (genus), Clostridium botulinum group (no rank), Clostridium botulinum (species), Clostridium botulinum A (no rank)	Clostridium botulinum (strain Hall / ATCC 3502 / NCTC 13319 / Type A)
A9KT32	357809	cellular organisms (no rank), Bacteria (domain), Bacillati (kingdom), Bacillota (phylum), Clostridia (class), Lachnospirales (order), Lachnospiraceae (family), Lachnoclostridium (genus), Lachnoclostridium phytofermentans (species)	Lachnoclostridium phytofermentans (strain ATCC 700394 / DSM 18823 / ISDg) (Clostridium phytofermentans)
Q489W3	167879	cellular organisms (no rank), Bacteria (domain), Pseudomonadati (kingdom), Pseudomonadota (phylum), Gammaproteobacteria (class), Alteromonadales (order), Colwelliaceae (family), Colwellia (genus), Colwellia psychrerythraea (species)	Colwellia psychrerythraea (strain 34H / ATCC BAA-681) (Vibrio psychroerythus)
Q5N829	39947	cellular organisms (no rank), Eukaryota (domain), Viridiplantae (kingdom), Streptophyta (phylum), Streptophytina (subphylum), Embryophyta (clade), Tracheophyta (clade), Euphyllophyta (clade), Spermatophyta (clade), Magnoliopsida (class), Mesangiospermae (clade), Liliopsida (clade), Petrosaviidae (subclass), commelinids (clade), Poales (order), Poaceae (family), BOP clade (clade), Oryzoideae (subfamily), Oryzeae (tribe), Oryzinae (subtribe), Oryza (genus), Oryza sativa (species)	Oryza sativa subsp. japonica (Rice)
P0A2F3	90370	cellular organisms (no rank), Bacteria (domain), Pseudomonadati (kingdom), Pseudomonadota (phylum), Gammaproteobacteria (class), Enterobacterales (order), Enterobacteriaceae (family), Salmonella (genus), Salmonella enterica (species), Salmonella enterica I (subspecies)	Salmonella typhi
B2GFE2	334390	cellular organisms (no rank), Bacteria (domain), Bacillati (kingdom), Bacillota (phylum), Bacilli (class), Lactobacillales (order), Lactobacillaceae (family), Limosilactobacillus (genus), Limosilactobacillus fermentum (species)	Limosilactobacillus fermentum (strain NBRC 3956 / LMG 18251) (Lactobacillus fermentum)
A8APX8	290338	cellular organisms (no rank), Bacteria (domain), Pseudomonadati (kingdom), Pseudomonadota (phylum), Gammaproteobacteria (class), Enterobacterales (order), Enterobacteriaceae (family), Citrobacter (genus), Citrobacter koseri (species)	Citrobacter koseri (strain ATCC BAA-895 / CDC 4225-83 / SGSC4696)
A1A1I4	367928	cellular organisms (no rank), Bacteria (domain), Bacillati (kingdom), Actinomycetota (phylum), Actinomycetes (class), Bifidobacteriales (order), Bifidobacteriaceae (family), Bifidobacterium (genus), Bifidobacterium adolescentis (species)	Bifidobacterium adolescentis (strain ATCC 15703 / DSM 20083 / NCTC 11814 / E194a)
P14697	381666	cellular organisms (no rank), Bacteria (domain), Pseudomonadati (kingdom), Pseudomonadota (phylum), Betaproteobacteria (class), Burkholderiales (order), Burkholderiaceae (family), Cupriavidus (genus), Cupriavidus necator (species)	Cupriavidus necator (strain ATCC 17699 / DSM 428 / KCTC 22496 / NCIMB 10442 / H16 / Stanier 337) (Ralstonia eutropha)
A8H086	398579	cellular organisms (no rank), Bacteria (domain), Pseudomonadati (kingdom), Pseudomonadota (phylum), Gammaproteobacteria (class), Alteromonadales (order), Shewanellaceae (family), Shewanella (genus), Shewanella pealeana (species)	Shewanella pealeana (strain ATCC 700345 / ANG-SQ1)
A5U4N0	419947	cellular organisms (no rank), Bacteria (domain), Bacillati (kingdom), Actinomycetota (phylum), Actinomycetes (class), Mycobacteriales (order), Mycobacteriaceae (family), Mycobacterium (genus), Mycobacterium tuberculosis complex (no rank), Mycobacterium tuberculosis (species)	Mycobacterium tuberculosis (strain ATCC 25177 / H37Ra)
A1RHQ0	351745	cellular organisms (no rank), Bacteria (domain), Pseudomonadati (kingdom), Pseudomonadota (phylum), Gammaproteobacteria (class), Alteromonadales (order), Shewanellaceae (family), Shewanella (genus), unclassified Shewanella (no rank)	Shewanella sp. (strain W3-18-1)
Q6ANW2	177439	cellular organisms (no rank), Bacteria (domain), Pseudomonadati (kingdom), Thermodesulfobacteriota (phylum), Desulfobulbia (class), Desulfobulbales (order), Desulfocapsaceae (family), Desulfotalea (genus), Desulfotalea psychrophila (species)	Desulfotalea psychrophila (strain LSv54 / DSM 12343)
P0DY75	426430	cellular organisms (no rank), Bacteria (domain), Bacillati (kingdom), Bacillota (phylum), Bacilli (class), Caryophanales (order), Staphylococcaceae (family), Staphylococcus (genus), Staphylococcus aureus (species)	Staphylococcus aureus (strain Newman)
A5WGQ4	349106	cellular organisms (no rank), Bacteria (domain), Pseudomonadati (kingdom), Pseudomonadota (phylum), Gammaproteobacteria (class), Moraxellales (order), Moraxellaceae (family), Psychrobacter (genus), unclassified Psychrobacter (no rank)	Psychrobacter sp. (strain PRwf-1)
Q972D2	273063	cellular organisms (no rank), Archaea (domain), Thermoproteati (kingdom), Thermoproteota (phylum), Thermoprotei (class), Sulfolobales (order), Sulfolobaceae (family), Sulfurisphaera (genus), Sulfurisphaera tokodaii (species)	Sulfurisphaera tokodaii (strain DSM 16993 / JCM 10545 / NBRC 100140 / 7) (Sulfolobus tokodaii)
P29958	1869	cellular organisms (no rank), Bacteria (domain), Bacillati (kingdom), Actinomycetota (phylum), Actinomycetes (class), Micromonosporales (order), Micromonosporaceae (family), Actinoplanes (genus)	Actinoplanes utahensis
A1VL72	365044	cellular organisms (no rank), Bacteria (domain), Pseudomonadati (kingdom), Pseudomonadota (phylum), Betaproteobacteria (class), Burkholderiales (order), Comamonadaceae (family), Polaromonas (genus), Polaromonas naphthalenivorans (species)	Polaromonas naphthalenivorans (strain CJ2)
Q727P3	882	cellular organisms (no rank), Bacteria (domain), Pseudomonadati (kingdom), Thermodesulfobacteriota (phylum), Desulfovibrionia (class), Desulfovibrionales (order), Desulfovibrionaceae (family), Nitratidesulfovibrio (genus), Nitratidesulfovibrio vulgaris (species)	Nitratidesulfovibrio vulgaris (strain ATCC 29579 / DSM 644 / CCUG 34227 / NCIMB 8303 / VKM B-1760 / Hildenborough) (Desulfovibrio vulgaris)
P03615	39803	Viruses (no rank), Riboviria (realm), Orthornavirae (kingdom), Lenarviricota (phylum), Leviviricetes (class), Norzivirales (order), Fiersviridae (family), Qubevirus (genus)	Escherichia virus Qbeta (Bacteriophage Q-beta)
Q84DC4	303	cellular organisms (no rank), Bacteria (domain), Pseudomonadati (kingdom), Pseudomonadota (phylum), Gammaproteobacteria (class), Pseudomonadales (order), Pseudomonadaceae (family), Pseudomonas (genus), Pseudomonas putida group (no rank)	Pseudomonas putida (Arthrobacter siderocapsulatus)
P33973	34	cellular organisms (no rank), Bacteria (domain), Pseudomonadati (kingdom), Myxococcota (phylum), Myxococcia (class), Myxococcales (order), Cystobacterineae (suborder), Myxococcaceae (family), Myxococcus (genus)	Myxococcus xanthus
A2BTS1	146891	cellular organisms (no rank), Bacteria (domain), Bacillati (kingdom), Cyanobacteriota/Melainabacteria group (clade), Cyanobacteriota (phylum), Cyanophyceae (class), Synechococcales (order), Prochlorococcaceae (family), Prochlorococcus (genus), Prochlorococcus marinus (species)	Prochlorococcus marinus (strain AS9601)
Q1J570	370554	cellular organisms (no rank), Bacteria (domain), Bacillati (kingdom), Bacillota (phylum), Bacilli (class), Lactobacillales (order), Streptococcaceae (family), Streptococcus (genus), Streptococcus pyogenes (species), Streptococcus pyogenes serotype M4 (serotype)	Streptococcus pyogenes serotype M4 (strain MGAS10750)
Q4FS72	259536	cellular organisms (no rank), Bacteria (domain), Pseudomonadati (kingdom), Pseudomonadota (phylum), Gammaproteobacteria (class), Moraxellales (order), Moraxellaceae (family), Psychrobacter (genus), Psychrobacter arcticus (species)	Psychrobacter arcticus (strain DSM 17307 / VKM B-2377 / 273-4)
P83310	80866	cellular organisms (no rank), Bacteria (domain), Pseudomonadati (kingdom), Pseudomonadota (phylum), Betaproteobacteria (class), Burkholderiales (order), Comamonadaceae (family), Delftia (genus)	Delftia acidovorans (Pseudomonas acidovorans) (Comamonas acidovorans)
P20708	354	cellular organisms (no rank), Bacteria (domain), Pseudomonadati (kingdom), Pseudomonadota (phylum), Gammaproteobacteria (class), Pseudomonadales (order), Pseudomonadaceae (family), Azotobacter group (subfamily), Azotobacter (genus)	Azotobacter vinelandii
P07013	83333	cellular organisms (no rank), Bacteria (domain), Pseudomonadati (kingdom), Pseudomonadota (phylum), Gammaproteobacteria (class), Enterobacterales (order), Enterobacteriaceae (family), Escherichia (genus), Escherichia coli (species)	Escherichia coli (strain K12)
E9LVH8	144786	cellular organisms (no rank), Bacteria (domain), Bacillati (kingdom), Actinomycetota (phylum), Actinomycetes (class), Streptosporangiales (order), Nocardiopsidaceae (family), Thermobifida (genus)	Thermobifida cellulosilytica
B7VK69	575788	cellular organisms (no rank), Bacteria (domain), Pseudomonadati (kingdom), Pseudomonadota (phylum), Gammaproteobacteria (class), Vibrionales (order), Vibrionaceae (family), Vibrio (genus), Vibrio atlanticus (species)	Vibrio atlanticus (strain LGP32) (Vibrio splendidus (strain Mel32))
Q3AHX9	110662	cellular organisms (no rank), Bacteria (domain), Bacillati (kingdom), Cyanobacteriota/Melainabacteria group (clade), Cyanobacteriota (phylum), Cyanophyceae (class), Synechococcales (order), Synechococcaceae (family), Synechococcus (genus), unclassified Synechococcus (no rank)	Synechococcus sp. (strain CC9605)
Q8FBA9	199310	cellular organisms (no rank), Bacteria (domain), Pseudomonadati (kingdom), Pseudomonadota (phylum), Gammaproteobacteria (class), Enterobacterales (order), Enterobacteriaceae (family), Escherichia (genus), Escherichia coli (species)	Escherichia coli O6:H1 (strain CFT073 / ATCC 700928 / UPEC)
P0DSP4	1400155	cellular organisms (no rank), Bacteria (domain), Pseudomonadati (kingdom), Pseudomonadota (phylum), Gammaproteobacteria (class), Enterobacterales (order), Enterobacteriaceae (family), Enterobacter (genus), Enterobacter cloacae complex (no rank), Enterobacter hormaechei (species), Enterobacter hormaechei subsp. hoffmannii (subspecies)	Enterobacter hormaechei subsp. hoffmannii (strain UCI 50)
Q8KLM3	55952	cellular organisms (no rank), Bacteria (domain), Bacillati (kingdom), Actinomycetota (phylum), Actinomycetes (class), Kitasatosporales (order), Streptomycetaceae (family), Streptomyces (genus)	Streptomyces toyocaensis
O54028	2333	cellular organisms (no rank), Bacteria (domain), Fusobacteriati (kingdom), Fusobacteriota (phylum), Fusobacteriia (class), Fusobacteriales (order), Fusobacteriaceae (family), Propionigenium (genus)	Propionigenium modestum
Q8XZ83	267608	cellular organisms (no rank), Bacteria (domain), Pseudomonadati (kingdom), Pseudomonadota (phylum), Betaproteobacteria (class), Burkholderiales (order), Burkholderiaceae (family), Ralstonia (genus), Ralstonia solanacearum species complex (no rank), Ralstonia pseudosolanacearum (species)	Ralstonia nicotianae (strain ATCC BAA-1114 / GMI1000) (Ralstonia solanacearum)
P32277	10665	Viruses (no rank), Duplodnaviria (realm), Heunggongvirae (kingdom), Uroviricota (phylum), Caudoviricetes (class), Pantevenvirales (order), Straboviridae (family), Tevenvirinae (subfamily), Tequatrovirus (genus)	Enterobacteria phage T4 (Bacteriophage T4)
B1IBE8	487214	cellular organisms (no rank), Bacteria (domain), Bacillati (kingdom), Bacillota (phylum), Bacilli (class), Lactobacillales (order), Streptococcaceae (family), Streptococcus (genus), Streptococcus pneumoniae (species)	Streptococcus pneumoniae (strain Hungary19A-6)
Q89ZK5	226186	cellular organisms (no rank), Bacteria (domain), Pseudomonadati (kingdom), FCB group (clade), Bacteroidota/Chlorobiota group (clade), Bacteroidota (phylum), Bacteroidia (class), Bacteroidales (order), Bacteroidaceae (family), Bacteroides (genus), Bacteroides thetaiotaomicron (species)	Bacteroides thetaiotaomicron (strain ATCC 29148 / DSM 2079 / JCM 5827 / CCUG 10774 / NCTC 10582 / VPI-5482 / E50)
A0A095AMW7	1245	cellular organisms (no rank), Bacteria (domain), Bacillati (kingdom), Bacillota (phylum), Bacilli (class), Lactobacillales (order), Lactobacillaceae (family), Leuconostoc (genus)	Leuconostoc mesenteroides
Q05638	1921	cellular organisms (no rank), Bacteria (domain), Bacillati (kingdom), Actinomycetota (phylum), Actinomycetes (class), Kitasatosporales (order), Streptomycetaceae (family), Streptomyces (genus)	Streptomyces olivaceoviridis (Streptomyces corchorusii)
P00861	83333	cellular organisms (no rank), Bacteria (domain), Pseudomonadati (kingdom), Pseudomonadota (phylum), Gammaproteobacteria (class), Enterobacterales (order), Enterobacteriaceae (family), Escherichia (genus), Escherichia coli (species)	Escherichia coli (strain K12)
P0DXC4	2842348	cellular organisms (no rank), Bacteria (domain), Pseudomonadati (kingdom), Pseudomonadota (phylum), Gammaproteobacteria (class), Pseudomonadales (order), Pseudomonadaceae (family), Pseudomonas (genus)	Pseudomonas canavaninivorans
Q9F7Y9	246196	cellular organisms (no rank), Bacteria (domain), Bacillati (kingdom), Actinomycetota (phylum), Actinomycetes (class), Mycobacteriales (order), Mycobacteriaceae (family), Mycolicibacterium (genus), Mycolicibacterium smegmatis (species)	Mycolicibacterium smegmatis (strain ATCC 700084 / mc(2)155) (Mycobacterium smegmatis)
P05375	559292	cellular organisms (no rank), Eukaryota (domain), Opisthokonta (clade), Fungi (kingdom), Dikarya (subkingdom), Ascomycota (phylum), saccharomyceta (clade), Saccharomycotina (subphylum), Saccharomycetes (class), Saccharomycetales (order), Saccharomycetaceae (family), Saccharomyces (genus), Saccharomyces cerevisiae (species)	Saccharomyces cerevisiae (strain ATCC 204508 / S288c) (Baker's yeast)
P45513	546	cellular organisms (no rank), Bacteria (domain), Pseudomonadati (kingdom), Pseudomonadota (phylum), Gammaproteobacteria (class), Enterobacterales (order), Enterobacteriaceae (family), Citrobacter (genus), Citrobacter freundii complex (no rank)	Citrobacter freundii
Q748D2	243231	cellular organisms (no rank), Bacteria (domain), Pseudomonadati (kingdom), Thermodesulfobacteriota (phylum), Desulfuromonadia (class), Geobacterales (order), Geobacteraceae (family), Geobacter (genus), Geobacter sulfurreducens (species)	Geobacter sulfurreducens (strain ATCC 51573 / DSM 12127 / PCA)
Q3IDP9	326442	cellular organisms (no rank), Bacteria (domain), Pseudomonadati (kingdom), Pseudomonadota (phylum), Gammaproteobacteria (class), Alteromonadales (order), Pseudoalteromonadaceae (family), Pseudoalteromonas (genus), Pseudoalteromonas translucida (species)	Pseudoalteromonas translucida (strain TAC 125)
A6H737	9913	cellular organisms (no rank), Eukaryota (domain), Opisthokonta (clade), Metazoa (kingdom), Eumetazoa (clade), Bilateria (clade), Deuterostomia (clade), Chordata (phylum), Craniata (subphylum), Vertebrata (clade), Gnathostomata (clade), Teleostomi (clade), Euteleostomi (clade), Sarcopterygii (superclass), Dipnotetrapodomorpha (clade), Tetrapoda (clade), Amniota (clade), Mammalia (class), Theria (clade), Eutheria (clade), Boreoeutheria (clade), Laurasiatheria (superorder), Artiodactyla (order), Ruminantia (suborder), Pecora (infraorder), Bovidae (family), Bovinae (subfamily), Bos (genus)	Bos taurus (Bovine)
D7GXG5	63186	cellular organisms (no rank), Bacteria (domain), Pseudomonadati (kingdom), FCB group (clade), Bacteroidota/Chlorobiota group (clade), Bacteroidota (phylum), Flavobacteriia (class), Flavobacteriales (order), Flavobacteriaceae (family), Zobellia (genus)	Zobellia galactanivorans (strain DSM 12802 / CCUG 47099 / CIP 106680 / NCIMB 13871 / Dsij)
Q56691	669	cellular organisms (no rank), Bacteria (domain), Pseudomonadati (kingdom), Pseudomonadota (phylum), Gammaproteobacteria (class), Vibrionales (order), Vibrionaceae (family), Vibrio (genus), Vibrio harveyi group (no rank)	Vibrio harveyi (Beneckea harveyi)
Q3C1E3	34028	cellular organisms (no rank), Bacteria (domain), Pseudomonadati (kingdom), Pseudomonadota (phylum), Betaproteobacteria (class), Burkholderiales (order), Comamonadaceae (family), Comamonas (genus), unclassified Comamonas (no rank)	Comamonas sp
A3CM69	388919	cellular organisms (no rank), Bacteria (domain), Bacillati (kingdom), Bacillota (phylum), Bacilli (class), Lactobacillales (order), Streptococcaceae (family), Streptococcus (genus), Streptococcus sanguinis (species)	Streptococcus sanguinis (strain SK36)
Q082Q2	318167	cellular organisms (no rank), Bacteria (domain), Pseudomonadati (kingdom), Pseudomonadota (phylum), Gammaproteobacteria (class), Alteromonadales (order), Shewanellaceae (family), Shewanella (genus), Shewanella frigidimarina (species)	Shewanella frigidimarina (strain NCIMB 400)
A1KBP7	418699	cellular organisms (no rank), Bacteria (domain), Pseudomonadati (kingdom), Pseudomonadota (phylum), Betaproteobacteria (class), Rhodocyclales (order), Zoogloeaceae (family), Azoarcus (genus)	Azoarcus sp. (strain BH72)
B0KSB7	76869	cellular organisms (no rank), Bacteria (domain), Pseudomonadati (kingdom), Pseudomonadota (phylum), Gammaproteobacteria (class), Pseudomonadales (order), Pseudomonadaceae (family), Pseudomonas (genus), Pseudomonas putida group (no rank), Pseudomonas putida (species)	Pseudomonas putida (strain GB-1)
D4GYZ1	309800	cellular organisms (no rank), Archaea (domain), Methanobacteriati (kingdom), Methanobacteriota (phylum), Stenosarchaea group (clade), Halobacteria (class), Halobacteriales (order), Haloferacaceae (family), Haloferax (genus), Haloferax volcanii (species)	Haloferax volcanii (strain ATCC 29605 / DSM 3757 / JCM 8879 / NBRC 14742 / NCIMB 2012 / VKM B-1768 / DS2) (Halobacterium volcanii)
B1XLT6	32049	cellular organisms (no rank), Bacteria (domain), Bacillati (kingdom), Cyanobacteriota/Melainabacteria group (clade), Cyanobacteriota (phylum), Cyanophyceae (class), Oscillatoriophycideae (subclass), Chroococcales (order), Geminocystaceae (family), Picosynechococcus (genus), unclassified Picosynechococcus (no rank)	Picosynechococcus sp. (strain ATCC 27264 / PCC 7002 / PR-6) (Agmenellum quadruplicatum)
A1A6M1	3702	cellular organisms (no rank), Eukaryota (domain), Viridiplantae (kingdom), Streptophyta (phylum), Streptophytina (subphylum), Embryophyta (clade), Tracheophyta (clade), Euphyllophyta (clade), Spermatophyta (clade), Magnoliopsida (class), Mesangiospermae (clade), eudicotyledons (clade), Gunneridae (clade), Pentapetalae (clade), rosids (clade), malvids (clade), Brassicales (order), Brassicaceae (family), Camelineae (tribe), Arabidopsis (genus)	Arabidopsis thaliana (Mouse-ear cress)
Q8CWM9	171101	cellular organisms (no rank), Bacteria (domain), Bacillati (kingdom), Bacillota (phylum), Bacilli (class), Lactobacillales (order), Streptococcaceae (family), Streptococcus (genus), Streptococcus pneumoniae (species)	Streptococcus pneumoniae (strain ATCC BAA-255 / R6)
Q60CK9	243233	cellular organisms (no rank), Bacteria (domain), Pseudomonadati (kingdom), Pseudomonadota (phylum), Gammaproteobacteria (class), Methylococcales (order), Methylococcaceae (family), Methylococcus (genus), Methylococcus capsulatus (species)	Methylococcus capsulatus (strain ATCC 33009 / NCIMB 11132 / Bath)
Q2FVT1	93061	cellular organisms (no rank), Bacteria (domain), Bacillati (kingdom), Bacillota (phylum), Bacilli (class), Caryophanales (order), Staphylococcaceae (family), Staphylococcus (genus), Staphylococcus aureus (species)	Staphylococcus aureus (strain NCTC 8325 / PS 47)
O07091	194439	cellular organisms (no rank), Bacteria (domain), Pseudomonadati (kingdom), FCB group (clade), Bacteroidota/Chlorobiota group (clade), Chlorobiota (phylum), Chlorobiia (class), Chlorobiales (order), Chlorobiaceae (family), Chlorobaculum (genus), Chlorobaculum tepidum (species)	Chlorobaculum tepidum (strain ATCC 49652 / DSM 12025 / NBRC 103806 / TLS) (Chlorobium tepidum)
O07309	1057002	cellular organisms (no rank), Bacteria (domain), Pseudomonadati (kingdom), Pseudomonadota (phylum), Alphaproteobacteria (class), Hyphomicrobiales (order), Rhizobiaceae (family), Sinorhizobium/Ensifer group (no rank), Ensifer (genus), unclassified Ensifer (no rank)	Rhizobium sp. (strain BR816)
P0C699	10413	Viruses (no rank), Riboviria (realm), Pararnavirae (kingdom), Artverviricota (phylum), Revtraviricetes (class), Blubervirales (order), Hepadnaviridae (family), Orthohepadnavirus (genus), Orthohepadnavirus hominoidei (species), Hepatitis B virus (no rank), Hepatitis B virus subtype adw (no rank)	Hepatitis B virus genotype B1 subtype adw (isolate Japan/pJDW233/1988) (HBV-B)
C5CY39	543728	cellular organisms (no rank), Bacteria (domain), Pseudomonadati (kingdom), Pseudomonadota (phylum), Betaproteobacteria (class), Burkholderiales (order), Comamonadaceae (family), Variovorax (genus), Variovorax paradoxus (species)	Variovorax paradoxus (strain S110)
Q8B120	3052323	Viruses (no rank), Riboviria (realm), Orthornavirae (kingdom), Negarnaviricota (phylum), Polyploviricotina (subphylum), Bunyaviricetes (class), Hareavirales (order), Arenaviridae (family), Mammarenavirus (genus)	Parana mammarenavirus (isolate Rat/Paraguay/12056/1965) (PARV) (Paran mammarenavirus)
O33855	1764	cellular organisms (no rank), Bacteria (domain), Bacillati (kingdom), Actinomycetota (phylum), Actinomycetes (class), Mycobacteriales (order), Mycobacteriaceae (family), Mycobacterium (genus), Mycobacterium avium complex (MAC) (no rank)	Mycobacterium avium
B2JIX2	391038	cellular organisms (no rank), Bacteria (domain), Pseudomonadati (kingdom), Pseudomonadota (phylum), Betaproteobacteria (class), Burkholderiales (order), Burkholderiaceae (family), Paraburkholderia (genus), Paraburkholderia phymatum (species)	Paraburkholderia phymatum (strain DSM 17167 / CIP 108236 / LMG 21445 / STM815) (Burkholderia phymatum)
B2A2K6	457570	cellular organisms (no rank), Bacteria (domain), Bacillati (kingdom), Bacillota (phylum), Clostridia (class), Natranaerobiales (order), Natranaerobiaceae (family), Natranaerobius (genus), Natranaerobius thermophilus (species)	Natranaerobius thermophilus (strain ATCC BAA-1301 / DSM 18059 / JW/NM-WN-LF)
P24597	10638	Viruses (no rank), Floreoviria (realm), Shotokuvirae (kingdom), Cossaviricota (phylum), Papovaviricetes (class), Sepolyvirales (order), Polyomaviridae (family), Betapolyomavirus (genus), Betapolyomavirus secumuris (species)	Murine polyomavirus (strain Kilham) (MPyV) (Murine pneumotropic virus)
A2BGM5	7955	cellular organisms (no rank), Eukaryota (domain), Opisthokonta (clade), Metazoa (kingdom), Eumetazoa (clade), Bilateria (clade), Deuterostomia (clade), Chordata (phylum), Craniata (subphylum), Vertebrata (clade), Gnathostomata (clade), Teleostomi (clade), Euteleostomi (clade), Actinopterygii (superclass), Actinopteri (class), Neopterygii (subclass), Teleostei (infraclass), Osteoglossocephalai (clade), Clupeocephala (clade), Otomorpha (cohort), Ostariophysi (subcohort), Otophysi (clade), Cypriniphysae (superorder), Cypriniformes (order), Cyprinoidei (suborder), Danionidae (family), Danioninae (subfamily), Danio (genus)	Danio rerio (Zebrafish) (Brachydanio rerio)
A5EVN1	246195	cellular organisms (no rank), Bacteria (domain), Pseudomonadati (kingdom), Pseudomonadota (phylum), Gammaproteobacteria (class), Cardiobacteriales (order), Cardiobacteriaceae (family), Dichelobacter (genus), Dichelobacter nodosus (species)	Dichelobacter nodosus (strain VCS1703A)
Q0DX67	39947	cellular organisms (no rank), Eukaryota (domain), Viridiplantae (kingdom), Streptophyta (phylum), Streptophytina (subphylum), Embryophyta (clade), Tracheophyta (clade), Euphyllophyta (clade), Spermatophyta (clade), Magnoliopsida (class), Mesangiospermae (clade), Liliopsida (clade), Petrosaviidae (subclass), commelinids (clade), Poales (order), Poaceae (family), BOP clade (clade), Oryzoideae (subfamily), Oryzeae (tribe), Oryzinae (subtribe), Oryza (genus), Oryza sativa (species)	Oryza sativa subsp. japonica (Rice)
P07662	269086	cellular organisms (no rank), Bacteria (domain), Pseudomonadati (kingdom), Pseudomonadota (phylum), Gammaproteobacteria (class), Pseudomonadales (order), Pseudomonadaceae (family), Pseudomonas (genus), unclassified Pseudomonas (no rank)	Pseudomonas sp. (strain SY-77)
B8D8J0	563178	cellular organisms (no rank), Bacteria (domain), Pseudomonadati (kingdom), Pseudomonadota (phylum), Gammaproteobacteria (class), Enterobacterales (order), Erwiniaceae (family), Buchnera (genus), Buchnera aphidicola (species)	Buchnera aphidicola subsp. Acyrthosiphon pisum (strain 5A)
P9WMK4	83331	cellular organisms (no rank), Bacteria (domain), Bacillati (kingdom), Actinomycetota (phylum), Actinomycetes (class), Mycobacteriales (order), Mycobacteriaceae (family), Mycobacterium (genus), Mycobacterium tuberculosis complex (no rank), Mycobacterium tuberculosis (species)	Mycobacterium tuberculosis (strain CDC 1551 / Oshkosh)
P13063	899	cellular organisms (no rank), Bacteria (domain), Pseudomonadati (kingdom), Thermodesulfobacteriota (phylum), Desulfovibrionia (class), Desulfovibrionales (order), Desulfomicrobiaceae (family), Desulfomicrobium (genus)	Desulfomicrobium baculatum (Desulfovibrio baculatus)
A4J560	349161	cellular organisms (no rank), Bacteria (domain), Bacillati (kingdom), Bacillota (phylum), Clostridia (class), Eubacteriales (order), Peptococcaceae (family), Desulforamulus (genus), Desulforamulus reducens (species)	Desulforamulus reducens (strain ATCC BAA-1160 / DSM 100696 / MI-1) (Desulfotomaculum reducens)
B9KQP1	557760	cellular organisms (no rank), Bacteria (domain), Pseudomonadati (kingdom), Pseudomonadota (phylum), Alphaproteobacteria (class), Rhodobacterales (order), Paracoccaceae (family), Cereibacter (genus), Cereibacter sphaeroides (species)	Cereibacter sphaeroides (strain KD131 / KCTC 12085) (Rhodobacter sphaeroides)
Q5FL96	272621	cellular organisms (no rank), Bacteria (domain), Bacillati (kingdom), Bacillota (phylum), Bacilli (class), Lactobacillales (order), Lactobacillaceae (family), Lactobacillus (genus), Lactobacillus acidophilus (species)	Lactobacillus acidophilus (strain ATCC 700396 / NCK56 / N2 / NCFM)
B3WD58	543734	cellular organisms (no rank), Bacteria (domain), Bacillati (kingdom), Bacillota (phylum), Bacilli (class), Lactobacillales (order), Lactobacillaceae (family), Lacticaseibacillus (genus), Lacticaseibacillus casei (species)	Lacticaseibacillus casei (strain BL23) (Lactobacillus casei)
C0ZD92	358681	cellular organisms (no rank), Bacteria (domain), Bacillati (kingdom), Bacillota (phylum), Bacilli (class), Caryophanales (order), Paenibacillaceae (family), Brevibacillus (genus), Brevibacillus brevis (species)	Brevibacillus brevis (strain 47 / JCM 6285 / NBRC 100599)
Q82YZ1	226185	cellular organisms (no rank), Bacteria (domain), Bacillati (kingdom), Bacillota (phylum), Bacilli (class), Lactobacillales (order), Enterococcaceae (family), Enterococcus (genus), Enterococcus faecalis (species)	Enterococcus faecalis (strain ATCC 700802 / V583)
Q9PEC1	160492	cellular organisms (no rank), Bacteria (domain), Pseudomonadati (kingdom), Pseudomonadota (phylum), Gammaproteobacteria (class), Lysobacterales (order), Lysobacteraceae (family), Xylella (genus), Xylella fastidiosa (species)	Xylella fastidiosa (strain 9a5c)
Q53353	13689	cellular organisms (no rank), Bacteria (domain), Pseudomonadati (kingdom), Pseudomonadota (phylum), Alphaproteobacteria (class), Sphingomonadales (order), Sphingomonadaceae (family), Sphingomonas (genus)	Sphingomonas paucimobilis (Pseudomonas paucimobilis)
Q5HS83	195099	cellular organisms (no rank), Bacteria (domain), Pseudomonadati (kingdom), Campylobacterota (phylum), Epsilonproteobacteria (class), Campylobacterales (order), Campylobacteraceae (family), Campylobacter (genus), Campylobacter jejuni (species)	Campylobacter jejuni (strain RM1221)
Q9A9Z2	190650	cellular organisms (no rank), Bacteria (domain), Pseudomonadati (kingdom), Pseudomonadota (phylum), Alphaproteobacteria (class), Caulobacterales (order), Caulobacteraceae (family), Caulobacter (genus), Caulobacter vibrioides (species)	Caulobacter vibrioides (strain ATCC 19089 / CIP 103742 / CB 15) (Caulobacter crescentus)
P21160	1768	cellular organisms (no rank), Bacteria (domain), Bacillati (kingdom), Actinomycetota (phylum), Actinomycetes (class), Mycobacteriales (order), Mycobacteriaceae (family), Mycobacterium (genus)	Mycobacterium kansasii
Q182W3	272563	cellular organisms (no rank), Bacteria (domain), Bacillati (kingdom), Bacillota (phylum), Clostridia (class), Peptostreptococcales (order), Peptostreptococcaceae (family), Clostridioides (genus), Clostridioides difficile (species)	Clostridioides difficile (strain 630) (Peptoclostridium difficile)
O66129	1270	cellular organisms (no rank), Bacteria (domain), Bacillati (kingdom), Actinomycetota (phylum), Actinomycetes (class), Micrococcales (order), Micrococcaceae (family), Micrococcus (genus)	Micrococcus luteus (Micrococcus lysodeikticus)
B0TL21	458817	cellular organisms (no rank), Bacteria (domain), Pseudomonadati (kingdom), Pseudomonadota (phylum), Gammaproteobacteria (class), Alteromonadales (order), Shewanellaceae (family), Shewanella (genus), Shewanella halifaxensis (species)	Shewanella halifaxensis (strain HAW-EB4)
P72578	2288	cellular organisms (no rank), Archaea (domain), Thermoproteati (kingdom), Thermoproteota (phylum), Thermoprotei (class), Sulfolobales (order), Sulfolobaceae (family), Sulfolobus (genus), unclassified Sulfolobus (no rank)	Sulfolobus sp
Q8FM16	196164	cellular organisms (no rank), Bacteria (domain), Bacillati (kingdom), Actinomycetota (phylum), Actinomycetes (class), Mycobacteriales (order), Corynebacteriaceae (family), Corynebacterium (genus), Corynebacterium efficiens (species)	Corynebacterium efficiens (strain DSM 44549 / YS-314 / AJ 12310 / JCM 11189 / NBRC 100395)
Q88XP6	220668	cellular organisms (no rank), Bacteria (domain), Bacillati (kingdom), Bacillota (phylum), Bacilli (class), Lactobacillales (order), Lactobacillaceae (family), Lactiplantibacillus (genus), Lactiplantibacillus plantarum (species)	Lactiplantibacillus plantarum (strain ATCC BAA-793 / NCIMB 8826 / WCFS1) (Lactobacillus plantarum)
B6HZM6	409438	cellular organisms (no rank), Bacteria (domain), Pseudomonadati (kingdom), Pseudomonadota (phylum), Gammaproteobacteria (class), Enterobacterales (order), Enterobacteriaceae (family), Escherichia (genus), Escherichia coli (species)	Escherichia coli (strain SE11)
P48636	208964	cellular organisms (no rank), Bacteria (domain), Pseudomonadati (kingdom), Pseudomonadota (phylum), Gammaproteobacteria (class), Pseudomonadales (order), Pseudomonadaceae (family), Pseudomonas (genus), Pseudomonas aeruginosa group (no rank), Pseudomonas aeruginosa (species)	Pseudomonas aeruginosa (strain ATCC 15692 / DSM 22644 / CIP 104116 / JCM 14847 / LMG 12228 / 1C / PRS 101 / PAO1)
Q937N6	106590	cellular organisms (no rank), Bacteria (domain), Pseudomonadati (kingdom), Pseudomonadota (phylum), Betaproteobacteria (class), Burkholderiales (order), Burkholderiaceae (family), Cupriavidus (genus)	Cupriavidus necator (Alcaligenes eutrophus) (Ralstonia eutropha)
P74102	1111708	cellular organisms (no rank), Bacteria (domain), Bacillati (kingdom), Cyanobacteriota/Melainabacteria group (clade), Cyanobacteriota (phylum), Cyanophyceae (class), Synechococcales (order), Merismopediaceae (family), Synechocystis (genus), unclassified Synechocystis (no rank), Synechocystis sp. PCC 6803 (species)	Synechocystis sp. (strain ATCC 27184 / PCC 6803 / Kazusa)
Q31E14	317025	cellular organisms (no rank), Bacteria (domain), Pseudomonadati (kingdom), Pseudomonadota (phylum), Gammaproteobacteria (class), Thiotrichales (order), Piscirickettsiaceae (family), Hydrogenovibrio (genus), Hydrogenovibrio crunogenus (species)	Hydrogenovibrio crunogenus (strain DSM 25203 / XCL-2) (Thiomicrospira crunogena)
B1PUC6	45634	cellular organisms (no rank), Bacteria (domain), Bacillati (kingdom), Bacillota (phylum), Bacilli (class), Lactobacillales (order), Streptococcaceae (family), Streptococcus (genus)	Streptococcus cristatus
Q9UXT7	272844	cellular organisms (no rank), Archaea (domain), Methanobacteriati (kingdom), Methanobacteriota (phylum), Thermococci (class), Thermococcales (order), Thermococcaceae (family), Pyrococcus (genus), Pyrococcus abyssi (species)	Pyrococcus abyssi (strain GE5 / Orsay)
O25119	85962	cellular organisms (no rank), Bacteria (domain), Pseudomonadati (kingdom), Campylobacterota (phylum), Epsilonproteobacteria (class), Campylobacterales (order), Helicobacteraceae (family), Helicobacter (genus), Helicobacter pylori (species)	Helicobacter pylori (strain ATCC 700392 / 26695) (Campylobacter pylori)
B1JQU4	502800	cellular organisms (no rank), Bacteria (domain), Pseudomonadati (kingdom), Pseudomonadota (phylum), Gammaproteobacteria (class), Enterobacterales (order), Yersiniaceae (family), Yersinia (genus), Yersinia pseudotuberculosis complex (no rank), Yersinia pseudotuberculosis (species)	Yersinia pseudotuberculosis serotype O:3 (strain YPIII)
P03094	1891762	Viruses (no rank), Floreoviria (realm), Shotokuvirae (kingdom), Cossaviricota (phylum), Papovaviricetes (class), Sepolyvirales (order), Polyomaviridae (family), Betapolyomavirus (genus)	BK polyomavirus (BKPyV) (Human polyomavirus 1)
P61490	262724	cellular organisms (no rank), Bacteria (domain), Thermotogati (kingdom), Deinococcota (phylum), Deinococci (class), Thermales (order), Thermaceae (family), Thermus (genus), Thermus thermophilus (species)	Thermus thermophilus (strain ATCC BAA-163 / DSM 7039 / HB27)
P0DXF8	294	cellular organisms (no rank), Bacteria (domain), Pseudomonadati (kingdom), Pseudomonadota (phylum), Gammaproteobacteria (class), Pseudomonadales (order), Pseudomonadaceae (family), Pseudomonas (genus), Pseudomonas fluorescens group (no rank)	Pseudomonas fluorescens
P18141	928313	Viruses (no rank), Riboviria (realm), Orthornavirae (kingdom), Negarnaviricota (phylum), Polyploviricotina (subphylum), Bunyaviricetes (class), Hareavirales (order), Arenaviridae (family), Mammarenavirus (genus), Tacaribe virus (species)	Tacaribe virus (strain Franze-Fernandez) (TCRV)
Q83F28	227377	cellular organisms (no rank), Bacteria (domain), Pseudomonadati (kingdom), Pseudomonadota (phylum), Gammaproteobacteria (class), Legionellales (order), Coxiellaceae (family), Coxiella (genus), Coxiella burnetii (species)	Coxiella burnetii (strain RSA 493 / Nine Mile phase I)
P62426	267377	cellular organisms (no rank), Archaea (domain), Methanobacteriati (kingdom), Methanobacteriota (phylum), Methanomada group (clade), Methanococci (class), Methanococcales (order), Methanococcaceae (family), Methanococcus (genus), Methanococcus maripaludis (species)	Methanococcus maripaludis (strain DSM 14266 / JCM 13030 / NBRC 101832 / S2 / LL)
Q58673	243232	cellular organisms (no rank), Archaea (domain), Methanobacteriati (kingdom), Methanobacteriota (phylum), Methanomada group (clade), Methanococci (class), Methanococcales (order), Methanocaldococcaceae (family), Methanocaldococcus (genus), Methanocaldococcus jannaschii (species)	Methanocaldococcus jannaschii (strain ATCC 43067 / DSM 2661 / JAL-1 / JCM 10045 / NBRC 100440) (Methanococcus jannaschii)
Q9Z4S1	309803	cellular organisms (no rank), Bacteria (domain), Thermotogati (kingdom), Thermotogota (phylum), Thermotogae (class), Thermotogales (order), Thermotogaceae (family), Thermotoga (genus), Thermotoga neapolitana (species)	Thermotoga neapolitana (strain ATCC 49049 / DSM 4359 / NBRC 107923 / NS-E)
P02974	485	cellular organisms (no rank), Bacteria (domain), Pseudomonadati (kingdom), Pseudomonadota (phylum), Betaproteobacteria (class), Neisseriales (order), Neisseriaceae (family), Neisseria (genus)	Neisseria gonorrhoeae
B4S5S1	290512	cellular organisms (no rank), Bacteria (domain), Pseudomonadati (kingdom), FCB group (clade), Bacteroidota/Chlorobiota group (clade), Chlorobiota (phylum), Chlorobiia (class), Chlorobiales (order), Chlorobiaceae (family), Prosthecochloris (genus), Prosthecochloris aestuarii (species)	Prosthecochloris aestuarii (strain DSM 271 / SK 413)
Q9WY43	243274	cellular organisms (no rank), Bacteria (domain), Thermotogati (kingdom), Thermotogota (phylum), Thermotogae (class), Thermotogales (order), Thermotogaceae (family), Thermotoga (genus), Thermotoga maritima (species)	Thermotoga maritima (strain ATCC 43589 / DSM 3109 / JCM 10099 / NBRC 100826 / MSB8)
Q57658	243232	cellular organisms (no rank), Archaea (domain), Methanobacteriati (kingdom), Methanobacteriota (phylum), Methanomada group (clade), Methanococci (class), Methanococcales (order), Methanocaldococcaceae (family), Methanocaldococcus (genus), Methanocaldococcus jannaschii (species)	Methanocaldococcus jannaschii (strain ATCC 43067 / DSM 2661 / JAL-1 / JCM 10045 / NBRC 100440) (Methanococcus jannaschii)
B6I3W7	409438	cellular organisms (no rank), Bacteria (domain), Pseudomonadati (kingdom), Pseudomonadota (phylum), Gammaproteobacteria (class), Enterobacterales (order), Enterobacteriaceae (family), Escherichia (genus), Escherichia coli (species)	Escherichia coli (strain SE11)
E2JA31	549	cellular organisms (no rank), Bacteria (domain), Pseudomonadati (kingdom), Pseudomonadota (phylum), Gammaproteobacteria (class), Enterobacterales (order), Erwiniaceae (family), Pantoea (genus), Pantoea agglomerans group (no rank)	Enterobacter agglomerans (Erwinia herbicola) (Pantoea agglomerans)
A4Y897	319224	cellular organisms (no rank), Bacteria (domain), Pseudomonadati (kingdom), Pseudomonadota (phylum), Gammaproteobacteria (class), Alteromonadales (order), Shewanellaceae (family), Shewanella (genus), Shewanella putrefaciens (species)	Shewanella putrefaciens (strain CN-32 / ATCC BAA-453)
Q96YK1	273063	cellular organisms (no rank), Archaea (domain), Thermoproteati (kingdom), Thermoproteota (phylum), Thermoprotei (class), Sulfolobales (order), Sulfolobaceae (family), Sulfurisphaera (genus), Sulfurisphaera tokodaii (species)	Sulfurisphaera tokodaii (strain DSM 16993 / JCM 10545 / NBRC 100140 / 7) (Sulfolobus tokodaii)
Q98MF0	266835	cellular organisms (no rank), Bacteria (domain), Pseudomonadati (kingdom), Pseudomonadota (phylum), Alphaproteobacteria (class), Hyphomicrobiales (order), Phyllobacteriaceae (family), Mesorhizobium (genus), Mesorhizobium japonicum (species)	Mesorhizobium japonicum (strain LMG 29417 / CECT 9101 / MAFF 303099) (Mesorhizobium loti (strain MAFF 303099))
Q3B6H8	319225	cellular organisms (no rank), Bacteria (domain), Pseudomonadati (kingdom), FCB group (clade), Bacteroidota/Chlorobiota group (clade), Chlorobiota (phylum), Chlorobiia (class), Chlorobiales (order), Chlorobiaceae (family), Chlorobium/Pelodictyon group (no rank), Pelodictyon (genus), Pelodictyon luteolum (species)	Chlorobium luteolum (strain DSM 273 / BCRC 81028 / 2530) (Pelodictyon luteolum)
P42305	224308	cellular organisms (no rank), Bacteria (domain), Bacillati (kingdom), Bacillota (phylum), Bacilli (class), Caryophanales (order), Bacillaceae (family), Bacillus (genus), Bacillus subtilis group (no rank), Bacillus subtilis (species), Bacillus subtilis subsp. subtilis (subspecies)	Bacillus subtilis (strain 168)
B1MDE5	561007	cellular organisms (no rank), Bacteria (domain), Bacillati (kingdom), Actinomycetota (phylum), Actinomycetes (class), Mycobacteriales (order), Mycobacteriaceae (family), Mycobacteroides (genus), Mycobacteroides abscessus (species)	Mycobacteroides abscessus (strain ATCC 19977 / DSM 44196 / CCUG 20993 / CIP 104536 / JCM 13569 / NCTC 13031 / TMC 1543 / L948) (Mycobacterium abscessus)
Q65CC7	1967	cellular organisms (no rank), Bacteria (domain), Bacillati (kingdom), Actinomycetota (phylum), Actinomycetes (class), Kitasatosporales (order), Streptomycetaceae (family), Streptomyces (genus)	Streptomyces kanamyceticus
Q31GG8	317025	cellular organisms (no rank), Bacteria (domain), Pseudomonadati (kingdom), Pseudomonadota (phylum), Gammaproteobacteria (class), Thiotrichales (order), Piscirickettsiaceae (family), Hydrogenovibrio (genus), Hydrogenovibrio crunogenus (species)	Hydrogenovibrio crunogenus (strain DSM 25203 / XCL-2) (Thiomicrospira crunogena)
B1KN80	392500	cellular organisms (no rank), Bacteria (domain), Pseudomonadati (kingdom), Pseudomonadota (phylum), Gammaproteobacteria (class), Alteromonadales (order), Shewanellaceae (family), Shewanella (genus), Shewanella woodyi (species)	Shewanella woodyi (strain ATCC 51908 / MS32)
P12944	879	cellular organisms (no rank), Bacteria (domain), Pseudomonadati (kingdom), Thermodesulfobacteriota (phylum), Desulfovibrionia (class), Desulfovibrionales (order), Desulfovibrionaceae (family), Megalodesulfovibrio (genus)	Megalodesulfovibrio gigas (Desulfovibrio gigas)
V6F2C2	431944	cellular organisms (no rank), Bacteria (domain), Pseudomonadati (kingdom), Pseudomonadota (phylum), Alphaproteobacteria (class), Rhodospirillales (order), Rhodospirillaceae (family), Magnetospirillum (genus), Magnetospirillum gryphiswaldense (species)	Magnetospirillum gryphiswaldense (strain DSM 6361 / JCM 21280 / NBRC 15271 / MSR-1)
Q1AYM8	266117	cellular organisms (no rank), Bacteria (domain), Bacillati (kingdom), Actinomycetota (phylum), Rubrobacteria (class), Rubrobacterales (order), Rubrobacteraceae (family), Rubrobacter (genus), Rubrobacter xylanophilus (species)	Rubrobacter xylanophilus (strain DSM 9941 / JCM 11954 / NBRC 16129 / PRD-1)
Q56841	78245	cellular organisms (no rank), Bacteria (domain), Pseudomonadati (kingdom), Pseudomonadota (phylum), Alphaproteobacteria (class), Hyphomicrobiales (order), Xanthobacteraceae (family), Xanthobacter (genus)	Xanthobacter versatilis
P22363	11294	Viruses (no rank), Riboviria (realm), Orthornavirae (kingdom), Negarnaviricota (phylum), Haploviricotina (subphylum), Monjiviricetes (class), Mononegavirales (order), Rhabdoviridae (family), Alpharhabdovirinae (subfamily), Lyssavirus (genus), Rabies virus (species)	Rabies virus (strain CVS-11) (RABV)
Q53U10	1906	cellular organisms (no rank), Bacteria (domain), Bacillati (kingdom), Actinomycetota (phylum), Actinomycetes (class), Kitasatosporales (order), Streptomycetaceae (family), Streptomyces (genus)	Streptomyces fradiae (Streptomyces roseoflavus)
P10772	266	cellular organisms (no rank), Bacteria (domain), Pseudomonadati (kingdom), Pseudomonadota (phylum), Alphaproteobacteria (class), Rhodobacterales (order), Paracoccaceae (family), Paracoccus (genus)	Paracoccus denitrificans
P0A3V5	306	cellular organisms (no rank), Bacteria (domain), Pseudomonadati (kingdom), Pseudomonadota (phylum), Gammaproteobacteria (class), Pseudomonadales (order), Pseudomonadaceae (family), Pseudomonas (genus), unclassified Pseudomonas (no rank)	Pseudomonas sp
Q7MGW6	196600	cellular organisms (no rank), Bacteria (domain), Pseudomonadati (kingdom), Pseudomonadota (phylum), Gammaproteobacteria (class), Vibrionales (order), Vibrionaceae (family), Vibrio (genus), Vibrio vulnificus (species)	Vibrio vulnificus (strain YJ016)
Q8G7X1	206672	cellular organisms (no rank), Bacteria (domain), Bacillati (kingdom), Actinomycetota (phylum), Actinomycetes (class), Bifidobacteriales (order), Bifidobacteriaceae (family), Bifidobacterium (genus), Bifidobacterium longum (species)	Bifidobacterium longum (strain NCC 2705)
Q9X4C9	1422	cellular organisms (no rank), Bacteria (domain), Bacillati (kingdom), Bacillota (phylum), Bacilli (class), Caryophanales (order), Anoxybacillaceae (family), Geobacillus (genus)	Geobacillus stearothermophilus (Bacillus stearothermophilus)
Q5FME6	272621	cellular organisms (no rank), Bacteria (domain), Bacillati (kingdom), Bacillota (phylum), Bacilli (class), Lactobacillales (order), Lactobacillaceae (family), Lactobacillus (genus), Lactobacillus acidophilus (species)	Lactobacillus acidophilus (strain ATCC 700396 / NCK56 / N2 / NCFM)
A0A0K8P8E7	1547922	cellular organisms (no rank), Bacteria (domain), Pseudomonadati (kingdom), Pseudomonadota (phylum), Betaproteobacteria (class), Burkholderiales (order), Sphaerotilaceae (family), Piscinibacter (genus)	Piscinibacter sakaiensis (Ideonella sakaiensis)
A6SW89	375286	cellular organisms (no rank), Bacteria (domain), Pseudomonadati (kingdom), Pseudomonadota (phylum), Betaproteobacteria (class), Burkholderiales (order), Oxalobacteraceae (family), Janthinobacterium (genus), unclassified Janthinobacterium (no rank)	Janthinobacterium sp. (strain Marseille) (Minibacterium massiliensis)
Q7A1I3	196620	cellular organisms (no rank), Bacteria (domain), Bacillati (kingdom), Bacillota (phylum), Bacilli (class), Caryophanales (order), Staphylococcaceae (family), Staphylococcus (genus), Staphylococcus aureus (species)	Staphylococcus aureus (strain MW2)
Q53464	66693	cellular organisms (no rank), Bacteria (domain), Pseudomonadati (kingdom), Pseudomonadota (phylum), Pseudomonadota incertae sedis (no rank), unclassified pseudomonads (no rank)	Pseudomonas sp. (strain YL)
Q81WF0	1392	cellular organisms (no rank), Bacteria (domain), Bacillati (kingdom), Bacillota (phylum), Bacilli (class), Caryophanales (order), Bacillaceae (family), Bacillus (genus), Bacillus cereus group (no rank)	Bacillus anthracis
O58478	70601	cellular organisms (no rank), Archaea (domain), Methanobacteriati (kingdom), Methanobacteriota (phylum), Thermococci (class), Thermococcales (order), Thermococcaceae (family), Pyrococcus (genus), Pyrococcus horikoshii (species)	Pyrococcus horikoshii (strain ATCC 700860 / DSM 12428 / JCM 9974 / NBRC 100139 / OT-3)
B5E512	512566	cellular organisms (no rank), Bacteria (domain), Bacillati (kingdom), Bacillota (phylum), Bacilli (class), Lactobacillales (order), Streptococcaceae (family), Streptococcus (genus), Streptococcus pneumoniae (species)	Streptococcus pneumoniae serotype 19F (strain G54)
P61608	243231	cellular organisms (no rank), Bacteria (domain), Pseudomonadati (kingdom), Thermodesulfobacteriota (phylum), Desulfuromonadia (class), Geobacterales (order), Geobacteraceae (family), Geobacter (genus), Geobacter sulfurreducens (species)	Geobacter sulfurreducens (strain ATCC 51573 / DSM 12127 / PCA)
A5TY85	419947	cellular organisms (no rank), Bacteria (domain), Bacillati (kingdom), Actinomycetota (phylum), Actinomycetes (class), Mycobacteriales (order), Mycobacteriaceae (family), Mycobacterium (genus), Mycobacterium tuberculosis complex (no rank), Mycobacterium tuberculosis (species)	Mycobacterium tuberculosis (strain ATCC 25177 / H37Ra)
P82593	1969	cellular organisms (no rank), Bacteria (domain), Bacillati (kingdom), Actinomycetota (phylum), Actinomycetes (class), Kitasatosporales (order), Streptomycetaceae (family), Streptomyces (genus)	Streptomyces chartreusis
P72097	122586	cellular organisms (no rank), Bacteria (domain), Pseudomonadati (kingdom), Pseudomonadota (phylum), Betaproteobacteria (class), Neisseriales (order), Neisseriaceae (family), Neisseria (genus), Neisseria meningitidis (species), Neisseria meningitidis serogroup B (serogroup)	Neisseria meningitidis serogroup B (strain ATCC BAA-335 / MC58)
A3E7Z6	380174	cellular organisms (no rank), Bacteria (domain), Bacillati (kingdom), Bacillota (phylum), Bacilli (class), Caryophanales (order), Paenibacillaceae (family), Cohnella (genus)	Cohnella laeviribosi
Q30RT9	326298	cellular organisms (no rank), Bacteria (domain), Pseudomonadati (kingdom), Campylobacterota (phylum), Epsilonproteobacteria (class), Campylobacterales (order), Sulfurimonadaceae (family), Sulfurimonas (genus), Sulfurimonas denitrificans (species)	Sulfurimonas denitrificans (strain ATCC 33889 / DSM 1251) (Thiomicrospira denitrificans (strain ATCC 33889 / DSM 1251))
P0A334	1916	cellular organisms (no rank), Bacteria (domain), Bacillati (kingdom), Actinomycetota (phylum), Actinomycetes (class), Kitasatosporales (order), Streptomycetaceae (family), Streptomyces (genus)	Streptomyces lividans
C5BBH3	634503	cellular organisms (no rank), Bacteria (domain), Pseudomonadati (kingdom), Pseudomonadota (phylum), Gammaproteobacteria (class), Enterobacterales (order), Hafniaceae (family), Edwardsiella (genus), Edwardsiella ictaluri (species)	Edwardsiella ictaluri (strain 93-146)
Q9FA38	272630	cellular organisms (no rank), Bacteria (domain), Pseudomonadati (kingdom), Pseudomonadota (phylum), Alphaproteobacteria (class), Hyphomicrobiales (order), Methylobacteriaceae (family), Methylorubrum (genus), Methylorubrum extorquens (species)	Methylorubrum extorquens (strain ATCC 14718 / DSM 1338 / JCM 2805 / NCIMB 9133 / AM1) (Methylobacterium extorquens)
P17293	274	cellular organisms (no rank), Bacteria (domain), Thermotogati (kingdom), Deinococcota (phylum), Deinococci (class), Thermales (order), Thermaceae (family), Thermus (genus)	Thermus thermophilus
B9KHF1	320483	cellular organisms (no rank), Bacteria (domain), Pseudomonadati (kingdom), Pseudomonadota (phylum), Alphaproteobacteria (class), Rickettsiales (order), Anaplasmataceae (family), Anaplasma (genus), Anaplasma marginale (species)	Anaplasma marginale (strain Florida)
Q03J82	322159	cellular organisms (no rank), Bacteria (domain), Bacillati (kingdom), Bacillota (phylum), Bacilli (class), Lactobacillales (order), Streptococcaceae (family), Streptococcus (genus), Streptococcus thermophilus (species)	Streptococcus thermophilus (strain ATCC BAA-491 / LMD-9)
C0KTJ6	1063	cellular organisms (no rank), Bacteria (domain), Pseudomonadati (kingdom), Pseudomonadota (phylum), Alphaproteobacteria (class), Rhodobacterales (order), Paracoccaceae (family), Cereibacter (genus)	Cereibacter sphaeroides (Rhodobacter sphaeroides)
P06875	562	cellular organisms (no rank), Bacteria (domain), Pseudomonadati (kingdom), Pseudomonadota (phylum), Gammaproteobacteria (class), Enterobacterales (order), Enterobacteriaceae (family), Escherichia (genus)	Escherichia coli
Q6KHR6	267748	cellular organisms (no rank), Bacteria (domain), Bacillati (kingdom), Mycoplasmatota (phylum), Mycoplasmoidales (order), Metamycoplasmataceae (family), Mesomycoplasma (genus), [Mycoplasma] mobile (species)	Mycoplasma mobile (strain ATCC 43663 / 163K / NCTC 11711) (Mesomycoplasma mobile)
A0QJI1	243243	cellular organisms (no rank), Bacteria (domain), Bacillati (kingdom), Actinomycetota (phylum), Actinomycetes (class), Mycobacteriales (order), Mycobacteriaceae (family), Mycobacterium (genus), Mycobacterium avium complex (MAC) (no rank), Mycobacterium avium (species)	Mycobacterium avium (strain 104)
Q5SHZ8	300852	cellular organisms (no rank), Bacteria (domain), Thermotogati (kingdom), Deinococcota (phylum), Deinococci (class), Thermales (order), Thermaceae (family), Thermus (genus), Thermus thermophilus (species)	Thermus thermophilus (strain ATCC 27634 / DSM 579 / HB8)
Q8P046	186103	cellular organisms (no rank), Bacteria (domain), Bacillati (kingdom), Bacillota (phylum), Bacilli (class), Lactobacillales (order), Streptococcaceae (family), Streptococcus (genus), Streptococcus pyogenes (species), Streptococcus pyogenes serotype M18 (serotype)	Streptococcus pyogenes serotype M18 (strain MGAS8232)
A8GLB0	399741	cellular organisms (no rank), Bacteria (domain), Pseudomonadati (kingdom), Pseudomonadota (phylum), Gammaproteobacteria (class), Enterobacterales (order), Yersiniaceae (family), Serratia (genus), Serratia proteamaculans (species)	Serratia proteamaculans (strain 568)
C1EME8	572264	cellular organisms (no rank), Bacteria (domain), Bacillati (kingdom), Bacillota (phylum), Bacilli (class), Caryophanales (order), Bacillaceae (family), Bacillus (genus), Bacillus cereus group (no rank), Bacillus cereus (species)	Bacillus cereus (strain 03BB102)
Q2FVE7	93061	cellular organisms (no rank), Bacteria (domain), Bacillati (kingdom), Bacillota (phylum), Bacilli (class), Caryophanales (order), Staphylococcaceae (family), Staphylococcus (genus), Staphylococcus aureus (species)	Staphylococcus aureus (strain NCTC 8325 / PS 47)
P44308	71421	cellular organisms (no rank), Bacteria (domain), Pseudomonadati (kingdom), Pseudomonadota (phylum), Gammaproteobacteria (class), Pasteurellales (order), Pasteurellaceae (family), Haemophilus (genus), Haemophilus influenzae (species)	Haemophilus influenzae (strain ATCC 51907 / DSM 11121 / KW20 / Rd)
A1WVR6	349124	cellular organisms (no rank), Bacteria (domain), Pseudomonadati (kingdom), Pseudomonadota (phylum), Gammaproteobacteria (class), Chromatiales (order), Ectothiorhodospiraceae (family), Halorhodospira (genus), Halorhodospira halophila (species)	Halorhodospira halophila (strain DSM 244 / SL1) (Ectothiorhodospira halophila (strain DSM 244 / SL1))
Q4U331	323	cellular organisms (no rank), Bacteria (domain), Pseudomonadati (kingdom), Pseudomonadota (phylum), Gammaproteobacteria (class), Pseudomonadales (order), Pseudomonadaceae (family), Pseudomonas (genus), Pseudomonas syringae group (no rank), Pseudomonas syringae group genomosp. 3 (species)	Pseudomonas syringae pv. tomato
A8L6D8	298653	cellular organisms (no rank), Bacteria (domain), Bacillati (kingdom), Actinomycetota (phylum), Actinomycetes (class), Frankiales (order), Frankiaceae (family), Parafrankia (genus), unclassified Parafrankia (no rank)	Parafrankia sp. (strain EAN1pec)
Q9ZLT0	85963	cellular organisms (no rank), Bacteria (domain), Pseudomonadati (kingdom), Campylobacterota (phylum), Epsilonproteobacteria (class), Campylobacterales (order), Helicobacteraceae (family), Helicobacter (genus), Helicobacter pylori (species)	Helicobacter pylori (strain J99 / ATCC 700824) (Campylobacter pylori J99)
Q0QLE4	1528	cellular organisms (no rank), Bacteria (domain), Bacillati (kingdom), Bacillota (phylum), Clostridia (class), Eubacteriales (order), Eubacteriaceae (family), Eubacterium (genus)	Eubacterium barkeri (Clostridium barkeri)
Q4K423	220664	cellular organisms (no rank), Bacteria (domain), Pseudomonadati (kingdom), Pseudomonadota (phylum), Gammaproteobacteria (class), Pseudomonadales (order), Pseudomonadaceae (family), Pseudomonas (genus), Pseudomonas chlororaphis group (no rank), Pseudomonas protegens (species)	Pseudomonas fluorescens (strain ATCC BAA-477 / NRRL B-23932 / Pf-5)
A4VFY3	379731	cellular organisms (no rank), Bacteria (domain), Pseudomonadati (kingdom), Pseudomonadota (phylum), Gammaproteobacteria (class), Pseudomonadales (order), Pseudomonadaceae (family), Stutzerimonas (genus), Stutzerimonas stutzeri group (no rank), Stutzerimonas stutzeri subgroup (no rank), Stutzerimonas stutzeri (species)	Stutzerimonas stutzeri (strain A1501) (Pseudomonas stutzeri)
O69557	272631	cellular organisms (no rank), Bacteria (domain), Bacillati (kingdom), Actinomycetota (phylum), Actinomycetes (class), Mycobacteriales (order), Mycobacteriaceae (family), Mycobacterium (genus), Mycobacterium leprae (species)	Mycobacterium leprae (strain TN)
C0ZHD4	358681	cellular organisms (no rank), Bacteria (domain), Bacillati (kingdom), Bacillota (phylum), Bacilli (class), Caryophanales (order), Paenibacillaceae (family), Brevibacillus (genus), Brevibacillus brevis (species)	Brevibacillus brevis (strain 47 / JCM 6285 / NBRC 100599)
A0JC76	1911	cellular organisms (no rank), Bacteria (domain), Bacillati (kingdom), Actinomycetota (phylum), Actinomycetes (class), Kitasatosporales (order), Streptomycetaceae (family), Streptomyces (genus), Streptomyces griseus group (no rank), Streptomyces griseus subgroup (no rank)	Streptomyces griseus
Q0SQ61	289380	cellular organisms (no rank), Bacteria (domain), Bacillati (kingdom), Bacillota (phylum), Clostridia (class), Eubacteriales (order), Clostridiaceae (family), Clostridium (genus), Clostridium perfringens (species)	Clostridium perfringens (strain SM101 / Type A)
P50899	590998	cellular organisms (no rank), Bacteria (domain), Bacillati (kingdom), Actinomycetota (phylum), Actinomycetes (class), Micrococcales (order), Cellulomonadaceae (family), Cellulomonas (genus), Cellulomonas fimi (species)	Cellulomonas fimi (strain ATCC 484 / DSM 20113 / JCM 1341 / CCUG 24087 / LMG 16345 / NBRC 15513 / NCIMB 8980 / NCTC 7547 / NRS-133)
P53608	33931	cellular organisms (no rank), Bacteria (domain), Bacillati (kingdom), Bacillota (phylum), Bacilli (class), Caryophanales (order), Anoxybacillaceae (family), Geobacillus (genus), Geobacillus thermoleovorans group (no rank)	Bacillus caldovelox
Q8GJM6	1140	cellular organisms (no rank), Bacteria (domain), Bacillati (kingdom), Cyanobacteriota/Melainabacteria group (clade), Cyanobacteriota (phylum), Cyanophyceae (class), Synechococcales (order), Synechococcaceae (family), Synechococcus (genus), Synechococcus elongatus (species)	Synechococcus elongatus (strain ATCC 33912 / PCC 7942 / FACHB-805) (Anacystis nidulans R2)
P08667	103929	Viruses (no rank), Riboviria (realm), Orthornavirae (kingdom), Negarnaviricota (phylum), Haploviricotina (subphylum), Monjiviricetes (class), Mononegavirales (order), Rhabdoviridae (family), Alpharhabdovirinae (subfamily), Lyssavirus (genus), Rabies virus (species)	Rabies virus (strain Pasteur vaccins / PV) (RABV)
Q3MC88	240292	cellular organisms (no rank), Bacteria (domain), Bacillati (kingdom), Cyanobacteriota/Melainabacteria group (clade), Cyanobacteriota (phylum), Cyanophyceae (class), Nostocales (order), Nostocaceae (family), Trichormus (genus), Anabaena variabilis (species)	Trichormus variabilis (strain ATCC 29413 / PCC 7937) (Anabaena variabilis)
Q0SPY4	289380	cellular organisms (no rank), Bacteria (domain), Bacillati (kingdom), Bacillota (phylum), Clostridia (class), Eubacteriales (order), Clostridiaceae (family), Clostridium (genus), Clostridium perfringens (species)	Clostridium perfringens (strain SM101 / Type A)
P44514	71421	cellular organisms (no rank), Bacteria (domain), Pseudomonadati (kingdom), Pseudomonadota (phylum), Gammaproteobacteria (class), Pasteurellales (order), Pasteurellaceae (family), Haemophilus (genus), Haemophilus influenzae (species)	Haemophilus influenzae (strain ATCC 51907 / DSM 11121 / KW20 / Rd)
Q9X5C9	196627	cellular organisms (no rank), Bacteria (domain), Bacillati (kingdom), Actinomycetota (phylum), Actinomycetes (class), Mycobacteriales (order), Corynebacteriaceae (family), Corynebacterium (genus), Corynebacterium glutamicum (species)	Corynebacterium glutamicum (strain ATCC 13032 / DSM 20300 / JCM 1318 / BCRC 11384 / CCUG 27702 / LMG 3730 / NBRC 12168 / NCIMB 10025 / NRRL B-2784 / 534)
Q97LU2	272562	cellular organisms (no rank), Bacteria (domain), Bacillati (kingdom), Bacillota (phylum), Clostridia (class), Eubacteriales (order), Clostridiaceae (family), Clostridium (genus), Clostridium acetobutylicum (species)	Clostridium acetobutylicum (strain ATCC 824 / DSM 792 / JCM 1419 / IAM 19013 / LMG 5710 / NBRC 13948 / NRRL B-527 / VKM B-1787 / 2291 / W)
Q9RY71	243230	cellular organisms (no rank), Bacteria (domain), Thermotogati (kingdom), Deinococcota (phylum), Deinococci (class), Deinococcales (order), Deinococcaceae (family), Deinococcus (genus), Deinococcus radiodurans (species)	Deinococcus radiodurans (strain ATCC 13939 / DSM 20539 / JCM 16871 / CCUG 27074 / LMG 4051 / NBRC 15346 / NCIMB 9279 / VKM B-1422 / R1)
P73722	1111708	cellular organisms (no rank), Bacteria (domain), Bacillati (kingdom), Cyanobacteriota/Melainabacteria group (clade), Cyanobacteriota (phylum), Cyanophyceae (class), Synechococcales (order), Merismopediaceae (family), Synechocystis (genus), unclassified Synechocystis (no rank), Synechocystis sp. PCC 6803 (species)	Synechocystis sp. (strain ATCC 27184 / PCC 6803 / Kazusa)
Q9RF06	1280	cellular organisms (no rank), Bacteria (domain), Bacillati (kingdom), Bacillota (phylum), Bacilli (class), Caryophanales (order), Staphylococcaceae (family), Staphylococcus (genus)	Staphylococcus aureus
Q11QF0	269798	cellular organisms (no rank), Bacteria (domain), Pseudomonadati (kingdom), FCB group (clade), Bacteroidota/Chlorobiota group (clade), Bacteroidota (phylum), Cytophagia (class), Cytophagales (order), Cytophagaceae (family), Cytophaga (genus), Cytophaga hutchinsonii (species)	Cytophaga hutchinsonii (strain ATCC 33406 / DSM 1761 / CIP 103989 / NBRC 15051 / NCIMB 9469 / D465)
Q9ZHQ1	1906	cellular organisms (no rank), Bacteria (domain), Bacillati (kingdom), Actinomycetota (phylum), Actinomycetes (class), Kitasatosporales (order), Streptomycetaceae (family), Streptomyces (genus)	Streptomyces fradiae (Streptomyces roseoflavus)
E0TW64	655816	cellular organisms (no rank), Bacteria (domain), Bacillati (kingdom), Bacillota (phylum), Bacilli (class), Caryophanales (order), Bacillaceae (family), Bacillus (genus), Bacillus subtilis group (no rank), Bacillus spizizenii (species)	Bacillus spizizenii (strain ATCC 23059 / NRRL B-14472 / W23) (Bacillus subtilis subsp. spizizenii)
Q59292	1499	cellular organisms (no rank), Bacteria (domain), Bacillati (kingdom), Bacillota (phylum), Clostridia (class), Eubacteriales (order), Oscillospiraceae (family), Ruminiclostridium (genus)	Ruminiclostridium josui (Clostridium josui)
P0C6G9	10415	Viruses (no rank), Riboviria (realm), Pararnavirae (kingdom), Artverviricota (phylum), Revtraviricetes (class), Blubervirales (order), Hepadnaviridae (family), Orthohepadnavirus (genus), Orthohepadnavirus hominoidei (species), Hepatitis B virus (no rank), Hepatitis B virus subtype adw (no rank)	Hepatitis B virus genotype B/C subtype adw (isolate Okinawa/pODW282/1998) (HBV-B)
A1R728	290340	cellular organisms (no rank), Bacteria (domain), Bacillati (kingdom), Actinomycetota (phylum), Actinomycetes (class), Micrococcales (order), Micrococcaceae (family), Paenarthrobacter (genus), Paenarthrobacter aurescens (species)	Paenarthrobacter aurescens (strain TC1)
A6QEK3	426430	cellular organisms (no rank), Bacteria (domain), Bacillati (kingdom), Bacillota (phylum), Bacilli (class), Caryophanales (order), Staphylococcaceae (family), Staphylococcus (genus), Staphylococcus aureus (species)	Staphylococcus aureus (strain Newman)
Q5WST8	297245	cellular organisms (no rank), Bacteria (domain), Pseudomonadati (kingdom), Pseudomonadota (phylum), Gammaproteobacteria (class), Legionellales (order), Legionellaceae (family), Legionella (genus), Legionella pneumophila (species)	Legionella pneumophila (strain Lens)
O52956	1764	cellular organisms (no rank), Bacteria (domain), Bacillati (kingdom), Actinomycetota (phylum), Actinomycetes (class), Mycobacteriales (order), Mycobacteriaceae (family), Mycobacterium (genus), Mycobacterium avium complex (MAC) (no rank)	Mycobacterium avium
P57815	272843	cellular organisms (no rank), Bacteria (domain), Pseudomonadati (kingdom), Pseudomonadota (phylum), Gammaproteobacteria (class), Pasteurellales (order), Pasteurellaceae (family), Pasteurella (genus), Pasteurella multocida (species), Pasteurella multocida subsp. multocida (subspecies)	Pasteurella multocida (strain Pm70)
Q51945	303	cellular organisms (no rank), Bacteria (domain), Pseudomonadati (kingdom), Pseudomonadota (phylum), Gammaproteobacteria (class), Pseudomonadales (order), Pseudomonadaceae (family), Pseudomonas (genus), Pseudomonas putida group (no rank)	Pseudomonas putida (Arthrobacter siderocapsulatus)
Q3HS05	316	cellular organisms (no rank), Bacteria (domain), Pseudomonadati (kingdom), Pseudomonadota (phylum), Gammaproteobacteria (class), Pseudomonadales (order), Pseudomonadaceae (family), Stutzerimonas (genus), Stutzerimonas stutzeri group (no rank), Stutzerimonas stutzeri subgroup (no rank)	Stutzerimonas stutzeri (Pseudomonas stutzeri)
Q92I97	272944	cellular organisms (no rank), Bacteria (domain), Pseudomonadati (kingdom), Pseudomonadota (phylum), Alphaproteobacteria (class), Rickettsiales (order), Rickettsiaceae (family), Rickettsieae (tribe), Rickettsia (genus), spotted fever group (no rank), Rickettsia conorii (species)	Rickettsia conorii (strain ATCC VR-613 / Malish 7)
Q31HD9	317025	cellular organisms (no rank), Bacteria (domain), Pseudomonadati (kingdom), Pseudomonadota (phylum), Gammaproteobacteria (class), Thiotrichales (order), Piscirickettsiaceae (family), Hydrogenovibrio (genus), Hydrogenovibrio crunogenus (species)	Hydrogenovibrio crunogenus (strain DSM 25203 / XCL-2) (Thiomicrospira crunogena)
Q837V2	226185	cellular organisms (no rank), Bacteria (domain), Bacillati (kingdom), Bacillota (phylum), Bacilli (class), Lactobacillales (order), Enterococcaceae (family), Enterococcus (genus), Enterococcus faecalis (species)	Enterococcus faecalis (strain ATCC 700802 / V583)
Q9Z734	83558	cellular organisms (no rank), Bacteria (domain), Pseudomonadati (kingdom), PVC group (clade), Chlamydiota (phylum), Chlamydiia (class), Chlamydiales (order), Chlamydiaceae (family), Chlamydia/Chlamydophila group (no rank), Chlamydia (genus)	Chlamydia pneumoniae (Chlamydophila pneumoniae)
P03126	333760	Viruses (no rank), Floreoviria (realm), Shotokuvirae (kingdom), Cossaviricota (phylum), Papovaviricetes (class), Zurhausenvirales (order), Papillomaviridae (family), Firstpapillomavirinae (subfamily), Alphapapillomavirus (genus), Alphapapillomavirus 9 (species)	Human papillomavirus type 16
Q07RN1	316055	cellular organisms (no rank), Bacteria (domain), Pseudomonadati (kingdom), Pseudomonadota (phylum), Alphaproteobacteria (class), Hyphomicrobiales (order), Nitrobacteraceae (family), Rhodopseudomonas (genus), Rhodopseudomonas palustris (species)	Rhodopseudomonas palustris (strain BisA53)
Q5ZXP3	272624	cellular organisms (no rank), Bacteria (domain), Pseudomonadati (kingdom), Pseudomonadota (phylum), Gammaproteobacteria (class), Legionellales (order), Legionellaceae (family), Legionella (genus), Legionella pneumophila (species), Legionella pneumophila subsp. pneumophila (subspecies)	Legionella pneumophila subsp. pneumophila (strain Philadelphia 1 / ATCC 33152 / DSM 7513)
A5XB26	56799	cellular organisms (no rank), Bacteria (domain), Pseudomonadati (kingdom), Pseudomonadota (phylum), Gammaproteobacteria (class), Alteromonadales (order), Colwelliaceae (family), Colwellia (genus), unclassified Colwellia (no rank)	Colwellia sp
Q0QLF4	1528	cellular organisms (no rank), Bacteria (domain), Bacillati (kingdom), Bacillota (phylum), Clostridia (class), Eubacteriales (order), Eubacteriaceae (family), Eubacterium (genus)	Eubacterium barkeri (Clostridium barkeri)
P29917	266	cellular organisms (no rank), Bacteria (domain), Pseudomonadati (kingdom), Pseudomonadota (phylum), Alphaproteobacteria (class), Rhodobacterales (order), Paracoccaceae (family), Paracoccus (genus)	Paracoccus denitrificans
Q832Z5	226185	cellular organisms (no rank), Bacteria (domain), Bacillati (kingdom), Bacillota (phylum), Bacilli (class), Lactobacillales (order), Enterococcaceae (family), Enterococcus (genus), Enterococcus faecalis (species)	Enterococcus faecalis (strain ATCC 700802 / V583)
A3PB53	167546	cellular organisms (no rank), Bacteria (domain), Bacillati (kingdom), Cyanobacteriota/Melainabacteria group (clade), Cyanobacteriota (phylum), Cyanophyceae (class), Synechococcales (order), Prochlorococcaceae (family), Prochlorococcus (genus), Prochlorococcus marinus (species)	Prochlorococcus marinus (strain MIT 9301)
A9KJ27	357809	cellular organisms (no rank), Bacteria (domain), Bacillati (kingdom), Bacillota (phylum), Clostridia (class), Lachnospirales (order), Lachnospiraceae (family), Lachnoclostridium (genus), Lachnoclostridium phytofermentans (species)	Lachnoclostridium phytofermentans (strain ATCC 700394 / DSM 18823 / ISDg) (Clostridium phytofermentans)
O32513	883	cellular organisms (no rank), Bacteria (domain), Pseudomonadati (kingdom), Thermodesulfobacteriota (phylum), Desulfovibrionia (class), Desulfovibrionales (order), Desulfovibrionaceae (family), Nitratidesulfovibrio (genus), Nitratidesulfovibrio vulgaris (species)	Nitratidesulfovibrio vulgaris (strain DSM 19637 / Miyazaki F) (Desulfovibrio vulgaris)
A4D1B5	9606	cellular organisms (no rank), Eukaryota (domain), Opisthokonta (clade), Metazoa (kingdom), Eumetazoa (clade), Bilateria (clade), Deuterostomia (clade), Chordata (phylum), Craniata (subphylum), Vertebrata (clade), Gnathostomata (clade), Teleostomi (clade), Euteleostomi (clade), Sarcopterygii (superclass), Dipnotetrapodomorpha (clade), Tetrapoda (clade), Amniota (clade), Mammalia (class), Theria (clade), Eutheria (clade), Boreoeutheria (clade), Euarchontoglires (superorder), Primates (order), Haplorrhini (suborder), Simiiformes (infraorder), Catarrhini (parvorder), Hominoidea (superfamily), Hominidae (family), Homininae (subfamily), Homo (genus)	Homo sapiens (Human)
Q65EX3	279010	cellular organisms (no rank), Bacteria (domain), Bacillati (kingdom), Bacillota (phylum), Bacilli (class), Caryophanales (order), Bacillaceae (family), Bacillus (genus), Bacillus subtilis group (no rank), Bacillus licheniformis (species)	Bacillus licheniformis (strain ATCC 14580 / DSM 13 / JCM 2505 / CCUG 7422 / NBRC 12200 / NCIMB 9375 / NCTC 10341 / NRRL NRS-1264 / Gibson 46)
Q6LX38	267377	cellular organisms (no rank), Archaea (domain), Methanobacteriati (kingdom), Methanobacteriota (phylum), Methanomada group (clade), Methanococci (class), Methanococcales (order), Methanococcaceae (family), Methanococcus (genus), Methanococcus maripaludis (species)	Methanococcus maripaludis (strain DSM 14266 / JCM 13030 / NBRC 101832 / S2 / LL)
Q7NNG8	251221	cellular organisms (no rank), Bacteria (domain), Bacillati (kingdom), Cyanobacteriota/Melainabacteria group (clade), Cyanobacteriota (phylum), Cyanophyceae (class), Gloeobacterales (order), Gloeobacteraceae (family), Gloeobacter (genus), Gloeobacter violaceus (species)	Gloeobacter violaceus (strain ATCC 29082 / PCC 7421)
P89946	11020	Viruses (no rank), Riboviria (realm), Orthornavirae (kingdom), Kitrinoviricota (phylum), Alsuviricetes (class), Martellivirales (order), Togaviridae (family), Alphavirus (genus), Alphavirus barmah (species)	Barmah forest virus (BFV)
O66863	224324	cellular organisms (no rank), Bacteria (domain), Pseudomonadati (kingdom), Aquificota (phylum), Aquificia (class), Aquificales (order), Aquificaceae (family), Aquifex (genus), Aquifex aeolicus (species)	Aquifex aeolicus (strain VF5)
P17295	106590	cellular organisms (no rank), Bacteria (domain), Pseudomonadati (kingdom), Pseudomonadota (phylum), Betaproteobacteria (class), Burkholderiales (order), Burkholderiaceae (family), Cupriavidus (genus)	Cupriavidus necator (Alcaligenes eutrophus) (Ralstonia eutropha)
A8AQS4	290338	cellular organisms (no rank), Bacteria (domain), Pseudomonadati (kingdom), Pseudomonadota (phylum), Gammaproteobacteria (class), Enterobacterales (order), Enterobacteriaceae (family), Citrobacter (genus), Citrobacter koseri (species)	Citrobacter koseri (strain ATCC BAA-895 / CDC 4225-83 / SGSC4696)
P47229	266265	cellular organisms (no rank), Bacteria (domain), Pseudomonadati (kingdom), Pseudomonadota (phylum), Betaproteobacteria (class), Burkholderiales (order), Burkholderiaceae (family), Paraburkholderia (genus), Paraburkholderia xenovorans (species)	Paraburkholderia xenovorans (strain LB400)
P9WH14	83331	cellular organisms (no rank), Bacteria (domain), Bacillati (kingdom), Actinomycetota (phylum), Actinomycetes (class), Mycobacteriales (order), Mycobacteriaceae (family), Mycobacterium (genus), Mycobacterium tuberculosis complex (no rank), Mycobacterium tuberculosis (species)	Mycobacterium tuberculosis (strain CDC 1551 / Oshkosh)
G5ECD9	6239	cellular organisms (no rank), Eukaryota (domain), Opisthokonta (clade), Metazoa (kingdom), Eumetazoa (clade), Bilateria (clade), Protostomia (clade), Ecdysozoa (clade), Nematoda (phylum), Chromadorea (class), Rhabditida (order), Rhabditina (suborder), Rhabditomorpha (infraorder), Rhabditoidea (superfamily), Rhabditidae (family), Peloderinae (subfamily), Caenorhabditis (genus)	Caenorhabditis elegans
O59651	272569	cellular organisms (no rank), Archaea (domain), Methanobacteriati (kingdom), Methanobacteriota (phylum), Stenosarchaea group (clade), Halobacteria (class), Halobacteriales (order), Haloarculaceae (family), Haloarcula (genus), Haloarcula marismortui (species)	Haloarcula marismortui (strain ATCC 43049 / DSM 3752 / JCM 8966 / VKM B-1809) (Halobacterium marismortui)
O25577	85962	cellular organisms (no rank), Bacteria (domain), Pseudomonadati (kingdom), Campylobacterota (phylum), Epsilonproteobacteria (class), Campylobacterales (order), Helicobacteraceae (family), Helicobacter (genus), Helicobacter pylori (species)	Helicobacter pylori (strain ATCC 700392 / 26695) (Campylobacter pylori)
A0A0J9WZF0	376619	cellular organisms (no rank), Bacteria (domain), Pseudomonadati (kingdom), Pseudomonadota (phylum), Gammaproteobacteria (class), Thiotrichales (order), Francisellaceae (family), Francisella (genus), Francisella tularensis (species), Francisella tularensis subsp. holarctica (subspecies)	Francisella tularensis subsp. holarctica (strain LVS)
B3EE77	290315	cellular organisms (no rank), Bacteria (domain), Pseudomonadati (kingdom), FCB group (clade), Bacteroidota/Chlorobiota group (clade), Chlorobiota (phylum), Chlorobiia (class), Chlorobiales (order), Chlorobiaceae (family), Chlorobium/Pelodictyon group (no rank), Chlorobium (genus), Chlorobium limicola (species)	Chlorobium limicola (strain DSM 245 / NBRC 103803 / 6330)
Q08368	2210	cellular organisms (no rank), Archaea (domain), Methanobacteriati (kingdom), Methanobacteriota (phylum), Stenosarchaea group (clade), Methanomicrobia (class), Methanosarcinales (order), Methanosarcinaceae (family), Methanosarcina (genus)	Methanosarcina thermophila
Q7TTJ7	84588	cellular organisms (no rank), Bacteria (domain), Bacillati (kingdom), Cyanobacteriota/Melainabacteria group (clade), Cyanobacteriota (phylum), Cyanophyceae (class), Synechococcales (order), Prochlorococcaceae (family), Parasynechococcus (genus), Parasynechococcus marenigrum (species)	Parasynechococcus marenigrum (strain WH8102)
Q3KJ28	205922	cellular organisms (no rank), Bacteria (domain), Pseudomonadati (kingdom), Pseudomonadota (phylum), Gammaproteobacteria (class), Pseudomonadales (order), Pseudomonadaceae (family), Pseudomonas (genus), Pseudomonas fluorescens group (no rank), Pseudomonas fluorescens (species)	Pseudomonas fluorescens (strain Pf0-1)
B4XVN1	1931	cellular organisms (no rank), Bacteria (domain), Bacillati (kingdom), Actinomycetota (phylum), Actinomycetes (class), Kitasatosporales (order), Streptomycetaceae (family), Streptomyces (genus), unclassified Streptomyces (no rank)	Streptomyces sp
G8XHD5	1003195	cellular organisms (no rank), Bacteria (domain), Bacillati (kingdom), Actinomycetota (phylum), Actinomycetes (class), Kitasatosporales (order), Streptomycetaceae (family), Streptantibioticus (genus), Streptantibioticus cattleyicolor (species)	Streptantibioticus cattleyicolor (strain ATCC 35852 / DSM 46488 / JCM 4925 / NBRC 14057 / NRRL 8057) (Streptomyces cattleya)
Q83V26	294	cellular organisms (no rank), Bacteria (domain), Pseudomonadati (kingdom), Pseudomonadota (phylum), Gammaproteobacteria (class), Pseudomonadales (order), Pseudomonadaceae (family), Pseudomonas (genus), Pseudomonas fluorescens group (no rank)	Pseudomonas fluorescens
B5XV18	507522	cellular organisms (no rank), Bacteria (domain), Pseudomonadati (kingdom), Pseudomonadota (phylum), Gammaproteobacteria (class), Enterobacterales (order), Enterobacteriaceae (family), Klebsiella (genus), Klebsiella pneumoniae complex (no rank), Klebsiella variicola (species)	Klebsiella variicola (strain 342) (Klebsiella pneumoniae)
Q8XLZ0	195102	cellular organisms (no rank), Bacteria (domain), Bacillati (kingdom), Bacillota (phylum), Clostridia (class), Eubacteriales (order), Clostridiaceae (family), Clostridium (genus), Clostridium perfringens (species)	Clostridium perfringens (strain 13 / Type A)
Q0D9S3	39947	cellular organisms (no rank), Eukaryota (domain), Viridiplantae (kingdom), Streptophyta (phylum), Streptophytina (subphylum), Embryophyta (clade), Tracheophyta (clade), Euphyllophyta (clade), Spermatophyta (clade), Magnoliopsida (class), Mesangiospermae (clade), Liliopsida (clade), Petrosaviidae (subclass), commelinids (clade), Poales (order), Poaceae (family), BOP clade (clade), Oryzoideae (subfamily), Oryzeae (tribe), Oryzinae (subtribe), Oryza (genus), Oryza sativa (species)	Oryza sativa subsp. japonica (Rice)
A8L594	298653	cellular organisms (no rank), Bacteria (domain), Bacillati (kingdom), Actinomycetota (phylum), Actinomycetes (class), Frankiales (order), Frankiaceae (family), Parafrankia (genus), unclassified Parafrankia (no rank)	Parafrankia sp. (strain EAN1pec)
Q56351	82367	cellular organisms (no rank), Bacteria (domain), Pseudomonadati (kingdom), Pseudomonadota (phylum), Alphaproteobacteria (class), Rhodobacterales (order), Paracoccaceae (family), Paracoccus (genus)	Paracoccus pantotrophus (Thiosphaera pantotropha)
Q1QNS3	323097	cellular organisms (no rank), Bacteria (domain), Pseudomonadati (kingdom), Pseudomonadota (phylum), Alphaproteobacteria (class), Hyphomicrobiales (order), Nitrobacteraceae (family), Nitrobacter (genus), Nitrobacter hamburgensis (species)	Nitrobacter hamburgensis (strain DSM 10229 / NCIMB 13809 / X14)
B9KZK4	309801	cellular organisms (no rank), Bacteria (domain), Pseudomonadati (kingdom), Thermomicrobiota (phylum), Thermomicrobia (class), Thermomicrobiales (order), Thermomicrobiaceae (family), Thermomicrobium (genus), Thermomicrobium roseum (species)	Thermomicrobium roseum (strain ATCC 27502 / DSM 5159 / P-2)
G5EEA1	6239	cellular organisms (no rank), Eukaryota (domain), Opisthokonta (clade), Metazoa (kingdom), Eumetazoa (clade), Bilateria (clade), Protostomia (clade), Ecdysozoa (clade), Nematoda (phylum), Chromadorea (class), Rhabditida (order), Rhabditina (suborder), Rhabditomorpha (infraorder), Rhabditoidea (superfamily), Rhabditidae (family), Peloderinae (subfamily), Caenorhabditis (genus)	Caenorhabditis elegans
P27989	1525	cellular organisms (no rank), Bacteria (domain), Bacillati (kingdom), Bacillota (phylum), Clostridia (class), Neomoorellales (order), Neomoorellaceae (family), Neomoorella (genus)	Neomoorella thermoacetica (Clostridium thermoaceticum)
A4WDK7	399742	cellular organisms (no rank), Bacteria (domain), Pseudomonadati (kingdom), Pseudomonadota (phylum), Gammaproteobacteria (class), Enterobacterales (order), Enterobacteriaceae (family), Enterobacter (genus), unclassified Enterobacter (no rank)	Enterobacter sp. (strain 638)
P0DXE8	1679	cellular organisms (no rank), Bacteria (domain), Bacillati (kingdom), Actinomycetota (phylum), Actinomycetes (class), Bifidobacteriales (order), Bifidobacteriaceae (family), Bifidobacterium (genus), Bifidobacterium longum (species)	Bifidobacterium longum subsp. longum
O69290	192222	cellular organisms (no rank), Bacteria (domain), Pseudomonadati (kingdom), Campylobacterota (phylum), Epsilonproteobacteria (class), Campylobacterales (order), Campylobacteraceae (family), Campylobacter (genus), Campylobacter jejuni (species), Campylobacter jejuni subsp. jejuni (subspecies)	Campylobacter jejuni subsp. jejuni serotype O:2 (strain ATCC 700819 / NCTC 11168)
P13894	1891747	Viruses (no rank), Floreoviria (realm), Shotokuvirae (kingdom), Cossaviricota (phylum), Papovaviricetes (class), Sepolyvirales (order), Polyomaviridae (family), Gammapolyomavirus (genus)	Budgerigar fledgling disease virus (BFPyV) (Aves polyomavirus 1)
B0KL32	76869	cellular organisms (no rank), Bacteria (domain), Pseudomonadati (kingdom), Pseudomonadota (phylum), Gammaproteobacteria (class), Pseudomonadales (order), Pseudomonadaceae (family), Pseudomonas (genus), Pseudomonas putida group (no rank), Pseudomonas putida (species)	Pseudomonas putida (strain GB-1)
Q46505	878	cellular organisms (no rank), Bacteria (domain), Pseudomonadati (kingdom), Thermodesulfobacteriota (phylum), Desulfovibrionia (class), Desulfovibrionales (order), Desulfovibrionaceae (family), Solidesulfovibrio (genus)	Solidesulfovibrio fructosivorans (Desulfovibrio fructosivorans)
Q5H0X9	291331	cellular organisms (no rank), Bacteria (domain), Pseudomonadati (kingdom), Pseudomonadota (phylum), Gammaproteobacteria (class), Lysobacterales (order), Lysobacteraceae (family), Xanthomonas (genus), Xanthomonas oryzae (species), Xanthomonas oryzae pv. oryzae (no rank)	Xanthomonas oryzae pv. oryzae (strain KACC10331 / KXO85)
Q0APT7	394221	cellular organisms (no rank), Bacteria (domain), Pseudomonadati (kingdom), Pseudomonadota (phylum), Alphaproteobacteria (class), Maricaulales (order), Maricaulaceae (family), Maricaulis (genus), Maricaulis maris (species)	Maricaulis maris (strain MCS10) (Caulobacter maris)
Q939D2	272560	cellular organisms (no rank), Bacteria (domain), Pseudomonadati (kingdom), Pseudomonadota (phylum), Betaproteobacteria (class), Burkholderiales (order), Burkholderiaceae (family), Burkholderia (genus), pseudomallei group (no rank), Burkholderia pseudomallei (species)	Burkholderia pseudomallei (strain K96243)
A6LPJ1	290402	cellular organisms (no rank), Bacteria (domain), Bacillati (kingdom), Bacillota (phylum), Clostridia (class), Eubacteriales (order), Clostridiaceae (family), Clostridium (genus), Clostridium beijerinckii (species)	Clostridium beijerinckii (strain ATCC 51743 / NCIMB 8052) (Clostridium acetobutylicum)
O08394	224308	cellular organisms (no rank), Bacteria (domain), Bacillati (kingdom), Bacillota (phylum), Bacilli (class), Caryophanales (order), Bacillaceae (family), Bacillus (genus), Bacillus subtilis group (no rank), Bacillus subtilis (species), Bacillus subtilis subsp. subtilis (subspecies)	Bacillus subtilis (strain 168)
Q38V29	314315	cellular organisms (no rank), Bacteria (domain), Bacillati (kingdom), Bacillota (phylum), Bacilli (class), Lactobacillales (order), Lactobacillaceae (family), Latilactobacillus (genus), Latilactobacillus sakei (species), Latilactobacillus sakei subsp. sakei (subspecies)	Latilactobacillus sakei subsp. sakei (strain 23K) (Lactobacillus sakei subsp. sakei)
A5F5X0	345073	cellular organisms (no rank), Bacteria (domain), Pseudomonadati (kingdom), Pseudomonadota (phylum), Gammaproteobacteria (class), Vibrionales (order), Vibrionaceae (family), Vibrio (genus), Vibrio cholerae (species)	Vibrio cholerae serotype O1 (strain ATCC 39541 / Classical Ogawa 395 / O395)
P09991	11624	Viruses (no rank), Riboviria (realm), Orthornavirae (kingdom), Negarnaviricota (phylum), Polyploviricotina (subphylum), Bunyaviricetes (class), Hareavirales (order), Arenaviridae (family), Mammarenavirus (genus), Mammarenavirus choriomeningitidis (species)	Lymphocytic choriomeningitis virus (strain Armstrong) (LCMV)
G8JZT0	226186	cellular organisms (no rank), Bacteria (domain), Pseudomonadati (kingdom), FCB group (clade), Bacteroidota/Chlorobiota group (clade), Bacteroidota (phylum), Bacteroidia (class), Bacteroidales (order), Bacteroidaceae (family), Bacteroides (genus), Bacteroides thetaiotaomicron (species)	Bacteroides thetaiotaomicron (strain ATCC 29148 / DSM 2079 / JCM 5827 / CCUG 10774 / NCTC 10582 / VPI-5482 / E50)
B8DUI5	442563	cellular organisms (no rank), Bacteria (domain), Bacillati (kingdom), Actinomycetota (phylum), Actinomycetes (class), Bifidobacteriales (order), Bifidobacteriaceae (family), Bifidobacterium (genus), Bifidobacterium animalis (species), Bifidobacterium animalis subsp. lactis (subspecies)	Bifidobacterium animalis subsp. lactis (strain AD011)
P13512	266264	cellular organisms (no rank), Bacteria (domain), Pseudomonadati (kingdom), Pseudomonadota (phylum), Betaproteobacteria (class), Burkholderiales (order), Burkholderiaceae (family), Cupriavidus (genus), Cupriavidus metallidurans (species)	Cupriavidus metallidurans (strain ATCC 43123 / DSM 2839 / NBRC 102507 / CH34) (Ralstonia metallidurans)
Q0I1X5	205914	cellular organisms (no rank), Bacteria (domain), Pseudomonadati (kingdom), Pseudomonadota (phylum), Gammaproteobacteria (class), Pasteurellales (order), Pasteurellaceae (family), Histophilus (genus), Histophilus somni (species)	Histophilus somni (strain 129Pt) (Haemophilus somnus)
A1RS58	384616	cellular organisms (no rank), Archaea (domain), Thermoproteati (kingdom), Thermoproteota (phylum), Thermoprotei (class), Thermoproteales (order), Thermoproteaceae (family), Pyrobaculum (genus), Pyrobaculum islandicum (species)	Pyrobaculum islandicum (strain DSM 4184 / JCM 9189 / GEO3)
B7MXT2	585397	cellular organisms (no rank), Bacteria (domain), Pseudomonadati (kingdom), Pseudomonadota (phylum), Gammaproteobacteria (class), Enterobacterales (order), Enterobacteriaceae (family), Escherichia (genus), Escherichia coli (species)	Escherichia coli O81 (strain ED1a)
Q8E8D9	211586	cellular organisms (no rank), Bacteria (domain), Pseudomonadati (kingdom), Pseudomonadota (phylum), Gammaproteobacteria (class), Alteromonadales (order), Shewanellaceae (family), Shewanella (genus), Shewanella oneidensis (species)	Shewanella oneidensis (strain ATCC 700550 / JCM 31522 / CIP 106686 / LMG 19005 / NCIMB 14063 / MR-1)
A5EKP2	288000	cellular organisms (no rank), Bacteria (domain), Pseudomonadati (kingdom), Pseudomonadota (phylum), Alphaproteobacteria (class), Hyphomicrobiales (order), Nitrobacteraceae (family), Bradyrhizobium (genus), unclassified Bradyrhizobium (no rank)	Bradyrhizobium sp. (strain BTAi1 / ATCC BAA-1182)
A9CK16	176299	cellular organisms (no rank), Bacteria (domain), Pseudomonadati (kingdom), Pseudomonadota (phylum), Alphaproteobacteria (class), Hyphomicrobiales (order), Rhizobiaceae (family), Rhizobium/Agrobacterium group (no rank), Agrobacterium (genus), Agrobacterium tumefaciens complex (no rank), Agrobacterium fabrum (species)	Agrobacterium fabrum (strain C58 / ATCC 33970) (Agrobacterium tumefaciens (strain C58))
A4VLQ5	379731	cellular organisms (no rank), Bacteria (domain), Pseudomonadati (kingdom), Pseudomonadota (phylum), Gammaproteobacteria (class), Pseudomonadales (order), Pseudomonadaceae (family), Stutzerimonas (genus), Stutzerimonas stutzeri group (no rank), Stutzerimonas stutzeri subgroup (no rank), Stutzerimonas stutzeri (species)	Stutzerimonas stutzeri (strain A1501) (Pseudomonas stutzeri)
O71305	490134	Viruses (no rank), Riboviria (realm), Pararnavirae (kingdom), Artverviricota (phylum), Revtraviricetes (class), Blubervirales (order), Hepadnaviridae (family), Orthohepadnavirus (genus), Orthohepadnavirus lagothricis (species), Woolly monkey hepatitis B virus (no rank)	Woolly monkey hepatitis B virus (isolate Louisville) (WMHBV)
Q7TX14	233413	cellular organisms (no rank), Bacteria (domain), Bacillati (kingdom), Actinomycetota (phylum), Actinomycetes (class), Mycobacteriales (order), Mycobacteriaceae (family), Mycobacterium (genus), Mycobacterium tuberculosis complex (no rank), Mycobacterium tuberculosis (species), Mycobacterium bovis (biotype)	Mycobacterium bovis (strain ATCC BAA-935 / AF2122/97)
O82827	1270	cellular organisms (no rank), Bacteria (domain), Bacillati (kingdom), Actinomycetota (phylum), Actinomycetes (class), Micrococcales (order), Micrococcaceae (family), Micrococcus (genus)	Micrococcus luteus (Micrococcus lysodeikticus)
Q0P9C5	192222	cellular organisms (no rank), Bacteria (domain), Pseudomonadati (kingdom), Campylobacterota (phylum), Epsilonproteobacteria (class), Campylobacterales (order), Campylobacteraceae (family), Campylobacter (genus), Campylobacter jejuni (species), Campylobacter jejuni subsp. jejuni (subspecies)	Campylobacter jejuni subsp. jejuni serotype O:2 (strain ATCC 700819 / NCTC 11168)
P13448	1833	cellular organisms (no rank), Bacteria (domain), Bacillati (kingdom), Actinomycetota (phylum), Actinomycetes (class), Mycobacteriales (order), Nocardiaceae (family), Rhodococcus (genus), Rhodococcus erythropolis group (no rank)	Rhodococcus erythropolis (Arthrobacter picolinophilus)
B7ND61	585056	cellular organisms (no rank), Bacteria (domain), Pseudomonadati (kingdom), Pseudomonadota (phylum), Gammaproteobacteria (class), Enterobacterales (order), Enterobacteriaceae (family), Escherichia (genus), Escherichia coli (species)	Escherichia coli O17:K52:H18 (strain UMN026 / ExPEC)
D4GYV5	309800	cellular organisms (no rank), Archaea (domain), Methanobacteriati (kingdom), Methanobacteriota (phylum), Stenosarchaea group (clade), Halobacteria (class), Halobacteriales (order), Haloferacaceae (family), Haloferax (genus), Haloferax volcanii (species)	Haloferax volcanii (strain ATCC 29605 / DSM 3757 / JCM 8879 / NBRC 14742 / NCIMB 2012 / VKM B-1768 / DS2) (Halobacterium volcanii)
P15279	410	cellular organisms (no rank), Bacteria (domain), Pseudomonadati (kingdom), Pseudomonadota (phylum), Alphaproteobacteria (class), Hyphomicrobiales (order), Methylobacteriaceae (family), Methylobacterium (genus)	Methylobacterium organophilum
Q8JN07	489540	Viruses (no rank), Riboviria (realm), Pararnavirae (kingdom), Artverviricota (phylum), Revtraviricetes (class), Blubervirales (order), Hepadnaviridae (family), Orthohepadnavirus (genus), Orthohepadnavirus hominoidei (species), Hepatitis B virus (no rank), hepatitis B virus genotype H (no rank)	Hepatitis B virus genotype H subtype adw4 (isolate Nicaragua/1853Nic/1997) (HBV-H)
A6Q403	387092	cellular organisms (no rank), Bacteria (domain), Pseudomonadati (kingdom), Campylobacterota (phylum), Epsilonproteobacteria (class), Nautiliales (order), Nitratiruptoraceae (family), Nitratiruptor (genus), unclassified Nitratiruptor (no rank)	Nitratiruptor sp. (strain SB155-2)
P9WJW2	83331	cellular organisms (no rank), Bacteria (domain), Bacillati (kingdom), Actinomycetota (phylum), Actinomycetes (class), Mycobacteriales (order), Mycobacteriaceae (family), Mycobacterium (genus), Mycobacterium tuberculosis complex (no rank), Mycobacterium tuberculosis (species)	Mycobacterium tuberculosis (strain CDC 1551 / Oshkosh)
O06052	1778	cellular organisms (no rank), Bacteria (domain), Bacillati (kingdom), Actinomycetota (phylum), Actinomycetes (class), Mycobacteriales (order), Mycobacteriaceae (family), Mycobacterium (genus)	Mycobacterium gordonae
Q9F437	36863	cellular organisms (no rank), Bacteria (domain), Pseudomonadati (kingdom), Pseudomonadota (phylum), Betaproteobacteria (class), Burkholderiales (order), Sphaerotilaceae (family), Ideonella (genus)	Ideonella dechloratans
Q8GED9	1971	cellular organisms (no rank), Bacteria (domain), Bacillati (kingdom), Actinomycetota (phylum), Actinomycetes (class), Kitasatosporales (order), Streptomycetaceae (family), Streptomyces (genus)	Streptomyces noursei (Streptomyces albulus)
Q9KK62	216816	cellular organisms (no rank), Bacteria (domain), Bacillati (kingdom), Actinomycetota (phylum), Actinomycetes (class), Bifidobacteriales (order), Bifidobacteriaceae (family), Bifidobacterium (genus)	Bifidobacterium longum
Q0RDQ8	326424	cellular organisms (no rank), Bacteria (domain), Bacillati (kingdom), Actinomycetota (phylum), Actinomycetes (class), Frankiales (order), Frankiaceae (family), Frankia (genus), Frankia alni (species)	Frankia alni (strain DSM 45986 / CECT 9034 / ACN14a)
B2J6D0	63737	cellular organisms (no rank), Bacteria (domain), Bacillati (kingdom), Cyanobacteriota/Melainabacteria group (clade), Cyanobacteriota (phylum), Cyanophyceae (class), Nostocales (order), Nostocaceae (family), Nostoc (genus), Nostoc punctiforme (species)	Nostoc punctiforme (strain ATCC 29133 / PCC 73102)
A5FVE7	349163	cellular organisms (no rank), Bacteria (domain), Pseudomonadati (kingdom), Pseudomonadota (phylum), Alphaproteobacteria (class), Acetobacterales (order), Acidocellaceae (family), Acidiphilium (genus), Acidiphilium cryptum (species)	Acidiphilium cryptum (strain JF-5)
B7M6M2	585034	cellular organisms (no rank), Bacteria (domain), Pseudomonadati (kingdom), Pseudomonadota (phylum), Gammaproteobacteria (class), Enterobacterales (order), Enterobacteriaceae (family), Escherichia (genus), Escherichia coli (species)	Escherichia coli O8 (strain IAI1)
Q8GLU7	715	cellular organisms (no rank), Bacteria (domain), Pseudomonadati (kingdom), Pseudomonadota (phylum), Gammaproteobacteria (class), Pasteurellales (order), Pasteurellaceae (family), Actinobacillus (genus)	Actinobacillus pleuropneumoniae (Haemophilus pleuropneumoniae)
P31951	272631	cellular organisms (no rank), Bacteria (domain), Bacillati (kingdom), Actinomycetota (phylum), Actinomycetes (class), Mycobacteriales (order), Mycobacteriaceae (family), Mycobacterium (genus), Mycobacterium leprae (species)	Mycobacterium leprae (strain TN)
O68460	269796	cellular organisms (no rank), Bacteria (domain), Pseudomonadati (kingdom), Pseudomonadota (phylum), Alphaproteobacteria (class), Rhodospirillales (order), Rhodospirillaceae (family), Rhodospirillum (genus), Rhodospirillum rubrum (species)	Rhodospirillum rubrum (strain ATCC 11170 / ATH 1.1.1 / DSM 467 / LMG 4362 / NCIMB 8255 / S1)
P0A9P1	199310	cellular organisms (no rank), Bacteria (domain), Pseudomonadati (kingdom), Pseudomonadota (phylum), Gammaproteobacteria (class), Enterobacterales (order), Enterobacteriaceae (family), Escherichia (genus), Escherichia coli (species)	Escherichia coli O6:H1 (strain CFT073 / ATCC 700928 / UPEC)
A0A7R7ZDZ6	1423	cellular organisms (no rank), Bacteria (domain), Bacillati (kingdom), Bacillota (phylum), Bacilli (class), Caryophanales (order), Bacillaceae (family), Bacillus (genus), Bacillus subtilis group (no rank)	Bacillus subtilis
F9VNG5	273063	cellular organisms (no rank), Archaea (domain), Thermoproteati (kingdom), Thermoproteota (phylum), Thermoprotei (class), Sulfolobales (order), Sulfolobaceae (family), Sulfurisphaera (genus), Sulfurisphaera tokodaii (species)	Sulfurisphaera tokodaii (strain DSM 16993 / JCM 10545 / NBRC 100140 / 7) (Sulfolobus tokodaii)
A3MTR6	410359	cellular organisms (no rank), Archaea (domain), Thermoproteati (kingdom), Thermoproteota (phylum), Thermoprotei (class), Thermoproteales (order), Thermoproteaceae (family), Pyrobaculum (genus), Pyrobaculum calidifontis (species)	Pyrobaculum calidifontis (strain DSM 21063 / JCM 11548 / VA1)
Q8G8B6	53412	cellular organisms (no rank), Bacteria (domain), Pseudomonadati (kingdom), Pseudomonadota (phylum), Gammaproteobacteria (class), Pseudomonadales (order), Pseudomonadaceae (family), Metapseudomonas (genus)	Metapseudomonas resinovorans (Pseudomonas resinovorans)
Q2YQA5	359391	cellular organisms (no rank), Bacteria (domain), Pseudomonadati (kingdom), Pseudomonadota (phylum), Alphaproteobacteria (class), Hyphomicrobiales (order), Brucellaceae (family), Brucella/Ochrobactrum group (no rank), Brucella (genus), Brucella melitensis group (no rank), Brucella abortus (species)	Brucella abortus (strain 2308)
Q5W271	104623	cellular organisms (no rank), Bacteria (domain), Pseudomonadati (kingdom), Pseudomonadota (phylum), Gammaproteobacteria (class), Enterobacterales (order), Pectobacteriaceae (family), Prodigiosinella (genus)	Prodigiosinella confusarubida (Serratia sp. (strain ATCC 39006))
Q8U1Y4	186497	cellular organisms (no rank), Archaea (domain), Methanobacteriati (kingdom), Methanobacteriota (phylum), Thermococci (class), Thermococcales (order), Thermococcaceae (family), Pyrococcus (genus), Pyrococcus furiosus (species)	Pyrococcus furiosus (strain ATCC 43587 / DSM 3638 / JCM 8422 / Vc1)
Q97U27	273057	cellular organisms (no rank), Archaea (domain), Thermoproteati (kingdom), Thermoproteota (phylum), Thermoprotei (class), Sulfolobales (order), Sulfolobaceae (family), Saccharolobus (genus), Saccharolobus solfataricus (species)	Saccharolobus solfataricus (strain ATCC 35092 / DSM 1617 / JCM 11322 / P2) (Sulfolobus solfataricus)
P20041	305	cellular organisms (no rank), Bacteria (domain), Pseudomonadati (kingdom), Pseudomonadota (phylum), Betaproteobacteria (class), Burkholderiales (order), Burkholderiaceae (family), Ralstonia (genus), Ralstonia solanacearum species complex (no rank)	Ralstonia solanacearum (Pseudomonas solanacearum)
Q81S27	1392	cellular organisms (no rank), Bacteria (domain), Bacillati (kingdom), Bacillota (phylum), Bacilli (class), Caryophanales (order), Bacillaceae (family), Bacillus (genus), Bacillus cereus group (no rank)	Bacillus anthracis
Q8KHS0	68170	cellular organisms (no rank), Bacteria (domain), Bacillati (kingdom), Actinomycetota (phylum), Actinomycetes (class), Pseudonocardiales (order), Pseudonocardiaceae (family), Lentzea (genus)	Lentzea aerocolonigenes (Lechevalieria aerocolonigenes) (Saccharothrix aerocolonigenes)
Q727P6	882	cellular organisms (no rank), Bacteria (domain), Pseudomonadati (kingdom), Thermodesulfobacteriota (phylum), Desulfovibrionia (class), Desulfovibrionales (order), Desulfovibrionaceae (family), Nitratidesulfovibrio (genus), Nitratidesulfovibrio vulgaris (species)	Nitratidesulfovibrio vulgaris (strain ATCC 29579 / DSM 644 / CCUG 34227 / NCIMB 8303 / VKM B-1760 / Hildenborough) (Desulfovibrio vulgaris)
P58248	1809	cellular organisms (no rank), Bacteria (domain), Bacillati (kingdom), Actinomycetota (phylum), Actinomycetes (class), Mycobacteriales (order), Mycobacteriaceae (family), Mycobacterium (genus), Mycobacterium ulcerans group (no rank)	Mycobacterium ulcerans
Q9IPJ6	11298	Viruses (no rank), Riboviria (realm), Orthornavirae (kingdom), Negarnaviricota (phylum), Haploviricotina (subphylum), Monjiviricetes (class), Mononegavirales (order), Rhabdoviridae (family), Alpharhabdovirinae (subfamily), Lyssavirus (genus), Rabies virus (species)	Rabies virus (strain Nishigahara RCEH) (RABV)
P0C2S1	1515	cellular organisms (no rank), Bacteria (domain), Bacillati (kingdom), Bacillota (phylum), Clostridia (class), Acetivibrionales (order), Acetivibrionaceae (family), Acetivibrio (genus)	Acetivibrio thermocellus (Hungateiclostridium thermocellum) (Clostridium thermocellum)
Q9ZJ14	1390	cellular organisms (no rank), Bacteria (domain), Bacillati (kingdom), Bacillota (phylum), Bacilli (class), Caryophanales (order), Bacillaceae (family), Bacillus (genus), Bacillus subtilis group (no rank), Bacillus amyloliquefaciens group (no rank)	Bacillus amyloliquefaciens (Bacillus velezensis)
Q6AFJ3	281090	cellular organisms (no rank), Bacteria (domain), Bacillati (kingdom), Actinomycetota (phylum), Actinomycetes (class), Micrococcales (order), Microbacteriaceae (family), Leifsonia (genus), Leifsonia xyli (species), Leifsonia xyli subsp. xyli (subspecies)	Leifsonia xyli subsp. xyli (strain CTCB07)
C0Q069	476213	cellular organisms (no rank), Bacteria (domain), Pseudomonadati (kingdom), Pseudomonadota (phylum), Gammaproteobacteria (class), Enterobacterales (order), Enterobacteriaceae (family), Salmonella (genus), Salmonella enterica (species), Salmonella enterica I (subspecies), Salmonella enterica subsp. enterica serovar Paratyphi C (no rank)	Salmonella paratyphi C (strain RKS4594)
P00147	1061	cellular organisms (no rank), Bacteria (domain), Pseudomonadati (kingdom), Pseudomonadota (phylum), Alphaproteobacteria (class), Rhodobacterales (order), Rhodobacter group (no rank), Rhodobacter (genus)	Rhodobacter capsulatus (Rhodopseudomonas capsulata)
Q636E0	288681	cellular organisms (no rank), Bacteria (domain), Bacillati (kingdom), Bacillota (phylum), Bacilli (class), Caryophanales (order), Bacillaceae (family), Bacillus (genus), Bacillus cereus group (no rank), Bacillus cereus (species)	Bacillus cereus (strain ZK / E33L)
Q9V1J7	272844	cellular organisms (no rank), Archaea (domain), Methanobacteriati (kingdom), Methanobacteriota (phylum), Thermococci (class), Thermococcales (order), Thermococcaceae (family), Pyrococcus (genus), Pyrococcus abyssi (species)	Pyrococcus abyssi (strain GE5 / Orsay)
P94449	1423	cellular organisms (no rank), Bacteria (domain), Bacillati (kingdom), Bacillota (phylum), Bacilli (class), Caryophanales (order), Bacillaceae (family), Bacillus (genus), Bacillus subtilis group (no rank)	Bacillus subtilis
C6A0S4	604354	cellular organisms (no rank), Archaea (domain), Methanobacteriati (kingdom), Methanobacteriota (phylum), Thermococci (class), Thermococcales (order), Thermococcaceae (family), Thermococcus (genus), Thermococcus sibiricus (species)	Thermococcus sibiricus (strain DSM 12597 / MM 739)
P0CW93	206672	cellular organisms (no rank), Bacteria (domain), Bacillati (kingdom), Actinomycetota (phylum), Actinomycetes (class), Bifidobacteriales (order), Bifidobacteriaceae (family), Bifidobacterium (genus), Bifidobacterium longum (species)	Bifidobacterium longum (strain NCC 2705)
B2TV30	344609	cellular organisms (no rank), Bacteria (domain), Pseudomonadati (kingdom), Pseudomonadota (phylum), Gammaproteobacteria (class), Enterobacterales (order), Enterobacteriaceae (family), Shigella (genus), Shigella boydii (species)	Shigella boydii serotype 18 (strain CDC 3083-94 / BS512)
P03519	11285	Viruses (no rank), Riboviria (realm), Orthornavirae (kingdom), Negarnaviricota (phylum), Haploviricotina (subphylum), Monjiviricetes (class), Mononegavirales (order), Rhabdoviridae (family), Alpharhabdovirinae (subfamily), Vesiculovirus (genus), Vesiculovirus indiana (species), Vesicular stomatitis Indiana virus (no rank)	Vesicular stomatitis Indiana virus (strain San Juan) (VSIV)
P19913	47421	cellular organisms (no rank), Bacteria (domain), Pseudomonadati (kingdom), Pseudomonadota (phylum), Betaproteobacteria (class), Burkholderiales (order), Comamonadaceae (family), Hydrogenophaga (genus)	Hydrogenophaga pseudoflava (Pseudomonas carboxydoflava)
A0R2K8	246196	cellular organisms (no rank), Bacteria (domain), Bacillati (kingdom), Actinomycetota (phylum), Actinomycetes (class), Mycobacteriales (order), Mycobacteriaceae (family), Mycolicibacterium (genus), Mycolicibacterium smegmatis (species)	Mycolicibacterium smegmatis (strain ATCC 700084 / mc(2)155) (Mycobacterium smegmatis)
Q8VPF1	1301098	cellular organisms (no rank), Bacteria (domain), Pseudomonadati (kingdom), Pseudomonadota (phylum), Gammaproteobacteria (class), Pseudomonadales (order), Pseudomonadaceae (family), Pseudomonas (genus), Pseudomonas knackmussii (species)	Pseudomonas knackmussii (strain DSM 6978 / CCUG 54928 / LMG 23759 / B13)
Q62EU1	243160	cellular organisms (no rank), Bacteria (domain), Pseudomonadati (kingdom), Pseudomonadota (phylum), Betaproteobacteria (class), Burkholderiales (order), Burkholderiaceae (family), Burkholderia (genus), pseudomallei group (no rank), Burkholderia mallei (species)	Burkholderia mallei (strain ATCC 23344)
P32254	44689	cellular organisms (no rank), Eukaryota (domain), Amoebozoa (clade), Evosea (phylum), Eumycetozoa (class), Dictyostelia (clade), Dictyosteliales (order), Dictyosteliaceae (family), Dictyostelium (genus)	Dictyostelium discoideum (Social amoeba)
P06278	1402	cellular organisms (no rank), Bacteria (domain), Bacillati (kingdom), Bacillota (phylum), Bacilli (class), Caryophanales (order), Bacillaceae (family), Bacillus (genus), Bacillus subtilis group (no rank)	Bacillus licheniformis
Q83IC4	218496	cellular organisms (no rank), Bacteria (domain), Bacillati (kingdom), Actinomycetota (phylum), Actinomycetes (class), Micrococcales (order), Tropherymataceae (family), Tropheryma (genus), Tropheryma whipplei (species)	Tropheryma whipplei (strain TW08/27) (Whipple's bacillus)
B2I2J9	405416	cellular organisms (no rank), Bacteria (domain), Pseudomonadati (kingdom), Pseudomonadota (phylum), Gammaproteobacteria (class), Moraxellales (order), Moraxellaceae (family), Acinetobacter (genus), Acinetobacter calcoaceticus/baumannii complex (no rank), Acinetobacter baumannii (species)	Acinetobacter baumannii (strain ACICU)
B2GJ15	378753	cellular organisms (no rank), Bacteria (domain), Bacillati (kingdom), Actinomycetota (phylum), Actinomycetes (class), Micrococcales (order), Micrococcaceae (family), Kocuria (genus), Kocuria rhizophila (species)	Kocuria rhizophila (strain ATCC 9341 / DSM 348 / NBRC 103217 / DC2201)
A0A0F5HSE8	1221996	cellular organisms (no rank), Bacteria (domain), Bacillati (kingdom), Bacillota (phylum), Bacilli (class), Caryophanales (order), Bacillaceae (family), Bacillus (genus)	Bacillus thermotolerans (Quasibacillus thermotolerans)
Q3Z6N1	243164	cellular organisms (no rank), Bacteria (domain), Bacillati (kingdom), Chloroflexota (phylum), Dehalococcoidia (class), Dehalococcoidales (order), Dehalococcoidaceae (family), Dehalococcoides (genus), Dehalococcoides mccartyi (species)	Dehalococcoides mccartyi (strain ATCC BAA-2266 / KCTC 15142 / 195) (Dehalococcoides ethenogenes (strain 195))
Q8ZC49	632	cellular organisms (no rank), Bacteria (domain), Pseudomonadati (kingdom), Pseudomonadota (phylum), Gammaproteobacteria (class), Enterobacterales (order), Yersiniaceae (family), Yersinia (genus), Yersinia pseudotuberculosis complex (no rank)	Yersinia pestis
Q607M3	243233	cellular organisms (no rank), Bacteria (domain), Pseudomonadati (kingdom), Pseudomonadota (phylum), Gammaproteobacteria (class), Methylococcales (order), Methylococcaceae (family), Methylococcus (genus), Methylococcus capsulatus (species)	Methylococcus capsulatus (strain ATCC 33009 / NCIMB 11132 / Bath)
C6XZB6	485917	cellular organisms (no rank), Bacteria (domain), Pseudomonadati (kingdom), FCB group (clade), Bacteroidota/Chlorobiota group (clade), Bacteroidota (phylum), Sphingobacteriia (class), Sphingobacteriales (order), Sphingobacteriaceae (family), Pedobacter (genus), Pedobacter heparinus (species)	Pedobacter heparinus (strain ATCC 13125 / DSM 2366 / CIP 104194 / JCM 7457 / NBRC 12017 / NCIMB 9290 / NRRL B-14731 / HIM 762-3)
P34125	44689	cellular organisms (no rank), Eukaryota (domain), Amoebozoa (clade), Evosea (phylum), Eumycetozoa (class), Dictyostelia (clade), Dictyosteliales (order), Dictyosteliaceae (family), Dictyostelium (genus)	Dictyostelium discoideum (Social amoeba)
Q2RXI0	269796	cellular organisms (no rank), Bacteria (domain), Pseudomonadati (kingdom), Pseudomonadota (phylum), Alphaproteobacteria (class), Rhodospirillales (order), Rhodospirillaceae (family), Rhodospirillum (genus), Rhodospirillum rubrum (species)	Rhodospirillum rubrum (strain ATCC 11170 / ATH 1.1.1 / DSM 467 / LMG 4362 / NCIMB 8255 / S1)
P0CK09	12227	Viruses (no rank), Riboviria (realm), Orthornavirae (kingdom), Pisuviricota (phylum), Stelpaviricetes (class), Patatavirales (order), Potyviridae (family), Potyvirus (genus), Potyvirus nicotianainsculpentis (species)	Tobacco etch virus (TEV)
B4UIV0	447217	cellular organisms (no rank), Bacteria (domain), Pseudomonadati (kingdom), Myxococcota (phylum), Myxococcia (class), Myxococcales (order), Cystobacterineae (suborder), Anaeromyxobacteraceae (family), Anaeromyxobacter (genus), unclassified Anaeromyxobacter (no rank)	Anaeromyxobacter sp. (strain K)
Q96YR7	273063	cellular organisms (no rank), Archaea (domain), Thermoproteati (kingdom), Thermoproteota (phylum), Thermoprotei (class), Sulfolobales (order), Sulfolobaceae (family), Sulfurisphaera (genus), Sulfurisphaera tokodaii (species)	Sulfurisphaera tokodaii (strain DSM 16993 / JCM 10545 / NBRC 100140 / 7) (Sulfolobus tokodaii)
Q59757	29549	cellular organisms (no rank), Bacteria (domain), Pseudomonadati (kingdom), FCB group (clade), Bacteroidota/Chlorobiota group (clade), Rhodothermota (phylum), Rhodothermia (class), Rhodothermales (order), Rhodothermaceae (family), Rhodothermus (genus)	Rhodothermus marinus (Rhodothermus obamensis)
Q8A6L0	226186	cellular organisms (no rank), Bacteria (domain), Pseudomonadati (kingdom), FCB group (clade), Bacteroidota/Chlorobiota group (clade), Bacteroidota (phylum), Bacteroidia (class), Bacteroidales (order), Bacteroidaceae (family), Bacteroides (genus), Bacteroides thetaiotaomicron (species)	Bacteroides thetaiotaomicron (strain ATCC 29148 / DSM 2079 / JCM 5827 / CCUG 10774 / NCTC 10582 / VPI-5482 / E50)
Q937Z1	1282	cellular organisms (no rank), Bacteria (domain), Bacillati (kingdom), Bacillota (phylum), Bacilli (class), Caryophanales (order), Staphylococcaceae (family), Staphylococcus (genus)	Staphylococcus epidermidis
B7GSX2	391904	cellular organisms (no rank), Bacteria (domain), Bacillati (kingdom), Actinomycetota (phylum), Actinomycetes (class), Bifidobacteriales (order), Bifidobacteriaceae (family), Bifidobacterium (genus), Bifidobacterium longum (species), Bifidobacterium longum subsp. infantis (subspecies)	Bifidobacterium longum subsp. infantis (strain ATCC 15697 / DSM 20088 / JCM 1222 / NCTC 11817 / S12)
Q9Z869	83558	cellular organisms (no rank), Bacteria (domain), Pseudomonadati (kingdom), PVC group (clade), Chlamydiota (phylum), Chlamydiia (class), Chlamydiales (order), Chlamydiaceae (family), Chlamydia/Chlamydophila group (no rank), Chlamydia (genus)	Chlamydia pneumoniae (Chlamydophila pneumoniae)
Q9L9D7	104109	cellular organisms (no rank), Bacteria (domain), Bacillati (kingdom), Actinomycetota (phylum), Actinomycetes (class), Mycobacteriales (order), Nocardiaceae (family), Rhodococcus (genus), unclassified Rhodococcus (in: high G+C Gram-positive bacteria) (no rank)	Rhodococcus sp. (strain MB1 Bresler)
Q4L332	279808	cellular organisms (no rank), Bacteria (domain), Bacillati (kingdom), Bacillota (phylum), Bacilli (class), Caryophanales (order), Staphylococcaceae (family), Staphylococcus (genus), Staphylococcus haemolyticus (species)	Staphylococcus haemolyticus (strain JCSC1435)
Q110I1	203124	cellular organisms (no rank), Bacteria (domain), Bacillati (kingdom), Cyanobacteriota/Melainabacteria group (clade), Cyanobacteriota (phylum), Cyanophyceae (class), Oscillatoriophycideae (subclass), Oscillatoriales (order), Microcoleaceae (family), Trichodesmium (genus), Trichodesmium erythraeum (species)	Trichodesmium erythraeum (strain IMS101)
P21763	1063	cellular organisms (no rank), Bacteria (domain), Pseudomonadati (kingdom), Pseudomonadota (phylum), Alphaproteobacteria (class), Rhodobacterales (order), Paracoccaceae (family), Cereibacter (genus)	Cereibacter sphaeroides (Rhodobacter sphaeroides)
G0HV10	634497	cellular organisms (no rank), Archaea (domain), Methanobacteriati (kingdom), Methanobacteriota (phylum), Stenosarchaea group (clade), Halobacteria (class), Halobacteriales (order), Haloarculaceae (family), Haloarcula (genus), Haloarcula hispanica (species)	Haloarcula hispanica (strain ATCC 33960 / DSM 4426 / JCM 8911 / NBRC 102182 / NCIMB 2187 / VKM B-1755)
Q13FB9	266265	cellular organisms (no rank), Bacteria (domain), Pseudomonadati (kingdom), Pseudomonadota (phylum), Betaproteobacteria (class), Burkholderiales (order), Burkholderiaceae (family), Paraburkholderia (genus), Paraburkholderia xenovorans (species)	Paraburkholderia xenovorans (strain LB400)
Q934G0	306	cellular organisms (no rank), Bacteria (domain), Pseudomonadati (kingdom), Pseudomonadota (phylum), Gammaproteobacteria (class), Pseudomonadales (order), Pseudomonadaceae (family), Pseudomonas (genus), unclassified Pseudomonas (no rank)	Pseudomonas sp
Q84168	3052322	Viruses (no rank), Riboviria (realm), Orthornavirae (kingdom), Negarnaviricota (phylum), Polyploviricotina (subphylum), Bunyaviricetes (class), Hareavirales (order), Arenaviridae (family), Mammarenavirus (genus)	Oliveros mammarenavirus (isolate Mouse/Argentina/RIID 3229/1990) (OLVV)
Q56724	29466	cellular organisms (no rank), Bacteria (domain), Bacillati (kingdom), Bacillota (phylum), Negativicutes (class), Veillonellales (order), Veillonellaceae (family), Veillonella (genus)	Veillonella parvula (Staphylococcus parvulus)
Q8GJ44	1510	cellular organisms (no rank), Bacteria (domain), Bacillati (kingdom), Bacillota (phylum), Clostridia (class), Eubacteriales (order), Oscillospiraceae (family), Thermoclostridium (genus)	Thermoclostridium stercorarium (Clostridium stercorarium)
P78032	272634	cellular organisms (no rank), Bacteria (domain), Bacillati (kingdom), Mycoplasmatota (phylum), Mycoplasmoidales (order), Mycoplasmoidaceae (family), Mycoplasmoides (genus), Mycoplasmoides pneumoniae (species)	Mycoplasmoides pneumoniae (strain ATCC 29342 / M129 / Subtype 1) (Mycoplasma pneumoniae)
B8H092	565050	cellular organisms (no rank), Bacteria (domain), Pseudomonadati (kingdom), Pseudomonadota (phylum), Alphaproteobacteria (class), Caulobacterales (order), Caulobacteraceae (family), Caulobacter (genus), Caulobacter vibrioides (species)	Caulobacter vibrioides (strain NA1000 / CB15N) (Caulobacter crescentus)
Q9LBV3	1961	cellular organisms (no rank), Bacteria (domain), Bacillati (kingdom), Actinomycetota (phylum), Actinomycetes (class), Kitasatosporales (order), Streptomycetaceae (family), Streptomyces (genus)	Streptomyces virginiae (Streptomyces cinnamonensis)
Q8Z8X1	90370	cellular organisms (no rank), Bacteria (domain), Pseudomonadati (kingdom), Pseudomonadota (phylum), Gammaproteobacteria (class), Enterobacterales (order), Enterobacteriaceae (family), Salmonella (genus), Salmonella enterica (species), Salmonella enterica I (subspecies)	Salmonella typhi
A0A1I1NU16	1801619	cellular organisms (no rank), Bacteria (domain), Pseudomonadati (kingdom), Pseudomonadota (phylum), Betaproteobacteria (class), Burkholderiales (order), Oxalobacteraceae (family), Collimonas (genus), unclassified Collimonas (no rank)	Collimonas sp. (strain OK412)
P14611	381666	cellular organisms (no rank), Bacteria (domain), Pseudomonadati (kingdom), Pseudomonadota (phylum), Betaproteobacteria (class), Burkholderiales (order), Burkholderiaceae (family), Cupriavidus (genus), Cupriavidus necator (species)	Cupriavidus necator (strain ATCC 17699 / DSM 428 / KCTC 22496 / NCIMB 10442 / H16 / Stanier 337) (Ralstonia eutropha)
Q5PHV8	295319	cellular organisms (no rank), Bacteria (domain), Pseudomonadati (kingdom), Pseudomonadota (phylum), Gammaproteobacteria (class), Enterobacterales (order), Enterobacteriaceae (family), Salmonella (genus), Salmonella enterica (species), Salmonella enterica I (subspecies), Salmonella paratyphi A (no rank)	Salmonella paratyphi A (strain ATCC 9150 / SARB42)
A3PZ65	164757	cellular organisms (no rank), Bacteria (domain), Bacillati (kingdom), Actinomycetota (phylum), Actinomycetes (class), Mycobacteriales (order), Mycobacteriaceae (family), Mycobacterium (genus), unclassified Mycobacterium (no rank)	Mycobacterium sp. (strain JLS)
P03540	3052300	Viruses (no rank), Riboviria (realm), Orthornavirae (kingdom), Negarnaviricota (phylum), Polyploviricotina (subphylum), Bunyaviricetes (class), Hareavirales (order), Arenaviridae (family), Mammarenavirus (genus)	Pichinde mammarenavirus (PICV) (Pichind mammarenavirus)
O33477	306	cellular organisms (no rank), Bacteria (domain), Pseudomonadati (kingdom), Pseudomonadota (phylum), Gammaproteobacteria (class), Pseudomonadales (order), Pseudomonadaceae (family), Pseudomonas (genus), unclassified Pseudomonas (no rank)	Pseudomonas sp
Q53882	45212	cellular organisms (no rank), Bacteria (domain), Bacillati (kingdom), Actinomycetota (phylum), Actinomycetes (class), Kitasatosporales (order), Streptomycetaceae (family), Streptomyces (genus), unclassified Streptomyces (no rank)	Streptomyces sp. (strain C5)
Q50497	79929	cellular organisms (no rank), Archaea (domain), Methanobacteriati (kingdom), Methanobacteriota (phylum), Methanomada group (clade), Methanobacteria (class), Methanobacteriales (order), Methanobacteriaceae (family), Methanothermobacter (genus), Methanothermobacter marburgensis (species)	Methanothermobacter marburgensis (strain ATCC BAA-927 / DSM 2133 / JCM 14651 / NBRC 100331 / OCM 82 / Marburg) (Methanobacterium thermoautotrophicum)
Q82WA8	228410	cellular organisms (no rank), Bacteria (domain), Pseudomonadati (kingdom), Pseudomonadota (phylum), Betaproteobacteria (class), Nitrosomonadales (order), Nitrosomonadaceae (family), Nitrosomonas (genus), Nitrosomonas europaea (species)	Nitrosomonas europaea (strain ATCC 19718 / CIP 103999 / KCTC 2705 / NBRC 14298)
Q9CM00	272843	cellular organisms (no rank), Bacteria (domain), Pseudomonadati (kingdom), Pseudomonadota (phylum), Gammaproteobacteria (class), Pasteurellales (order), Pasteurellaceae (family), Pasteurella (genus), Pasteurella multocida (species), Pasteurella multocida subsp. multocida (subspecies)	Pasteurella multocida (strain Pm70)
Q7V8Y5	74547	cellular organisms (no rank), Bacteria (domain), Bacillati (kingdom), Cyanobacteriota/Melainabacteria group (clade), Cyanobacteriota (phylum), Cyanophyceae (class), Synechococcales (order), Prochlorococcaceae (family), Prochlorococcus (genus), Prochlorococcus marinus (species)	Prochlorococcus marinus (strain MIT 9313)
P21795	1772	cellular organisms (no rank), Bacteria (domain), Bacillati (kingdom), Actinomycetota (phylum), Actinomycetes (class), Mycobacteriales (order), Mycobacteriaceae (family), Mycolicibacterium (genus)	Mycolicibacterium smegmatis (Mycobacterium smegmatis)
Q9I492	208964	cellular organisms (no rank), Bacteria (domain), Pseudomonadati (kingdom), Pseudomonadota (phylum), Gammaproteobacteria (class), Pseudomonadales (order), Pseudomonadaceae (family), Pseudomonas (genus), Pseudomonas aeruginosa group (no rank), Pseudomonas aeruginosa (species)	Pseudomonas aeruginosa (strain ATCC 15692 / DSM 22644 / CIP 104116 / JCM 14847 / LMG 12228 / 1C / PRS 101 / PAO1)
K7N5M8	385957	cellular organisms (no rank), Bacteria (domain), Bacillati (kingdom), Actinomycetota (phylum), Actinomycetes (class), Pseudonocardiales (order), Pseudonocardiaceae (family), Amycolatopsis (genus), unclassified Amycolatopsis (no rank)	Amycolatopsis sp. (strain ATCC 39116 / 75iv2)
Q9RA51	262724	cellular organisms (no rank), Bacteria (domain), Thermotogati (kingdom), Deinococcota (phylum), Deinococci (class), Thermales (order), Thermaceae (family), Thermus (genus), Thermus thermophilus (species)	Thermus thermophilus (strain ATCC BAA-163 / DSM 7039 / HB27)
Q7MPS9	196600	cellular organisms (no rank), Bacteria (domain), Pseudomonadati (kingdom), Pseudomonadota (phylum), Gammaproteobacteria (class), Vibrionales (order), Vibrionaceae (family), Vibrio (genus), Vibrio vulnificus (species)	Vibrio vulnificus (strain YJ016)
L0DSL2	1255043	cellular organisms (no rank), Bacteria (domain), Pseudomonadati (kingdom), Pseudomonadota (phylum), Gammaproteobacteria (class), Chromatiales (order), Ectothiorhodospiraceae (family), Thioalkalivibrio (genus), Thioalkalivibrio nitratireducens (species)	Thioalkalivibrio nitratireducens (strain DSM 14787 / UNIQEM 213 / ALEN2)
P17297	307	cellular organisms (no rank), Bacteria (domain), Pseudomonadati (kingdom), Pseudomonadota (phylum), Pseudomonadota incertae sedis (no rank), unclassified pseudomonads (no rank)	Pseudomonas sp. (strain KKS102)
A6M9B7	562	cellular organisms (no rank), Bacteria (domain), Pseudomonadati (kingdom), Pseudomonadota (phylum), Gammaproteobacteria (class), Enterobacterales (order), Enterobacteriaceae (family), Escherichia (genus)	Escherichia coli
P44859	71421	cellular organisms (no rank), Bacteria (domain), Pseudomonadati (kingdom), Pseudomonadota (phylum), Gammaproteobacteria (class), Pasteurellales (order), Pasteurellaceae (family), Haemophilus (genus), Haemophilus influenzae (species)	Haemophilus influenzae (strain ATCC 51907 / DSM 11121 / KW20 / Rd)
Q5NAI7	39947	cellular organisms (no rank), Eukaryota (domain), Viridiplantae (kingdom), Streptophyta (phylum), Streptophytina (subphylum), Embryophyta (clade), Tracheophyta (clade), Euphyllophyta (clade), Spermatophyta (clade), Magnoliopsida (class), Mesangiospermae (clade), Liliopsida (clade), Petrosaviidae (subclass), commelinids (clade), Poales (order), Poaceae (family), BOP clade (clade), Oryzoideae (subfamily), Oryzeae (tribe), Oryzinae (subtribe), Oryza (genus), Oryza sativa (species)	Oryza sativa subsp. japonica (Rice)
I7ASS7	765715	cellular organisms (no rank), Bacteria (domain), Pseudomonadati (kingdom), Pseudomonadota (phylum), Gammaproteobacteria (class), Pseudomonadales (order), Pseudomonadaceae (family), Pseudomonas (genus), unclassified Pseudomonas (no rank)	Pseudomonas sp. (strain CBB1)
O25026	85962	cellular organisms (no rank), Bacteria (domain), Pseudomonadati (kingdom), Campylobacterota (phylum), Epsilonproteobacteria (class), Campylobacterales (order), Helicobacteraceae (family), Helicobacter (genus), Helicobacter pylori (species)	Helicobacter pylori (strain ATCC 700392 / 26695) (Campylobacter pylori)
A1B486	318586	cellular organisms (no rank), Bacteria (domain), Pseudomonadati (kingdom), Pseudomonadota (phylum), Alphaproteobacteria (class), Rhodobacterales (order), Paracoccaceae (family), Paracoccus (genus), Paracoccus denitrificans (species)	Paracoccus denitrificans (strain Pd 1222)
A0R758	246196	cellular organisms (no rank), Bacteria (domain), Bacillati (kingdom), Actinomycetota (phylum), Actinomycetes (class), Mycobacteriales (order), Mycobacteriaceae (family), Mycolicibacterium (genus), Mycolicibacterium smegmatis (species)	Mycolicibacterium smegmatis (strain ATCC 700084 / mc(2)155) (Mycobacterium smegmatis)
O31644	224308	cellular organisms (no rank), Bacteria (domain), Bacillati (kingdom), Bacillota (phylum), Bacilli (class), Caryophanales (order), Bacillaceae (family), Bacillus (genus), Bacillus subtilis group (no rank), Bacillus subtilis (species), Bacillus subtilis subsp. subtilis (subspecies)	Bacillus subtilis (strain 168)
A8LS88	398580	cellular organisms (no rank), Bacteria (domain), Pseudomonadati (kingdom), Pseudomonadota (phylum), Alphaproteobacteria (class), Rhodobacterales (order), Roseobacteraceae (family), Dinoroseobacter (genus), Dinoroseobacter shibae (species)	Dinoroseobacter shibae (strain DSM 16493 / NCIMB 14021 / DFL 12)
G2IQQ8	627192	cellular organisms (no rank), Bacteria (domain), Pseudomonadati (kingdom), Pseudomonadota (phylum), Alphaproteobacteria (class), Sphingomonadales (order), Sphingobiaceae (family), Sphingobium (genus), unclassified Sphingobium (no rank)	Sphingobium sp. (strain NBRC 103272 / SYK-6)
A0R5M7	246196	cellular organisms (no rank), Bacteria (domain), Bacillati (kingdom), Actinomycetota (phylum), Actinomycetes (class), Mycobacteriales (order), Mycobacteriaceae (family), Mycolicibacterium (genus), Mycolicibacterium smegmatis (species)	Mycolicibacterium smegmatis (strain ATCC 700084 / mc(2)155) (Mycobacterium smegmatis)
Q9WIK0	1453082	Viruses (no rank), Viruses incertae sedis (no rank), Alphasatellitidae (family), Nanoalphasatellitinae (subfamily), unclassified Nanoalphasatellitinae (no rank)	Faba bean necrotic yellows C7 alphasatellite (FBNYC7A)
O91532	489457	Viruses (no rank), Riboviria (realm), Pararnavirae (kingdom), Artverviricota (phylum), Revtraviricetes (class), Blubervirales (order), Hepadnaviridae (family), Orthohepadnavirus (genus), Orthohepadnavirus hominoidei (species), Hepatitis B virus (no rank), hepatitis B virus genotype A (no rank), HBV genotype A2 (no rank)	Hepatitis B virus genotype A2 (isolate Japan/11D11HCCW/1998) (HBV-A)
P00937	559292	cellular organisms (no rank), Eukaryota (domain), Opisthokonta (clade), Fungi (kingdom), Dikarya (subkingdom), Ascomycota (phylum), saccharomyceta (clade), Saccharomycotina (subphylum), Saccharomycetes (class), Saccharomycetales (order), Saccharomycetaceae (family), Saccharomyces (genus), Saccharomyces cerevisiae (species)	Saccharomyces cerevisiae (strain ATCC 204508 / S288c) (Baker's yeast)
A0A0H3AL67	345073	cellular organisms (no rank), Bacteria (domain), Pseudomonadati (kingdom), Pseudomonadota (phylum), Gammaproteobacteria (class), Vibrionales (order), Vibrionaceae (family), Vibrio (genus), Vibrio cholerae (species)	Vibrio cholerae serotype O1 (strain ATCC 39541 / Classical Ogawa 395 / O395)
P08695	1149133	cellular organisms (no rank), Bacteria (domain), Pseudomonadati (kingdom), Pseudomonadota (phylum), Gammaproteobacteria (class), Pseudomonadales (order), Pseudomonadaceae (family), Metapseudomonas (genus)	Metapseudomonas furukawaii (Pseudomonas furukawaii)
Q88VW2	220668	cellular organisms (no rank), Bacteria (domain), Bacillati (kingdom), Bacillota (phylum), Bacilli (class), Lactobacillales (order), Lactobacillaceae (family), Lactiplantibacillus (genus), Lactiplantibacillus plantarum (species)	Lactiplantibacillus plantarum (strain ATCC BAA-793 / NCIMB 8826 / WCFS1) (Lactobacillus plantarum)
Q84H44	75697	cellular organisms (no rank), Bacteria (domain), Pseudomonadati (kingdom), Pseudomonadota (phylum), Betaproteobacteria (class), Burkholderiales (order), Alcaligenaceae (family), Castellaniella (genus)	Castellaniella defragrans (Alcaligenes defragrans)
P31896	1085	cellular organisms (no rank), Bacteria (domain), Pseudomonadati (kingdom), Pseudomonadota (phylum), Alphaproteobacteria (class), Rhodospirillales (order), Rhodospirillaceae (family), Rhodospirillum (genus)	Rhodospirillum rubrum
Q2YIQ6	359391	cellular organisms (no rank), Bacteria (domain), Pseudomonadati (kingdom), Pseudomonadota (phylum), Alphaproteobacteria (class), Hyphomicrobiales (order), Brucellaceae (family), Brucella/Ochrobactrum group (no rank), Brucella (genus), Brucella melitensis group (no rank), Brucella abortus (species)	Brucella abortus (strain 2308)
B7N2J8	585397	cellular organisms (no rank), Bacteria (domain), Pseudomonadati (kingdom), Pseudomonadota (phylum), Gammaproteobacteria (class), Enterobacterales (order), Enterobacteriaceae (family), Escherichia (genus), Escherichia coli (species)	Escherichia coli O81 (strain ED1a)
Q9T1V4	2681603	Viruses (no rank), Duplodnaviria (realm), Heunggongvirae (kingdom), Uroviricota (phylum), Caudoviricetes (class), Caudoviricetes incertae sedis (no rank), Muvirus (genus), Muvirus mu (species)	Escherichia phage Mu (Bacteriophage Mu)
Q46338	69006	cellular organisms (no rank), Bacteria (domain), Bacillati (kingdom), Actinomycetota (phylum), Actinomycetes (class), Mycobacteriales (order), Corynebacteriaceae (family), Corynebacterium (genus), unclassified Corynebacterium (no rank)	Corynebacterium sp. (strain P-1)
Q1QDJ5	335284	cellular organisms (no rank), Bacteria (domain), Pseudomonadati (kingdom), Pseudomonadota (phylum), Gammaproteobacteria (class), Moraxellales (order), Moraxellaceae (family), Psychrobacter (genus), Psychrobacter cryohalolentis (species)	Psychrobacter cryohalolentis (strain ATCC BAA-1226 / DSM 17306 / VKM B-2378 / K5)
