Entry	Organism (ID)	Taxonomic lineage	Organism
Q66862	1453080	Viruses (no rank), Viruses incertae sedis (no rank), Alphasatellitidae (family), Nanoalphasatellitinae (subfamily), Subclovsatellite (genus), Subclovsatellite fababea (species)	Faba bean necrotic yellows C1 alphasatellite (FBNYC1A)
Q10L91	39947	cellular organisms (no rank), Eukaryota (domain), Viridiplantae (kingdom), Streptophyta (phylum), Streptophytina (subphylum), Embryophyta (clade), Tracheophyta (clade), Euphyllophyta (clade), Spermatophyta (clade), Magnoliopsida (class), Mesangiospermae (clade), Liliopsida (clade), Petrosaviidae (subclass), commelinids (clade), Poales (order), Poaceae (family), BOP clade (clade), Oryzoideae (subfamily), Oryzeae (tribe), Oryzinae (subtribe), Oryza (genus), Oryza sativa (species)	Oryza sativa subsp. japonica (Rice)
Q5WKB6	66692	cellular organisms (no rank), Bacteria (domain), Bacillati (kingdom), Bacillota (phylum), Bacilli (class), Caryophanales (order), Bacillaceae (family), Shouchella (genus), Shouchella clausii (species)	Shouchella clausii (strain KSM-K16) (Alkalihalobacillus clausii)
B8HNM9	395961	cellular organisms (no rank), Bacteria (domain), Bacillati (kingdom), Cyanobacteriota/Melainabacteria group (clade), Cyanobacteriota (phylum), Cyanophyceae (class), Gomontiellales (order), Cyanothecaceae (family), Cyanothece (genus), unclassified Cyanothece (no rank)	Cyanothece sp. (strain PCC 7425 / ATCC 29141)
B4F769	10116	cellular organisms (no rank), Eukaryota (domain), Opisthokonta (clade), Metazoa (kingdom), Eumetazoa (clade), Bilateria (clade), Deuterostomia (clade), Chordata (phylum), Craniata (subphylum), Vertebrata (clade), Gnathostomata (clade), Teleostomi (clade), Euteleostomi (clade), Sarcopterygii (superclass), Dipnotetrapodomorpha (clade), Tetrapoda (clade), Amniota (clade), Mammalia (class), Theria (clade), Eutheria (clade), Boreoeutheria (clade), Euarchontoglires (superorder), Glires (clade), Rodentia (order), Myomorpha (suborder), Muroidea (clade), Muridae (family), Murinae (subfamily), Rattus (genus)	Rattus norvegicus (Rat)
Q9ZNN8	1718	cellular organisms (no rank), Bacteria (domain), Bacillati (kingdom), Actinomycetota (phylum), Actinomycetes (class), Mycobacteriales (order), Corynebacteriaceae (family), Corynebacterium (genus)	Corynebacterium glutamicum (Brevibacterium saccharolyticum)
P95483	294	cellular organisms (no rank), Bacteria (domain), Pseudomonadati (kingdom), Pseudomonadota (phylum), Gammaproteobacteria (class), Pseudomonadales (order), Pseudomonadaceae (family), Pseudomonas (genus), Pseudomonas fluorescens group (no rank)	Pseudomonas fluorescens
P0C2T2	233413	cellular organisms (no rank), Bacteria (domain), Bacillati (kingdom), Actinomycetota (phylum), Actinomycetes (class), Mycobacteriales (order), Mycobacteriaceae (family), Mycobacterium (genus), Mycobacterium tuberculosis complex (no rank), Mycobacterium tuberculosis (species), Mycobacterium bovis (biotype)	Mycobacterium bovis (strain ATCC BAA-935 / AF2122/97)
Q0J954	39947	cellular organisms (no rank), Eukaryota (domain), Viridiplantae (kingdom), Streptophyta (phylum), Streptophytina (subphylum), Embryophyta (clade), Tracheophyta (clade), Euphyllophyta (clade), Spermatophyta (clade), Magnoliopsida (class), Mesangiospermae (clade), Liliopsida (clade), Petrosaviidae (subclass), commelinids (clade), Poales (order), Poaceae (family), BOP clade (clade), Oryzoideae (subfamily), Oryzeae (tribe), Oryzinae (subtribe), Oryza (genus), Oryza sativa (species)	Oryza sativa subsp. japonica (Rice)
B7IQN3	405531	cellular organisms (no rank), Bacteria (domain), Bacillati (kingdom), Bacillota (phylum), Bacilli (class), Caryophanales (order), Bacillaceae (family), Bacillus (genus), Bacillus cereus group (no rank), Bacillus cereus (species)	Bacillus cereus (strain G9842)
P47249	243273	cellular organisms (no rank), Bacteria (domain), Bacillati (kingdom), Mycoplasmatota (phylum), Mycoplasmoidales (order), Mycoplasmoidaceae (family), Mycoplasmoides (genus), Mycoplasmoides genitalium (species)	Mycoplasmoides genitalium (strain ATCC 33530 / DSM 19775 / NCTC 10195 / G37) (Mycoplasma genitalium)
C5BNR1	377629	cellular organisms (no rank), Bacteria (domain), Pseudomonadati (kingdom), Pseudomonadota (phylum), Gammaproteobacteria (class), Cellvibrionales (order), Cellvibrionaceae (family), Teredinibacter (genus), Teredinibacter turnerae (species)	Teredinibacter turnerae (strain ATCC 39867 / T7901)
P06245	559292	cellular organisms (no rank), Eukaryota (domain), Opisthokonta (clade), Fungi (kingdom), Dikarya (subkingdom), Ascomycota (phylum), saccharomyceta (clade), Saccharomycotina (subphylum), Saccharomycetes (class), Saccharomycetales (order), Saccharomycetaceae (family), Saccharomyces (genus), Saccharomyces cerevisiae (species)	Saccharomyces cerevisiae (strain ATCC 204508 / S288c) (Baker's yeast)
A7FW72	441770	cellular organisms (no rank), Bacteria (domain), Bacillati (kingdom), Bacillota (phylum), Clostridia (class), Eubacteriales (order), Clostridiaceae (family), Clostridium (genus), Clostridium botulinum group (no rank), Clostridium botulinum (species), Clostridium botulinum A (no rank)	Clostridium botulinum (strain ATCC 19397 / Type A)
B1X8W8	316385	cellular organisms (no rank), Bacteria (domain), Pseudomonadati (kingdom), Pseudomonadota (phylum), Gammaproteobacteria (class), Enterobacterales (order), Enterobacteriaceae (family), Escherichia (genus), Escherichia coli (species), Escherichia coli (strain K12) (strain)	Escherichia coli (strain K12 / DH10B)
Q79VI4	196627	cellular organisms (no rank), Bacteria (domain), Bacillati (kingdom), Actinomycetota (phylum), Actinomycetes (class), Mycobacteriales (order), Corynebacteriaceae (family), Corynebacterium (genus), Corynebacterium glutamicum (species)	Corynebacterium glutamicum (strain ATCC 13032 / DSM 20300 / JCM 1318 / BCRC 11384 / CCUG 27702 / LMG 3730 / NBRC 12168 / NCIMB 10025 / NRRL B-2784 / 534)
B6JM82	570508	cellular organisms (no rank), Bacteria (domain), Pseudomonadati (kingdom), Campylobacterota (phylum), Epsilonproteobacteria (class), Campylobacterales (order), Helicobacteraceae (family), Helicobacter (genus), Helicobacter pylori (species)	Helicobacter pylori (strain P12)
Q0VM60	393595	cellular organisms (no rank), Bacteria (domain), Pseudomonadati (kingdom), Pseudomonadota (phylum), Gammaproteobacteria (class), Oceanospirillales (order), Alcanivoracaceae (family), Alcanivorax (genus), Alcanivorax borkumensis (species)	Alcanivorax borkumensis (strain ATCC 700651 / DSM 11573 / NCIMB 13689 / SK2)
Q74FU5	243231	cellular organisms (no rank), Bacteria (domain), Pseudomonadati (kingdom), Thermodesulfobacteriota (phylum), Desulfuromonadia (class), Geobacterales (order), Geobacteraceae (family), Geobacter (genus), Geobacter sulfurreducens (species)	Geobacter sulfurreducens (strain ATCC 51573 / DSM 12127 / PCA)
O50146	262724	cellular organisms (no rank), Bacteria (domain), Thermotogati (kingdom), Deinococcota (phylum), Deinococci (class), Thermales (order), Thermaceae (family), Thermus (genus), Thermus thermophilus (species)	Thermus thermophilus (strain ATCC BAA-163 / DSM 7039 / HB27)
P36204	243274	cellular organisms (no rank), Bacteria (domain), Thermotogati (kingdom), Thermotogota (phylum), Thermotogae (class), Thermotogales (order), Thermotogaceae (family), Thermotoga (genus), Thermotoga maritima (species)	Thermotoga maritima (strain ATCC 43589 / DSM 3109 / JCM 10099 / NBRC 100826 / MSB8)
P21685	553	cellular organisms (no rank), Bacteria (domain), Pseudomonadati (kingdom), Pseudomonadota (phylum), Gammaproteobacteria (class), Enterobacterales (order), Erwiniaceae (family), Pantoea (genus)	Pantoea ananas (Erwinia uredovora)
P24849	1891754	Viruses (no rank), Floreoviria (realm), Shotokuvirae (kingdom), Cossaviricota (phylum), Papovaviricetes (class), Sepolyvirales (order), Polyomaviridae (family), Epsilonpolyomavirus (genus)	Bovine polyomavirus (BPyV) (Bos taurus polyomavirus 1)
Q9WMB5	645098	Viruses (no rank), Riboviria (realm), Orthornavirae (kingdom), Negarnaviricota (phylum), Haploviricotina (subphylum), Monjiviricetes (class), Mononegavirales (order), Paramyxoviridae (family), Orthoparamyxovirinae (subfamily), Morbillivirus (genus), Morbillivirus hominis (species), Measles morbillivirus (no rank)	Measles virus (strain Ichinose-B95a) (MeV) (Subacute sclerose panencephalitis virus)
P50216	196627	cellular organisms (no rank), Bacteria (domain), Bacillati (kingdom), Actinomycetota (phylum), Actinomycetes (class), Mycobacteriales (order), Corynebacteriaceae (family), Corynebacterium (genus), Corynebacterium glutamicum (species)	Corynebacterium glutamicum (strain ATCC 13032 / DSM 20300 / JCM 1318 / BCRC 11384 / CCUG 27702 / LMG 3730 / NBRC 12168 / NCIMB 10025 / NRRL B-2784 / 534)
Q4L7B1	279808	cellular organisms (no rank), Bacteria (domain), Bacillati (kingdom), Bacillota (phylum), Bacilli (class), Caryophanales (order), Staphylococcaceae (family), Staphylococcus (genus), Staphylococcus haemolyticus (species)	Staphylococcus haemolyticus (strain JCSC1435)
Q81T69	1392	cellular organisms (no rank), Bacteria (domain), Bacillati (kingdom), Bacillota (phylum), Bacilli (class), Caryophanales (order), Bacillaceae (family), Bacillus (genus), Bacillus cereus group (no rank)	Bacillus anthracis
B2S6U9	430066	cellular organisms (no rank), Bacteria (domain), Pseudomonadati (kingdom), Pseudomonadota (phylum), Alphaproteobacteria (class), Hyphomicrobiales (order), Brucellaceae (family), Brucella/Ochrobactrum group (no rank), Brucella (genus), Brucella melitensis group (no rank), Brucella abortus (species)	Brucella abortus (strain S19)
Q8KZT5	196628	cellular organisms (no rank), Bacteria (domain), Bacillati (kingdom), Actinomycetota (phylum), Actinomycetes (class), Micrococcales (order), Micrococcaceae (family), Arthrobacter (genus), unclassified Arthrobacter (no rank)	Arthrobacter sp. (strain KUJ 8602)
A0A0H2URU9	170187	cellular organisms (no rank), Bacteria (domain), Bacillati (kingdom), Bacillota (phylum), Bacilli (class), Lactobacillales (order), Streptococcaceae (family), Streptococcus (genus), Streptococcus pneumoniae (species)	Streptococcus pneumoniae serotype 4 (strain ATCC BAA-334 / TIGR4)
P52231	1111708	cellular organisms (no rank), Bacteria (domain), Bacillati (kingdom), Cyanobacteriota/Melainabacteria group (clade), Cyanobacteriota (phylum), Cyanophyceae (class), Synechococcales (order), Merismopediaceae (family), Synechocystis (genus), unclassified Synechocystis (no rank), Synechocystis sp. PCC 6803 (species)	Synechocystis sp. (strain ATCC 27184 / PCC 6803 / Kazusa)
P11652	1752	cellular organisms (no rank), Bacteria (domain), Bacillati (kingdom), Actinomycetota (phylum), Actinomycetes (class), Propionibacteriales (order), Propionibacteriaceae (family), Propionibacterium (genus), Propionibacterium freudenreichii (species)	Propionibacterium freudenreichii subsp. shermanii
G8GER6	2021	cellular organisms (no rank), Bacteria (domain), Bacillati (kingdom), Actinomycetota (phylum), Actinomycetes (class), Streptosporangiales (order), Nocardiopsidaceae (family), Thermobifida (genus)	Thermobifida fusca (Thermomonospora fusca)
P52557	1394	cellular organisms (no rank), Bacteria (domain), Bacillati (kingdom), Bacillota (phylum), Bacilli (class), Caryophanales (order), Anoxybacillaceae (family), Geobacillus (genus), Geobacillus thermoleovorans group (no rank)	Bacillus caldolyticus
P00780	1402	cellular organisms (no rank), Bacteria (domain), Bacillati (kingdom), Bacillota (phylum), Bacilli (class), Caryophanales (order), Bacillaceae (family), Bacillus (genus), Bacillus subtilis group (no rank)	Bacillus licheniformis
Q21DT6	203122	cellular organisms (no rank), Bacteria (domain), Pseudomonadati (kingdom), Pseudomonadota (phylum), Gammaproteobacteria (class), Cellvibrionales (order), Cellvibrionaceae (family), Saccharophagus (genus), Saccharophagus degradans (species)	Saccharophagus degradans (strain 2-40 / ATCC 43961 / DSM 17024)
Q32BQ8	300267	cellular organisms (no rank), Bacteria (domain), Pseudomonadati (kingdom), Pseudomonadota (phylum), Gammaproteobacteria (class), Enterobacterales (order), Enterobacteriaceae (family), Shigella (genus), Shigella dysenteriae (species)	Shigella dysenteriae serotype 1 (strain Sd197)
Q3ANY4	340177	cellular organisms (no rank), Bacteria (domain), Pseudomonadati (kingdom), FCB group (clade), Bacteroidota/Chlorobiota group (clade), Chlorobiota (phylum), Chlorobiia (class), Chlorobiales (order), Chlorobiaceae (family), Chlorobium/Pelodictyon group (no rank), Chlorobium (genus), Chlorobium chlorochromatii (species)	Chlorobium chlorochromatii (strain CaD3)
Q5W9R9	306	cellular organisms (no rank), Bacteria (domain), Pseudomonadati (kingdom), Pseudomonadota (phylum), Gammaproteobacteria (class), Pseudomonadales (order), Pseudomonadaceae (family), Pseudomonas (genus), unclassified Pseudomonas (no rank)	Pseudomonas sp
P28623	573061	cellular organisms (no rank), Bacteria (domain), Bacillati (kingdom), Bacillota (phylum), Clostridia (class), Eubacteriales (order), Clostridiaceae (family), Clostridium (genus), Clostridium cellulovorans (species)	Clostridium cellulovorans (strain ATCC 35296 / DSM 3052 / OCM 3 / 743B)
A5PLL7	9606	cellular organisms (no rank), Eukaryota (domain), Opisthokonta (clade), Metazoa (kingdom), Eumetazoa (clade), Bilateria (clade), Deuterostomia (clade), Chordata (phylum), Craniata (subphylum), Vertebrata (clade), Gnathostomata (clade), Teleostomi (clade), Euteleostomi (clade), Sarcopterygii (superclass), Dipnotetrapodomorpha (clade), Tetrapoda (clade), Amniota (clade), Mammalia (class), Theria (clade), Eutheria (clade), Boreoeutheria (clade), Euarchontoglires (superorder), Primates (order), Haplorrhini (suborder), Simiiformes (infraorder), Catarrhini (parvorder), Hominoidea (superfamily), Hominidae (family), Homininae (subfamily), Homo (genus)	Homo sapiens (Human)
O34094	189518	cellular organisms (no rank), Bacteria (domain), Pseudomonadati (kingdom), Spirochaetota (phylum), Leptospiria (class), Leptospirales (order), Leptospiraceae (family), Leptospira (genus), Leptospira interrogans (species), Leptospira interrogans serovar Lai (no rank)	Leptospira interrogans serogroup Icterohaemorrhagiae serovar Lai (strain 56601)
P09438	324602	cellular organisms (no rank), Bacteria (domain), Bacillati (kingdom), Chloroflexota (phylum), Chloroflexia (class), Chloroflexales (order), Chloroflexineae (suborder), Chloroflexaceae (family), Chloroflexus (genus), Chloroflexus aurantiacus (species)	Chloroflexus aurantiacus (strain ATCC 29366 / DSM 635 / J-10-fl)
A0LFF8	335543	cellular organisms (no rank), Bacteria (domain), Pseudomonadati (kingdom), Thermodesulfobacteriota (phylum), Syntrophobacteria (class), Syntrophobacterales (order), Syntrophobacteraceae (family), Syntrophobacter (genus), Syntrophobacter fumaroxidans (species)	Syntrophobacter fumaroxidans (strain DSM 10017 / MPOB)
E0D208	1944	cellular organisms (no rank), Bacteria (domain), Bacillati (kingdom), Actinomycetota (phylum), Actinomycetes (class), Kitasatosporales (order), Streptomycetaceae (family), Streptomyces (genus), Streptomyces griseus group (no rank), Streptomyces halstedii subgroup (no rank)	Streptomyces halstedii
E0D207	1944	cellular organisms (no rank), Bacteria (domain), Bacillati (kingdom), Actinomycetota (phylum), Actinomycetes (class), Kitasatosporales (order), Streptomycetaceae (family), Streptomyces (genus), Streptomyces griseus group (no rank), Streptomyces halstedii subgroup (no rank)	Streptomyces halstedii
A0A0R6L508	562	cellular organisms (no rank), Bacteria (domain), Pseudomonadati (kingdom), Pseudomonadota (phylum), Gammaproteobacteria (class), Enterobacterales (order), Enterobacteriaceae (family), Escherichia (genus)	Escherichia coli
Q0AD92	335283	cellular organisms (no rank), Bacteria (domain), Pseudomonadati (kingdom), Pseudomonadota (phylum), Betaproteobacteria (class), Nitrosomonadales (order), Nitrosomonadaceae (family), Nitrosomonas (genus), Nitrosomonas eutropha (species)	Nitrosomonas eutropha (strain DSM 101675 / C91 / Nm57)
O27026	187420	cellular organisms (no rank), Archaea (domain), Methanobacteriati (kingdom), Methanobacteriota (phylum), Methanomada group (clade), Methanobacteria (class), Methanobacteriales (order), Methanobacteriaceae (family), Methanothermobacter (genus), Methanothermobacter thermautotrophicus (species)	Methanothermobacter thermautotrophicus (strain ATCC 29096 / DSM 1053 / JCM 10044 / NBRC 100330 / Delta H) (Methanobacterium thermoautotrophicum)
Q88CZ8	160488	cellular organisms (no rank), Bacteria (domain), Pseudomonadati (kingdom), Pseudomonadota (phylum), Gammaproteobacteria (class), Pseudomonadales (order), Pseudomonadaceae (family), Pseudomonas (genus), Pseudomonas putida group (no rank), Pseudomonas putida (species)	Pseudomonas putida (strain ATCC 47054 / DSM 6125 / CFBP 8728 / NCIMB 11950 / KT2440)
Q8PTX6	192952	cellular organisms (no rank), Archaea (domain), Methanobacteriati (kingdom), Methanobacteriota (phylum), Stenosarchaea group (clade), Methanomicrobia (class), Methanosarcinales (order), Methanosarcinaceae (family), Methanosarcina (genus), Methanosarcina mazei (species)	Methanosarcina mazei (strain ATCC BAA-159 / DSM 3647 / Goe1 / Go1 / JCM 11833 / OCM 88) (Methanosarcina frisia)
A5GVR3	316278	cellular organisms (no rank), Bacteria (domain), Bacillati (kingdom), Cyanobacteriota/Melainabacteria group (clade), Cyanobacteriota (phylum), Cyanophyceae (class), Synechococcales (order), Synechococcaceae (family), Synechococcus (genus), unclassified Synechococcus (no rank)	Synechococcus sp. (strain RCC307)
Q318F2	74546	cellular organisms (no rank), Bacteria (domain), Bacillati (kingdom), Cyanobacteriota/Melainabacteria group (clade), Cyanobacteriota (phylum), Cyanophyceae (class), Synechococcales (order), Prochlorococcaceae (family), Prochlorococcus (genus), Prochlorococcus marinus (species)	Prochlorococcus marinus (strain MIT 9312)
A2SAU5	412022	cellular organisms (no rank), Bacteria (domain), Pseudomonadati (kingdom), Pseudomonadota (phylum), Betaproteobacteria (class), Burkholderiales (order), Burkholderiaceae (family), Burkholderia (genus), pseudomallei group (no rank), Burkholderia mallei (species)	Burkholderia mallei (strain NCTC 10229)
Q7M181	37486	cellular organisms (no rank), Bacteria (domain), Pseudomonadati (kingdom), Pseudomonadota (phylum), Betaproteobacteria (class), Burkholderiales (order), Alcaligenaceae (family), Achromobacter (genus)	Achromobacter obae
Q0HXH1	60481	cellular organisms (no rank), Bacteria (domain), Pseudomonadati (kingdom), Pseudomonadota (phylum), Gammaproteobacteria (class), Alteromonadales (order), Shewanellaceae (family), Shewanella (genus), unclassified Shewanella (no rank)	Shewanella sp. (strain MR-7)
A5ILV3	390874	cellular organisms (no rank), Bacteria (domain), Thermotogati (kingdom), Thermotogota (phylum), Thermotogae (class), Thermotogales (order), Thermotogaceae (family), Thermotoga (genus), Thermotoga petrophila (species)	Thermotoga petrophila (strain ATCC BAA-488 / DSM 13995 / JCM 10881 / RKU-1)
Q7BLV3	747	cellular organisms (no rank), Bacteria (domain), Pseudomonadati (kingdom), Pseudomonadota (phylum), Gammaproteobacteria (class), Pasteurellales (order), Pasteurellaceae (family), Pasteurella (genus)	Pasteurella multocida
Q806Y7	3052477	Viruses (no rank), Riboviria (realm), Orthornavirae (kingdom), Negarnaviricota (phylum), Polyploviricotina (subphylum), Bunyaviricetes (class), Elliovirales (order), Hantaviridae (family), Mammantavirinae (subfamily), Orthohantavirus (genus)	Dobrava-Belgrade orthohantavirus (DOBV) (Dobrava virus)
O51396	224326	cellular organisms (no rank), Bacteria (domain), Pseudomonadati (kingdom), Spirochaetota (phylum), Spirochaetia (class), Spirochaetales (order), Borreliaceae (family), Borreliella (genus), Borreliella burgdorferi (species)	Borreliella burgdorferi (strain ATCC 35210 / DSM 4680 / CIP 102532 / B31) (Borrelia burgdorferi)
A0A0H2ZQB9	373153	cellular organisms (no rank), Bacteria (domain), Bacillati (kingdom), Bacillota (phylum), Bacilli (class), Lactobacillales (order), Streptococcaceae (family), Streptococcus (genus), Streptococcus pneumoniae (species)	Streptococcus pneumoniae serotype 2 (strain D39 / NCTC 7466)
P19732	79676	cellular organisms (no rank), Bacteria (domain), Pseudomonadati (kingdom), Pseudomonadota (phylum), Pseudomonadota incertae sedis (no rank), unclassified pseudomonads (no rank)	Pseudomonas sp. (strain CF600)
Q32AG9	300267	cellular organisms (no rank), Bacteria (domain), Pseudomonadati (kingdom), Pseudomonadota (phylum), Gammaproteobacteria (class), Enterobacterales (order), Enterobacteriaceae (family), Shigella (genus), Shigella dysenteriae (species)	Shigella dysenteriae serotype 1 (strain Sd197)
Q28VS6	290400	cellular organisms (no rank), Bacteria (domain), Pseudomonadati (kingdom), Pseudomonadota (phylum), Alphaproteobacteria (class), Rhodobacterales (order), Roseobacteraceae (family), Jannaschia (genus), unclassified Jannaschia (no rank)	Jannaschia sp. (strain CCS1)
Q5R142	283942	cellular organisms (no rank), Bacteria (domain), Pseudomonadati (kingdom), Pseudomonadota (phylum), Gammaproteobacteria (class), Alteromonadales (order), Idiomarinaceae (family), Idiomarina (genus), Idiomarina loihiensis (species)	Idiomarina loihiensis (strain ATCC BAA-735 / DSM 15497 / L2-TR)
F9UST1	220668	cellular organisms (no rank), Bacteria (domain), Bacillati (kingdom), Bacillota (phylum), Bacilli (class), Lactobacillales (order), Lactobacillaceae (family), Lactiplantibacillus (genus), Lactiplantibacillus plantarum (species)	Lactiplantibacillus plantarum (strain ATCC BAA-793 / NCIMB 8826 / WCFS1) (Lactobacillus plantarum)
Q6FEQ3	62977	cellular organisms (no rank), Bacteria (domain), Pseudomonadati (kingdom), Pseudomonadota (phylum), Gammaproteobacteria (class), Moraxellales (order), Moraxellaceae (family), Acinetobacter (genus), Acinetobacter baylyi (species)	Acinetobacter baylyi (strain ATCC 33305 / BD413 / ADP1)
A5CX33	412965	cellular organisms (no rank), Bacteria (domain), Pseudomonadati (kingdom), Pseudomonadota (phylum), Gammaproteobacteria (class), Gammaproteobacteria incertae sedis (no rank), Candidatus Pseudothioglobaceae (family), Candidatus Vesicomyidisocius (genus)	Vesicomyosocius okutanii subsp. Calyptogena okutanii (strain HA)
A0A031WDE4	1496	cellular organisms (no rank), Bacteria (domain), Bacillati (kingdom), Bacillota (phylum), Clostridia (class), Peptostreptococcales (order), Peptostreptococcaceae (family), Clostridioides (genus)	Clostridioides difficile (Peptoclostridium difficile)
P39787	224308	cellular organisms (no rank), Bacteria (domain), Bacillati (kingdom), Bacillota (phylum), Bacilli (class), Caryophanales (order), Bacillaceae (family), Bacillus (genus), Bacillus subtilis group (no rank), Bacillus subtilis (species), Bacillus subtilis subsp. subtilis (subspecies)	Bacillus subtilis (strain 168)
Q49Z73	342451	cellular organisms (no rank), Bacteria (domain), Bacillati (kingdom), Bacillota (phylum), Bacilli (class), Caryophanales (order), Staphylococcaceae (family), Staphylococcus (genus), Staphylococcus saprophyticus (species)	Staphylococcus saprophyticus subsp. saprophyticus (strain ATCC 15305 / DSM 20229 / NCIMB 8711 / NCTC 7292 / S-41)
Q727P4	882	cellular organisms (no rank), Bacteria (domain), Pseudomonadati (kingdom), Thermodesulfobacteriota (phylum), Desulfovibrionia (class), Desulfovibrionales (order), Desulfovibrionaceae (family), Nitratidesulfovibrio (genus), Nitratidesulfovibrio vulgaris (species)	Nitratidesulfovibrio vulgaris (strain ATCC 29579 / DSM 644 / CCUG 34227 / NCIMB 8303 / VKM B-1760 / Hildenborough) (Desulfovibrio vulgaris)
A0A0H2ZGN6	208963	cellular organisms (no rank), Bacteria (domain), Pseudomonadati (kingdom), Pseudomonadota (phylum), Gammaproteobacteria (class), Pseudomonadales (order), Pseudomonadaceae (family), Pseudomonas (genus), Pseudomonas aeruginosa group (no rank), Pseudomonas aeruginosa (species)	Pseudomonas aeruginosa (strain UCBPP-PA14)
Q7TUK1	74547	cellular organisms (no rank), Bacteria (domain), Bacillati (kingdom), Cyanobacteriota/Melainabacteria group (clade), Cyanobacteriota (phylum), Cyanophyceae (class), Synechococcales (order), Prochlorococcaceae (family), Prochlorococcus (genus), Prochlorococcus marinus (species)	Prochlorococcus marinus (strain MIT 9313)
Q8ES77	221109	cellular organisms (no rank), Bacteria (domain), Bacillati (kingdom), Bacillota (phylum), Bacilli (class), Caryophanales (order), Bacillaceae (family), Oceanobacillus (genus), Oceanobacillus iheyensis (species)	Oceanobacillus iheyensis (strain DSM 14371 / CIP 107618 / JCM 11309 / KCTC 3954 / HTE831)
Q0AXM5	335541	cellular organisms (no rank), Bacteria (domain), Bacillati (kingdom), Bacillota (phylum), Clostridia (class), Eubacteriales (order), Syntrophomonadaceae (family), Syntrophomonas (genus), Syntrophomonas wolfei (species), Syntrophomonas wolfei subsp. wolfei (subspecies)	Syntrophomonas wolfei subsp. wolfei (strain DSM 2245B / Goettingen)
O67137	224324	cellular organisms (no rank), Bacteria (domain), Pseudomonadati (kingdom), Aquificota (phylum), Aquificia (class), Aquificales (order), Aquificaceae (family), Aquifex (genus), Aquifex aeolicus (species)	Aquifex aeolicus (strain VF5)
Q8ZPX9	99287	cellular organisms (no rank), Bacteria (domain), Pseudomonadati (kingdom), Pseudomonadota (phylum), Gammaproteobacteria (class), Enterobacterales (order), Enterobacteriaceae (family), Salmonella (genus), Salmonella enterica (species), Salmonella enterica I (subspecies), Salmonella typhimurium (no rank)	Salmonella typhimurium (strain LT2 / SGSC1412 / ATCC 700720)
C4LK80	645127	cellular organisms (no rank), Bacteria (domain), Bacillati (kingdom), Actinomycetota (phylum), Actinomycetes (class), Mycobacteriales (order), Corynebacteriaceae (family), Corynebacterium (genus), Corynebacterium kroppenstedtii (species)	Corynebacterium kroppenstedtii (strain DSM 44385 / JCM 11950 / CIP 105744 / CCUG 35717)
B3QTR8	517418	cellular organisms (no rank), Bacteria (domain), Pseudomonadati (kingdom), FCB group (clade), Bacteroidota/Chlorobiota group (clade), Chlorobiota (phylum), Chlorobiia (class), Chlorobiales (order), Chloroherpetonaceae (family), Chloroherpeton (genus), Chloroherpeton thalassium (species)	Chloroherpeton thalassium (strain ATCC 35110 / GB-78)
P16171	1396	cellular organisms (no rank), Bacteria (domain), Bacillati (kingdom), Bacillota (phylum), Bacilli (class), Caryophanales (order), Bacillaceae (family), Bacillus (genus), Bacillus cereus group (no rank)	Bacillus cereus
B4RMG2	521006	cellular organisms (no rank), Bacteria (domain), Pseudomonadati (kingdom), Pseudomonadota (phylum), Betaproteobacteria (class), Neisseriales (order), Neisseriaceae (family), Neisseria (genus), Neisseria gonorrhoeae (species)	Neisseria gonorrhoeae (strain NCCP11945)
A8G7N0	399741	cellular organisms (no rank), Bacteria (domain), Pseudomonadati (kingdom), Pseudomonadota (phylum), Gammaproteobacteria (class), Enterobacterales (order), Yersiniaceae (family), Serratia (genus), Serratia proteamaculans (species)	Serratia proteamaculans (strain 568)
Q59589	246197	cellular organisms (no rank), Bacteria (domain), Pseudomonadati (kingdom), Myxococcota (phylum), Myxococcia (class), Myxococcales (order), Cystobacterineae (suborder), Myxococcaceae (family), Myxococcus (genus), Myxococcus xanthus (species)	Myxococcus xanthus (strain DK1622)
W8X9R6	1437824	cellular organisms (no rank), Bacteria (domain), Pseudomonadati (kingdom), Pseudomonadota (phylum), Betaproteobacteria (class), Burkholderiales (order), Alcaligenaceae (family), Castellaniella (genus), Castellaniella defragrans (species)	Castellaniella defragrans (strain DSM 12143 / CCUG 39792 / 65Phen) (Alcaligenes defragrans)
Q12FR3	296591	cellular organisms (no rank), Bacteria (domain), Pseudomonadati (kingdom), Pseudomonadota (phylum), Betaproteobacteria (class), Burkholderiales (order), Comamonadaceae (family), Polaromonas (genus), unclassified Polaromonas (no rank)	Polaromonas sp. (strain JS666 / ATCC BAA-500)
Q9EYX5	99287	cellular organisms (no rank), Bacteria (domain), Pseudomonadati (kingdom), Pseudomonadota (phylum), Gammaproteobacteria (class), Enterobacterales (order), Enterobacteriaceae (family), Salmonella (genus), Salmonella enterica (species), Salmonella enterica I (subspecies), Salmonella typhimurium (no rank)	Salmonella typhimurium (strain LT2 / SGSC1412 / ATCC 700720)
Q8KDM7	194439	cellular organisms (no rank), Bacteria (domain), Pseudomonadati (kingdom), FCB group (clade), Bacteroidota/Chlorobiota group (clade), Chlorobiota (phylum), Chlorobiia (class), Chlorobiales (order), Chlorobiaceae (family), Chlorobaculum (genus), Chlorobaculum tepidum (species)	Chlorobaculum tepidum (strain ATCC 49652 / DSM 12025 / NBRC 103806 / TLS) (Chlorobium tepidum)
A0A0K2JL82	66881	cellular organisms (no rank), Bacteria (domain), Bacillati (kingdom), Actinomycetota (phylum), Actinomycetes (class), Kitasatosporales (order), Streptomycetaceae (family), Streptomyces (genus)	Streptomyces cremeus
Q5FJC0	272621	cellular organisms (no rank), Bacteria (domain), Bacillati (kingdom), Bacillota (phylum), Bacilli (class), Lactobacillales (order), Lactobacillaceae (family), Lactobacillus (genus), Lactobacillus acidophilus (species)	Lactobacillus acidophilus (strain ATCC 700396 / NCK56 / N2 / NCFM)
A7MJU1	290339	cellular organisms (no rank), Bacteria (domain), Pseudomonadati (kingdom), Pseudomonadota (phylum), Gammaproteobacteria (class), Enterobacterales (order), Enterobacteriaceae (family), Cronobacter (genus), Cronobacter sakazakii (species)	Cronobacter sakazakii (strain ATCC BAA-894) (Enterobacter sakazakii)
P11961	1422	cellular organisms (no rank), Bacteria (domain), Bacillati (kingdom), Bacillota (phylum), Bacilli (class), Caryophanales (order), Anoxybacillaceae (family), Geobacillus (genus)	Geobacillus stearothermophilus (Bacillus stearothermophilus)
A8MQY1	3702	cellular organisms (no rank), Eukaryota (domain), Viridiplantae (kingdom), Streptophyta (phylum), Streptophytina (subphylum), Embryophyta (clade), Tracheophyta (clade), Euphyllophyta (clade), Spermatophyta (clade), Magnoliopsida (class), Mesangiospermae (clade), eudicotyledons (clade), Gunneridae (clade), Pentapetalae (clade), rosids (clade), malvids (clade), Brassicales (order), Brassicaceae (family), Camelineae (tribe), Arabidopsis (genus)	Arabidopsis thaliana (Mouse-ear cress)
P85098	376	cellular organisms (no rank), Bacteria (domain), Pseudomonadati (kingdom), Pseudomonadota (phylum), Alphaproteobacteria (class), Hyphomicrobiales (order), Nitrobacteraceae (family), Bradyrhizobium (genus), unclassified Bradyrhizobium (no rank)	Bradyrhizobium sp
P56206	300852	cellular organisms (no rank), Bacteria (domain), Thermotogati (kingdom), Deinococcota (phylum), Deinococci (class), Thermales (order), Thermaceae (family), Thermus (genus), Thermus thermophilus (species)	Thermus thermophilus (strain ATCC 27634 / DSM 579 / HB8)
Q56775	340	cellular organisms (no rank), Bacteria (domain), Pseudomonadati (kingdom), Pseudomonadota (phylum), Gammaproteobacteria (class), Lysobacterales (order), Lysobacteraceae (family), Xanthomonas (genus), Xanthomonas campestris (species)	Xanthomonas campestris pv. campestris
Q5LYF0	299768	cellular organisms (no rank), Bacteria (domain), Bacillati (kingdom), Bacillota (phylum), Bacilli (class), Lactobacillales (order), Streptococcaceae (family), Streptococcus (genus), Streptococcus thermophilus (species)	Streptococcus thermophilus (strain CNRZ 1066)
Q980T8	273057	cellular organisms (no rank), Archaea (domain), Thermoproteati (kingdom), Thermoproteota (phylum), Thermoprotei (class), Sulfolobales (order), Sulfolobaceae (family), Saccharolobus (genus), Saccharolobus solfataricus (species)	Saccharolobus solfataricus (strain ATCC 35092 / DSM 1617 / JCM 11322 / P2) (Sulfolobus solfataricus)
P57965	272843	cellular organisms (no rank), Bacteria (domain), Pseudomonadati (kingdom), Pseudomonadota (phylum), Gammaproteobacteria (class), Pasteurellales (order), Pasteurellaceae (family), Pasteurella (genus), Pasteurella multocida (species), Pasteurella multocida subsp. multocida (subspecies)	Pasteurella multocida (strain Pm70)
Q4FR69	259536	cellular organisms (no rank), Bacteria (domain), Pseudomonadati (kingdom), Pseudomonadota (phylum), Gammaproteobacteria (class), Moraxellales (order), Moraxellaceae (family), Psychrobacter (genus), Psychrobacter arcticus (species)	Psychrobacter arcticus (strain DSM 17307 / VKM B-2377 / 273-4)
B7V3L1	557722	cellular organisms (no rank), Bacteria (domain), Pseudomonadati (kingdom), Pseudomonadota (phylum), Gammaproteobacteria (class), Pseudomonadales (order), Pseudomonadaceae (family), Pseudomonas (genus), Pseudomonas aeruginosa group (no rank), Pseudomonas aeruginosa (species)	Pseudomonas aeruginosa (strain LESB58)
P06019	2681603	Viruses (no rank), Duplodnaviria (realm), Heunggongvirae (kingdom), Uroviricota (phylum), Caudoviricetes (class), Caudoviricetes incertae sedis (no rank), Muvirus (genus), Muvirus mu (species)	Escherichia phage Mu (Bacteriophage Mu)
A8ANY8	290338	cellular organisms (no rank), Bacteria (domain), Pseudomonadati (kingdom), Pseudomonadota (phylum), Gammaproteobacteria (class), Enterobacterales (order), Enterobacteriaceae (family), Citrobacter (genus), Citrobacter koseri (species)	Citrobacter koseri (strain ATCC BAA-895 / CDC 4225-83 / SGSC4696)
G5EC86	6239	cellular organisms (no rank), Eukaryota (domain), Opisthokonta (clade), Metazoa (kingdom), Eumetazoa (clade), Bilateria (clade), Protostomia (clade), Ecdysozoa (clade), Nematoda (phylum), Chromadorea (class), Rhabditida (order), Rhabditina (suborder), Rhabditomorpha (infraorder), Rhabditoidea (superfamily), Rhabditidae (family), Peloderinae (subfamily), Caenorhabditis (genus)	Caenorhabditis elegans
Q51669	266	cellular organisms (no rank), Bacteria (domain), Pseudomonadati (kingdom), Pseudomonadota (phylum), Alphaproteobacteria (class), Rhodobacterales (order), Paracoccaceae (family), Paracoccus (genus)	Paracoccus denitrificans
Q6AQD0	177439	cellular organisms (no rank), Bacteria (domain), Pseudomonadati (kingdom), Thermodesulfobacteriota (phylum), Desulfobulbia (class), Desulfobulbales (order), Desulfocapsaceae (family), Desulfotalea (genus), Desulfotalea psychrophila (species)	Desulfotalea psychrophila (strain LSv54 / DSM 12343)
A0KEL1	380703	cellular organisms (no rank), Bacteria (domain), Pseudomonadati (kingdom), Pseudomonadota (phylum), Gammaproteobacteria (class), Aeromonadales (order), Aeromonadaceae (family), Aeromonas (genus), Aeromonas hydrophila (species), Aeromonas hydrophila subsp. hydrophila (subspecies)	Aeromonas hydrophila subsp. hydrophila (strain ATCC 7966 / DSM 30187 / BCRC 13018 / CCUG 14551 / JCM 1027 / KCTC 2358 / NCIMB 9240 / NCTC 8049)
Q72S46	267671	cellular organisms (no rank), Bacteria (domain), Pseudomonadati (kingdom), Spirochaetota (phylum), Leptospiria (class), Leptospirales (order), Leptospiraceae (family), Leptospira (genus), Leptospira interrogans (species), Leptospira interrogans serogroup Icterohaemorrhagiae serovar copenhageni (no rank)	Leptospira interrogans serogroup Icterohaemorrhagiae serovar copenhageni (strain Fiocruz L1-130)
Q8DIV4	197221	cellular organisms (no rank), Bacteria (domain), Bacillati (kingdom), Cyanobacteriota/Melainabacteria group (clade), Cyanobacteriota (phylum), Cyanophyceae (class), Acaryochloridales (order), Thermosynechococcaceae (family), Thermosynechococcus (genus), Thermosynechococcus vestitus (species)	Thermosynechococcus vestitus (strain NIES-2133 / IAM M-273 / BP-1)
Q6GHN2	282458	cellular organisms (no rank), Bacteria (domain), Bacillati (kingdom), Bacillota (phylum), Bacilli (class), Caryophanales (order), Staphylococcaceae (family), Staphylococcus (genus), Staphylococcus aureus (species)	Staphylococcus aureus (strain MRSA252)
B2T1M5	398527	cellular organisms (no rank), Bacteria (domain), Pseudomonadati (kingdom), Pseudomonadota (phylum), Betaproteobacteria (class), Burkholderiales (order), Burkholderiaceae (family), Paraburkholderia (genus), Paraburkholderia phytofirmans (species)	Paraburkholderia phytofirmans (strain DSM 17436 / LMG 22146 / PsJN) (Burkholderia phytofirmans)
A9D857	411684	cellular organisms (no rank), Bacteria (domain), Pseudomonadati (kingdom), Pseudomonadota (phylum), Alphaproteobacteria (class), Hyphomicrobiales (order), Rhizobiaceae (family), Parahoeflea (genus), Parahoeflea phototrophica (species)	Hoeflea phototrophica (strain DSM 17068 / NCIMB 14078 / DFL-43)
Q8FP78	196164	cellular organisms (no rank), Bacteria (domain), Bacillati (kingdom), Actinomycetota (phylum), Actinomycetes (class), Mycobacteriales (order), Corynebacteriaceae (family), Corynebacterium (genus), Corynebacterium efficiens (species)	Corynebacterium efficiens (strain DSM 44549 / YS-314 / AJ 12310 / JCM 11189 / NBRC 100395)
A9VTC6	315730	cellular organisms (no rank), Bacteria (domain), Bacillati (kingdom), Bacillota (phylum), Bacilli (class), Caryophanales (order), Bacillaceae (family), Bacillus (genus), Bacillus cereus group (no rank), Bacillus mycoides (species)	Bacillus mycoides (strain KBAB4) (Bacillus weihenstephanensis)
Q53046	269796	cellular organisms (no rank), Bacteria (domain), Pseudomonadati (kingdom), Pseudomonadota (phylum), Alphaproteobacteria (class), Rhodospirillales (order), Rhodospirillaceae (family), Rhodospirillum (genus), Rhodospirillum rubrum (species)	Rhodospirillum rubrum (strain ATCC 11170 / ATH 1.1.1 / DSM 467 / LMG 4362 / NCIMB 8255 / S1)
Q6AAD3	267747	cellular organisms (no rank), Bacteria (domain), Bacillati (kingdom), Actinomycetota (phylum), Actinomycetes (class), Propionibacteriales (order), Propionibacteriaceae (family), Cutibacterium (genus), Cutibacterium acnes (species)	Cutibacterium acnes (strain DSM 16379 / KPA171202) (Propionibacterium acnes)
G2IQQ5	627192	cellular organisms (no rank), Bacteria (domain), Pseudomonadati (kingdom), Pseudomonadota (phylum), Alphaproteobacteria (class), Sphingomonadales (order), Sphingobiaceae (family), Sphingobium (genus), unclassified Sphingobium (no rank)	Sphingobium sp. (strain NBRC 103272 / SYK-6)
P17058	272942	cellular organisms (no rank), Bacteria (domain), Pseudomonadati (kingdom), Pseudomonadota (phylum), Alphaproteobacteria (class), Rhodobacterales (order), Rhodobacter group (no rank), Rhodobacter (genus), Rhodobacter capsulatus (species)	Rhodobacter capsulatus (strain ATCC BAA-309 / NBRC 16581 / SB1003)
Q31FE7	317025	cellular organisms (no rank), Bacteria (domain), Pseudomonadati (kingdom), Pseudomonadota (phylum), Gammaproteobacteria (class), Thiotrichales (order), Piscirickettsiaceae (family), Hydrogenovibrio (genus), Hydrogenovibrio crunogenus (species)	Hydrogenovibrio crunogenus (strain DSM 25203 / XCL-2) (Thiomicrospira crunogena)
P31842	31616	Viruses (no rank), Riboviria (realm), Orthornavirae (kingdom), Negarnaviricota (phylum), Polyploviricotina (subphylum), Bunyaviricetes (class), Hareavirales (order), Arenaviridae (family), Mammarenavirus (genus), Tacaribe virus (species)	Tacaribe virus (strain V7) (TCRV)
Q5P7B0	76114	cellular organisms (no rank), Bacteria (domain), Pseudomonadati (kingdom), Pseudomonadota (phylum), Betaproteobacteria (class), Rhodocyclales (order), Rhodocyclaceae (family), Aromatoleum (genus), Aromatoleum aromaticum (species)	Aromatoleum aromaticum (strain DSM 19018 / LMG 30748 / EbN1) (Azoarcus sp. (strain EbN1))
Q1BSY8	331271	cellular organisms (no rank), Bacteria (domain), Pseudomonadati (kingdom), Pseudomonadota (phylum), Betaproteobacteria (class), Burkholderiales (order), Burkholderiaceae (family), Burkholderia (genus), Burkholderia cepacia complex (no rank), Burkholderia orbicola (species)	Burkholderia orbicola (strain AU 1054)
P14929	485	cellular organisms (no rank), Bacteria (domain), Pseudomonadati (kingdom), Pseudomonadota (phylum), Betaproteobacteria (class), Neisseriales (order), Neisseriaceae (family), Neisseria (genus)	Neisseria gonorrhoeae
Q8FKB7	199310	cellular organisms (no rank), Bacteria (domain), Pseudomonadati (kingdom), Pseudomonadota (phylum), Gammaproteobacteria (class), Enterobacterales (order), Enterobacteriaceae (family), Escherichia (genus), Escherichia coli (species)	Escherichia coli O6:H1 (strain CFT073 / ATCC 700928 / UPEC)
Q746I8	262724	cellular organisms (no rank), Bacteria (domain), Thermotogati (kingdom), Deinococcota (phylum), Deinococci (class), Thermales (order), Thermaceae (family), Thermus (genus), Thermus thermophilus (species)	Thermus thermophilus (strain ATCC BAA-163 / DSM 7039 / HB27)
P0DQH0	362663	cellular organisms (no rank), Bacteria (domain), Pseudomonadati (kingdom), Pseudomonadota (phylum), Gammaproteobacteria (class), Enterobacterales (order), Enterobacteriaceae (family), Escherichia (genus), Escherichia coli (species)	Escherichia coli O6:K15:H31 (strain 536 / UPEC)
A5U8X0	419947	cellular organisms (no rank), Bacteria (domain), Bacillati (kingdom), Actinomycetota (phylum), Actinomycetes (class), Mycobacteriales (order), Mycobacteriaceae (family), Mycobacterium (genus), Mycobacterium tuberculosis complex (no rank), Mycobacterium tuberculosis (species)	Mycobacterium tuberculosis (strain ATCC 25177 / H37Ra)
A6NGG8	9606	cellular organisms (no rank), Eukaryota (domain), Opisthokonta (clade), Metazoa (kingdom), Eumetazoa (clade), Bilateria (clade), Deuterostomia (clade), Chordata (phylum), Craniata (subphylum), Vertebrata (clade), Gnathostomata (clade), Teleostomi (clade), Euteleostomi (clade), Sarcopterygii (superclass), Dipnotetrapodomorpha (clade), Tetrapoda (clade), Amniota (clade), Mammalia (class), Theria (clade), Eutheria (clade), Boreoeutheria (clade), Euarchontoglires (superorder), Primates (order), Haplorrhini (suborder), Simiiformes (infraorder), Catarrhini (parvorder), Hominoidea (superfamily), Hominidae (family), Homininae (subfamily), Homo (genus)	Homo sapiens (Human)
Q7VQQ6	203907	cellular organisms (no rank), Bacteria (domain), Pseudomonadati (kingdom), Pseudomonadota (phylum), Gammaproteobacteria (class), Enterobacterales (order), Enterobacteriaceae (family), Enterobacteriaceae incertae sedis (no rank), ant, tsetse, mealybug, aphid, etc. endosymbionts (clade), ant endosymbionts (clade), Candidatus Blochmanniella (genus)	Blochmanniella floridana
Q9DK03	144752	Viruses (no rank), Riboviria (realm), Orthornavirae (kingdom), Negarnaviricota (phylum), Polyploviricotina (subphylum), Bunyaviricetes (class), Hareavirales (order), Arenaviridae (family), Mammarenavirus (genus)	Allpahuayo mammarenavirus (isolate Rat/Peru/CLHP-2472/1997) (ALLV)
A6LSK1	290402	cellular organisms (no rank), Bacteria (domain), Bacillati (kingdom), Bacillota (phylum), Clostridia (class), Eubacteriales (order), Clostridiaceae (family), Clostridium (genus), Clostridium beijerinckii (species)	Clostridium beijerinckii (strain ATCC 51743 / NCIMB 8052) (Clostridium acetobutylicum)
D4GYG6	309800	cellular organisms (no rank), Archaea (domain), Methanobacteriati (kingdom), Methanobacteriota (phylum), Stenosarchaea group (clade), Halobacteria (class), Halobacteriales (order), Haloferacaceae (family), Haloferax (genus), Haloferax volcanii (species)	Haloferax volcanii (strain ATCC 29605 / DSM 3757 / JCM 8879 / NBRC 14742 / NCIMB 2012 / VKM B-1768 / DS2) (Halobacterium volcanii)
P03141	480116	Viruses (no rank), Riboviria (realm), Pararnavirae (kingdom), Artverviricota (phylum), Revtraviricetes (class), Blubervirales (order), Hepadnaviridae (family), Orthohepadnavirus (genus), Orthohepadnavirus hominoidei (species), Hepatitis B virus (no rank), Hepatitis B virus subtype adw (no rank), Hepatitis B virus subtype adw2 (no rank)	Hepatitis B virus genotype A2 subtype adw2 (strain Rutter 1979) (HBV-A)
P03096	10636	Viruses (no rank), Floreoviria (realm), Shotokuvirae (kingdom), Cossaviricota (phylum), Papovaviricetes (class), Sepolyvirales (order), Polyomaviridae (family), Alphapolyomavirus (genus), Mus musculus polyomavirus 1 (species)	Murine polyomavirus (strain A2) (MPyV)
A1SU36	357804	cellular organisms (no rank), Bacteria (domain), Pseudomonadati (kingdom), Pseudomonadota (phylum), Gammaproteobacteria (class), Alteromonadales (order), Psychromonadaceae (family), Psychromonas (genus), Psychromonas ingrahamii (species)	Psychromonas ingrahamii (strain DSM 17664 / CCUG 51855 / 37)
B5XTK9	507522	cellular organisms (no rank), Bacteria (domain), Pseudomonadati (kingdom), Pseudomonadota (phylum), Gammaproteobacteria (class), Enterobacterales (order), Enterobacteriaceae (family), Klebsiella (genus), Klebsiella pneumoniae complex (no rank), Klebsiella variicola (species)	Klebsiella variicola (strain 342) (Klebsiella pneumoniae)
P05149	471	cellular organisms (no rank), Bacteria (domain), Pseudomonadati (kingdom), Pseudomonadota (phylum), Gammaproteobacteria (class), Moraxellales (order), Moraxellaceae (family), Acinetobacter (genus), Acinetobacter calcoaceticus/baumannii complex (no rank)	Acinetobacter calcoaceticus
Q65VM6	221988	cellular organisms (no rank), Bacteria (domain), Pseudomonadati (kingdom), Pseudomonadota (phylum), Gammaproteobacteria (class), Pasteurellales (order), Pasteurellaceae (family), Basfia (genus), [Mannheimia] succiniciproducens (species)	Mannheimia succiniciproducens (strain KCTC 0769BP / MBEL55E)
Q3A7T7	338963	cellular organisms (no rank), Bacteria (domain), Pseudomonadati (kingdom), Thermodesulfobacteriota (phylum), Desulfuromonadia (class), Desulfuromonadales (order), Syntrophotaleaceae (family), Syntrophotalea (genus), Syntrophotalea carbinolica (species)	Syntrophotalea carbinolica (strain DSM 2380 / NBRC 103641 / GraBd1) (Pelobacter carbinolicus)
P98009	435	cellular organisms (no rank), Bacteria (domain), Pseudomonadati (kingdom), Pseudomonadota (phylum), Alphaproteobacteria (class), Acetobacterales (order), Acetobacteraceae (family), Acetobacter (genus), Acetobacter subgen. Acetobacter (subgenus)	Acetobacter aceti
Q59196	1397	cellular organisms (no rank), Bacteria (domain), Bacillati (kingdom), Bacillota (phylum), Bacilli (class), Caryophanales (order), Bacillaceae (family), Niallia (genus)	Niallia circulans (Bacillus circulans)
B5RLS6	412419	cellular organisms (no rank), Bacteria (domain), Pseudomonadati (kingdom), Spirochaetota (phylum), Spirochaetia (class), Spirochaetales (order), Borreliaceae (family), Borrelia (genus), Borrelia duttonii (species)	Borrelia duttonii (strain Ly)
Q53WI0	300852	cellular organisms (no rank), Bacteria (domain), Thermotogati (kingdom), Deinococcota (phylum), Deinococci (class), Thermales (order), Thermaceae (family), Thermus (genus), Thermus thermophilus (species)	Thermus thermophilus (strain ATCC 27634 / DSM 579 / HB8)
P50001	1916	cellular organisms (no rank), Bacteria (domain), Bacillati (kingdom), Actinomycetota (phylum), Actinomycetes (class), Kitasatosporales (order), Streptomycetaceae (family), Streptomyces (genus)	Streptomyces lividans
Q5L3V0	235909	cellular organisms (no rank), Bacteria (domain), Bacillati (kingdom), Bacillota (phylum), Bacilli (class), Caryophanales (order), Anoxybacillaceae (family), Geobacillus (genus), Geobacillus thermoleovorans group (no rank), Geobacillus kaustophilus (species)	Geobacillus kaustophilus (strain HTA426)
Q6MDD0	264201	cellular organisms (no rank), Bacteria (domain), Pseudomonadati (kingdom), PVC group (clade), Chlamydiota (phylum), Chlamydiia (class), Parachlamydiales (order), Parachlamydiaceae (family), Candidatus Protochlamydia (genus), Candidatus Protochlamydia amoebophila (species)	Protochlamydia amoebophila (strain UWE25)
B7NNT4	585057	cellular organisms (no rank), Bacteria (domain), Pseudomonadati (kingdom), Pseudomonadota (phylum), Gammaproteobacteria (class), Enterobacterales (order), Enterobacteriaceae (family), Escherichia (genus), Escherichia coli (species)	Escherichia coli O7:K1 (strain IAI39 / ExPEC)
B1IAU3	487214	cellular organisms (no rank), Bacteria (domain), Bacillati (kingdom), Bacillota (phylum), Bacilli (class), Lactobacillales (order), Streptococcaceae (family), Streptococcus (genus), Streptococcus pneumoniae (species)	Streptococcus pneumoniae (strain Hungary19A-6)
Q2YNC6	359391	cellular organisms (no rank), Bacteria (domain), Pseudomonadati (kingdom), Pseudomonadota (phylum), Alphaproteobacteria (class), Hyphomicrobiales (order), Brucellaceae (family), Brucella/Ochrobactrum group (no rank), Brucella (genus), Brucella melitensis group (no rank), Brucella abortus (species)	Brucella abortus (strain 2308)
P12911	10414	Viruses (no rank), Riboviria (realm), Pararnavirae (kingdom), Artverviricota (phylum), Revtraviricetes (class), Blubervirales (order), Hepadnaviridae (family), Orthohepadnavirus (genus), Orthohepadnavirus hominoidei (species), Hepatitis B virus (no rank)	Chimpanzee hepatitis B virus (isolate United Kingdom/LSH/1988) (HBVcpz)
Q07703	521	cellular organisms (no rank), Bacteria (domain), Pseudomonadati (kingdom), Pseudomonadota (phylum), Betaproteobacteria (class), Burkholderiales (order), Alcaligenaceae (family), Bordetella (genus)	Bordetella avium
Q8DLG8	197221	cellular organisms (no rank), Bacteria (domain), Bacillati (kingdom), Cyanobacteriota/Melainabacteria group (clade), Cyanobacteriota (phylum), Cyanophyceae (class), Acaryochloridales (order), Thermosynechococcaceae (family), Thermosynechococcus (genus), Thermosynechococcus vestitus (species)	Thermosynechococcus vestitus (strain NIES-2133 / IAM M-273 / BP-1)
Q3ZN07	35300	Viruses (no rank), Riboviria (realm), Orthornavirae (kingdom), Pisuviricota (phylum), Stelpaviricetes (class), Stellavirales (order), Astroviridae (family), Mamastrovirus (genus), Mamastrovirus hominis (species), Mamastrovirus 1 (no rank)	Human astrovirus-4 (HAstV-4)
P81006	43663	cellular organisms (no rank), Bacteria (domain), Bacillati (kingdom), Actinomycetota (phylum), Actinomycetes (class), Micrococcales (order), Micrococcaceae (family), Paenarthrobacter (genus)	Paenarthrobacter aurescens (Arthrobacter aurescens)
Q7V5W7	74547	cellular organisms (no rank), Bacteria (domain), Bacillati (kingdom), Cyanobacteriota/Melainabacteria group (clade), Cyanobacteriota (phylum), Cyanophyceae (class), Synechococcales (order), Prochlorococcaceae (family), Prochlorococcus (genus), Prochlorococcus marinus (species)	Prochlorococcus marinus (strain MIT 9313)
Q0S5Y0	101510	cellular organisms (no rank), Bacteria (domain), Bacillati (kingdom), Actinomycetota (phylum), Actinomycetes (class), Mycobacteriales (order), Nocardiaceae (family), Rhodococcus (genus), Rhodococcus jostii (species)	Rhodococcus jostii (strain RHA1)
P81453	35621	cellular organisms (no rank), Bacteria (domain), Bacillati (kingdom), Actinomycetota (phylum), Actinomycetes (class), Kitasatosporales (order), Streptomycetaceae (family), Streptomyces (genus)	Streptomyces mobaraensis (Streptoverticillium mobaraense)
Q2F7I9	356664	Viruses (no rank), Riboviria (realm), Pararnavirae (kingdom), Artverviricota (phylum), Revtraviricetes (class), Ortervirales (order), Retroviridae (family), Orthoretrovirinae (subfamily), Gammaretrovirus (genus), unclassified Gammaretrovirus (no rank), Murine leukemia-related retroviruses (species), XMRV-related viruses (no rank), Xenotropic MuLV-related virus (no rank)	Xenotropic MuLV-related virus (isolate VP42) (XMRV)
C4LIF4	645127	cellular organisms (no rank), Bacteria (domain), Bacillati (kingdom), Actinomycetota (phylum), Actinomycetes (class), Mycobacteriales (order), Corynebacteriaceae (family), Corynebacterium (genus), Corynebacterium kroppenstedtii (species)	Corynebacterium kroppenstedtii (strain DSM 44385 / JCM 11950 / CIP 105744 / CCUG 35717)
B0U494	405440	cellular organisms (no rank), Bacteria (domain), Pseudomonadati (kingdom), Pseudomonadota (phylum), Gammaproteobacteria (class), Lysobacterales (order), Lysobacteraceae (family), Xylella (genus), Xylella fastidiosa (species)	Xylella fastidiosa (strain M12)
P07119	1197	cellular organisms (no rank), Bacteria (domain), Bacillati (kingdom), Cyanobacteriota/Melainabacteria group (clade), Cyanobacteriota (phylum), Cyanophyceae (class), Nostocales (order), Rivulariaceae (family), Microchaete (genus)	Microchaete diplosiphon (Fremyella diplosiphon)
A0A0H3KB22	395019	cellular organisms (no rank), Bacteria (domain), Pseudomonadati (kingdom), Pseudomonadota (phylum), Betaproteobacteria (class), Burkholderiales (order), Burkholderiaceae (family), Burkholderia (genus), Burkholderia cepacia complex (no rank), Burkholderia multivorans (species)	Burkholderia multivorans (strain ATCC 17616 / 249)
O05701	1280	cellular organisms (no rank), Bacteria (domain), Bacillati (kingdom), Bacillota (phylum), Bacilli (class), Caryophanales (order), Staphylococcaceae (family), Staphylococcus (genus)	Staphylococcus aureus
Q9HJT3	273075	cellular organisms (no rank), Archaea (domain), Methanobacteriati (kingdom), Thermoplasmatota (phylum), Thermoplasmata (class), Thermoplasmatales (order), Thermoplasmataceae (family), Thermoplasma (genus), Thermoplasma acidophilum (species)	Thermoplasma acidophilum (strain ATCC 25905 / DSM 1728 / JCM 9062 / NBRC 15155 / AMRC-C165)
P07913	83333	cellular organisms (no rank), Bacteria (domain), Pseudomonadati (kingdom), Pseudomonadota (phylum), Gammaproteobacteria (class), Enterobacterales (order), Enterobacteriaceae (family), Escherichia (genus), Escherichia coli (species)	Escherichia coli (strain K12)
Q1NEI7	314266	cellular organisms (no rank), Bacteria (domain), Pseudomonadati (kingdom), Pseudomonadota (phylum), Alphaproteobacteria (class), Sphingomonadales (order), Sphingomonadaceae (family), Sphingomonas (genus), unclassified Sphingomonas (no rank)	Sphingomonas sp. (strain SKA58)
Q07Y78	318167	cellular organisms (no rank), Bacteria (domain), Pseudomonadati (kingdom), Pseudomonadota (phylum), Gammaproteobacteria (class), Alteromonadales (order), Shewanellaceae (family), Shewanella (genus), Shewanella frigidimarina (species)	Shewanella frigidimarina (strain NCIMB 400)
B1JTT5	406425	cellular organisms (no rank), Bacteria (domain), Pseudomonadati (kingdom), Pseudomonadota (phylum), Betaproteobacteria (class), Burkholderiales (order), Burkholderiaceae (family), Burkholderia (genus), Burkholderia cepacia complex (no rank), Burkholderia orbicola (species)	Burkholderia orbicola (strain MC0-3)
Q2RPX0	269796	cellular organisms (no rank), Bacteria (domain), Pseudomonadati (kingdom), Pseudomonadota (phylum), Alphaproteobacteria (class), Rhodospirillales (order), Rhodospirillaceae (family), Rhodospirillum (genus), Rhodospirillum rubrum (species)	Rhodospirillum rubrum (strain ATCC 11170 / ATH 1.1.1 / DSM 467 / LMG 4362 / NCIMB 8255 / S1)
A7GG92	441772	cellular organisms (no rank), Bacteria (domain), Bacillati (kingdom), Bacillota (phylum), Clostridia (class), Eubacteriales (order), Clostridiaceae (family), Clostridium (genus), Clostridium botulinum group (no rank), Clostridium botulinum (species), Clostridium botulinum F (no rank)	Clostridium botulinum (strain Langeland / NCTC 10281 / Type F)
Q32DC6	300267	cellular organisms (no rank), Bacteria (domain), Pseudomonadati (kingdom), Pseudomonadota (phylum), Gammaproteobacteria (class), Enterobacterales (order), Enterobacteriaceae (family), Shigella (genus), Shigella dysenteriae (species)	Shigella dysenteriae serotype 1 (strain Sd197)
Q06373	195102	cellular organisms (no rank), Bacteria (domain), Bacillati (kingdom), Bacillota (phylum), Clostridia (class), Eubacteriales (order), Clostridiaceae (family), Clostridium (genus), Clostridium perfringens (species)	Clostridium perfringens (strain 13 / Type A)
Q31U01	300268	cellular organisms (no rank), Bacteria (domain), Pseudomonadati (kingdom), Pseudomonadota (phylum), Gammaproteobacteria (class), Enterobacterales (order), Enterobacteriaceae (family), Shigella (genus), Shigella boydii (species)	Shigella boydii serotype 4 (strain Sb227)
P29988	103690	cellular organisms (no rank), Bacteria (domain), Bacillati (kingdom), Cyanobacteriota/Melainabacteria group (clade), Cyanobacteriota (phylum), Cyanophyceae (class), Nostocales (order), Nostocaceae (family), Nostoc (genus), unclassified Nostoc (no rank)	Nostoc sp. (strain PCC 7120 / SAG 25.82 / UTEX 2576)
Q81WF2	1392	cellular organisms (no rank), Bacteria (domain), Bacillati (kingdom), Bacillota (phylum), Bacilli (class), Caryophanales (order), Bacillaceae (family), Bacillus (genus), Bacillus cereus group (no rank)	Bacillus anthracis
Q88KV1	160488	cellular organisms (no rank), Bacteria (domain), Pseudomonadati (kingdom), Pseudomonadota (phylum), Gammaproteobacteria (class), Pseudomonadales (order), Pseudomonadaceae (family), Pseudomonas (genus), Pseudomonas putida group (no rank), Pseudomonas putida (species)	Pseudomonas putida (strain ATCC 47054 / DSM 6125 / CFBP 8728 / NCIMB 11950 / KT2440)
Q704D1	2271	cellular organisms (no rank), Archaea (domain), Thermoproteati (kingdom), Thermoproteota (phylum), Thermoprotei (class), Thermoproteales (order), Thermoproteaceae (family), Thermoproteus (genus)	Thermoproteus tenax
Q827Q7	227882	cellular organisms (no rank), Bacteria (domain), Bacillati (kingdom), Actinomycetota (phylum), Actinomycetes (class), Kitasatosporales (order), Streptomycetaceae (family), Streptomyces (genus), Streptomyces avermitilis (species)	Streptomyces avermitilis (strain ATCC 31267 / DSM 46492 / JCM 5070 / NBRC 14893 / NCIMB 12804 / NRRL 8165 / MA-4680)
Q59126	1814	cellular organisms (no rank), Bacteria (domain), Bacillati (kingdom), Actinomycetota (phylum), Actinomycetes (class), Pseudonocardiales (order), Pseudonocardiaceae (family), Amycolatopsis (genus), Amycolatopsis methanolica group (no rank)	Amycolatopsis methanolica
P10802	354	cellular organisms (no rank), Bacteria (domain), Pseudomonadati (kingdom), Pseudomonadota (phylum), Gammaproteobacteria (class), Pseudomonadales (order), Pseudomonadaceae (family), Azotobacter group (subfamily), Azotobacter (genus)	Azotobacter vinelandii
D7URV0	93372	cellular organisms (no rank), Bacteria (domain), Bacillati (kingdom), Actinomycetota (phylum), Actinomycetes (class), Kitasatosporales (order), Streptomycetaceae (family), Streptomyces (genus), unclassified Streptomyces (no rank)	Streptomyces sp. (strain CL190)
B1MDL2	561007	cellular organisms (no rank), Bacteria (domain), Bacillati (kingdom), Actinomycetota (phylum), Actinomycetes (class), Mycobacteriales (order), Mycobacteriaceae (family), Mycobacteroides (genus), Mycobacteroides abscessus (species)	Mycobacteroides abscessus (strain ATCC 19977 / DSM 44196 / CCUG 20993 / CIP 104536 / JCM 13569 / NCTC 13031 / TMC 1543 / L948) (Mycobacterium abscessus)
A5VQ81	444178	cellular organisms (no rank), Bacteria (domain), Pseudomonadati (kingdom), Pseudomonadota (phylum), Alphaproteobacteria (class), Hyphomicrobiales (order), Brucellaceae (family), Brucella/Ochrobactrum group (no rank), Brucella (genus), Brucella melitensis group (no rank), Brucella ovis (species)	Brucella ovis (strain ATCC 25840 / 63/290 / NCTC 10512)
B0UQR1	426117	cellular organisms (no rank), Bacteria (domain), Pseudomonadati (kingdom), Pseudomonadota (phylum), Alphaproteobacteria (class), Hyphomicrobiales (order), Methylobacteriaceae (family), Methylobacterium (genus), unclassified Methylobacterium (no rank)	Methylobacterium sp. (strain 4-46)
Q318R1	74546	cellular organisms (no rank), Bacteria (domain), Bacillati (kingdom), Cyanobacteriota/Melainabacteria group (clade), Cyanobacteriota (phylum), Cyanophyceae (class), Synechococcales (order), Prochlorococcaceae (family), Prochlorococcus (genus), Prochlorococcus marinus (species)	Prochlorococcus marinus (strain MIT 9312)
P22963	304	cellular organisms (no rank), Bacteria (domain), Pseudomonadati (kingdom), Pseudomonadota (phylum), Betaproteobacteria (class), Burkholderiales (order), Sphaerotilaceae (family), Roseateles (genus)	Roseateles saccharophilus (Pseudomonas saccharophila)
B9E825	458233	cellular organisms (no rank), Bacteria (domain), Bacillati (kingdom), Bacillota (phylum), Bacilli (class), Caryophanales (order), Staphylococcaceae (family), Macrococcoides (genus), Macrococcoides caseolyticum (species)	Macrococcoides caseolyticum (strain JCSC5402) (Macrococcus caseolyticus)
P31869	489467	Viruses (no rank), Riboviria (realm), Pararnavirae (kingdom), Artverviricota (phylum), Revtraviricetes (class), Blubervirales (order), Hepadnaviridae (family), Orthohepadnavirus (genus), Orthohepadnavirus hominoidei (species), Hepatitis B virus (no rank), hepatitis B virus genotype C (no rank)	Hepatitis B virus genotype C subtype ar (isolate Japan/S-207/1988) (HBV-C)
P26248	355	cellular organisms (no rank), Bacteria (domain), Pseudomonadati (kingdom), Pseudomonadota (phylum), Gammaproteobacteria (class), Pseudomonadales (order), Pseudomonadaceae (family), Azotobacter group (subfamily), Azotobacter (genus), Azotobacter chroococcum (species)	Azotobacter chroococcum mcd 1
Q9RFV9	2902295	cellular organisms (no rank), Bacteria (domain), Pseudomonadati (kingdom), Pseudomonadota (phylum), Gammaproteobacteria (class), Vibrionales (order), Vibrionaceae (family), Vibrio (genus), Vibrio harveyi group (no rank), Vibrio campbellii (species)	Vibrio campbellii (strain ATCC BAA-1116)
D7GCU5	754252	cellular organisms (no rank), Bacteria (domain), Bacillati (kingdom), Actinomycetota (phylum), Actinomycetes (class), Propionibacteriales (order), Propionibacteriaceae (family), Propionibacterium (genus), Propionibacterium freudenreichii (species), Propionibacterium freudenreichii subsp. shermanii (subspecies)	Propionibacterium freudenreichii subsp. shermanii (strain ATCC 9614 / DSM 4902 / CIP 103027 / NCIMB 8099 / CIRM-BIA1)
Q2J2I9	316058	cellular organisms (no rank), Bacteria (domain), Pseudomonadati (kingdom), Pseudomonadota (phylum), Alphaproteobacteria (class), Hyphomicrobiales (order), Nitrobacteraceae (family), Rhodopseudomonas (genus), Rhodopseudomonas palustris (species)	Rhodopseudomonas palustris (strain HaA2)
Q55080	330779	cellular organisms (no rank), Archaea (domain), Thermoproteati (kingdom), Thermoproteota (phylum), Thermoprotei (class), Sulfolobales (order), Sulfolobaceae (family), Sulfolobus (genus), Sulfolobus acidocaldarius (species)	Sulfolobus acidocaldarius (strain ATCC 33909 / DSM 639 / JCM 8929 / NBRC 15157 / NCIMB 11770)
P07112	562	cellular organisms (no rank), Bacteria (domain), Pseudomonadati (kingdom), Pseudomonadota (phylum), Gammaproteobacteria (class), Enterobacterales (order), Enterobacteriaceae (family), Escherichia (genus)	Escherichia coli
Q13D92	316057	cellular organisms (no rank), Bacteria (domain), Pseudomonadati (kingdom), Pseudomonadota (phylum), Alphaproteobacteria (class), Hyphomicrobiales (order), Nitrobacteraceae (family), Rhodopseudomonas (genus), Rhodopseudomonas palustris (species)	Rhodopseudomonas palustris (strain BisB5)
Q487C7	167879	cellular organisms (no rank), Bacteria (domain), Pseudomonadati (kingdom), Pseudomonadota (phylum), Gammaproteobacteria (class), Alteromonadales (order), Colwelliaceae (family), Colwellia (genus), Colwellia psychrerythraea (species)	Colwellia psychrerythraea (strain 34H / ATCC BAA-681) (Vibrio psychroerythus)
B7NTS5	585057	cellular organisms (no rank), Bacteria (domain), Pseudomonadati (kingdom), Pseudomonadota (phylum), Gammaproteobacteria (class), Enterobacterales (order), Enterobacteriaceae (family), Escherichia (genus), Escherichia coli (species)	Escherichia coli O7:K1 (strain IAI39 / ExPEC)
C1F1E7	240015	cellular organisms (no rank), Bacteria (domain), Pseudomonadati (kingdom), Acidobacteriota (phylum), Terriglobia (class), Terriglobales (order), Acidobacteriaceae (family), Acidobacterium (genus), Acidobacterium capsulatum (species)	Acidobacterium capsulatum (strain ATCC 51196 / DSM 11244 / BCRC 80197 / JCM 7670 / NBRC 15755 / NCIMB 13165 / 161)
Q8EVK0	272633	cellular organisms (no rank), Bacteria (domain), Bacillati (kingdom), Mycoplasmatota (phylum), Mycoplasmoidales (order), Mycoplasmoidaceae (family), Malacoplasma (genus), Malacoplasma penetrans (species)	Malacoplasma penetrans (strain HF-2) (Mycoplasma penetrans)
D4GP31	309800	cellular organisms (no rank), Archaea (domain), Methanobacteriati (kingdom), Methanobacteriota (phylum), Stenosarchaea group (clade), Halobacteria (class), Halobacteriales (order), Haloferacaceae (family), Haloferax (genus), Haloferax volcanii (species)	Haloferax volcanii (strain ATCC 29605 / DSM 3757 / JCM 8879 / NBRC 14742 / NCIMB 2012 / VKM B-1768 / DS2) (Halobacterium volcanii)
Q8X5X6	83334	cellular organisms (no rank), Bacteria (domain), Pseudomonadati (kingdom), Pseudomonadota (phylum), Gammaproteobacteria (class), Enterobacterales (order), Enterobacteriaceae (family), Escherichia (genus), Escherichia coli (species)	Escherichia coli O157:H7
A8ACN3	290338	cellular organisms (no rank), Bacteria (domain), Pseudomonadati (kingdom), Pseudomonadota (phylum), Gammaproteobacteria (class), Enterobacterales (order), Enterobacteriaceae (family), Citrobacter (genus), Citrobacter koseri (species)	Citrobacter koseri (strain ATCC BAA-895 / CDC 4225-83 / SGSC4696)
P25177	85962	cellular organisms (no rank), Bacteria (domain), Pseudomonadati (kingdom), Campylobacterota (phylum), Epsilonproteobacteria (class), Campylobacterales (order), Helicobacteraceae (family), Helicobacter (genus), Helicobacter pylori (species)	Helicobacter pylori (strain ATCC 700392 / 26695) (Campylobacter pylori)
A0A0H2URD6	170187	cellular organisms (no rank), Bacteria (domain), Bacillati (kingdom), Bacillota (phylum), Bacilli (class), Lactobacillales (order), Streptococcaceae (family), Streptococcus (genus), Streptococcus pneumoniae (species)	Streptococcus pneumoniae serotype 4 (strain ATCC BAA-334 / TIGR4)
Q5M1I4	299768	cellular organisms (no rank), Bacteria (domain), Bacillati (kingdom), Bacillota (phylum), Bacilli (class), Lactobacillales (order), Streptococcaceae (family), Streptococcus (genus), Streptococcus thermophilus (species)	Streptococcus thermophilus (strain CNRZ 1066)
A4F5Q5	405948	cellular organisms (no rank), Bacteria (domain), Bacillati (kingdom), Actinomycetota (phylum), Actinomycetes (class), Pseudonocardiales (order), Pseudonocardiaceae (family), Saccharopolyspora (genus), Saccharopolyspora erythraea (species)	Saccharopolyspora erythraea (strain ATCC 11635 / DSM 40517 / JCM 4748 / NBRC 13426 / NCIMB 8594 / NRRL 2338)
Q84G06	218557	cellular organisms (no rank), Bacteria (domain), Pseudomonadati (kingdom), Pseudomonadota (phylum), Betaproteobacteria (class), Burkholderiales (order), Comamonadaceae (family), Variovorax (genus), unclassified Variovorax (no rank)	Variovorax sp. (strain Pal2)
P03089	10632	Viruses (no rank), Floreoviria (realm), Shotokuvirae (kingdom), Cossaviricota (phylum), Papovaviricetes (class), Sepolyvirales (order), Polyomaviridae (family), Betapolyomavirus (genus), Betapolyomavirus secuhominis (species)	JC polyomavirus (JCPyV) (JCV)
Q7NIV3	251221	cellular organisms (no rank), Bacteria (domain), Bacillati (kingdom), Cyanobacteriota/Melainabacteria group (clade), Cyanobacteriota (phylum), Cyanophyceae (class), Gloeobacterales (order), Gloeobacteraceae (family), Gloeobacter (genus), Gloeobacter violaceus (species)	Gloeobacter violaceus (strain ATCC 29082 / PCC 7421)
O05139	294	cellular organisms (no rank), Bacteria (domain), Pseudomonadati (kingdom), Pseudomonadota (phylum), Gammaproteobacteria (class), Pseudomonadales (order), Pseudomonadaceae (family), Pseudomonas (genus), Pseudomonas fluorescens group (no rank)	Pseudomonas fluorescens
Q9X6B0	632	cellular organisms (no rank), Bacteria (domain), Pseudomonadati (kingdom), Pseudomonadota (phylum), Gammaproteobacteria (class), Enterobacterales (order), Yersiniaceae (family), Yersinia (genus), Yersinia pseudotuberculosis complex (no rank)	Yersinia pestis
C0LGR6	3702	cellular organisms (no rank), Eukaryota (domain), Viridiplantae (kingdom), Streptophyta (phylum), Streptophytina (subphylum), Embryophyta (clade), Tracheophyta (clade), Euphyllophyta (clade), Spermatophyta (clade), Magnoliopsida (class), Mesangiospermae (clade), eudicotyledons (clade), Gunneridae (clade), Pentapetalae (clade), rosids (clade), malvids (clade), Brassicales (order), Brassicaceae (family), Camelineae (tribe), Arabidopsis (genus)	Arabidopsis thaliana (Mouse-ear cress)
Q31HD6	317025	cellular organisms (no rank), Bacteria (domain), Pseudomonadati (kingdom), Pseudomonadota (phylum), Gammaproteobacteria (class), Thiotrichales (order), Piscirickettsiaceae (family), Hydrogenovibrio (genus), Hydrogenovibrio crunogenus (species)	Hydrogenovibrio crunogenus (strain DSM 25203 / XCL-2) (Thiomicrospira crunogena)
A0A3A6NE59	33015	cellular organisms (no rank), Bacteria (domain), Bacillati (kingdom), Mycoplasmatota (phylum), Mollicutes (class), Acholeplasmatales (order), Acholeplasmataceae (family), Acholeplasma (genus), unclassified Acholeplasma (no rank)	Acholeplasma sp
P14385	271	cellular organisms (no rank), Bacteria (domain), Thermotogati (kingdom), Deinococcota (phylum), Deinococci (class), Thermales (order), Thermaceae (family), Thermus (genus)	Thermus aquaticus
Q46LT9	59920	cellular organisms (no rank), Bacteria (domain), Bacillati (kingdom), Cyanobacteriota/Melainabacteria group (clade), Cyanobacteriota (phylum), Cyanophyceae (class), Synechococcales (order), Prochlorococcaceae (family), Prochlorococcus (genus), Prochlorococcus marinus (species)	Prochlorococcus marinus (strain NATL2A)
Q5YTE0	247156	cellular organisms (no rank), Bacteria (domain), Bacillati (kingdom), Actinomycetota (phylum), Actinomycetes (class), Mycobacteriales (order), Nocardiaceae (family), Nocardia (genus), Nocardia farcinica (species)	Nocardia farcinica (strain IFM 10152)
Q50925	228410	cellular organisms (no rank), Bacteria (domain), Pseudomonadati (kingdom), Pseudomonadota (phylum), Betaproteobacteria (class), Nitrosomonadales (order), Nitrosomonadaceae (family), Nitrosomonas (genus), Nitrosomonas europaea (species)	Nitrosomonas europaea (strain ATCC 19718 / CIP 103999 / KCTC 2705 / NBRC 14298)
P59479	160488	cellular organisms (no rank), Bacteria (domain), Pseudomonadati (kingdom), Pseudomonadota (phylum), Gammaproteobacteria (class), Pseudomonadales (order), Pseudomonadaceae (family), Pseudomonas (genus), Pseudomonas putida group (no rank), Pseudomonas putida (species)	Pseudomonas putida (strain ATCC 47054 / DSM 6125 / CFBP 8728 / NCIMB 11950 / KT2440)
Q0HKW2	60480	cellular organisms (no rank), Bacteria (domain), Pseudomonadati (kingdom), Pseudomonadota (phylum), Gammaproteobacteria (class), Alteromonadales (order), Shewanellaceae (family), Shewanella (genus), unclassified Shewanella (no rank)	Shewanella sp. (strain MR-4)
B8D9J4	563178	cellular organisms (no rank), Bacteria (domain), Pseudomonadati (kingdom), Pseudomonadota (phylum), Gammaproteobacteria (class), Enterobacterales (order), Erwiniaceae (family), Buchnera (genus), Buchnera aphidicola (species)	Buchnera aphidicola subsp. Acyrthosiphon pisum (strain 5A)
Q69GM4	311424	cellular organisms (no rank), Bacteria (domain), Bacillati (kingdom), Chloroflexota (phylum), Dehalococcoidia (class), Dehalococcoidales (order), Dehalococcoidaceae (family), Dehalococcoides (genus), Dehalococcoides mccartyi (species)	Dehalococcoides mccartyi (strain VS)
P22887	44689	cellular organisms (no rank), Eukaryota (domain), Amoebozoa (clade), Evosea (phylum), Eumycetozoa (class), Dictyostelia (clade), Dictyosteliales (order), Dictyosteliaceae (family), Dictyostelium (genus)	Dictyostelium discoideum (Social amoeba)
A2RMV7	416870	cellular organisms (no rank), Bacteria (domain), Bacillati (kingdom), Bacillota (phylum), Bacilli (class), Lactobacillales (order), Streptococcaceae (family), Lactococcus (genus), Lactococcus lactis subsp. cremoris (species), Lactococcus cremoris subsp. cremoris (subspecies)	Lactococcus lactis subsp. cremoris (strain MG1363)
P06134	83333	cellular organisms (no rank), Bacteria (domain), Pseudomonadati (kingdom), Pseudomonadota (phylum), Gammaproteobacteria (class), Enterobacterales (order), Enterobacteriaceae (family), Escherichia (genus), Escherichia coli (species)	Escherichia coli (strain K12)
A3KKC4	278992	cellular organisms (no rank), Bacteria (domain), Bacillati (kingdom), Actinomycetota (phylum), Actinomycetes (class), Kitasatosporales (order), Streptomycetaceae (family), Streptomyces (genus), Streptomyces ambofaciens (species)	Streptomyces ambofaciens (strain ATCC 23877 / 3486 / DSM 40053 / JCM 4204 / NBRC 12836 / NRRL B-2516)
Q2A3H3	376619	cellular organisms (no rank), Bacteria (domain), Pseudomonadati (kingdom), Pseudomonadota (phylum), Gammaproteobacteria (class), Thiotrichales (order), Francisellaceae (family), Francisella (genus), Francisella tularensis (species), Francisella tularensis subsp. holarctica (subspecies)	Francisella tularensis subsp. holarctica (strain LVS)
Q7MMI2	196600	cellular organisms (no rank), Bacteria (domain), Pseudomonadati (kingdom), Pseudomonadota (phylum), Gammaproteobacteria (class), Vibrionales (order), Vibrionaceae (family), Vibrio (genus), Vibrio vulnificus (species)	Vibrio vulnificus (strain YJ016)
Q07121	47915	cellular organisms (no rank), Bacteria (domain), Bacillati (kingdom), Actinomycetota (phylum), Actinomycetes (class), Micrococcales (order), Micrococcaceae (family), Arthrobacter (genus), unclassified Arthrobacter (no rank)	Arthrobacter sp. (strain P1)
A6U821	366394	cellular organisms (no rank), Bacteria (domain), Pseudomonadati (kingdom), Pseudomonadota (phylum), Alphaproteobacteria (class), Hyphomicrobiales (order), Rhizobiaceae (family), Sinorhizobium/Ensifer group (no rank), Sinorhizobium (genus), Sinorhizobium medicae (species)	Sinorhizobium medicae (strain WSM419) (Ensifer medicae)
B5Z7L8	563041	cellular organisms (no rank), Bacteria (domain), Pseudomonadati (kingdom), Campylobacterota (phylum), Epsilonproteobacteria (class), Campylobacterales (order), Helicobacteraceae (family), Helicobacter (genus), Helicobacter pylori (species)	Helicobacter pylori (strain G27)
Q8GHB2	149682	cellular organisms (no rank), Bacteria (domain), Bacillati (kingdom), Actinomycetota (phylum), Actinomycetes (class), Kitasatosporales (order), Streptomycetaceae (family), Streptomyces (genus), Streptomyces roseochromogenus (species)	Streptomyces roseochromogenus subsp. oscitans
A1SRC9	357804	cellular organisms (no rank), Bacteria (domain), Pseudomonadati (kingdom), Pseudomonadota (phylum), Gammaproteobacteria (class), Alteromonadales (order), Psychromonadaceae (family), Psychromonas (genus), Psychromonas ingrahamii (species)	Psychromonas ingrahamii (strain DSM 17664 / CCUG 51855 / 37)
P34149	44689	cellular organisms (no rank), Eukaryota (domain), Amoebozoa (clade), Evosea (phylum), Eumycetozoa (class), Dictyostelia (clade), Dictyosteliales (order), Dictyosteliaceae (family), Dictyostelium (genus)	Dictyostelium discoideum (Social amoeba)
C4LC34	595494	cellular organisms (no rank), Bacteria (domain), Pseudomonadati (kingdom), Pseudomonadota (phylum), Gammaproteobacteria (class), Aeromonadales (order), Aeromonadaceae (family), Tolumonas (genus), Tolumonas auensis (species)	Tolumonas auensis (strain DSM 9187 / NBRC 110442 / TA 4)
Q05592	99287	cellular organisms (no rank), Bacteria (domain), Pseudomonadati (kingdom), Pseudomonadota (phylum), Gammaproteobacteria (class), Enterobacterales (order), Enterobacteriaceae (family), Salmonella (genus), Salmonella enterica (species), Salmonella enterica I (subspecies), Salmonella typhimurium (no rank)	Salmonella typhimurium (strain LT2 / SGSC1412 / ATCC 700720)
A1KQD8	410289	cellular organisms (no rank), Bacteria (domain), Bacillati (kingdom), Actinomycetota (phylum), Actinomycetes (class), Mycobacteriales (order), Mycobacteriaceae (family), Mycobacterium (genus), Mycobacterium tuberculosis complex (no rank), Mycobacterium tuberculosis (species), Mycobacterium bovis (biotype), Mycobacterium tuberculosis variant bovis BCG (no rank)	Mycobacterium bovis (strain BCG / Pasteur 1173P2)
Q7U8R3	84588	cellular organisms (no rank), Bacteria (domain), Bacillati (kingdom), Cyanobacteriota/Melainabacteria group (clade), Cyanobacteriota (phylum), Cyanophyceae (class), Synechococcales (order), Prochlorococcaceae (family), Parasynechococcus (genus), Parasynechococcus marenigrum (species)	Parasynechococcus marenigrum (strain WH8102)
Q7NJM6	251221	cellular organisms (no rank), Bacteria (domain), Bacillati (kingdom), Cyanobacteriota/Melainabacteria group (clade), Cyanobacteriota (phylum), Cyanophyceae (class), Gloeobacterales (order), Gloeobacteraceae (family), Gloeobacter (genus), Gloeobacter violaceus (species)	Gloeobacter violaceus (strain ATCC 29082 / PCC 7421)
Q7U4Z8	84588	cellular organisms (no rank), Bacteria (domain), Bacillati (kingdom), Cyanobacteriota/Melainabacteria group (clade), Cyanobacteriota (phylum), Cyanophyceae (class), Synechococcales (order), Prochlorococcaceae (family), Parasynechococcus (genus), Parasynechococcus marenigrum (species)	Parasynechococcus marenigrum (strain WH8102)
P85097	376	cellular organisms (no rank), Bacteria (domain), Pseudomonadati (kingdom), Pseudomonadota (phylum), Alphaproteobacteria (class), Hyphomicrobiales (order), Nitrobacteraceae (family), Bradyrhizobium (genus), unclassified Bradyrhizobium (no rank)	Bradyrhizobium sp
Q9LAI0	114630	cellular organisms (no rank), Bacteria (domain), Bacillati (kingdom), Bacillota (phylum), Bacilli (class), Caryophanales (order), Bacillaceae (family), Bacillus (genus), unclassified Bacillus (in: firmicutes) (no rank)	Bacillus sp. (strain NEB-606)
B1VAI9	59748	cellular organisms (no rank), Bacteria (domain), Bacillati (kingdom), Mycoplasmatota (phylum), Mollicutes (class), Acholeplasmatales (order), Acholeplasmataceae (family), Candidatus Phytoplasma (genus), 16SrXII (Stolbur group) (no rank)	Phytoplasma australiense
B8DHH7	552536	cellular organisms (no rank), Bacteria (domain), Bacillati (kingdom), Bacillota (phylum), Bacilli (class), Caryophanales (order), Listeriaceae (family), Listeria (genus), Listeria monocytogenes (species)	Listeria monocytogenes serotype 4a (strain HCC23)
Q9RQJ2	242619	cellular organisms (no rank), Bacteria (domain), Pseudomonadati (kingdom), FCB group (clade), Bacteroidota/Chlorobiota group (clade), Bacteroidota (phylum), Bacteroidia (class), Bacteroidales (order), Porphyromonadaceae (family), Porphyromonas (genus), Porphyromonas gingivalis (species)	Porphyromonas gingivalis (strain ATCC BAA-308 / W83)
O69652	83332	cellular organisms (no rank), Bacteria (domain), Bacillati (kingdom), Actinomycetota (phylum), Actinomycetes (class), Mycobacteriales (order), Mycobacteriaceae (family), Mycobacterium (genus), Mycobacterium tuberculosis complex (no rank), Mycobacterium tuberculosis (species)	Mycobacterium tuberculosis (strain ATCC 25618 / H37Rv)
Q8GGD4	43770	cellular organisms (no rank), Bacteria (domain), Bacillati (kingdom), Actinomycetota (phylum), Actinomycetes (class), Mycobacteriales (order), Corynebacteriaceae (family), Corynebacterium (genus)	Corynebacterium striatum
O07051	650	cellular organisms (no rank), Bacteria (domain), Pseudomonadati (kingdom), Pseudomonadota (phylum), Gammaproteobacteria (class), Aeromonadales (order), Aeromonadaceae (family), Aeromonas (genus)	Aeromonas jandaei
A0A0H3MAB5	410289	cellular organisms (no rank), Bacteria (domain), Bacillati (kingdom), Actinomycetota (phylum), Actinomycetes (class), Mycobacteriales (order), Mycobacteriaceae (family), Mycobacterium (genus), Mycobacterium tuberculosis complex (no rank), Mycobacterium tuberculosis (species), Mycobacterium bovis (biotype), Mycobacterium tuberculosis variant bovis BCG (no rank)	Mycobacterium bovis (strain BCG / Pasteur 1173P2)
P95867	273057	cellular organisms (no rank), Archaea (domain), Thermoproteati (kingdom), Thermoproteota (phylum), Thermoprotei (class), Sulfolobales (order), Sulfolobaceae (family), Saccharolobus (genus), Saccharolobus solfataricus (species)	Saccharolobus solfataricus (strain ATCC 35092 / DSM 1617 / JCM 11322 / P2) (Sulfolobus solfataricus)
Q6GG08	282458	cellular organisms (no rank), Bacteria (domain), Bacillati (kingdom), Bacillota (phylum), Bacilli (class), Caryophanales (order), Staphylococcaceae (family), Staphylococcus (genus), Staphylococcus aureus (species)	Staphylococcus aureus (strain MRSA252)
B5GMG2	1901	cellular organisms (no rank), Bacteria (domain), Bacillati (kingdom), Actinomycetota (phylum), Actinomycetes (class), Kitasatosporales (order), Streptomycetaceae (family), Streptomyces (genus)	Streptomyces clavuligerus
Q88JK6	160488	cellular organisms (no rank), Bacteria (domain), Pseudomonadati (kingdom), Pseudomonadota (phylum), Gammaproteobacteria (class), Pseudomonadales (order), Pseudomonadaceae (family), Pseudomonas (genus), Pseudomonas putida group (no rank), Pseudomonas putida (species)	Pseudomonas putida (strain ATCC 47054 / DSM 6125 / CFBP 8728 / NCIMB 11950 / KT2440)
G4RK16	768679	cellular organisms (no rank), Archaea (domain), Thermoproteati (kingdom), Thermoproteota (phylum), Thermoprotei (class), Thermoproteales (order), Thermoproteaceae (family), Thermoproteus (genus), Thermoproteus tenax (species)	Thermoproteus tenax (strain ATCC 35583 / DSM 2078 / JCM 9277 / NBRC 100435 / Kra 1)
A0A6C7EEG6	1313172	cellular organisms (no rank), Bacteria (domain), Bacillati (kingdom), Actinomycetota (phylum), Acidimicrobiia (class), Acidimicrobiales (order), Ilumatobacteraceae (family), Ilumatobacter (genus), Ilumatobacter coccineus (species)	Ilumatobacter coccineus (strain NBRC 103263 / KCTC 29153 / YM16-304)
P18192	555	cellular organisms (no rank), Bacteria (domain), Pseudomonadati (kingdom), Pseudomonadota (phylum), Gammaproteobacteria (class), Enterobacterales (order), Pectobacteriaceae (family), Pectobacterium (genus), Pectobacterium carotovorum (species)	Pectobacterium carotovorum subsp. carotovorum (Erwinia carotovora subsp. carotovora)
A1WL89	391735	cellular organisms (no rank), Bacteria (domain), Pseudomonadati (kingdom), Pseudomonadota (phylum), Betaproteobacteria (class), Burkholderiales (order), Comamonadaceae (family), Verminephrobacter (genus), Verminephrobacter eiseniae (species)	Verminephrobacter eiseniae (strain EF01-2)
Q8CXX6	199310	cellular organisms (no rank), Bacteria (domain), Pseudomonadati (kingdom), Pseudomonadota (phylum), Gammaproteobacteria (class), Enterobacterales (order), Enterobacteriaceae (family), Escherichia (genus), Escherichia coli (species)	Escherichia coli O6:H1 (strain CFT073 / ATCC 700928 / UPEC)
Q9KFV3	272558	cellular organisms (no rank), Bacteria (domain), Bacillati (kingdom), Bacillota (phylum), Bacilli (class), Caryophanales (order), Bacillaceae (family), Halalkalibacterium (ex Joshi et al. 2022) (genus), Halalkalibacterium halodurans (species)	Halalkalibacterium halodurans (strain ATCC BAA-125 / DSM 18197 / FERM 7344 / JCM 9153 / C-125) (Bacillus halodurans)
Q9F1L5	197221	cellular organisms (no rank), Bacteria (domain), Bacillati (kingdom), Cyanobacteriota/Melainabacteria group (clade), Cyanobacteriota (phylum), Cyanophyceae (class), Acaryochloridales (order), Thermosynechococcaceae (family), Thermosynechococcus (genus), Thermosynechococcus vestitus (species)	Thermosynechococcus vestitus (strain NIES-2133 / IAM M-273 / BP-1)
Q970I2	273063	cellular organisms (no rank), Archaea (domain), Thermoproteati (kingdom), Thermoproteota (phylum), Thermoprotei (class), Sulfolobales (order), Sulfolobaceae (family), Sulfurisphaera (genus), Sulfurisphaera tokodaii (species)	Sulfurisphaera tokodaii (strain DSM 16993 / JCM 10545 / NBRC 100140 / 7) (Sulfolobus tokodaii)
Q5SM16	300852	cellular organisms (no rank), Bacteria (domain), Thermotogati (kingdom), Deinococcota (phylum), Deinococci (class), Thermales (order), Thermaceae (family), Thermus (genus), Thermus thermophilus (species)	Thermus thermophilus (strain ATCC 27634 / DSM 579 / HB8)
Q8JMY6	489539	Viruses (no rank), Riboviria (realm), Pararnavirae (kingdom), Artverviricota (phylum), Revtraviricetes (class), Blubervirales (order), Hepadnaviridae (family), Orthohepadnavirus (genus), Orthohepadnavirus hominoidei (species), Hepatitis B virus (no rank), hepatitis B virus genotype H (no rank)	Hepatitis B virus genotype H (isolate United States/LAS2523/2002) (HBV-H)
A0A1S7LCW6	451514	cellular organisms (no rank), Bacteria (domain), Pseudomonadati (kingdom), Pseudomonadota (phylum), Magnetococcia (class), Magnetococcales (order), Magnetococcaceae (family), Magnetococcus (genus)	Magnetococcus massalia (strain MO-1)
Q5FUA9	290633	cellular organisms (no rank), Bacteria (domain), Pseudomonadati (kingdom), Pseudomonadota (phylum), Alphaproteobacteria (class), Acetobacterales (order), Acetobacteraceae (family), Gluconobacter (genus), Gluconobacter oxydans (species)	Gluconobacter oxydans (strain 621H) (Gluconobacter suboxydans)
Q58293	243232	cellular organisms (no rank), Archaea (domain), Methanobacteriati (kingdom), Methanobacteriota (phylum), Methanomada group (clade), Methanococci (class), Methanococcales (order), Methanocaldococcaceae (family), Methanocaldococcus (genus), Methanocaldococcus jannaschii (species)	Methanocaldococcus jannaschii (strain ATCC 43067 / DSM 2661 / JAL-1 / JCM 10045 / NBRC 100440) (Methanococcus jannaschii)
A0A077LPS9	2021	cellular organisms (no rank), Bacteria (domain), Bacillati (kingdom), Actinomycetota (phylum), Actinomycetes (class), Streptosporangiales (order), Nocardiopsidaceae (family), Thermobifida (genus)	Thermobifida fusca (Thermomonospora fusca)
B9DPM7	396513	cellular organisms (no rank), Bacteria (domain), Bacillati (kingdom), Bacillota (phylum), Bacilli (class), Caryophanales (order), Staphylococcaceae (family), Staphylococcus (genus), Staphylococcus carnosus (species)	Staphylococcus carnosus (strain TM300)
O93715	2287	cellular organisms (no rank), Archaea (domain), Thermoproteati (kingdom), Thermoproteota (phylum), Thermoprotei (class), Sulfolobales (order), Sulfolobaceae (family), Saccharolobus (genus)	Saccharolobus solfataricus (Sulfolobus solfataricus)
A9MBM3	483179	cellular organisms (no rank), Bacteria (domain), Pseudomonadati (kingdom), Pseudomonadota (phylum), Alphaproteobacteria (class), Hyphomicrobiales (order), Brucellaceae (family), Brucella/Ochrobactrum group (no rank), Brucella (genus), Brucella melitensis group (no rank), Brucella canis (species)	Brucella canis (strain ATCC 23365 / NCTC 10854 / RM-666)
Q6N2R5	258594	cellular organisms (no rank), Bacteria (domain), Pseudomonadati (kingdom), Pseudomonadota (phylum), Alphaproteobacteria (class), Hyphomicrobiales (order), Nitrobacteraceae (family), Rhodopseudomonas (genus), Rhodopseudomonas palustris (species)	Rhodopseudomonas palustris (strain ATCC BAA-98 / CGA009)
P17386	10585	Viruses (no rank), Floreoviria (realm), Shotokuvirae (kingdom), Cossaviricota (phylum), Papovaviricetes (class), Zurhausenvirales (order), Papillomaviridae (family), Firstpapillomavirinae (subfamily), Alphapapillomavirus (genus), Alphapapillomavirus 9 (species)	Human papillomavirus 31
B9IWX4	361100	cellular organisms (no rank), Bacteria (domain), Bacillati (kingdom), Bacillota (phylum), Bacilli (class), Caryophanales (order), Bacillaceae (family), Bacillus (genus), Bacillus cereus group (no rank), Bacillus cereus (species)	Bacillus cereus (strain Q1)
Q1JUQ0	192	cellular organisms (no rank), Bacteria (domain), Pseudomonadati (kingdom), Pseudomonadota (phylum), Alphaproteobacteria (class), Rhodospirillales (order), Azospirillaceae (family), Azospirillum (genus)	Azospirillum brasilense
P37352	562	cellular organisms (no rank), Bacteria (domain), Pseudomonadati (kingdom), Pseudomonadota (phylum), Gammaproteobacteria (class), Enterobacterales (order), Enterobacteriaceae (family), Escherichia (genus)	Escherichia coli
P61112	1295125	cellular organisms (no rank), Archaea (domain), Methanobacteriati (kingdom), Methanobacteriota (phylum), Thermococci (class), Thermococcales (order), Thermococcaceae (family), Thermococcus (genus), unclassified Thermococcus (no rank)	Thermococcus sp. (strain JCM 11816 / KS-1)
Q7WB57	257311	cellular organisms (no rank), Bacteria (domain), Pseudomonadati (kingdom), Pseudomonadota (phylum), Betaproteobacteria (class), Burkholderiales (order), Alcaligenaceae (family), Bordetella (genus), Bordetella parapertussis (species)	Bordetella parapertussis (strain 12822 / ATCC BAA-587 / NCTC 13253)
Q72JC0	262724	cellular organisms (no rank), Bacteria (domain), Thermotogati (kingdom), Deinococcota (phylum), Deinococci (class), Thermales (order), Thermaceae (family), Thermus (genus), Thermus thermophilus (species)	Thermus thermophilus (strain ATCC BAA-163 / DSM 7039 / HB27)
Q2NWD9	343509	cellular organisms (no rank), Bacteria (domain), Pseudomonadati (kingdom), Pseudomonadota (phylum), Gammaproteobacteria (class), Enterobacterales (order), Bruguierivoracaceae (family), Sodalis (genus), Sodalis glossinidius (species)	Sodalis glossinidius (strain morsitans)
P61880	2262	cellular organisms (no rank), Archaea (domain), Methanobacteriati (kingdom), Methanobacteriota (phylum), Thermococci (class), Thermococcales (order), Thermococcaceae (family), Pyrococcus (genus)	Pyrococcus woesei
P38539	17	cellular organisms (no rank), Bacteria (domain), Pseudomonadati (kingdom), Pseudomonadota (phylum), Betaproteobacteria (class), Nitrosomonadales (order), Methylophilaceae (family), Methylophilus (genus)	Methylophilus methylotrophus (Bacterium W3A1)
Q39W62	269799	cellular organisms (no rank), Bacteria (domain), Pseudomonadati (kingdom), Thermodesulfobacteriota (phylum), Desulfuromonadia (class), Geobacterales (order), Geobacteraceae (family), Geobacter (genus), Geobacter metallireducens (species)	Geobacter metallireducens (strain ATCC 53774 / DSM 7210 / GS-15)
B0K3S4	399726	cellular organisms (no rank), Bacteria (domain), Bacillati (kingdom), Bacillota (phylum), Clostridia (class), Thermoanaerobacterales (order), Thermoanaerobacteraceae (family), Thermoanaerobacter (genus), unclassified Thermoanaerobacter (no rank)	Thermoanaerobacter sp. (strain X514)
Q56218	300852	cellular organisms (no rank), Bacteria (domain), Thermotogati (kingdom), Deinococcota (phylum), Deinococci (class), Thermales (order), Thermaceae (family), Thermus (genus), Thermus thermophilus (species)	Thermus thermophilus (strain ATCC 27634 / DSM 579 / HB8)
Q57LF5	321314	cellular organisms (no rank), Bacteria (domain), Pseudomonadati (kingdom), Pseudomonadota (phylum), Gammaproteobacteria (class), Enterobacterales (order), Enterobacteriaceae (family), Salmonella (genus), Salmonella enterica (species), Salmonella enterica I (subspecies), Salmonella enterica subsp. enterica serovar Choleraesuis (no rank)	Salmonella choleraesuis (strain SC-B67)
A8M0L5	391037	cellular organisms (no rank), Bacteria (domain), Bacillati (kingdom), Actinomycetota (phylum), Actinomycetes (class), Micromonosporales (order), Micromonosporaceae (family), Salinispora (genus), Salinispora arenicola (species)	Salinispora arenicola (strain CNS-205)
A7HCD6	404589	cellular organisms (no rank), Bacteria (domain), Pseudomonadati (kingdom), Myxococcota (phylum), Myxococcia (class), Myxococcales (order), Cystobacterineae (suborder), Anaeromyxobacteraceae (family), Anaeromyxobacter (genus), unclassified Anaeromyxobacter (no rank)	Anaeromyxobacter sp. (strain Fw109-5)
A7HSW7	402881	cellular organisms (no rank), Bacteria (domain), Pseudomonadati (kingdom), Pseudomonadota (phylum), Alphaproteobacteria (class), Hyphomicrobiales (order), Parvibaculaceae (family), Parvibaculum (genus), Parvibaculum lavamentivorans (species)	Parvibaculum lavamentivorans (strain DS-1 / DSM 13023 / NCIMB 13966)
A0A0H2ZM82	373153	cellular organisms (no rank), Bacteria (domain), Bacillati (kingdom), Bacillota (phylum), Bacilli (class), Lactobacillales (order), Streptococcaceae (family), Streptococcus (genus), Streptococcus pneumoniae (species)	Streptococcus pneumoniae serotype 2 (strain D39 / NCTC 7466)
Q13QH4	266265	cellular organisms (no rank), Bacteria (domain), Pseudomonadati (kingdom), Pseudomonadota (phylum), Betaproteobacteria (class), Burkholderiales (order), Burkholderiaceae (family), Paraburkholderia (genus), Paraburkholderia xenovorans (species)	Paraburkholderia xenovorans (strain LB400)
P55825	243273	cellular organisms (no rank), Bacteria (domain), Bacillati (kingdom), Mycoplasmatota (phylum), Mycoplasmoidales (order), Mycoplasmoidaceae (family), Mycoplasmoides (genus), Mycoplasmoides genitalium (species)	Mycoplasmoides genitalium (strain ATCC 33530 / DSM 19775 / NCTC 10195 / G37) (Mycoplasma genitalium)
T2KM13	1347342	cellular organisms (no rank), Bacteria (domain), Pseudomonadati (kingdom), FCB group (clade), Bacteroidota/Chlorobiota group (clade), Bacteroidota (phylum), Flavobacteriia (class), Flavobacteriales (order), Flavobacteriaceae (family), Formosa (genus), Formosa agariphila (species)	Formosa agariphila (strain DSM 15362 / KCTC 12365 / LMG 23005 / KMM 3901 / M-2Alg 35-1)
A3PHJ3	349101	cellular organisms (no rank), Bacteria (domain), Pseudomonadati (kingdom), Pseudomonadota (phylum), Alphaproteobacteria (class), Rhodobacterales (order), Paracoccaceae (family), Cereibacter (genus), Cereibacter sphaeroides (species)	Cereibacter sphaeroides (strain ATCC 17029 / ATH 2.4.9) (Rhodobacter sphaeroides)
O50078	84	cellular organisms (no rank), Bacteria (domain), Pseudomonadati (kingdom), Pseudomonadota (phylum), Alphaproteobacteria (class), Hyphomicrobiales (order), Hyphomicrobiaceae (family), Hyphomicrobium (genus)	Hyphomicrobium methylovorum
A3CQB0	388919	cellular organisms (no rank), Bacteria (domain), Bacillati (kingdom), Bacillota (phylum), Bacilli (class), Lactobacillales (order), Streptococcaceae (family), Streptococcus (genus), Streptococcus sanguinis (species)	Streptococcus sanguinis (strain SK36)
P0C6G7	10412	Viruses (no rank), Riboviria (realm), Pararnavirae (kingdom), Artverviricota (phylum), Revtraviricetes (class), Blubervirales (order), Hepadnaviridae (family), Orthohepadnavirus (genus), Orthohepadnavirus hominoidei (species), Hepatitis B virus (no rank), Hepatitis B virus subtype adw (no rank)	Hepatitis B virus genotype B2 (isolate Indonesia/pIDW420/1988) (HBV-B)
Q9IFX1	43358	Viruses (no rank), Riboviria (realm), Orthornavirae (kingdom), Pisuviricota (phylum), Stelpaviricetes (class), Stellavirales (order), Astroviridae (family), Mamastrovirus (genus), Mamastrovirus hominis (species), Mamastrovirus 1 (no rank)	Human astrovirus-8 (HAstV-8)
Q67Q54	292459	cellular organisms (no rank), Bacteria (domain), Bacillati (kingdom), Bacillota (phylum), Clostridia (class), Eubacteriales (order), Symbiobacteriaceae (family), Symbiobacterium (genus), Symbiobacterium thermophilum (species)	Symbiobacterium thermophilum (strain DSM 24528 / JCM 14929 / IAM 14863 / T)
P84887	511	cellular organisms (no rank), Bacteria (domain), Pseudomonadati (kingdom), Pseudomonadota (phylum), Betaproteobacteria (class), Burkholderiales (order), Alcaligenaceae (family), Alcaligenes (genus)	Alcaligenes faecalis
Q741H2	262316	cellular organisms (no rank), Bacteria (domain), Bacillati (kingdom), Actinomycetota (phylum), Actinomycetes (class), Mycobacteriales (order), Mycobacteriaceae (family), Mycobacterium (genus), Mycobacterium avium complex (MAC) (no rank), Mycobacterium avium (species), Mycobacterium paratuberculosis (subspecies)	Mycolicibacterium paratuberculosis (strain ATCC BAA-968 / K-10) (Mycobacterium paratuberculosis)
O53873	83332	cellular organisms (no rank), Bacteria (domain), Bacillati (kingdom), Actinomycetota (phylum), Actinomycetes (class), Mycobacteriales (order), Mycobacteriaceae (family), Mycobacterium (genus), Mycobacterium tuberculosis complex (no rank), Mycobacterium tuberculosis (species)	Mycobacterium tuberculosis (strain ATCC 25618 / H37Rv)
A7MH81	290339	cellular organisms (no rank), Bacteria (domain), Pseudomonadati (kingdom), Pseudomonadota (phylum), Gammaproteobacteria (class), Enterobacterales (order), Enterobacteriaceae (family), Cronobacter (genus), Cronobacter sakazakii (species)	Cronobacter sakazakii (strain ATCC BAA-894) (Enterobacter sakazakii)
Q4TVS0	727	cellular organisms (no rank), Bacteria (domain), Pseudomonadati (kingdom), Pseudomonadota (phylum), Gammaproteobacteria (class), Pasteurellales (order), Pasteurellaceae (family), Haemophilus (genus)	Haemophilus influenzae
Q2FZ92	93061	cellular organisms (no rank), Bacteria (domain), Bacillati (kingdom), Bacillota (phylum), Bacilli (class), Caryophanales (order), Staphylococcaceae (family), Staphylococcus (genus), Staphylococcus aureus (species)	Staphylococcus aureus (strain NCTC 8325 / PS 47)
B8ZLK0	561276	cellular organisms (no rank), Bacteria (domain), Bacillati (kingdom), Bacillota (phylum), Bacilli (class), Lactobacillales (order), Streptococcaceae (family), Streptococcus (genus), Streptococcus pneumoniae (species)	Streptococcus pneumoniae (strain ATCC 700669 / Spain 23F-1)
P26220	1916	cellular organisms (no rank), Bacteria (domain), Bacillati (kingdom), Actinomycetota (phylum), Actinomycetes (class), Kitasatosporales (order), Streptomycetaceae (family), Streptomyces (genus)	Streptomyces lividans
Q89905	3052499	Viruses (no rank), Riboviria (realm), Orthornavirae (kingdom), Negarnaviricota (phylum), Polyploviricotina (subphylum), Bunyaviricetes (class), Elliovirales (order), Hantaviridae (family), Mammantavirinae (subfamily), Orthohantavirus (genus)	Sin Nombre orthohantavirus (SNV) (Sin Nombre virus)
P00392	287	cellular organisms (no rank), Bacteria (domain), Pseudomonadati (kingdom), Pseudomonadota (phylum), Gammaproteobacteria (class), Pseudomonadales (order), Pseudomonadaceae (family), Pseudomonas (genus), Pseudomonas aeruginosa group (no rank)	Pseudomonas aeruginosa
Q82I71	227882	cellular organisms (no rank), Bacteria (domain), Bacillati (kingdom), Actinomycetota (phylum), Actinomycetes (class), Kitasatosporales (order), Streptomycetaceae (family), Streptomyces (genus), Streptomyces avermitilis (species)	Streptomyces avermitilis (strain ATCC 31267 / DSM 46492 / JCM 5070 / NBRC 14893 / NCIMB 12804 / NRRL 8165 / MA-4680)
A1SWV3	357804	cellular organisms (no rank), Bacteria (domain), Pseudomonadati (kingdom), Pseudomonadota (phylum), Gammaproteobacteria (class), Alteromonadales (order), Psychromonadaceae (family), Psychromonas (genus), Psychromonas ingrahamii (species)	Psychromonas ingrahamii (strain DSM 17664 / CCUG 51855 / 37)
Q7UMW2	243090	cellular organisms (no rank), Bacteria (domain), Pseudomonadati (kingdom), PVC group (clade), Planctomycetota (phylum), Planctomycetia (class), Pirellulales (order), Pirellulaceae (family), Rhodopirellula (genus), Rhodopirellula baltica (species)	Rhodopirellula baltica (strain DSM 10527 / NCIMB 13988 / SH1)
Q1M7F4	216596	cellular organisms (no rank), Bacteria (domain), Pseudomonadati (kingdom), Pseudomonadota (phylum), Alphaproteobacteria (class), Hyphomicrobiales (order), Rhizobiaceae (family), Rhizobium/Agrobacterium group (no rank), Rhizobium (genus), Rhizobium johnstonii (species)	Rhizobium johnstonii (strain DSM 114642 / LMG 32736 / 3841) (Rhizobium leguminosarum bv. viciae)
O34154	226185	cellular organisms (no rank), Bacteria (domain), Bacillati (kingdom), Bacillota (phylum), Bacilli (class), Lactobacillales (order), Enterococcaceae (family), Enterococcus (genus), Enterococcus faecalis (species)	Enterococcus faecalis (strain ATCC 700802 / V583)
A9KM56	357809	cellular organisms (no rank), Bacteria (domain), Bacillati (kingdom), Bacillota (phylum), Clostridia (class), Lachnospirales (order), Lachnospiraceae (family), Lachnoclostridium (genus), Lachnoclostridium phytofermentans (species)	Lachnoclostridium phytofermentans (strain ATCC 700394 / DSM 18823 / ISDg) (Clostridium phytofermentans)
B7VIX1	575788	cellular organisms (no rank), Bacteria (domain), Pseudomonadati (kingdom), Pseudomonadota (phylum), Gammaproteobacteria (class), Vibrionales (order), Vibrionaceae (family), Vibrio (genus), Vibrio atlanticus (species)	Vibrio atlanticus (strain LGP32) (Vibrio splendidus (strain Mel32))
A7MBL8	7955	cellular organisms (no rank), Eukaryota (domain), Opisthokonta (clade), Metazoa (kingdom), Eumetazoa (clade), Bilateria (clade), Deuterostomia (clade), Chordata (phylum), Craniata (subphylum), Vertebrata (clade), Gnathostomata (clade), Teleostomi (clade), Euteleostomi (clade), Actinopterygii (superclass), Actinopteri (class), Neopterygii (subclass), Teleostei (infraclass), Osteoglossocephalai (clade), Clupeocephala (clade), Otomorpha (cohort), Ostariophysi (subcohort), Otophysi (clade), Cypriniphysae (superorder), Cypriniformes (order), Cyprinoidei (suborder), Danionidae (family), Danioninae (subfamily), Danio (genus)	Danio rerio (Zebrafish) (Brachydanio rerio)
Q7MNV6	196600	cellular organisms (no rank), Bacteria (domain), Pseudomonadati (kingdom), Pseudomonadota (phylum), Gammaproteobacteria (class), Vibrionales (order), Vibrionaceae (family), Vibrio (genus), Vibrio vulnificus (species)	Vibrio vulnificus (strain YJ016)
P39889	1907	cellular organisms (no rank), Bacteria (domain), Bacillati (kingdom), Actinomycetota (phylum), Actinomycetes (class), Kitasatosporales (order), Streptomycetaceae (family), Streptomyces (genus)	Streptomyces glaucescens
O57693	2271	cellular organisms (no rank), Archaea (domain), Thermoproteati (kingdom), Thermoproteota (phylum), Thermoprotei (class), Thermoproteales (order), Thermoproteaceae (family), Thermoproteus (genus)	Thermoproteus tenax
O39521	57119	Viruses (no rank), Floreoviria (realm), Shotokuvirae (kingdom), Cressdnaviricota (phylum), Repensiviricetes (class), Geplafuvirales (order), Geminiviridae (family), Mastrevirus (genus), Mastrevirus cicerparvi (species)	Bean yellow dwarf virus (BeYDV)
A2BIE7	7955	cellular organisms (no rank), Eukaryota (domain), Opisthokonta (clade), Metazoa (kingdom), Eumetazoa (clade), Bilateria (clade), Deuterostomia (clade), Chordata (phylum), Craniata (subphylum), Vertebrata (clade), Gnathostomata (clade), Teleostomi (clade), Euteleostomi (clade), Actinopterygii (superclass), Actinopteri (class), Neopterygii (subclass), Teleostei (infraclass), Osteoglossocephalai (clade), Clupeocephala (clade), Otomorpha (cohort), Ostariophysi (subcohort), Otophysi (clade), Cypriniphysae (superorder), Cypriniformes (order), Cyprinoidei (suborder), Danionidae (family), Danioninae (subfamily), Danio (genus)	Danio rerio (Zebrafish) (Brachydanio rerio)
C5BGP8	634503	cellular organisms (no rank), Bacteria (domain), Pseudomonadati (kingdom), Pseudomonadota (phylum), Gammaproteobacteria (class), Enterobacterales (order), Hafniaceae (family), Edwardsiella (genus), Edwardsiella ictaluri (species)	Edwardsiella ictaluri (strain 93-146)
Q8GB88	192387	cellular organisms (no rank), Bacteria (domain), Bacillati (kingdom), Bacillota (phylum), Bacilli (class), Caryophanales (order), Alicyclobacillaceae (family), Alicyclobacillus (genus)	Alicyclobacillus sendaiensis
P06845	1907	cellular organisms (no rank), Bacteria (domain), Bacillati (kingdom), Actinomycetota (phylum), Actinomycetes (class), Kitasatosporales (order), Streptomycetaceae (family), Streptomyces (genus)	Streptomyces glaucescens
B4EY22	529507	cellular organisms (no rank), Bacteria (domain), Pseudomonadati (kingdom), Pseudomonadota (phylum), Gammaproteobacteria (class), Enterobacterales (order), Morganellaceae (family), Proteus (genus), Proteus mirabilis (species)	Proteus mirabilis (strain HI4320)
Q50562	2210	cellular organisms (no rank), Archaea (domain), Methanobacteriati (kingdom), Methanobacteriota (phylum), Stenosarchaea group (clade), Methanomicrobia (class), Methanosarcinales (order), Methanosarcinaceae (family), Methanosarcina (genus)	Methanosarcina thermophila
A6VM63	339671	cellular organisms (no rank), Bacteria (domain), Pseudomonadati (kingdom), Pseudomonadota (phylum), Gammaproteobacteria (class), Pasteurellales (order), Pasteurellaceae (family), Actinobacillus (genus), Actinobacillus succinogenes (species)	Actinobacillus succinogenes (strain ATCC 55618 / DSM 22257 / CCUG 43843 / 130Z)
B2IUT0	63737	cellular organisms (no rank), Bacteria (domain), Bacillati (kingdom), Cyanobacteriota/Melainabacteria group (clade), Cyanobacteriota (phylum), Cyanophyceae (class), Nostocales (order), Nostocaceae (family), Nostoc (genus), Nostoc punctiforme (species)	Nostoc punctiforme (strain ATCC 29133 / PCC 73102)
Q88E47	160488	cellular organisms (no rank), Bacteria (domain), Pseudomonadati (kingdom), Pseudomonadota (phylum), Gammaproteobacteria (class), Pseudomonadales (order), Pseudomonadaceae (family), Pseudomonas (genus), Pseudomonas putida group (no rank), Pseudomonas putida (species)	Pseudomonas putida (strain ATCC 47054 / DSM 6125 / CFBP 8728 / NCIMB 11950 / KT2440)
A0A256XLS3	2012527	cellular organisms (no rank), Archaea (domain), Thermoproteati (kingdom), Thermoproteota (phylum), Thermoprotei (class), Thermofilales (order), Thermofilaceae (family), Thermofilum (genus), unclassified Thermofilum (no rank)	Thermofilum sp. (strain ex4484_79)
B9J1N1	361100	cellular organisms (no rank), Bacteria (domain), Bacillati (kingdom), Bacillota (phylum), Bacilli (class), Caryophanales (order), Bacillaceae (family), Bacillus (genus), Bacillus cereus group (no rank), Bacillus cereus (species)	Bacillus cereus (strain Q1)
Q8RQD1	192	cellular organisms (no rank), Bacteria (domain), Pseudomonadati (kingdom), Pseudomonadota (phylum), Alphaproteobacteria (class), Rhodospirillales (order), Azospirillaceae (family), Azospirillum (genus)	Azospirillum brasilense
P07071	10665	Viruses (no rank), Duplodnaviria (realm), Heunggongvirae (kingdom), Uroviricota (phylum), Caudoviricetes (class), Pantevenvirales (order), Straboviridae (family), Tevenvirinae (subfamily), Tequatrovirus (genus)	Enterobacteria phage T4 (Bacteriophage T4)
Q03075	224911	cellular organisms (no rank), Bacteria (domain), Pseudomonadati (kingdom), Pseudomonadota (phylum), Alphaproteobacteria (class), Hyphomicrobiales (order), Nitrobacteraceae (family), Bradyrhizobium (genus), Bradyrhizobium diazoefficiens (species)	Bradyrhizobium diazoefficiens (strain JCM 10833 / BCRC 13528 / IAM 13628 / NBRC 14792 / USDA 110)
Q6G5M0	283166	cellular organisms (no rank), Bacteria (domain), Pseudomonadati (kingdom), Pseudomonadota (phylum), Alphaproteobacteria (class), Hyphomicrobiales (order), Bartonellaceae (family), Bartonella (genus), Bartonella henselae (species)	Bartonella henselae (strain ATCC 49882 / DSM 28221 / CCUG 30454 / Houston 1) (Rochalimaea henselae)
Q80KJ7	1239574	Viruses (no rank), Riboviria (realm), Orthornavirae (kingdom), Pisuviricota (phylum), Stelpaviricetes (class), Stellavirales (order), Astroviridae (family), Mamastrovirus (genus), Mamastrovirus mustelae (species)	Mink astrovirus 1 (MAstV-1)
Q3MDP1	240292	cellular organisms (no rank), Bacteria (domain), Bacillati (kingdom), Cyanobacteriota/Melainabacteria group (clade), Cyanobacteriota (phylum), Cyanophyceae (class), Nostocales (order), Nostocaceae (family), Trichormus (genus), Anabaena variabilis (species)	Trichormus variabilis (strain ATCC 29413 / PCC 7937) (Anabaena variabilis)
Q8DSQ6	210007	cellular organisms (no rank), Bacteria (domain), Bacillati (kingdom), Bacillota (phylum), Bacilli (class), Lactobacillales (order), Streptococcaceae (family), Streptococcus (genus), Streptococcus mutans (species)	Streptococcus mutans serotype c (strain ATCC 700610 / UA159)
B0V4U0	509173	cellular organisms (no rank), Bacteria (domain), Pseudomonadati (kingdom), Pseudomonadota (phylum), Gammaproteobacteria (class), Moraxellales (order), Moraxellaceae (family), Acinetobacter (genus), Acinetobacter calcoaceticus/baumannii complex (no rank), Acinetobacter baumannii (species)	Acinetobacter baumannii (strain AYE)
Q8D2K0	36870	cellular organisms (no rank), Bacteria (domain), Pseudomonadati (kingdom), Pseudomonadota (phylum), Gammaproteobacteria (class), Enterobacterales (order), Erwiniaceae (family), Wigglesworthia (genus), Wigglesworthia glossinidia (species)	Wigglesworthia glossinidia brevipalpis
Q8ZFR1	632	cellular organisms (no rank), Bacteria (domain), Pseudomonadati (kingdom), Pseudomonadota (phylum), Gammaproteobacteria (class), Enterobacterales (order), Yersiniaceae (family), Yersinia (genus), Yersinia pseudotuberculosis complex (no rank)	Yersinia pestis
Q59288	485917	cellular organisms (no rank), Bacteria (domain), Pseudomonadati (kingdom), FCB group (clade), Bacteroidota/Chlorobiota group (clade), Bacteroidota (phylum), Sphingobacteriia (class), Sphingobacteriales (order), Sphingobacteriaceae (family), Pedobacter (genus), Pedobacter heparinus (species)	Pedobacter heparinus (strain ATCC 13125 / DSM 2366 / CIP 104194 / JCM 7457 / NBRC 12017 / NCIMB 9290 / NRRL B-14731 / HIM 762-3)
Q48RF1	319701	cellular organisms (no rank), Bacteria (domain), Bacillati (kingdom), Bacillota (phylum), Bacilli (class), Lactobacillales (order), Streptococcaceae (family), Streptococcus (genus), Streptococcus pyogenes (species), Streptococcus pyogenes serotype M28 (serotype)	Streptococcus pyogenes serotype M28 (strain MGAS6180)
Q8UGL3	176299	cellular organisms (no rank), Bacteria (domain), Pseudomonadati (kingdom), Pseudomonadota (phylum), Alphaproteobacteria (class), Hyphomicrobiales (order), Rhizobiaceae (family), Rhizobium/Agrobacterium group (no rank), Agrobacterium (genus), Agrobacterium tumefaciens complex (no rank), Agrobacterium fabrum (species)	Agrobacterium fabrum (strain C58 / ATCC 33970) (Agrobacterium tumefaciens (strain C58))
P29781	1911	cellular organisms (no rank), Bacteria (domain), Bacillati (kingdom), Actinomycetota (phylum), Actinomycetes (class), Kitasatosporales (order), Streptomycetaceae (family), Streptomyces (genus), Streptomyces griseus group (no rank), Streptomyces griseus subgroup (no rank)	Streptomyces griseus
Q3JD89	323261	cellular organisms (no rank), Bacteria (domain), Pseudomonadati (kingdom), Pseudomonadota (phylum), Gammaproteobacteria (class), Chromatiales (order), Chromatiaceae (family), Nitrosococcus (genus), Nitrosococcus oceani (species)	Nitrosococcus oceani (strain ATCC 19707 / BCRC 17464 / JCM 30415 / NCIMB 11848 / C-107)
Q81RQ4	1392	cellular organisms (no rank), Bacteria (domain), Bacillati (kingdom), Bacillota (phylum), Bacilli (class), Caryophanales (order), Bacillaceae (family), Bacillus (genus), Bacillus cereus group (no rank)	Bacillus anthracis
Q5U923	1496	cellular organisms (no rank), Bacteria (domain), Bacillati (kingdom), Bacillota (phylum), Clostridia (class), Peptostreptococcales (order), Peptostreptococcaceae (family), Clostridioides (genus)	Clostridioides difficile (Peptoclostridium difficile)
B2U4M7	344609	cellular organisms (no rank), Bacteria (domain), Pseudomonadati (kingdom), Pseudomonadota (phylum), Gammaproteobacteria (class), Enterobacterales (order), Enterobacteriaceae (family), Shigella (genus), Shigella boydii (species)	Shigella boydii serotype 18 (strain CDC 3083-94 / BS512)
P29918	266	cellular organisms (no rank), Bacteria (domain), Pseudomonadati (kingdom), Pseudomonadota (phylum), Alphaproteobacteria (class), Rhodobacterales (order), Paracoccaceae (family), Paracoccus (genus)	Paracoccus denitrificans
Q17WK1	382638	cellular organisms (no rank), Bacteria (domain), Pseudomonadati (kingdom), Campylobacterota (phylum), Epsilonproteobacteria (class), Campylobacterales (order), Helicobacteraceae (family), Helicobacter (genus), Helicobacter acinonychis (species)	Helicobacter acinonychis (strain Sheeba)
Q21AR4	316056	cellular organisms (no rank), Bacteria (domain), Pseudomonadati (kingdom), Pseudomonadota (phylum), Alphaproteobacteria (class), Hyphomicrobiales (order), Nitrobacteraceae (family), Rhodopseudomonas (genus), Rhodopseudomonas palustris (species)	Rhodopseudomonas palustris (strain BisB18)
Q9RA11	90736	cellular organisms (no rank), Bacteria (domain), Pseudomonadati (kingdom), Pseudomonadota (phylum), Gammaproteobacteria (class), Alteromonadales (order), Moritellaceae (family), Moritella (genus)	Moritella marina (Vibrio marinus)
P11207	11208	Viruses (no rank), Riboviria (realm), Orthornavirae (kingdom), Negarnaviricota (phylum), Haploviricotina (subphylum), Monjiviricetes (class), Mononegavirales (order), Paramyxoviridae (family), Rubulavirinae (subfamily), Orthorubulavirus (genus), Orthorubulavirus mammalis (species), Mammalian orthorubulavirus 5 (no rank)	Parainfluenza virus 5 (strain W3) (PIV5) (Simian virus 5)
Q1H009	265072	cellular organisms (no rank), Bacteria (domain), Pseudomonadati (kingdom), Pseudomonadota (phylum), Betaproteobacteria (class), Nitrosomonadales (order), Methylophilaceae (family), Methylobacillus (genus), Methylobacillus flagellatus (species)	Methylobacillus flagellatus (strain ATCC 51484 / DSM 6875 / VKM B-1610 / KT)
I7CA98	1196325	cellular organisms (no rank), Bacteria (domain), Pseudomonadati (kingdom), Pseudomonadota (phylum), Gammaproteobacteria (class), Pseudomonadales (order), Pseudomonadaceae (family), Pseudomonas (genus), Pseudomonas putida group (no rank), Pseudomonas putida (species)	Pseudomonas putida (strain DOT-T1E)
Q1MHI9	216596	cellular organisms (no rank), Bacteria (domain), Pseudomonadati (kingdom), Pseudomonadota (phylum), Alphaproteobacteria (class), Hyphomicrobiales (order), Rhizobiaceae (family), Rhizobium/Agrobacterium group (no rank), Rhizobium (genus), Rhizobium johnstonii (species)	Rhizobium johnstonii (strain DSM 114642 / LMG 32736 / 3841) (Rhizobium leguminosarum bv. viciae)
P0DV24	562	cellular organisms (no rank), Bacteria (domain), Pseudomonadati (kingdom), Pseudomonadota (phylum), Gammaproteobacteria (class), Enterobacterales (order), Enterobacteriaceae (family), Escherichia (genus)	Escherichia coli
C0LGP2	3702	cellular organisms (no rank), Eukaryota (domain), Viridiplantae (kingdom), Streptophyta (phylum), Streptophytina (subphylum), Embryophyta (clade), Tracheophyta (clade), Euphyllophyta (clade), Spermatophyta (clade), Magnoliopsida (class), Mesangiospermae (clade), eudicotyledons (clade), Gunneridae (clade), Pentapetalae (clade), rosids (clade), malvids (clade), Brassicales (order), Brassicaceae (family), Camelineae (tribe), Arabidopsis (genus)	Arabidopsis thaliana (Mouse-ear cress)
Q8ZCP8	632	cellular organisms (no rank), Bacteria (domain), Pseudomonadati (kingdom), Pseudomonadota (phylum), Gammaproteobacteria (class), Enterobacterales (order), Yersiniaceae (family), Yersinia (genus), Yersinia pseudotuberculosis complex (no rank)	Yersinia pestis
P61349	163164	cellular organisms (no rank), Bacteria (domain), Pseudomonadati (kingdom), Pseudomonadota (phylum), Alphaproteobacteria (class), Rickettsiales (order), Anaplasmataceae (family), Wolbachieae (tribe), Wolbachia (genus), unclassified Wolbachia (no rank)	Wolbachia pipientis wMel
Q0QLF1	1528	cellular organisms (no rank), Bacteria (domain), Bacillati (kingdom), Bacillota (phylum), Clostridia (class), Eubacteriales (order), Eubacteriaceae (family), Eubacterium (genus)	Eubacterium barkeri (Clostridium barkeri)
A0A075HNX4	257466	cellular organisms (no rank), Archaea (domain), Methanobacteriati (kingdom), Methanobacteriota (phylum), environmental samples (no rank)	Uncultured marine euryarchaeote
Q6LQK3	298386	cellular organisms (no rank), Bacteria (domain), Pseudomonadati (kingdom), Pseudomonadota (phylum), Gammaproteobacteria (class), Vibrionales (order), Vibrionaceae (family), Photobacterium (genus), Photobacterium profundum (species)	Photobacterium profundum (strain SS9)
Q8L3A9	59406	cellular organisms (no rank), Bacteria (domain), Pseudomonadati (kingdom), Pseudomonadota (phylum), Betaproteobacteria (class), Rhodocyclales (order), Rhodocyclaceae (family), Aromatoleum (genus)	Aromatoleum evansii (Azoarcus evansii)
Q5JFG9	69014	cellular organisms (no rank), Archaea (domain), Methanobacteriati (kingdom), Methanobacteriota (phylum), Thermococci (class), Thermococcales (order), Thermococcaceae (family), Thermococcus (genus), Thermococcus kodakarensis (species)	Thermococcus kodakarensis (strain ATCC BAA-918 / JCM 12380 / KOD1) (Pyrococcus kodakaraensis (strain KOD1))
A5F6G4	345073	cellular organisms (no rank), Bacteria (domain), Pseudomonadati (kingdom), Pseudomonadota (phylum), Gammaproteobacteria (class), Vibrionales (order), Vibrionaceae (family), Vibrio (genus), Vibrio cholerae (species)	Vibrio cholerae serotype O1 (strain ATCC 39541 / Classical Ogawa 395 / O395)
P0DX87	1402511	cellular organisms (no rank), Bacteria (domain), Pseudomonadati (kingdom), Pseudomonadota (phylum), Gammaproteobacteria (class), Pseudomonadales (order), Pseudomonadaceae (family), Pseudomonas (genus), Pseudomonas aeruginosa group (no rank), Pseudomonas aeruginosa (species)	Pseudomonas aeruginosa (strain BWHPSA011 / Pa011)
Q93LR4	1421	cellular organisms (no rank), Bacteria (domain), Bacillati (kingdom), Bacillota (phylum), Bacilli (class), Caryophanales (order), Bacillaceae (family), Lysinibacillus (genus)	Lysinibacillus sphaericus (Bacillus sphaericus)
C6DK59	561230	cellular organisms (no rank), Bacteria (domain), Pseudomonadati (kingdom), Pseudomonadota (phylum), Gammaproteobacteria (class), Enterobacterales (order), Pectobacteriaceae (family), Pectobacterium (genus), Pectobacterium carotovorum (species), Pectobacterium carotovorum subsp. carotovorum (subspecies)	Pectobacterium carotovorum subsp. carotovorum (strain PC1)
O50131	70601	cellular organisms (no rank), Archaea (domain), Methanobacteriati (kingdom), Methanobacteriota (phylum), Thermococci (class), Thermococcales (order), Thermococcaceae (family), Pyrococcus (genus), Pyrococcus horikoshii (species)	Pyrococcus horikoshii (strain ATCC 700860 / DSM 12428 / JCM 9974 / NBRC 100139 / OT-3)
G1UBD1	243233	cellular organisms (no rank), Bacteria (domain), Pseudomonadati (kingdom), Pseudomonadota (phylum), Gammaproteobacteria (class), Methylococcales (order), Methylococcaceae (family), Methylococcus (genus), Methylococcus capsulatus (species)	Methylococcus capsulatus (strain ATCC 33009 / NCIMB 11132 / Bath)
A0MZ67	10116	cellular organisms (no rank), Eukaryota (domain), Opisthokonta (clade), Metazoa (kingdom), Eumetazoa (clade), Bilateria (clade), Deuterostomia (clade), Chordata (phylum), Craniata (subphylum), Vertebrata (clade), Gnathostomata (clade), Teleostomi (clade), Euteleostomi (clade), Sarcopterygii (superclass), Dipnotetrapodomorpha (clade), Tetrapoda (clade), Amniota (clade), Mammalia (class), Theria (clade), Eutheria (clade), Boreoeutheria (clade), Euarchontoglires (superorder), Glires (clade), Rodentia (order), Myomorpha (suborder), Muroidea (clade), Muridae (family), Murinae (subfamily), Rattus (genus)	Rattus norvegicus (Rat)
A0A0H2ZMF9	373153	cellular organisms (no rank), Bacteria (domain), Bacillati (kingdom), Bacillota (phylum), Bacilli (class), Lactobacillales (order), Streptococcaceae (family), Streptococcus (genus), Streptococcus pneumoniae (species)	Streptococcus pneumoniae serotype 2 (strain D39 / NCTC 7466)
Q7VDG4	167539	cellular organisms (no rank), Bacteria (domain), Bacillati (kingdom), Cyanobacteriota/Melainabacteria group (clade), Cyanobacteriota (phylum), Cyanophyceae (class), Synechococcales (order), Prochlorococcaceae (family), Prochlorococcus (genus), Prochlorococcus marinus (species), Prochlorococcus marinus subsp. marinus (subspecies)	Prochlorococcus marinus (strain SARG / CCMP1375 / SS120)
Q7ZAG8	2283	cellular organisms (no rank), Archaea (domain), Thermoproteati (kingdom), Thermoproteota (phylum), Thermoprotei (class), Sulfolobales (order), Sulfolobaceae (family), Acidianus (genus)	Acidianus ambivalens (Desulfurolobus ambivalens)
B4XYC8	285525	cellular organisms (no rank), Bacteria (domain), Bacillati (kingdom), Actinomycetota (phylum), Actinomycetes (class), Kitasatosporales (order), Streptomycetaceae (family), Streptomyces (genus)	Streptomyces sahachiroi
P9WMQ0	83331	cellular organisms (no rank), Bacteria (domain), Bacillati (kingdom), Actinomycetota (phylum), Actinomycetes (class), Mycobacteriales (order), Mycobacteriaceae (family), Mycobacterium (genus), Mycobacterium tuberculosis complex (no rank), Mycobacterium tuberculosis (species)	Mycobacterium tuberculosis (strain CDC 1551 / Oshkosh)
G3XD01	208964	cellular organisms (no rank), Bacteria (domain), Pseudomonadati (kingdom), Pseudomonadota (phylum), Gammaproteobacteria (class), Pseudomonadales (order), Pseudomonadaceae (family), Pseudomonas (genus), Pseudomonas aeruginosa group (no rank), Pseudomonas aeruginosa (species)	Pseudomonas aeruginosa (strain ATCC 15692 / DSM 22644 / CIP 104116 / JCM 14847 / LMG 12228 / 1C / PRS 101 / PAO1)
A8MQN2	3702	cellular organisms (no rank), Eukaryota (domain), Viridiplantae (kingdom), Streptophyta (phylum), Streptophytina (subphylum), Embryophyta (clade), Tracheophyta (clade), Euphyllophyta (clade), Spermatophyta (clade), Magnoliopsida (class), Mesangiospermae (clade), eudicotyledons (clade), Gunneridae (clade), Pentapetalae (clade), rosids (clade), malvids (clade), Brassicales (order), Brassicaceae (family), Camelineae (tribe), Arabidopsis (genus)	Arabidopsis thaliana (Mouse-ear cress)
Q9AQQ8	118127	cellular organisms (no rank), Bacteria (domain), Pseudomonadati (kingdom), FCB group (clade), Bacteroidota/Chlorobiota group (clade), Bacteroidota (phylum), Flavobacteriia (class), Flavobacteriales (order), Weeksellaceae (family), Chryseobacterium group (no rank), Chryseobacterium (genus)	Chryseobacterium proteolyticum
Q8D3H7	36870	cellular organisms (no rank), Bacteria (domain), Pseudomonadati (kingdom), Pseudomonadota (phylum), Gammaproteobacteria (class), Enterobacterales (order), Erwiniaceae (family), Wigglesworthia (genus), Wigglesworthia glossinidia (species)	Wigglesworthia glossinidia brevipalpis
P28790	296	cellular organisms (no rank), Bacteria (domain), Pseudomonadati (kingdom), Pseudomonadota (phylum), Gammaproteobacteria (class), Pseudomonadales (order), Pseudomonadaceae (family), Pseudomonas (genus), Pseudomonas chlororaphis group (no rank)	Pseudomonas fragi
B4SVI1	423368	cellular organisms (no rank), Bacteria (domain), Pseudomonadati (kingdom), Pseudomonadota (phylum), Gammaproteobacteria (class), Enterobacterales (order), Enterobacteriaceae (family), Salmonella (genus), Salmonella enterica (species), Salmonella enterica I (subspecies), Salmonella newport (no rank)	Salmonella newport (strain SL254)
P80734	73044	cellular organisms (no rank), Bacteria (domain), Bacillati (kingdom), Actinomycetota (phylum), Actinomycetes (class), Kitasatosporales (order), Streptomycetaceae (family), Streptomyces (genus)	Streptomyces seoulensis
Q5L2V9	235909	cellular organisms (no rank), Bacteria (domain), Bacillati (kingdom), Bacillota (phylum), Bacilli (class), Caryophanales (order), Anoxybacillaceae (family), Geobacillus (genus), Geobacillus thermoleovorans group (no rank), Geobacillus kaustophilus (species)	Geobacillus kaustophilus (strain HTA426)
Q56575	663	cellular organisms (no rank), Bacteria (domain), Pseudomonadati (kingdom), Pseudomonadota (phylum), Gammaproteobacteria (class), Vibrionales (order), Vibrionaceae (family), Vibrio (genus), Vibrio harveyi group (no rank)	Vibrio alginolyticus
B1JUY8	406425	cellular organisms (no rank), Bacteria (domain), Pseudomonadati (kingdom), Pseudomonadota (phylum), Betaproteobacteria (class), Burkholderiales (order), Burkholderiaceae (family), Burkholderia (genus), Burkholderia cepacia complex (no rank), Burkholderia orbicola (species)	Burkholderia orbicola (strain MC0-3)
Q73PV9	243275	cellular organisms (no rank), Bacteria (domain), Pseudomonadati (kingdom), Spirochaetota (phylum), Spirochaetia (class), Treponematales (order), Treponemataceae (family), Treponema (genus), Treponema denticola (species)	Treponema denticola (strain ATCC 35405 / DSM 14222 / CIP 103919 / JCM 8153 / KCTC 15104)
Q3M6C3	240292	cellular organisms (no rank), Bacteria (domain), Bacillati (kingdom), Cyanobacteriota/Melainabacteria group (clade), Cyanobacteriota (phylum), Cyanophyceae (class), Nostocales (order), Nostocaceae (family), Trichormus (genus), Anabaena variabilis (species)	Trichormus variabilis (strain ATCC 29413 / PCC 7937) (Anabaena variabilis)
B6EKL9	316275	cellular organisms (no rank), Bacteria (domain), Pseudomonadati (kingdom), Pseudomonadota (phylum), Gammaproteobacteria (class), Vibrionales (order), Vibrionaceae (family), Aliivibrio (genus), Aliivibrio salmonicida (species)	Aliivibrio salmonicida (strain LFI1238) (Vibrio salmonicida (strain LFI1238))
P09613	487099	Viruses (no rank), Riboviria (realm), Orthornavirae (kingdom), Negarnaviricota (phylum), Polyploviricotina (subphylum), Bunyaviricetes (class), Hareavirales (order), Phenuiviridae (family), Uukuvirus (genus), Uukuvirus uukuniemiense (species), Uukuniemi phlebovirus (no rank)	Uukuniemi virus (strain S23) (UUKV)
B1LJH3	439855	cellular organisms (no rank), Bacteria (domain), Pseudomonadati (kingdom), Pseudomonadota (phylum), Gammaproteobacteria (class), Enterobacterales (order), Enterobacteriaceae (family), Escherichia (genus), Escherichia coli (species)	Escherichia coli (strain SMS-3-5 / SECEC)
B1KQY3	392500	cellular organisms (no rank), Bacteria (domain), Pseudomonadati (kingdom), Pseudomonadota (phylum), Gammaproteobacteria (class), Alteromonadales (order), Shewanellaceae (family), Shewanella (genus), Shewanella woodyi (species)	Shewanella woodyi (strain ATCC 51908 / MS32)
B7HFB3	405532	cellular organisms (no rank), Bacteria (domain), Bacillati (kingdom), Bacillota (phylum), Bacilli (class), Caryophanales (order), Bacillaceae (family), Bacillus (genus), Bacillus cereus group (no rank), Bacillus cereus (species)	Bacillus cereus (strain B4264)
B7H4W3	405532	cellular organisms (no rank), Bacteria (domain), Bacillati (kingdom), Bacillota (phylum), Bacilli (class), Caryophanales (order), Bacillaceae (family), Bacillus (genus), Bacillus cereus group (no rank), Bacillus cereus (species)	Bacillus cereus (strain B4264)
P61342	257309	cellular organisms (no rank), Bacteria (domain), Bacillati (kingdom), Actinomycetota (phylum), Actinomycetes (class), Mycobacteriales (order), Corynebacteriaceae (family), Corynebacterium (genus), Corynebacterium diphtheriae (species)	Corynebacterium diphtheriae (strain ATCC 700971 / NCTC 13129 / Biotype gravis)
Q2J878	106370	cellular organisms (no rank), Bacteria (domain), Bacillati (kingdom), Actinomycetota (phylum), Actinomycetes (class), Frankiales (order), Frankiaceae (family), Frankia (genus)	Frankia casuarinae (strain DSM 45818 / CECT 9043 / HFP020203 / CcI3)
Q2EMT4	2188	cellular organisms (no rank), Archaea (domain), Methanobacteriati (kingdom), Methanobacteriota (phylum), Methanomada group (clade), Methanococci (class), Methanococcales (order), Methanococcaceae (family), Methanococcus (genus)	Methanococcus voltae
A0A0H2ZNL3	373153	cellular organisms (no rank), Bacteria (domain), Bacillati (kingdom), Bacillota (phylum), Bacilli (class), Lactobacillales (order), Streptococcaceae (family), Streptococcus (genus), Streptococcus pneumoniae (species)	Streptococcus pneumoniae serotype 2 (strain D39 / NCTC 7466)
O54196	1901	cellular organisms (no rank), Bacteria (domain), Bacillati (kingdom), Actinomycetota (phylum), Actinomycetes (class), Kitasatosporales (order), Streptomycetaceae (family), Streptomyces (genus)	Streptomyces clavuligerus
Q4JC35	330779	cellular organisms (no rank), Archaea (domain), Thermoproteati (kingdom), Thermoproteota (phylum), Thermoprotei (class), Sulfolobales (order), Sulfolobaceae (family), Sulfolobus (genus), Sulfolobus acidocaldarius (species)	Sulfolobus acidocaldarius (strain ATCC 33909 / DSM 639 / JCM 8929 / NBRC 15157 / NCIMB 11770)
Q9EYU0	80869	cellular organisms (no rank), Bacteria (domain), Pseudomonadati (kingdom), Pseudomonadota (phylum), Betaproteobacteria (class), Burkholderiales (order), Comamonadaceae (family), Paracidovorax (genus)	Paracidovorax citrulli (Acidovorax citrulli)
Q57095	663	cellular organisms (no rank), Bacteria (domain), Pseudomonadati (kingdom), Pseudomonadota (phylum), Gammaproteobacteria (class), Vibrionales (order), Vibrionaceae (family), Vibrio (genus), Vibrio harveyi group (no rank)	Vibrio alginolyticus
P0A6A3	83333	cellular organisms (no rank), Bacteria (domain), Pseudomonadati (kingdom), Pseudomonadota (phylum), Gammaproteobacteria (class), Enterobacterales (order), Enterobacteriaceae (family), Escherichia (genus), Escherichia coli (species)	Escherichia coli (strain K12)
A7ZX76	331112	cellular organisms (no rank), Bacteria (domain), Pseudomonadati (kingdom), Pseudomonadota (phylum), Gammaproteobacteria (class), Enterobacterales (order), Enterobacteriaceae (family), Escherichia (genus), Escherichia coli (species)	Escherichia coli O9:H4 (strain HS)
O66188	931	cellular organisms (no rank), Bacteria (domain), Pseudomonadati (kingdom), Pseudomonadota (phylum), Betaproteobacteria (class), Nitrosomonadales (order), Thiobacillaceae (family), Thiobacillus (genus)	Thiobacillus thioparus
P0A0D6	1280	cellular organisms (no rank), Bacteria (domain), Bacillati (kingdom), Bacillota (phylum), Bacilli (class), Caryophanales (order), Staphylococcaceae (family), Staphylococcus (genus)	Staphylococcus aureus
Q3A0D8	338963	cellular organisms (no rank), Bacteria (domain), Pseudomonadati (kingdom), Thermodesulfobacteriota (phylum), Desulfuromonadia (class), Desulfuromonadales (order), Syntrophotaleaceae (family), Syntrophotalea (genus), Syntrophotalea carbinolica (species)	Syntrophotalea carbinolica (strain DSM 2380 / NBRC 103641 / GraBd1) (Pelobacter carbinolicus)
P0A9B3	199310	cellular organisms (no rank), Bacteria (domain), Pseudomonadati (kingdom), Pseudomonadota (phylum), Gammaproteobacteria (class), Enterobacterales (order), Enterobacteriaceae (family), Escherichia (genus), Escherichia coli (species)	Escherichia coli O6:H1 (strain CFT073 / ATCC 700928 / UPEC)
Q5JIY7	69014	cellular organisms (no rank), Archaea (domain), Methanobacteriati (kingdom), Methanobacteriota (phylum), Thermococci (class), Thermococcales (order), Thermococcaceae (family), Thermococcus (genus), Thermococcus kodakarensis (species)	Thermococcus kodakarensis (strain ATCC BAA-918 / JCM 12380 / KOD1) (Pyrococcus kodakaraensis (strain KOD1))
Q8DQ36	171101	cellular organisms (no rank), Bacteria (domain), Bacillati (kingdom), Bacillota (phylum), Bacilli (class), Lactobacillales (order), Streptococcaceae (family), Streptococcus (genus), Streptococcus pneumoniae (species)	Streptococcus pneumoniae (strain ATCC BAA-255 / R6)
A4IT51	420246	cellular organisms (no rank), Bacteria (domain), Bacillati (kingdom), Bacillota (phylum), Bacilli (class), Caryophanales (order), Anoxybacillaceae (family), Geobacillus (genus), Geobacillus thermodenitrificans (species)	Geobacillus thermodenitrificans (strain NG80-2)
Q0HE08	60480	cellular organisms (no rank), Bacteria (domain), Pseudomonadati (kingdom), Pseudomonadota (phylum), Gammaproteobacteria (class), Alteromonadales (order), Shewanellaceae (family), Shewanella (genus), unclassified Shewanella (no rank)	Shewanella sp. (strain MR-4)
Q329R9	300267	cellular organisms (no rank), Bacteria (domain), Pseudomonadati (kingdom), Pseudomonadota (phylum), Gammaproteobacteria (class), Enterobacterales (order), Enterobacteriaceae (family), Shigella (genus), Shigella dysenteriae (species)	Shigella dysenteriae serotype 1 (strain Sd197)
Q9ZGH4	54571	cellular organisms (no rank), Bacteria (domain), Bacillati (kingdom), Actinomycetota (phylum), Actinomycetes (class), Kitasatosporales (order), Streptomycetaceae (family), Streptomyces (genus)	Streptomyces venezuelae
Q54530	1924	cellular organisms (no rank), Bacteria (domain), Bacillati (kingdom), Actinomycetota (phylum), Actinomycetes (class), Kitasatosporales (order), Streptomycetaceae (family), Streptomyces (genus)	Streptomyces purpurascens
P19148	33950	cellular organisms (no rank), Bacteria (domain), Bacillati (kingdom), Bacillota (phylum), Clostridia (class), Thermoanaerobacterales (order), Thermoanaerobacteraceae (family), Thermoanaerobacterium (genus)	Thermoanaerobacterium thermosulfurigenes (Clostridium thermosulfurogenes)
P0DY09	1151743	cellular organisms (no rank), Bacteria (domain), Pseudomonadati (kingdom), Pseudomonadota (phylum), Betaproteobacteria (class), Burkholderiales (order), Burkholderiaceae (family), Burkholderia (genus), unclassified Burkholderia (no rank)	Burkholderia sp. (strain HME13)
J3WAX0	1216928	Viruses (no rank), Riboviria (realm), Orthornavirae (kingdom), Negarnaviricota (phylum), Polyploviricotina (subphylum), Bunyaviricetes (class), Hareavirales (order), Phenuiviridae (family), Bandavirus (genus), Bandavirus heartlandense (species)	Heartland virus (HTRV)
Q01YD9	234267	cellular organisms (no rank), Bacteria (domain), Pseudomonadati (kingdom), Acidobacteriota (phylum), Terriglobia (class), Bryobacterales (order), Solibacteraceae (family), Candidatus Solibacter (genus), Solibacter usitatus (species)	Solibacter usitatus (strain Ellin6076)
Q53084	1833	cellular organisms (no rank), Bacteria (domain), Bacillati (kingdom), Actinomycetota (phylum), Actinomycetes (class), Mycobacteriales (order), Nocardiaceae (family), Rhodococcus (genus), Rhodococcus erythropolis group (no rank)	Rhodococcus erythropolis (Arthrobacter picolinophilus)
O54003	272844	cellular organisms (no rank), Archaea (domain), Methanobacteriati (kingdom), Methanobacteriota (phylum), Thermococci (class), Thermococcales (order), Thermococcaceae (family), Pyrococcus (genus), Pyrococcus abyssi (species)	Pyrococcus abyssi (strain GE5 / Orsay)
B5FG68	388396	cellular organisms (no rank), Bacteria (domain), Pseudomonadati (kingdom), Pseudomonadota (phylum), Gammaproteobacteria (class), Vibrionales (order), Vibrionaceae (family), Aliivibrio (genus), Aliivibrio fischeri (species)	Aliivibrio fischeri (strain MJ11) (Vibrio fischeri)
P14169	90370	cellular organisms (no rank), Bacteria (domain), Pseudomonadati (kingdom), Pseudomonadota (phylum), Gammaproteobacteria (class), Enterobacterales (order), Enterobacteriaceae (family), Salmonella (genus), Salmonella enterica (species), Salmonella enterica I (subspecies)	Salmonella typhi
B1ZQZ5	452637	cellular organisms (no rank), Bacteria (domain), Pseudomonadati (kingdom), PVC group (clade), Verrucomicrobiota (phylum), Opitutia (class), Opitutales (order), Opitutaceae (family), Opitutus (genus), Opitutus terrae (species)	Opitutus terrae (strain DSM 11246 / JCM 15787 / PB90-1)
P27353	426	cellular organisms (no rank), Bacteria (domain), Pseudomonadati (kingdom), Pseudomonadota (phylum), Alphaproteobacteria (class), Hyphomicrobiales (order), Methylocystaceae (family), Methylosinus (genus)	Methylosinus trichosporium
A7HIG8	404589	cellular organisms (no rank), Bacteria (domain), Pseudomonadati (kingdom), Myxococcota (phylum), Myxococcia (class), Myxococcales (order), Cystobacterineae (suborder), Anaeromyxobacteraceae (family), Anaeromyxobacter (genus), unclassified Anaeromyxobacter (no rank)	Anaeromyxobacter sp. (strain Fw109-5)
B8E8D7	407976	cellular organisms (no rank), Bacteria (domain), Pseudomonadati (kingdom), Pseudomonadota (phylum), Gammaproteobacteria (class), Alteromonadales (order), Shewanellaceae (family), Shewanella (genus), Shewanella baltica (species)	Shewanella baltica (strain OS223)
Q5E8X6	312309	cellular organisms (no rank), Bacteria (domain), Pseudomonadati (kingdom), Pseudomonadota (phylum), Gammaproteobacteria (class), Vibrionales (order), Vibrionaceae (family), Aliivibrio (genus), Aliivibrio fischeri (species)	Aliivibrio fischeri (strain ATCC 700601 / ES114) (Vibrio fischeri)
P21631	42445	cellular organisms (no rank), Bacteria (domain), Pseudomonadati (kingdom), Pseudomonadota (phylum), Alphaproteobacteria (class), Hyphomicrobiales (order), Rhizobiaceae (family), Sinorhizobium/Ensifer group (no rank), Sinorhizobium (genus), unclassified Sinorhizobium (no rank)	Sinorhizobium sp
Q60024	29323	cellular organisms (no rank), Bacteria (domain), Bacillati (kingdom), Bacillota (phylum), Clostridia (class), Thermoanaerobacterales (order), Thermoanaerobacteraceae (family), Thermoanaerobacter (genus)	Thermoanaerobacter brockii (Thermoanaerobium brockii)
P20657	476	cellular organisms (no rank), Bacteria (domain), Pseudomonadati (kingdom), Pseudomonadota (phylum), Gammaproteobacteria (class), Moraxellales (order), Moraxellaceae (family), Moraxella (genus)	Moraxella bovis
Q8EJI6	211586	cellular organisms (no rank), Bacteria (domain), Pseudomonadati (kingdom), Pseudomonadota (phylum), Gammaproteobacteria (class), Alteromonadales (order), Shewanellaceae (family), Shewanella (genus), Shewanella oneidensis (species)	Shewanella oneidensis (strain ATCC 700550 / JCM 31522 / CIP 106686 / LMG 19005 / NCIMB 14063 / MR-1)
Q49WY3	342451	cellular organisms (no rank), Bacteria (domain), Bacillati (kingdom), Bacillota (phylum), Bacilli (class), Caryophanales (order), Staphylococcaceae (family), Staphylococcus (genus), Staphylococcus saprophyticus (species)	Staphylococcus saprophyticus subsp. saprophyticus (strain ATCC 15305 / DSM 20229 / NCIMB 8711 / NCTC 7292 / S-41)
A2SD80	420662	cellular organisms (no rank), Bacteria (domain), Pseudomonadati (kingdom), Pseudomonadota (phylum), Betaproteobacteria (class), Burkholderiales (order), Sphaerotilaceae (family), Methylibium (genus), Methylibium petroleiphilum (species)	Methylibium petroleiphilum (strain ATCC BAA-1232 / LMG 22953 / PM1)
Q4W6G0	303	cellular organisms (no rank), Bacteria (domain), Pseudomonadati (kingdom), Pseudomonadota (phylum), Gammaproteobacteria (class), Pseudomonadales (order), Pseudomonadaceae (family), Pseudomonas (genus), Pseudomonas putida group (no rank)	Pseudomonas putida (Arthrobacter siderocapsulatus)
Q8YX22	103690	cellular organisms (no rank), Bacteria (domain), Bacillati (kingdom), Cyanobacteriota/Melainabacteria group (clade), Cyanobacteriota (phylum), Cyanophyceae (class), Nostocales (order), Nostocaceae (family), Nostoc (genus), unclassified Nostoc (no rank)	Nostoc sp. (strain PCC 7120 / SAG 25.82 / UTEX 2576)
P03522	11285	Viruses (no rank), Riboviria (realm), Orthornavirae (kingdom), Negarnaviricota (phylum), Haploviricotina (subphylum), Monjiviricetes (class), Mononegavirales (order), Rhabdoviridae (family), Alpharhabdovirinae (subfamily), Vesiculovirus (genus), Vesiculovirus indiana (species), Vesicular stomatitis Indiana virus (no rank)	Vesicular stomatitis Indiana virus (strain San Juan) (VSIV)
P20932	303	cellular organisms (no rank), Bacteria (domain), Pseudomonadati (kingdom), Pseudomonadota (phylum), Gammaproteobacteria (class), Pseudomonadales (order), Pseudomonadaceae (family), Pseudomonas (genus), Pseudomonas putida group (no rank)	Pseudomonas putida (Arthrobacter siderocapsulatus)
Q5X4H4	297246	cellular organisms (no rank), Bacteria (domain), Pseudomonadati (kingdom), Pseudomonadota (phylum), Gammaproteobacteria (class), Legionellales (order), Legionellaceae (family), Legionella (genus), Legionella pneumophila (species)	Legionella pneumophila (strain Paris)
C1DCC1	557598	cellular organisms (no rank), Bacteria (domain), Pseudomonadati (kingdom), Pseudomonadota (phylum), Betaproteobacteria (class), Neisseriales (order), Aquaspirillaceae (family), Laribacter (genus), Laribacter hongkongensis (species)	Laribacter hongkongensis (strain HLHK9)
C1DKY7	322710	cellular organisms (no rank), Bacteria (domain), Pseudomonadati (kingdom), Pseudomonadota (phylum), Gammaproteobacteria (class), Pseudomonadales (order), Pseudomonadaceae (family), Azotobacter group (subfamily), Azotobacter (genus), Azotobacter vinelandii (species)	Azotobacter vinelandii (strain DJ / ATCC BAA-1303)
Q1JUQ1	192	cellular organisms (no rank), Bacteria (domain), Pseudomonadati (kingdom), Pseudomonadota (phylum), Alphaproteobacteria (class), Rhodospirillales (order), Azospirillaceae (family), Azospirillum (genus)	Azospirillum brasilense
Q8CWN2	171101	cellular organisms (no rank), Bacteria (domain), Bacillati (kingdom), Bacillota (phylum), Bacilli (class), Lactobacillales (order), Streptococcaceae (family), Streptococcus (genus), Streptococcus pneumoniae (species)	Streptococcus pneumoniae (strain ATCC BAA-255 / R6)
P54686	44689	cellular organisms (no rank), Eukaryota (domain), Amoebozoa (clade), Evosea (phylum), Eumycetozoa (class), Dictyostelia (clade), Dictyosteliales (order), Dictyosteliaceae (family), Dictyostelium (genus)	Dictyostelium discoideum (Social amoeba)
A5GTM5	316278	cellular organisms (no rank), Bacteria (domain), Bacillati (kingdom), Cyanobacteriota/Melainabacteria group (clade), Cyanobacteriota (phylum), Cyanophyceae (class), Synechococcales (order), Synechococcaceae (family), Synechococcus (genus), unclassified Synechococcus (no rank)	Synechococcus sp. (strain RCC307)
Q0QLF3	1528	cellular organisms (no rank), Bacteria (domain), Bacillati (kingdom), Bacillota (phylum), Clostridia (class), Eubacteriales (order), Eubacteriaceae (family), Eubacterium (genus)	Eubacterium barkeri (Clostridium barkeri)
P40832	272631	cellular organisms (no rank), Bacteria (domain), Bacillati (kingdom), Actinomycetota (phylum), Actinomycetes (class), Mycobacteriales (order), Mycobacteriaceae (family), Mycobacterium (genus), Mycobacterium leprae (species)	Mycobacterium leprae (strain TN)
P80695	1006551	cellular organisms (no rank), Bacteria (domain), Pseudomonadati (kingdom), Pseudomonadota (phylum), Gammaproteobacteria (class), Enterobacterales (order), Enterobacteriaceae (family), Klebsiella (genus), Klebsiella michiganensis (species)	Klebsiella michiganensis (strain ATCC 8724 / DSM 4798 / JCM 20051 / NBRC 3318 / NRRL B-199 / KCTC 1686 / BUCSAV 143 / CCM 1901)
Q5L1C0	235909	cellular organisms (no rank), Bacteria (domain), Bacillati (kingdom), Bacillota (phylum), Bacilli (class), Caryophanales (order), Anoxybacillaceae (family), Geobacillus (genus), Geobacillus thermoleovorans group (no rank), Geobacillus kaustophilus (species)	Geobacillus kaustophilus (strain HTA426)
Q89WC9	224911	cellular organisms (no rank), Bacteria (domain), Pseudomonadati (kingdom), Pseudomonadota (phylum), Alphaproteobacteria (class), Hyphomicrobiales (order), Nitrobacteraceae (family), Bradyrhizobium (genus), Bradyrhizobium diazoefficiens (species)	Bradyrhizobium diazoefficiens (strain JCM 10833 / BCRC 13528 / IAM 13628 / NBRC 14792 / USDA 110)
A9W383	419610	cellular organisms (no rank), Bacteria (domain), Pseudomonadati (kingdom), Pseudomonadota (phylum), Alphaproteobacteria (class), Hyphomicrobiales (order), Methylobacteriaceae (family), Methylorubrum (genus), Methylorubrum extorquens (species)	Methylorubrum extorquens (strain PA1) (Methylobacterium extorquens)
Q67JC8	292459	cellular organisms (no rank), Bacteria (domain), Bacillati (kingdom), Bacillota (phylum), Clostridia (class), Eubacteriales (order), Symbiobacteriaceae (family), Symbiobacterium (genus), Symbiobacterium thermophilum (species)	Symbiobacterium thermophilum (strain DSM 24528 / JCM 14929 / IAM 14863 / T)
A8R3S4	303	cellular organisms (no rank), Bacteria (domain), Pseudomonadati (kingdom), Pseudomonadota (phylum), Gammaproteobacteria (class), Pseudomonadales (order), Pseudomonadaceae (family), Pseudomonas (genus), Pseudomonas putida group (no rank)	Pseudomonas putida (Arthrobacter siderocapsulatus)
F9UPU7	220668	cellular organisms (no rank), Bacteria (domain), Bacillati (kingdom), Bacillota (phylum), Bacilli (class), Lactobacillales (order), Lactobacillaceae (family), Lactiplantibacillus (genus), Lactiplantibacillus plantarum (species)	Lactiplantibacillus plantarum (strain ATCC BAA-793 / NCIMB 8826 / WCFS1) (Lactobacillus plantarum)
A0A0S1X9S7	55802	cellular organisms (no rank), Archaea (domain), Methanobacteriati (kingdom), Methanobacteriota (phylum), Thermococci (class), Thermococcales (order), Thermococcaceae (family), Thermococcus (genus)	Thermococcus barophilus
P74312	1111708	cellular organisms (no rank), Bacteria (domain), Bacillati (kingdom), Cyanobacteriota/Melainabacteria group (clade), Cyanobacteriota (phylum), Cyanophyceae (class), Synechococcales (order), Merismopediaceae (family), Synechocystis (genus), unclassified Synechocystis (no rank), Synechocystis sp. PCC 6803 (species)	Synechocystis sp. (strain ATCC 27184 / PCC 6803 / Kazusa)
P83513	185007	cellular organisms (no rank), Bacteria (domain), Bacillati (kingdom), Bacillota (phylum), Clostridia (class), Lachnospirales (order), Lachnospiraceae (family), Pseudobutyrivibrio (genus)	Pseudobutyrivibrio xylanivorans
A3MSP1	410359	cellular organisms (no rank), Archaea (domain), Thermoproteati (kingdom), Thermoproteota (phylum), Thermoprotei (class), Thermoproteales (order), Thermoproteaceae (family), Pyrobaculum (genus), Pyrobaculum calidifontis (species)	Pyrobaculum calidifontis (strain DSM 21063 / JCM 11548 / VA1)
A6NCS4	9606	cellular organisms (no rank), Eukaryota (domain), Opisthokonta (clade), Metazoa (kingdom), Eumetazoa (clade), Bilateria (clade), Deuterostomia (clade), Chordata (phylum), Craniata (subphylum), Vertebrata (clade), Gnathostomata (clade), Teleostomi (clade), Euteleostomi (clade), Sarcopterygii (superclass), Dipnotetrapodomorpha (clade), Tetrapoda (clade), Amniota (clade), Mammalia (class), Theria (clade), Eutheria (clade), Boreoeutheria (clade), Euarchontoglires (superorder), Primates (order), Haplorrhini (suborder), Simiiformes (infraorder), Catarrhini (parvorder), Hominoidea (superfamily), Hominidae (family), Homininae (subfamily), Homo (genus)	Homo sapiens (Human)
B7VBN2	557722	cellular organisms (no rank), Bacteria (domain), Pseudomonadati (kingdom), Pseudomonadota (phylum), Gammaproteobacteria (class), Pseudomonadales (order), Pseudomonadaceae (family), Pseudomonas (genus), Pseudomonas aeruginosa group (no rank), Pseudomonas aeruginosa (species)	Pseudomonas aeruginosa (strain LESB58)
C6E6Z3	443144	cellular organisms (no rank), Bacteria (domain), Pseudomonadati (kingdom), Thermodesulfobacteriota (phylum), Desulfuromonadia (class), Geobacterales (order), Geobacteraceae (family), Geobacter (genus), unclassified Geobacter (no rank)	Geobacter sp. (strain M21)
O30085	224325	cellular organisms (no rank), Archaea (domain), Methanobacteriati (kingdom), Methanobacteriota (phylum), Archaeoglobi (class), Archaeoglobales (order), Archaeoglobaceae (family), Archaeoglobus (genus), Archaeoglobus fulgidus (species)	Archaeoglobus fulgidus (strain ATCC 49558 / DSM 4304 / JCM 9628 / NBRC 100126 / VC-16)
Q11WK6	269798	cellular organisms (no rank), Bacteria (domain), Pseudomonadati (kingdom), FCB group (clade), Bacteroidota/Chlorobiota group (clade), Bacteroidota (phylum), Cytophagia (class), Cytophagales (order), Cytophagaceae (family), Cytophaga (genus), Cytophaga hutchinsonii (species)	Cytophaga hutchinsonii (strain ATCC 33406 / DSM 1761 / CIP 103989 / NBRC 15051 / NCIMB 9469 / D465)
Q661S6	290434	cellular organisms (no rank), Bacteria (domain), Pseudomonadati (kingdom), Spirochaetota (phylum), Spirochaetia (class), Spirochaetales (order), Borreliaceae (family), Borreliella (genus), Borreliella bavariensis (species)	Borrelia garinii subsp. bavariensis (strain ATCC BAA-2496 / DSM 23469 / PBi) (Borreliella bavariensis)
Q9ZHQ4	1906	cellular organisms (no rank), Bacteria (domain), Bacillati (kingdom), Actinomycetota (phylum), Actinomycetes (class), Kitasatosporales (order), Streptomycetaceae (family), Streptomyces (genus)	Streptomyces fradiae (Streptomyces roseoflavus)
Q7U669	84588	cellular organisms (no rank), Bacteria (domain), Bacillati (kingdom), Cyanobacteriota/Melainabacteria group (clade), Cyanobacteriota (phylum), Cyanophyceae (class), Synechococcales (order), Prochlorococcaceae (family), Parasynechococcus (genus), Parasynechococcus marenigrum (species)	Parasynechococcus marenigrum (strain WH8102)
A3PMF8	349101	cellular organisms (no rank), Bacteria (domain), Pseudomonadati (kingdom), Pseudomonadota (phylum), Alphaproteobacteria (class), Rhodobacterales (order), Paracoccaceae (family), Cereibacter (genus), Cereibacter sphaeroides (species)	Cereibacter sphaeroides (strain ATCC 17029 / ATH 2.4.9) (Rhodobacter sphaeroides)
P14930	485	cellular organisms (no rank), Bacteria (domain), Pseudomonadati (kingdom), Pseudomonadota (phylum), Betaproteobacteria (class), Neisseriales (order), Neisseriaceae (family), Neisseria (genus)	Neisseria gonorrhoeae
Q0I200	205914	cellular organisms (no rank), Bacteria (domain), Pseudomonadati (kingdom), Pseudomonadota (phylum), Gammaproteobacteria (class), Pasteurellales (order), Pasteurellaceae (family), Histophilus (genus), Histophilus somni (species)	Histophilus somni (strain 129Pt) (Haemophilus somnus)
P47658	243273	cellular organisms (no rank), Bacteria (domain), Bacillati (kingdom), Mycoplasmatota (phylum), Mycoplasmoidales (order), Mycoplasmoidaceae (family), Mycoplasmoides (genus), Mycoplasmoides genitalium (species)	Mycoplasmoides genitalium (strain ATCC 33530 / DSM 19775 / NCTC 10195 / G37) (Mycoplasma genitalium)
Q2S6P3	349521	cellular organisms (no rank), Bacteria (domain), Pseudomonadati (kingdom), Pseudomonadota (phylum), Gammaproteobacteria (class), Oceanospirillales (order), Hahellaceae (family), Hahella (genus), Hahella chejuensis (species)	Hahella chejuensis (strain KCTC 2396)
Q5Z110	247156	cellular organisms (no rank), Bacteria (domain), Bacillati (kingdom), Actinomycetota (phylum), Actinomycetes (class), Mycobacteriales (order), Nocardiaceae (family), Nocardia (genus), Nocardia farcinica (species)	Nocardia farcinica (strain IFM 10152)
P04008	332091	Viruses (no rank), Floreoviria (realm), Shotokuvirae (kingdom), Cossaviricota (phylum), Papovaviricetes (class), Sepolyvirales (order), Polyomaviridae (family), unclassified Polyomaviridae (no rank), African green monkey polyomavirus (species)	B-lymphotropic polyomavirus (LPV)
Q8DLT5	197221	cellular organisms (no rank), Bacteria (domain), Bacillati (kingdom), Cyanobacteriota/Melainabacteria group (clade), Cyanobacteriota (phylum), Cyanophyceae (class), Acaryochloridales (order), Thermosynechococcaceae (family), Thermosynechococcus (genus), Thermosynechococcus vestitus (species)	Thermosynechococcus vestitus (strain NIES-2133 / IAM M-273 / BP-1)
Q8RQU9	1459	cellular organisms (no rank), Bacteria (domain), Bacillati (kingdom), Bacillota (phylum), Bacilli (class), Caryophanales (order), Caryophanaceae (family), Sporosarcina (genus)	Sporosarcina globispora (Bacillus globisporus)
A1KR65	272831	cellular organisms (no rank), Bacteria (domain), Pseudomonadati (kingdom), Pseudomonadota (phylum), Betaproteobacteria (class), Neisseriales (order), Neisseriaceae (family), Neisseria (genus), Neisseria meningitidis (species), Neisseria meningitidis serogroup C (serogroup)	Neisseria meningitidis serogroup C / serotype 2a (strain ATCC 700532 / DSM 15464 / FAM18)
B3DIV9	7955	cellular organisms (no rank), Eukaryota (domain), Opisthokonta (clade), Metazoa (kingdom), Eumetazoa (clade), Bilateria (clade), Deuterostomia (clade), Chordata (phylum), Craniata (subphylum), Vertebrata (clade), Gnathostomata (clade), Teleostomi (clade), Euteleostomi (clade), Actinopterygii (superclass), Actinopteri (class), Neopterygii (subclass), Teleostei (infraclass), Osteoglossocephalai (clade), Clupeocephala (clade), Otomorpha (cohort), Ostariophysi (subcohort), Otophysi (clade), Cypriniphysae (superorder), Cypriniformes (order), Cyprinoidei (suborder), Danionidae (family), Danioninae (subfamily), Danio (genus)	Danio rerio (Zebrafish) (Brachydanio rerio)
B7ZWR6	3702	cellular organisms (no rank), Eukaryota (domain), Viridiplantae (kingdom), Streptophyta (phylum), Streptophytina (subphylum), Embryophyta (clade), Tracheophyta (clade), Euphyllophyta (clade), Spermatophyta (clade), Magnoliopsida (class), Mesangiospermae (clade), eudicotyledons (clade), Gunneridae (clade), Pentapetalae (clade), rosids (clade), malvids (clade), Brassicales (order), Brassicaceae (family), Camelineae (tribe), Arabidopsis (genus)	Arabidopsis thaliana (Mouse-ear cress)
B5DFN2	10116	cellular organisms (no rank), Eukaryota (domain), Opisthokonta (clade), Metazoa (kingdom), Eumetazoa (clade), Bilateria (clade), Deuterostomia (clade), Chordata (phylum), Craniata (subphylum), Vertebrata (clade), Gnathostomata (clade), Teleostomi (clade), Euteleostomi (clade), Sarcopterygii (superclass), Dipnotetrapodomorpha (clade), Tetrapoda (clade), Amniota (clade), Mammalia (class), Theria (clade), Eutheria (clade), Boreoeutheria (clade), Euarchontoglires (superorder), Glires (clade), Rodentia (order), Myomorpha (suborder), Muroidea (clade), Muridae (family), Murinae (subfamily), Rattus (genus)	Rattus norvegicus (Rat)
P13551	274	cellular organisms (no rank), Bacteria (domain), Thermotogati (kingdom), Deinococcota (phylum), Deinococci (class), Thermales (order), Thermaceae (family), Thermus (genus)	Thermus thermophilus
P00552	573	cellular organisms (no rank), Bacteria (domain), Pseudomonadati (kingdom), Pseudomonadota (phylum), Gammaproteobacteria (class), Enterobacterales (order), Enterobacteriaceae (family), Klebsiella (genus), Klebsiella pneumoniae complex (no rank)	Klebsiella pneumoniae
Q3C1D4	34028	cellular organisms (no rank), Bacteria (domain), Pseudomonadati (kingdom), Pseudomonadota (phylum), Betaproteobacteria (class), Burkholderiales (order), Comamonadaceae (family), Comamonas (genus), unclassified Comamonas (no rank)	Comamonas sp
Q746S4	243231	cellular organisms (no rank), Bacteria (domain), Pseudomonadati (kingdom), Thermodesulfobacteriota (phylum), Desulfuromonadia (class), Geobacterales (order), Geobacteraceae (family), Geobacter (genus), Geobacter sulfurreducens (species)	Geobacter sulfurreducens (strain ATCC 51573 / DSM 12127 / PCA)
O52380	54061	cellular organisms (no rank), Bacteria (domain), Pseudomonadati (kingdom), Pseudomonadota (phylum), Betaproteobacteria (class), Burkholderiales (order), Burkholderiaceae (family), Ralstonia (genus), unclassified Ralstonia (no rank)	Ralstonia sp
Q9Z9G6	83558	cellular organisms (no rank), Bacteria (domain), Pseudomonadati (kingdom), PVC group (clade), Chlamydiota (phylum), Chlamydiia (class), Chlamydiales (order), Chlamydiaceae (family), Chlamydia/Chlamydophila group (no rank), Chlamydia (genus)	Chlamydia pneumoniae (Chlamydophila pneumoniae)
Q8FT42	196164	cellular organisms (no rank), Bacteria (domain), Bacillati (kingdom), Actinomycetota (phylum), Actinomycetes (class), Mycobacteriales (order), Corynebacteriaceae (family), Corynebacterium (genus), Corynebacterium efficiens (species)	Corynebacterium efficiens (strain DSM 44549 / YS-314 / AJ 12310 / JCM 11189 / NBRC 100395)
A0ABT0FV19	2805427	cellular organisms (no rank), Bacteria (domain), Bacillati (kingdom), Actinomycetota (phylum), Actinomycetes (class), Streptosporangiales (order), Thermomonosporaceae (family), Actinomadura (genus)	Actinomadura luzonensis
B6JNS0	570508	cellular organisms (no rank), Bacteria (domain), Pseudomonadati (kingdom), Campylobacterota (phylum), Epsilonproteobacteria (class), Campylobacterales (order), Helicobacteraceae (family), Helicobacter (genus), Helicobacter pylori (species)	Helicobacter pylori (strain P12)
Q9IBI3	489538	Viruses (no rank), Riboviria (realm), Pararnavirae (kingdom), Artverviricota (phylum), Revtraviricetes (class), Blubervirales (order), Hepadnaviridae (family), Orthohepadnavirus (genus), Orthohepadnavirus hominoidei (species), Hepatitis B virus (no rank), hepatitis B virus genotype G (no rank)	Hepatitis B virus genotype G (isolate IG29227/2000) (HBV-G)
Q9AI65	55212	cellular organisms (no rank), Bacteria (domain), Pseudomonadati (kingdom), Pseudomonadota (phylum), Gammaproteobacteria (class), Enterobacterales (order), Erwiniaceae (family), Erwinia (genus)	Erwinia rhapontici (Pectobacterium rhapontici)
A3QBN1	323850	cellular organisms (no rank), Bacteria (domain), Pseudomonadati (kingdom), Pseudomonadota (phylum), Gammaproteobacteria (class), Alteromonadales (order), Shewanellaceae (family), Shewanella (genus), Shewanella loihica (species)	Shewanella loihica (strain ATCC BAA-1088 / PV-4)
Q6LMT0	298386	cellular organisms (no rank), Bacteria (domain), Pseudomonadati (kingdom), Pseudomonadota (phylum), Gammaproteobacteria (class), Vibrionales (order), Vibrionaceae (family), Photobacterium (genus), Photobacterium profundum (species)	Photobacterium profundum (strain SS9)
Q1J694	370554	cellular organisms (no rank), Bacteria (domain), Bacillati (kingdom), Bacillota (phylum), Bacilli (class), Lactobacillales (order), Streptococcaceae (family), Streptococcus (genus), Streptococcus pyogenes (species), Streptococcus pyogenes serotype M4 (serotype)	Streptococcus pyogenes serotype M4 (strain MGAS10750)
D3ZE55	10116	cellular organisms (no rank), Eukaryota (domain), Opisthokonta (clade), Metazoa (kingdom), Eumetazoa (clade), Bilateria (clade), Deuterostomia (clade), Chordata (phylum), Craniata (subphylum), Vertebrata (clade), Gnathostomata (clade), Teleostomi (clade), Euteleostomi (clade), Sarcopterygii (superclass), Dipnotetrapodomorpha (clade), Tetrapoda (clade), Amniota (clade), Mammalia (class), Theria (clade), Eutheria (clade), Boreoeutheria (clade), Euarchontoglires (superorder), Glires (clade), Rodentia (order), Myomorpha (suborder), Muroidea (clade), Muridae (family), Murinae (subfamily), Rattus (genus)	Rattus norvegicus (Rat)
Q6Q272	470	cellular organisms (no rank), Bacteria (domain), Pseudomonadati (kingdom), Pseudomonadota (phylum), Gammaproteobacteria (class), Moraxellales (order), Moraxellaceae (family), Acinetobacter (genus), Acinetobacter calcoaceticus/baumannii complex (no rank)	Acinetobacter baumannii
Q825I8	227882	cellular organisms (no rank), Bacteria (domain), Bacillati (kingdom), Actinomycetota (phylum), Actinomycetes (class), Kitasatosporales (order), Streptomycetaceae (family), Streptomyces (genus), Streptomyces avermitilis (species)	Streptomyces avermitilis (strain ATCC 31267 / DSM 46492 / JCM 5070 / NBRC 14893 / NCIMB 12804 / NRRL 8165 / MA-4680)
Q7MTB0	242619	cellular organisms (no rank), Bacteria (domain), Pseudomonadati (kingdom), FCB group (clade), Bacteroidota/Chlorobiota group (clade), Bacteroidota (phylum), Bacteroidia (class), Bacteroidales (order), Porphyromonadaceae (family), Porphyromonas (genus), Porphyromonas gingivalis (species)	Porphyromonas gingivalis (strain ATCC BAA-308 / W83)
Q6ADP6	281090	cellular organisms (no rank), Bacteria (domain), Bacillati (kingdom), Actinomycetota (phylum), Actinomycetes (class), Micrococcales (order), Microbacteriaceae (family), Leifsonia (genus), Leifsonia xyli (species), Leifsonia xyli subsp. xyli (subspecies)	Leifsonia xyli subsp. xyli (strain CTCB07)
