Entry	Organism (ID)	Taxonomic lineage	Organism
Q5FMG0	272621	cellular organisms (no rank), Bacteria (domain), Bacillati (kingdom), Bacillota (phylum), Bacilli (class), Lactobacillales (order), Lactobacillaceae (family), Lactobacillus (genus), Lactobacillus acidophilus (species)	Lactobacillus acidophilus (strain ATCC 700396 / NCK56 / N2 / NCFM)
P0C882	79929	cellular organisms (no rank), Archaea (domain), Methanobacteriati (kingdom), Methanobacteriota (phylum), Methanomada group (clade), Methanobacteria (class), Methanobacteriales (order), Methanobacteriaceae (family), Methanothermobacter (genus), Methanothermobacter marburgensis (species)	Methanothermobacter marburgensis (strain ATCC BAA-927 / DSM 2133 / JCM 14651 / NBRC 100331 / OCM 82 / Marburg) (Methanobacterium thermoautotrophicum)
P12293	266	cellular organisms (no rank), Bacteria (domain), Pseudomonadati (kingdom), Pseudomonadota (phylum), Alphaproteobacteria (class), Rhodobacterales (order), Paracoccaceae (family), Paracoccus (genus)	Paracoccus denitrificans
F2WP51	306	cellular organisms (no rank), Bacteria (domain), Pseudomonadati (kingdom), Pseudomonadota (phylum), Gammaproteobacteria (class), Pseudomonadales (order), Pseudomonadaceae (family), Pseudomonas (genus), unclassified Pseudomonas (no rank)	Pseudomonas sp
A8MK45	350688	cellular organisms (no rank), Bacteria (domain), Bacillati (kingdom), Bacillota (phylum), Clostridia (class), Peptostreptococcales (order), Natronincolaceae (family), Alkaliphilus (genus), Alkaliphilus oremlandii (species)	Alkaliphilus oremlandii (strain OhILAs) (Clostridium oremlandii (strain OhILAs))
Q97YM2	273057	cellular organisms (no rank), Archaea (domain), Thermoproteati (kingdom), Thermoproteota (phylum), Thermoprotei (class), Sulfolobales (order), Sulfolobaceae (family), Saccharolobus (genus), Saccharolobus solfataricus (species)	Saccharolobus solfataricus (strain ATCC 35092 / DSM 1617 / JCM 11322 / P2) (Sulfolobus solfataricus)
Q7VM30	233412	cellular organisms (no rank), Bacteria (domain), Pseudomonadati (kingdom), Pseudomonadota (phylum), Gammaproteobacteria (class), Pasteurellales (order), Pasteurellaceae (family), Haemophilus (genus), Haemophilus ducreyi (species)	Haemophilus ducreyi (strain 35000HP / ATCC 700724)
B3E2L0	398767	cellular organisms (no rank), Bacteria (domain), Pseudomonadati (kingdom), Thermodesulfobacteriota (phylum), Desulfuromonadia (class), Geobacterales (order), Geobacteraceae (family), Trichlorobacter (genus), Trichlorobacter lovleyi (species)	Trichlorobacter lovleyi (strain ATCC BAA-1151 / DSM 17278 / SZ) (Geobacter lovleyi)
Q8EG04	211586	cellular organisms (no rank), Bacteria (domain), Pseudomonadati (kingdom), Pseudomonadota (phylum), Gammaproteobacteria (class), Alteromonadales (order), Shewanellaceae (family), Shewanella (genus), Shewanella oneidensis (species)	Shewanella oneidensis (strain ATCC 700550 / JCM 31522 / CIP 106686 / LMG 19005 / NCIMB 14063 / MR-1)
Q7UHU7	243090	cellular organisms (no rank), Bacteria (domain), Pseudomonadati (kingdom), PVC group (clade), Planctomycetota (phylum), Planctomycetia (class), Pirellulales (order), Pirellulaceae (family), Rhodopirellula (genus), Rhodopirellula baltica (species)	Rhodopirellula baltica (strain DSM 10527 / NCIMB 13988 / SH1)
Q8YQ14	103690	cellular organisms (no rank), Bacteria (domain), Bacillati (kingdom), Cyanobacteriota/Melainabacteria group (clade), Cyanobacteriota (phylum), Cyanophyceae (class), Nostocales (order), Nostocaceae (family), Nostoc (genus), unclassified Nostoc (no rank)	Nostoc sp. (strain PCC 7120 / SAG 25.82 / UTEX 2576)
Q607C7	243233	cellular organisms (no rank), Bacteria (domain), Pseudomonadati (kingdom), Pseudomonadota (phylum), Gammaproteobacteria (class), Methylococcales (order), Methylococcaceae (family), Methylococcus (genus), Methylococcus capsulatus (species)	Methylococcus capsulatus (strain ATCC 33009 / NCIMB 11132 / Bath)
W8X092	1437824	cellular organisms (no rank), Bacteria (domain), Pseudomonadati (kingdom), Pseudomonadota (phylum), Betaproteobacteria (class), Burkholderiales (order), Alcaligenaceae (family), Castellaniella (genus), Castellaniella defragrans (species)	Castellaniella defragrans (strain DSM 12143 / CCUG 39792 / 65Phen) (Alcaligenes defragrans)
A6LUD4	290402	cellular organisms (no rank), Bacteria (domain), Bacillati (kingdom), Bacillota (phylum), Clostridia (class), Eubacteriales (order), Clostridiaceae (family), Clostridium (genus), Clostridium beijerinckii (species)	Clostridium beijerinckii (strain ATCC 51743 / NCIMB 8052) (Clostridium acetobutylicum)
Q59268	1528	cellular organisms (no rank), Bacteria (domain), Bacillati (kingdom), Bacillota (phylum), Clostridia (class), Eubacteriales (order), Eubacteriaceae (family), Eubacterium (genus)	Eubacterium barkeri (Clostridium barkeri)
Q2SM94	349521	cellular organisms (no rank), Bacteria (domain), Pseudomonadati (kingdom), Pseudomonadota (phylum), Gammaproteobacteria (class), Oceanospirillales (order), Hahellaceae (family), Hahella (genus), Hahella chejuensis (species)	Hahella chejuensis (strain KCTC 2396)
P07811	548	cellular organisms (no rank), Bacteria (domain), Pseudomonadati (kingdom), Pseudomonadota (phylum), Gammaproteobacteria (class), Enterobacterales (order), Enterobacteriaceae (family), Klebsiella (genus)	Klebsiella aerogenes (Enterobacter aerogenes)
P21935	10829	Viruses (no rank), Floreoviria (realm), Shotokuvirae (kingdom), Cressdnaviricota (phylum), Repensiviricetes (class), Geplafuvirales (order), Geminiviridae (family), Begomovirus (genus), Begomovirus cucurbitapeponis (species)	Squash leaf curl virus (SLCV)
Q06115	220668	cellular organisms (no rank), Bacteria (domain), Bacillati (kingdom), Bacillota (phylum), Bacilli (class), Lactobacillales (order), Lactobacillaceae (family), Lactiplantibacillus (genus), Lactiplantibacillus plantarum (species)	Lactiplantibacillus plantarum (strain ATCC BAA-793 / NCIMB 8826 / WCFS1) (Lactobacillus plantarum)
Q2RY67	269796	cellular organisms (no rank), Bacteria (domain), Pseudomonadati (kingdom), Pseudomonadota (phylum), Alphaproteobacteria (class), Rhodospirillales (order), Rhodospirillaceae (family), Rhodospirillum (genus), Rhodospirillum rubrum (species)	Rhodospirillum rubrum (strain ATCC 11170 / ATH 1.1.1 / DSM 467 / LMG 4362 / NCIMB 8255 / S1)
Q8U4M3	186497	cellular organisms (no rank), Archaea (domain), Methanobacteriati (kingdom), Methanobacteriota (phylum), Thermococci (class), Thermococcales (order), Thermococcaceae (family), Pyrococcus (genus), Pyrococcus furiosus (species)	Pyrococcus furiosus (strain ATCC 43587 / DSM 3638 / JCM 8422 / Vc1)
G3XD24	208964	cellular organisms (no rank), Bacteria (domain), Pseudomonadati (kingdom), Pseudomonadota (phylum), Gammaproteobacteria (class), Pseudomonadales (order), Pseudomonadaceae (family), Pseudomonas (genus), Pseudomonas aeruginosa group (no rank), Pseudomonas aeruginosa (species)	Pseudomonas aeruginosa (strain ATCC 15692 / DSM 22644 / CIP 104116 / JCM 14847 / LMG 12228 / 1C / PRS 101 / PAO1)
C1B2Q5	632772	cellular organisms (no rank), Bacteria (domain), Bacillati (kingdom), Actinomycetota (phylum), Actinomycetes (class), Mycobacteriales (order), Nocardiaceae (family), Rhodococcus (genus), Rhodococcus opacus (species)	Rhodococcus opacus (strain B4)
Q142Q7	266265	cellular organisms (no rank), Bacteria (domain), Pseudomonadati (kingdom), Pseudomonadota (phylum), Betaproteobacteria (class), Burkholderiales (order), Burkholderiaceae (family), Paraburkholderia (genus), Paraburkholderia xenovorans (species)	Paraburkholderia xenovorans (strain LB400)
Q6NE59	431944	cellular organisms (no rank), Bacteria (domain), Pseudomonadati (kingdom), Pseudomonadota (phylum), Alphaproteobacteria (class), Rhodospirillales (order), Rhodospirillaceae (family), Magnetospirillum (genus), Magnetospirillum gryphiswaldense (species)	Magnetospirillum gryphiswaldense (strain DSM 6361 / JCM 21280 / NBRC 15271 / MSR-1)
A9A2G6	436308	cellular organisms (no rank), Archaea (domain), Thermoproteati (kingdom), Nitrososphaerota (phylum), Nitrososphaeria (class), Nitrosopumilales (order), Nitrosopumilaceae (family), Nitrosopumilus (genus), Nitrosopumilus maritimus (species)	Nitrosopumilus maritimus (strain SCM1)
A1KJ57	410289	cellular organisms (no rank), Bacteria (domain), Bacillati (kingdom), Actinomycetota (phylum), Actinomycetes (class), Mycobacteriales (order), Mycobacteriaceae (family), Mycobacterium (genus), Mycobacterium tuberculosis complex (no rank), Mycobacterium tuberculosis (species), Mycobacterium bovis (biotype), Mycobacterium tuberculosis variant bovis BCG (no rank)	Mycobacterium bovis (strain BCG / Pasteur 1173P2)
A6VTC6	400668	cellular organisms (no rank), Bacteria (domain), Pseudomonadati (kingdom), Pseudomonadota (phylum), Gammaproteobacteria (class), Oceanospirillales (order), Oceanospirillaceae (family), Marinomonas (genus), unclassified Marinomonas (no rank)	Marinomonas sp. (strain MWYL1)
P02359	83333	cellular organisms (no rank), Bacteria (domain), Pseudomonadati (kingdom), Pseudomonadota (phylum), Gammaproteobacteria (class), Enterobacterales (order), Enterobacteriaceae (family), Escherichia (genus), Escherichia coli (species)	Escherichia coli (strain K12)
A5U557	419947	cellular organisms (no rank), Bacteria (domain), Bacillati (kingdom), Actinomycetota (phylum), Actinomycetes (class), Mycobacteriales (order), Mycobacteriaceae (family), Mycobacterium (genus), Mycobacterium tuberculosis complex (no rank), Mycobacterium tuberculosis (species)	Mycobacterium tuberculosis (strain ATCC 25177 / H37Ra)
Q9PBB2	160492	cellular organisms (no rank), Bacteria (domain), Pseudomonadati (kingdom), Pseudomonadota (phylum), Gammaproteobacteria (class), Lysobacterales (order), Lysobacteraceae (family), Xylella (genus), Xylella fastidiosa (species)	Xylella fastidiosa (strain 9a5c)
Q4URQ0	314565	cellular organisms (no rank), Bacteria (domain), Pseudomonadati (kingdom), Pseudomonadota (phylum), Gammaproteobacteria (class), Lysobacterales (order), Lysobacteraceae (family), Xanthomonas (genus), Xanthomonas campestris (species), Xanthomonas campestris pv. campestris (no rank)	Xanthomonas campestris pv. campestris (strain 8004)
O88160	1063	cellular organisms (no rank), Bacteria (domain), Pseudomonadati (kingdom), Pseudomonadota (phylum), Alphaproteobacteria (class), Rhodobacterales (order), Paracoccaceae (family), Cereibacter (genus)	Cereibacter sphaeroides (Rhodobacter sphaeroides)
Q704D0	2271	cellular organisms (no rank), Archaea (domain), Thermoproteati (kingdom), Thermoproteota (phylum), Thermoprotei (class), Thermoproteales (order), Thermoproteaceae (family), Thermoproteus (genus)	Thermoproteus tenax
B7KTR5	440085	cellular organisms (no rank), Bacteria (domain), Pseudomonadati (kingdom), Pseudomonadota (phylum), Alphaproteobacteria (class), Hyphomicrobiales (order), Methylobacteriaceae (family), Methylorubrum (genus), Methylorubrum extorquens (species)	Methylorubrum extorquens (strain CM4 / NCIMB 13688) (Methylobacterium extorquens)
P52391	1885	cellular organisms (no rank), Bacteria (domain), Bacillati (kingdom), Actinomycetota (phylum), Actinomycetes (class), Kitasatosporales (order), Streptomycetaceae (family), Streptomyces (genus)	Streptomyces actuosus
Q828X4	227882	cellular organisms (no rank), Bacteria (domain), Bacillati (kingdom), Actinomycetota (phylum), Actinomycetes (class), Kitasatosporales (order), Streptomycetaceae (family), Streptomyces (genus), Streptomyces avermitilis (species)	Streptomyces avermitilis (strain ATCC 31267 / DSM 46492 / JCM 5070 / NBRC 14893 / NCIMB 12804 / NRRL 8165 / MA-4680)
P0DTR4	292800	cellular organisms (no rank), Bacteria (domain), Bacillati (kingdom), Bacillota (phylum), Clostridia (class), Eubacteriales (order), Oscillospiraceae (family), Flavonifractor (genus)	Flavonifractor plautii (Fusobacterium plautii)
P31840	31614	Viruses (no rank), Riboviria (realm), Orthornavirae (kingdom), Negarnaviricota (phylum), Polyploviricotina (subphylum), Bunyaviricetes (class), Hareavirales (order), Arenaviridae (family), Mammarenavirus (genus), Tacaribe virus (species)	Tacaribe virus (strain TRVL 11598) (TCRV)
B9JF80	311403	cellular organisms (no rank), Bacteria (domain), Pseudomonadati (kingdom), Pseudomonadota (phylum), Alphaproteobacteria (class), Hyphomicrobiales (order), Rhizobiaceae (family), Martinezella (genus), Rhizobium rhizogenes (species)	Rhizobium rhizogenes (strain K84 / ATCC BAA-868) (Agrobacterium radiobacter)
B0U4X0	405440	cellular organisms (no rank), Bacteria (domain), Pseudomonadati (kingdom), Pseudomonadota (phylum), Gammaproteobacteria (class), Lysobacterales (order), Lysobacteraceae (family), Xylella (genus), Xylella fastidiosa (species)	Xylella fastidiosa (strain M12)
P28595	192	cellular organisms (no rank), Bacteria (domain), Pseudomonadati (kingdom), Pseudomonadota (phylum), Alphaproteobacteria (class), Rhodospirillales (order), Azospirillaceae (family), Azospirillum (genus)	Azospirillum brasilense
A0KR50	94122	cellular organisms (no rank), Bacteria (domain), Pseudomonadati (kingdom), Pseudomonadota (phylum), Gammaproteobacteria (class), Alteromonadales (order), Shewanellaceae (family), Shewanella (genus), unclassified Shewanella (no rank)	Shewanella sp. (strain ANA-3)
A8G6Y2	93060	cellular organisms (no rank), Bacteria (domain), Bacillati (kingdom), Cyanobacteriota/Melainabacteria group (clade), Cyanobacteriota (phylum), Cyanophyceae (class), Synechococcales (order), Prochlorococcaceae (family), Prochlorococcus (genus), Prochlorococcus marinus (species)	Prochlorococcus marinus (strain MIT 9215)
Q8AAI7	226186	cellular organisms (no rank), Bacteria (domain), Pseudomonadati (kingdom), FCB group (clade), Bacteroidota/Chlorobiota group (clade), Bacteroidota (phylum), Bacteroidia (class), Bacteroidales (order), Bacteroidaceae (family), Bacteroides (genus), Bacteroides thetaiotaomicron (species)	Bacteroides thetaiotaomicron (strain ATCC 29148 / DSM 2079 / JCM 5827 / CCUG 10774 / NCTC 10582 / VPI-5482 / E50)
B4T049	423368	cellular organisms (no rank), Bacteria (domain), Pseudomonadati (kingdom), Pseudomonadota (phylum), Gammaproteobacteria (class), Enterobacterales (order), Enterobacteriaceae (family), Salmonella (genus), Salmonella enterica (species), Salmonella enterica I (subspecies), Salmonella newport (no rank)	Salmonella newport (strain SL254)
O32504	243230	cellular organisms (no rank), Bacteria (domain), Thermotogati (kingdom), Deinococcota (phylum), Deinococci (class), Deinococcales (order), Deinococcaceae (family), Deinococcus (genus), Deinococcus radiodurans (species)	Deinococcus radiodurans (strain ATCC 13939 / DSM 20539 / JCM 16871 / CCUG 27074 / LMG 4051 / NBRC 15346 / NCIMB 9279 / VKM B-1422 / R1)
Q3AC22	246194	cellular organisms (no rank), Bacteria (domain), Bacillati (kingdom), Bacillota (phylum), Clostridia (class), Thermoanaerobacterales (order), Thermoanaerobacteraceae (family), Carboxydothermus (genus), Carboxydothermus hydrogenoformans (species)	Carboxydothermus hydrogenoformans (strain ATCC BAA-161 / DSM 6008 / Z-2901)
A0A0H3NM73	216597	cellular organisms (no rank), Bacteria (domain), Pseudomonadati (kingdom), Pseudomonadota (phylum), Gammaproteobacteria (class), Enterobacterales (order), Enterobacteriaceae (family), Salmonella (genus), Salmonella enterica (species), Salmonella enterica I (subspecies), Salmonella typhimurium (no rank)	Salmonella typhimurium (strain SL1344)
Q72LP1	262724	cellular organisms (no rank), Bacteria (domain), Thermotogati (kingdom), Deinococcota (phylum), Deinococci (class), Thermales (order), Thermaceae (family), Thermus (genus), Thermus thermophilus (species)	Thermus thermophilus (strain ATCC BAA-163 / DSM 7039 / HB27)
Q30T53	326298	cellular organisms (no rank), Bacteria (domain), Pseudomonadati (kingdom), Campylobacterota (phylum), Epsilonproteobacteria (class), Campylobacterales (order), Sulfurimonadaceae (family), Sulfurimonas (genus), Sulfurimonas denitrificans (species)	Sulfurimonas denitrificans (strain ATCC 33889 / DSM 1251) (Thiomicrospira denitrificans (strain ATCC 33889 / DSM 1251))
P04830	44252	cellular organisms (no rank), Bacteria (domain), Bacillati (kingdom), Bacillota (phylum), Bacilli (class), Caryophanales (order), Paenibacillaceae (family), Paenibacillus (genus)	Paenibacillus macerans (Bacillus macerans)
Q57849	243232	cellular organisms (no rank), Archaea (domain), Methanobacteriati (kingdom), Methanobacteriota (phylum), Methanomada group (clade), Methanococci (class), Methanococcales (order), Methanocaldococcaceae (family), Methanocaldococcus (genus), Methanocaldococcus jannaschii (species)	Methanocaldococcus jannaschii (strain ATCC 43067 / DSM 2661 / JAL-1 / JCM 10045 / NBRC 100440) (Methanococcus jannaschii)
A7MGV3	290339	cellular organisms (no rank), Bacteria (domain), Pseudomonadati (kingdom), Pseudomonadota (phylum), Gammaproteobacteria (class), Enterobacterales (order), Enterobacteriaceae (family), Cronobacter (genus), Cronobacter sakazakii (species)	Cronobacter sakazakii (strain ATCC BAA-894) (Enterobacter sakazakii)
Q8U259	186497	cellular organisms (no rank), Archaea (domain), Methanobacteriati (kingdom), Methanobacteriota (phylum), Thermococci (class), Thermococcales (order), Thermococcaceae (family), Pyrococcus (genus), Pyrococcus furiosus (species)	Pyrococcus furiosus (strain ATCC 43587 / DSM 3638 / JCM 8422 / Vc1)
D5EY15	264731	cellular organisms (no rank), Bacteria (domain), Pseudomonadati (kingdom), FCB group (clade), Bacteroidota/Chlorobiota group (clade), Bacteroidota (phylum), Bacteroidia (class), Bacteroidales (order), Prevotellaceae (family), Xylanibacter (genus), Xylanibacter ruminicola (species)	Xylanibacter ruminicola (strain ATCC 19189 / DSM 19721 / CIP 105475 / JCM 8958 / 23) (Prevotella ruminicola)
P22859	572477	cellular organisms (no rank), Bacteria (domain), Pseudomonadati (kingdom), Pseudomonadota (phylum), Gammaproteobacteria (class), Chromatiales (order), Chromatiaceae (family), Allochromatium (genus), Allochromatium vinosum (species)	Allochromatium vinosum (strain ATCC 17899 / DSM 180 / NBRC 103801 / NCIMB 10441 / D) (Chromatium vinosum)
P0C6I5	489503	Viruses (no rank), Riboviria (realm), Pararnavirae (kingdom), Artverviricota (phylum), Revtraviricetes (class), Blubervirales (order), Hepadnaviridae (family), Orthohepadnavirus (genus), Orthohepadnavirus hominoidei (species), Hepatitis B virus (no rank), hepatitis B virus genotype F (no rank)	Hepatitis B virus genotype F2 subtype adw4q (isolate Senegal/9203) (HBV-F)
P06010	1079	cellular organisms (no rank), Bacteria (domain), Pseudomonadati (kingdom), Pseudomonadota (phylum), Alphaproteobacteria (class), Hyphomicrobiales (order), Blastochloridaceae (family), Blastochloris (genus)	Blastochloris viridis (Rhodopseudomonas viridis)
Q01324	486	cellular organisms (no rank), Bacteria (domain), Pseudomonadati (kingdom), Pseudomonadota (phylum), Betaproteobacteria (class), Neisseriales (order), Neisseriaceae (family), Neisseria (genus)	Neisseria lactamica
Q4L5V2	279808	cellular organisms (no rank), Bacteria (domain), Bacillati (kingdom), Bacillota (phylum), Bacilli (class), Caryophanales (order), Staphylococcaceae (family), Staphylococcus (genus), Staphylococcus haemolyticus (species)	Staphylococcus haemolyticus (strain JCSC1435)
P0DY79	2510797	cellular organisms (no rank), Bacteria (domain), Bacillati (kingdom), Actinomycetota (phylum), Actinomycetes (class), Micrococcales (order), Micrococcaceae (family), Arthrobacter (genus), unclassified Arthrobacter (no rank)	Arthrobacter sp. (strain TS-15)
P54998	334542	cellular organisms (no rank), Bacteria (domain), Bacillati (kingdom), Actinomycetota (phylum), Actinomycetes (class), Mycobacteriales (order), Nocardiaceae (family), Rhodococcus (genus), Rhodococcus erythropolis group (no rank)	Rhodococcus qingshengii
Q9UZK4	272844	cellular organisms (no rank), Archaea (domain), Methanobacteriati (kingdom), Methanobacteriota (phylum), Thermococci (class), Thermococcales (order), Thermococcaceae (family), Pyrococcus (genus), Pyrococcus abyssi (species)	Pyrococcus abyssi (strain GE5 / Orsay)
O06644	847	cellular organisms (no rank), Bacteria (domain), Pseudomonadati (kingdom), Pseudomonadota (phylum), Betaproteobacteria (class), Burkholderiales (order), Oxalobacteraceae (family), Oxalobacter (genus)	Oxalobacter formigenes
Q2JJF6	321332	cellular organisms (no rank), Bacteria (domain), Bacillati (kingdom), Cyanobacteriota/Melainabacteria group (clade), Cyanobacteriota (phylum), Cyanophyceae (class), Synechococcales (order), Synechococcaceae (family), Synechococcus (genus), unclassified Synechococcus (no rank)	Synechococcus sp. (strain JA-2-3B'a(2-13)) (Cyanobacteria bacterium Yellowstone B-Prime)
P95331	246197	cellular organisms (no rank), Bacteria (domain), Pseudomonadati (kingdom), Myxococcota (phylum), Myxococcia (class), Myxococcales (order), Cystobacterineae (suborder), Myxococcaceae (family), Myxococcus (genus), Myxococcus xanthus (species)	Myxococcus xanthus (strain DK1622)
Q2T6X6	271848	cellular organisms (no rank), Bacteria (domain), Pseudomonadati (kingdom), Pseudomonadota (phylum), Betaproteobacteria (class), Burkholderiales (order), Burkholderiaceae (family), Burkholderia (genus), pseudomallei group (no rank), Burkholderia thailandensis (species)	Burkholderia thailandensis (strain ATCC 700388 / DSM 13276 / CCUG 48851 / CIP 106301 / E264)
Q3ATW8	340177	cellular organisms (no rank), Bacteria (domain), Pseudomonadati (kingdom), FCB group (clade), Bacteroidota/Chlorobiota group (clade), Chlorobiota (phylum), Chlorobiia (class), Chlorobiales (order), Chlorobiaceae (family), Chlorobium/Pelodictyon group (no rank), Chlorobium (genus), Chlorobium chlorochromatii (species)	Chlorobium chlorochromatii (strain CaD3)
Q7U7I0	84588	cellular organisms (no rank), Bacteria (domain), Bacillati (kingdom), Cyanobacteriota/Melainabacteria group (clade), Cyanobacteriota (phylum), Cyanophyceae (class), Synechococcales (order), Prochlorococcaceae (family), Parasynechococcus (genus), Parasynechococcus marenigrum (species)	Parasynechococcus marenigrum (strain WH8102)
B6J2E2	434923	cellular organisms (no rank), Bacteria (domain), Pseudomonadati (kingdom), Pseudomonadota (phylum), Gammaproteobacteria (class), Legionellales (order), Coxiellaceae (family), Coxiella (genus), Coxiella burnetii (species)	Coxiella burnetii (strain CbuG_Q212) (Coxiella burnetii (strain Q212))
Q8KUU5	1140	cellular organisms (no rank), Bacteria (domain), Bacillati (kingdom), Cyanobacteriota/Melainabacteria group (clade), Cyanobacteriota (phylum), Cyanophyceae (class), Synechococcales (order), Synechococcaceae (family), Synechococcus (genus), Synechococcus elongatus (species)	Synechococcus elongatus (strain ATCC 33912 / PCC 7942 / FACHB-805) (Anacystis nidulans R2)
A0K832	331272	cellular organisms (no rank), Bacteria (domain), Pseudomonadati (kingdom), Pseudomonadota (phylum), Betaproteobacteria (class), Burkholderiales (order), Burkholderiaceae (family), Burkholderia (genus), Burkholderia cepacia complex (no rank), Burkholderia cenocepacia (species)	Burkholderia cenocepacia (strain HI2424)
Q51397	208964	cellular organisms (no rank), Bacteria (domain), Pseudomonadati (kingdom), Pseudomonadota (phylum), Gammaproteobacteria (class), Pseudomonadales (order), Pseudomonadaceae (family), Pseudomonas (genus), Pseudomonas aeruginosa group (no rank), Pseudomonas aeruginosa (species)	Pseudomonas aeruginosa (strain ATCC 15692 / DSM 22644 / CIP 104116 / JCM 14847 / LMG 12228 / 1C / PRS 101 / PAO1)
Q8F8T4	189518	cellular organisms (no rank), Bacteria (domain), Pseudomonadati (kingdom), Spirochaetota (phylum), Leptospiria (class), Leptospirales (order), Leptospiraceae (family), Leptospira (genus), Leptospira interrogans (species), Leptospira interrogans serovar Lai (no rank)	Leptospira interrogans serogroup Icterohaemorrhagiae serovar Lai (strain 56601)
Q6KZI8	1122961	cellular organisms (no rank), Archaea (domain), Methanobacteriati (kingdom), Thermoplasmatota (phylum), Thermoplasmata (class), Thermoplasmatales (order), Picrophilaceae (family), Picrophilus (genus), Picrophilus oshimae (species)	Picrophilus torridus (strain ATCC 700027 / DSM 9790 / JCM 10055 / NBRC 100828 / KAW 2/3)
Q7DF83	243230	cellular organisms (no rank), Bacteria (domain), Thermotogati (kingdom), Deinococcota (phylum), Deinococci (class), Deinococcales (order), Deinococcaceae (family), Deinococcus (genus), Deinococcus radiodurans (species)	Deinococcus radiodurans (strain ATCC 13939 / DSM 20539 / JCM 16871 / CCUG 27074 / LMG 4051 / NBRC 15346 / NCIMB 9279 / VKM B-1422 / R1)
B3PDE5	498211	cellular organisms (no rank), Bacteria (domain), Pseudomonadati (kingdom), Pseudomonadota (phylum), Gammaproteobacteria (class), Cellvibrionales (order), Cellvibrionaceae (family), Cellvibrio (genus), Cellvibrio japonicus (species)	Cellvibrio japonicus (strain Ueda107) (Pseudomonas fluorescens subsp. cellulosa)
A6LQF6	290402	cellular organisms (no rank), Bacteria (domain), Bacillati (kingdom), Bacillota (phylum), Clostridia (class), Eubacteriales (order), Clostridiaceae (family), Clostridium (genus), Clostridium beijerinckii (species)	Clostridium beijerinckii (strain ATCC 51743 / NCIMB 8052) (Clostridium acetobutylicum)
P14250	59374	cellular organisms (no rank), Bacteria (domain), Pseudomonadati (kingdom), FCB group (clade), Fibrobacterota (phylum), Fibrobacteria (class), Fibrobacterales (order), Fibrobacteraceae (family), Fibrobacter (genus), Fibrobacter succinogenes (species), Fibrobacter succinogenes subsp. succinogenes (subspecies)	Fibrobacter succinogenes (strain ATCC 19169 / S85)
P64154	160492	cellular organisms (no rank), Bacteria (domain), Pseudomonadati (kingdom), Pseudomonadota (phylum), Gammaproteobacteria (class), Lysobacterales (order), Lysobacteraceae (family), Xylella (genus), Xylella fastidiosa (species)	Xylella fastidiosa (strain 9a5c)
P03315	11033	Viruses (no rank), Riboviria (realm), Orthornavirae (kingdom), Kitrinoviricota (phylum), Alsuviricetes (class), Martellivirales (order), Togaviridae (family), Alphavirus (genus), Alphavirus semliki (species)	Semliki forest virus (SFV)
P0A4G2	170187	cellular organisms (no rank), Bacteria (domain), Bacillati (kingdom), Bacillota (phylum), Bacilli (class), Lactobacillales (order), Streptococcaceae (family), Streptococcus (genus), Streptococcus pneumoniae (species)	Streptococcus pneumoniae serotype 4 (strain ATCC BAA-334 / TIGR4)
P33665	69019	cellular organisms (no rank), Bacteria (domain), Bacillati (kingdom), Actinomycetota (phylum), Actinomycetes (class), Kitasatosporales (order), Streptomycetaceae (family), Streptomyces (genus), unclassified Streptomyces (no rank)	Streptomyces sp. (strain N174)
P18644	146537	cellular organisms (no rank), Bacteria (domain), Bacillati (kingdom), Actinomycetota (phylum), Actinomycetes (class), Kitasatosporales (order), Streptomycetaceae (family), Streptomyces (genus)	Streptomyces azureus
P0A038	1280	cellular organisms (no rank), Bacteria (domain), Bacillati (kingdom), Bacillota (phylum), Bacilli (class), Caryophanales (order), Staphylococcaceae (family), Staphylococcus (genus)	Staphylococcus aureus
P74297	1111708	cellular organisms (no rank), Bacteria (domain), Bacillati (kingdom), Cyanobacteriota/Melainabacteria group (clade), Cyanobacteriota (phylum), Cyanophyceae (class), Synechococcales (order), Merismopediaceae (family), Synechocystis (genus), unclassified Synechocystis (no rank), Synechocystis sp. PCC 6803 (species)	Synechocystis sp. (strain ATCC 27184 / PCC 6803 / Kazusa)
O66747	224324	cellular organisms (no rank), Bacteria (domain), Pseudomonadati (kingdom), Aquificota (phylum), Aquificia (class), Aquificales (order), Aquificaceae (family), Aquifex (genus), Aquifex aeolicus (species)	Aquifex aeolicus (strain VF5)
A1L1K8	10116	cellular organisms (no rank), Eukaryota (domain), Opisthokonta (clade), Metazoa (kingdom), Eumetazoa (clade), Bilateria (clade), Deuterostomia (clade), Chordata (phylum), Craniata (subphylum), Vertebrata (clade), Gnathostomata (clade), Teleostomi (clade), Euteleostomi (clade), Sarcopterygii (superclass), Dipnotetrapodomorpha (clade), Tetrapoda (clade), Amniota (clade), Mammalia (class), Theria (clade), Eutheria (clade), Boreoeutheria (clade), Euarchontoglires (superorder), Glires (clade), Rodentia (order), Myomorpha (suborder), Muroidea (clade), Muridae (family), Murinae (subfamily), Rattus (genus)	Rattus norvegicus (Rat)
A3CLF9	388919	cellular organisms (no rank), Bacteria (domain), Bacillati (kingdom), Bacillota (phylum), Bacilli (class), Lactobacillales (order), Streptococcaceae (family), Streptococcus (genus), Streptococcus sanguinis (species)	Streptococcus sanguinis (strain SK36)
A1A0T4	367928	cellular organisms (no rank), Bacteria (domain), Bacillati (kingdom), Actinomycetota (phylum), Actinomycetes (class), Bifidobacteriales (order), Bifidobacteriaceae (family), Bifidobacterium (genus), Bifidobacterium adolescentis (species)	Bifidobacterium adolescentis (strain ATCC 15703 / DSM 20083 / NCTC 11814 / E194a)
P00551	562	cellular organisms (no rank), Bacteria (domain), Pseudomonadati (kingdom), Pseudomonadota (phylum), Gammaproteobacteria (class), Enterobacterales (order), Enterobacteriaceae (family), Escherichia (genus)	Escherichia coli
B3EP77	331678	cellular organisms (no rank), Bacteria (domain), Pseudomonadati (kingdom), FCB group (clade), Bacteroidota/Chlorobiota group (clade), Chlorobiota (phylum), Chlorobiia (class), Chlorobiales (order), Chlorobiaceae (family), Chlorobium/Pelodictyon group (no rank), Chlorobium (genus), Chlorobium phaeobacteroides (species)	Chlorobium phaeobacteroides (strain BS1)
P03155	10419	Viruses (no rank), Riboviria (realm), Pararnavirae (kingdom), Artverviricota (phylum), Revtraviricetes (class), Blubervirales (order), Hepadnaviridae (family), Orthohepadnavirus (genus), Orthohepadnavirus hominoidei (species), Hepatitis B virus (no rank)	Hepatitis B virus genotype D subtype adw (isolate United Kingdom/adyw/1979) (HBV-D)
A3QCF9	323850	cellular organisms (no rank), Bacteria (domain), Pseudomonadati (kingdom), Pseudomonadota (phylum), Gammaproteobacteria (class), Alteromonadales (order), Shewanellaceae (family), Shewanella (genus), Shewanella loihica (species)	Shewanella loihica (strain ATCC BAA-1088 / PV-4)
P56065	85962	cellular organisms (no rank), Bacteria (domain), Pseudomonadati (kingdom), Campylobacterota (phylum), Epsilonproteobacteria (class), Campylobacterales (order), Helicobacteraceae (family), Helicobacter (genus), Helicobacter pylori (species)	Helicobacter pylori (strain ATCC 700392 / 26695) (Campylobacter pylori)
P47486	243273	cellular organisms (no rank), Bacteria (domain), Bacillati (kingdom), Mycoplasmatota (phylum), Mycoplasmoidales (order), Mycoplasmoidaceae (family), Mycoplasmoides (genus), Mycoplasmoides genitalium (species)	Mycoplasmoides genitalium (strain ATCC 33530 / DSM 19775 / NCTC 10195 / G37) (Mycoplasma genitalium)
A6VR01	339671	cellular organisms (no rank), Bacteria (domain), Pseudomonadati (kingdom), Pseudomonadota (phylum), Gammaproteobacteria (class), Pasteurellales (order), Pasteurellaceae (family), Actinobacillus (genus), Actinobacillus succinogenes (species)	Actinobacillus succinogenes (strain ATCC 55618 / DSM 22257 / CCUG 43843 / 130Z)
Q8GAK7	29320	cellular organisms (no rank), Bacteria (domain), Bacillati (kingdom), Actinomycetota (phylum), Actinomycetes (class), Micrococcales (order), Micrococcaceae (family), Paenarthrobacter (genus)	Paenarthrobacter nicotinovorans (Arthrobacter nicotinovorans)
B3Q9D7	395960	cellular organisms (no rank), Bacteria (domain), Pseudomonadati (kingdom), Pseudomonadota (phylum), Alphaproteobacteria (class), Hyphomicrobiales (order), Nitrobacteraceae (family), Rhodopseudomonas (genus), Rhodopseudomonas palustris (species)	Rhodopseudomonas palustris (strain TIE-1)
Q38HX4	1548	cellular organisms (no rank), Bacteria (domain), Bacillati (kingdom), Bacillota (phylum), Clostridia (class), Eubacteriales (order), Clostridiaceae (family), Clostridium (genus)	Clostridium scatologenes
V5YW53	192	cellular organisms (no rank), Bacteria (domain), Pseudomonadati (kingdom), Pseudomonadota (phylum), Alphaproteobacteria (class), Rhodospirillales (order), Azospirillaceae (family), Azospirillum (genus)	Azospirillum brasilense
Q71YI1	265669	cellular organisms (no rank), Bacteria (domain), Bacillati (kingdom), Bacillota (phylum), Bacilli (class), Caryophanales (order), Listeriaceae (family), Listeria (genus), Listeria monocytogenes (species), Listeria monocytogenes serotype 4b (serotype)	Listeria monocytogenes serotype 4b (strain F2365)
A6WHA0	402882	cellular organisms (no rank), Bacteria (domain), Pseudomonadati (kingdom), Pseudomonadota (phylum), Gammaproteobacteria (class), Alteromonadales (order), Shewanellaceae (family), Shewanella (genus), Shewanella baltica (species)	Shewanella baltica (strain OS185)
P58827	160491	cellular organisms (no rank), Bacteria (domain), Bacillati (kingdom), Bacillota (phylum), Bacilli (class), Lactobacillales (order), Streptococcaceae (family), Streptococcus (genus), Streptococcus pyogenes (species), Streptococcus pyogenes serotype M5 (serotype)	Streptococcus pyogenes serotype M5 (strain Manfredo)
B3EA25	398767	cellular organisms (no rank), Bacteria (domain), Pseudomonadati (kingdom), Thermodesulfobacteriota (phylum), Desulfuromonadia (class), Geobacterales (order), Geobacteraceae (family), Trichlorobacter (genus), Trichlorobacter lovleyi (species)	Trichlorobacter lovleyi (strain ATCC BAA-1151 / DSM 17278 / SZ) (Geobacter lovleyi)
P09192	1111708	cellular organisms (no rank), Bacteria (domain), Bacillati (kingdom), Cyanobacteriota/Melainabacteria group (clade), Cyanobacteriota (phylum), Cyanophyceae (class), Synechococcales (order), Merismopediaceae (family), Synechocystis (genus), unclassified Synechocystis (no rank), Synechocystis sp. PCC 6803 (species)	Synechocystis sp. (strain ATCC 27184 / PCC 6803 / Kazusa)
Q0VKX6	393595	cellular organisms (no rank), Bacteria (domain), Pseudomonadati (kingdom), Pseudomonadota (phylum), Gammaproteobacteria (class), Oceanospirillales (order), Alcanivoracaceae (family), Alcanivorax (genus), Alcanivorax borkumensis (species)	Alcanivorax borkumensis (strain ATCC 700651 / DSM 11573 / NCIMB 13689 / SK2)
Q92AQ4	272626	cellular organisms (no rank), Bacteria (domain), Bacillati (kingdom), Bacillota (phylum), Bacilli (class), Caryophanales (order), Listeriaceae (family), Listeria (genus), Listeria innocua (species)	Listeria innocua serovar 6a (strain ATCC BAA-680 / CLIP 11262)
Q93CA6	28214	cellular organisms (no rank), Bacteria (domain), Pseudomonadati (kingdom), Pseudomonadota (phylum), Alphaproteobacteria (class), Sphingomonadales (order), Sphingomonadaceae (family), Sphingomonas (genus), unclassified Sphingomonas (no rank)	Sphingomonas sp
A9KDJ2	434922	cellular organisms (no rank), Bacteria (domain), Pseudomonadati (kingdom), Pseudomonadota (phylum), Gammaproteobacteria (class), Legionellales (order), Coxiellaceae (family), Coxiella (genus), Coxiella burnetii (species)	Coxiella burnetii (strain Dugway 5J108-111)
B4S3A5	290512	cellular organisms (no rank), Bacteria (domain), Pseudomonadati (kingdom), FCB group (clade), Bacteroidota/Chlorobiota group (clade), Chlorobiota (phylum), Chlorobiia (class), Chlorobiales (order), Chlorobiaceae (family), Prosthecochloris (genus), Prosthecochloris aestuarii (species)	Prosthecochloris aestuarii (strain DSM 271 / SK 413)
Q9FAF8	837	cellular organisms (no rank), Bacteria (domain), Pseudomonadati (kingdom), FCB group (clade), Bacteroidota/Chlorobiota group (clade), Bacteroidota (phylum), Bacteroidia (class), Bacteroidales (order), Porphyromonadaceae (family), Porphyromonas (genus)	Porphyromonas gingivalis (Bacteroides gingivalis)
Q2FZ32	93061	cellular organisms (no rank), Bacteria (domain), Bacillati (kingdom), Bacillota (phylum), Bacilli (class), Caryophanales (order), Staphylococcaceae (family), Staphylococcus (genus), Staphylococcus aureus (species)	Staphylococcus aureus (strain NCTC 8325 / PS 47)
Q59086	62977	cellular organisms (no rank), Bacteria (domain), Pseudomonadati (kingdom), Pseudomonadota (phylum), Gammaproteobacteria (class), Moraxellales (order), Moraxellaceae (family), Acinetobacter (genus), Acinetobacter baylyi (species)	Acinetobacter baylyi (strain ATCC 33305 / BD413 / ADP1)
P15347	1140	cellular organisms (no rank), Bacteria (domain), Bacillati (kingdom), Cyanobacteriota/Melainabacteria group (clade), Cyanobacteriota (phylum), Cyanophyceae (class), Synechococcales (order), Synechococcaceae (family), Synechococcus (genus), Synechococcus elongatus (species)	Synechococcus elongatus (strain ATCC 33912 / PCC 7942 / FACHB-805) (Anacystis nidulans R2)
Q6J1Z6	285	cellular organisms (no rank), Bacteria (domain), Pseudomonadati (kingdom), Pseudomonadota (phylum), Betaproteobacteria (class), Burkholderiales (order), Comamonadaceae (family), Comamonas (genus)	Comamonas testosteroni (Pseudomonas testosteroni)
Q9XDM8	99287	cellular organisms (no rank), Bacteria (domain), Pseudomonadati (kingdom), Pseudomonadota (phylum), Gammaproteobacteria (class), Enterobacterales (order), Enterobacteriaceae (family), Salmonella (genus), Salmonella enterica (species), Salmonella enterica I (subspecies), Salmonella typhimurium (no rank)	Salmonella typhimurium (strain LT2 / SGSC1412 / ATCC 700720)
Q99YT1	301447	cellular organisms (no rank), Bacteria (domain), Bacillati (kingdom), Bacillota (phylum), Bacilli (class), Lactobacillales (order), Streptococcaceae (family), Streptococcus (genus), Streptococcus pyogenes (species)	Streptococcus pyogenes serotype M1
B2J528	63737	cellular organisms (no rank), Bacteria (domain), Bacillati (kingdom), Cyanobacteriota/Melainabacteria group (clade), Cyanobacteriota (phylum), Cyanophyceae (class), Nostocales (order), Nostocaceae (family), Nostoc (genus), Nostoc punctiforme (species)	Nostoc punctiforme (strain ATCC 29133 / PCC 73102)
A0A0H3KP92	395019	cellular organisms (no rank), Bacteria (domain), Pseudomonadati (kingdom), Pseudomonadota (phylum), Betaproteobacteria (class), Burkholderiales (order), Burkholderiaceae (family), Burkholderia (genus), Burkholderia cepacia complex (no rank), Burkholderia multivorans (species)	Burkholderia multivorans (strain ATCC 17616 / 249)
P46927	75985	cellular organisms (no rank), Bacteria (domain), Pseudomonadati (kingdom), Pseudomonadota (phylum), Gammaproteobacteria (class), Pasteurellales (order), Pasteurellaceae (family), Mannheimia (genus)	Mannheimia haemolytica (Pasteurella haemolytica)
Q5HKQ1	176279	cellular organisms (no rank), Bacteria (domain), Bacillati (kingdom), Bacillota (phylum), Bacilli (class), Caryophanales (order), Staphylococcaceae (family), Staphylococcus (genus), Staphylococcus epidermidis (species)	Staphylococcus epidermidis (strain ATCC 35984 / DSM 28319 / BCRC 17069 / CCUG 31568 / BM 3577 / RP62A)
H9L427	99287	cellular organisms (no rank), Bacteria (domain), Pseudomonadati (kingdom), Pseudomonadota (phylum), Gammaproteobacteria (class), Enterobacterales (order), Enterobacteriaceae (family), Salmonella (genus), Salmonella enterica (species), Salmonella enterica I (subspecies), Salmonella typhimurium (no rank)	Salmonella typhimurium (strain LT2 / SGSC1412 / ATCC 700720)
O33818	59405	cellular organisms (no rank), Bacteria (domain), Pseudomonadati (kingdom), Pseudomonadota (phylum), Betaproteobacteria (class), Rhodocyclales (order), Zoogloeaceae (family), Thauera (genus)	Thauera aromatica
Q9RC92	84635	cellular organisms (no rank), Bacteria (domain), Bacillati (kingdom), Bacillota (phylum), Bacilli (class), Caryophanales (order), Bacillaceae (family), Bacillus (genus), unclassified Bacillus (in: firmicutes) (no rank)	Bacillus sp. (strain GL1)
Q9RCG0	1814	cellular organisms (no rank), Bacteria (domain), Bacillati (kingdom), Actinomycetota (phylum), Actinomycetes (class), Pseudonocardiales (order), Pseudonocardiaceae (family), Amycolatopsis (genus), Amycolatopsis methanolica group (no rank)	Amycolatopsis methanolica
A0A5E4M3Q4	6239	cellular organisms (no rank), Eukaryota (domain), Opisthokonta (clade), Metazoa (kingdom), Eumetazoa (clade), Bilateria (clade), Protostomia (clade), Ecdysozoa (clade), Nematoda (phylum), Chromadorea (class), Rhabditida (order), Rhabditina (suborder), Rhabditomorpha (infraorder), Rhabditoidea (superfamily), Rhabditidae (family), Peloderinae (subfamily), Caenorhabditis (genus)	Caenorhabditis elegans
A5W059	351746	cellular organisms (no rank), Bacteria (domain), Pseudomonadati (kingdom), Pseudomonadota (phylum), Gammaproteobacteria (class), Pseudomonadales (order), Pseudomonadaceae (family), Pseudomonas (genus), Pseudomonas putida group (no rank), Pseudomonas putida (species)	Pseudomonas putida (strain ATCC 700007 / DSM 6899 / JCM 31910 / BCRC 17059 / LMG 24140 / F1)
Q8Z9S7	632	cellular organisms (no rank), Bacteria (domain), Pseudomonadati (kingdom), Pseudomonadota (phylum), Gammaproteobacteria (class), Enterobacterales (order), Yersiniaceae (family), Yersinia (genus), Yersinia pseudotuberculosis complex (no rank)	Yersinia pestis
Q88Z76	220668	cellular organisms (no rank), Bacteria (domain), Bacillati (kingdom), Bacillota (phylum), Bacilli (class), Lactobacillales (order), Lactobacillaceae (family), Lactiplantibacillus (genus), Lactiplantibacillus plantarum (species)	Lactiplantibacillus plantarum (strain ATCC BAA-793 / NCIMB 8826 / WCFS1) (Lactobacillus plantarum)
P13187	573	cellular organisms (no rank), Bacteria (domain), Pseudomonadati (kingdom), Pseudomonadota (phylum), Gammaproteobacteria (class), Enterobacterales (order), Enterobacteriaceae (family), Klebsiella (genus), Klebsiella pneumoniae complex (no rank)	Klebsiella pneumoniae
Q56840	78245	cellular organisms (no rank), Bacteria (domain), Pseudomonadati (kingdom), Pseudomonadota (phylum), Alphaproteobacteria (class), Hyphomicrobiales (order), Xanthobacteraceae (family), Xanthobacter (genus)	Xanthobacter versatilis
Q9ZMY2	85963	cellular organisms (no rank), Bacteria (domain), Pseudomonadati (kingdom), Campylobacterota (phylum), Epsilonproteobacteria (class), Campylobacterales (order), Helicobacteraceae (family), Helicobacter (genus), Helicobacter pylori (species)	Helicobacter pylori (strain J99 / ATCC 700824) (Campylobacter pylori J99)
B1LE24	439855	cellular organisms (no rank), Bacteria (domain), Pseudomonadati (kingdom), Pseudomonadota (phylum), Gammaproteobacteria (class), Enterobacterales (order), Enterobacteriaceae (family), Escherichia (genus), Escherichia coli (species)	Escherichia coli (strain SMS-3-5 / SECEC)
P25126	274	cellular organisms (no rank), Bacteria (domain), Thermotogati (kingdom), Deinococcota (phylum), Deinococci (class), Thermales (order), Thermaceae (family), Thermus (genus)	Thermus thermophilus
P13847	28300	Viruses (no rank), Riboviria (realm), Pararnavirae (kingdom), Artverviricota (phylum), Revtraviricetes (class), Blubervirales (order), Hepadnaviridae (family), Avihepadnavirus (genus), Avihepadnavirus ciconiardeae (species)	Heron hepatitis B virus (HHBV)
Q53922	396513	cellular organisms (no rank), Bacteria (domain), Bacillati (kingdom), Bacillota (phylum), Bacilli (class), Caryophanales (order), Staphylococcaceae (family), Staphylococcus (genus), Staphylococcus carnosus (species)	Staphylococcus carnosus (strain TM300)
A3NW79	357348	cellular organisms (no rank), Bacteria (domain), Pseudomonadati (kingdom), Pseudomonadota (phylum), Betaproteobacteria (class), Burkholderiales (order), Burkholderiaceae (family), Burkholderia (genus), pseudomallei group (no rank), Burkholderia pseudomallei (species)	Burkholderia pseudomallei (strain 1106a)
P0DOA0	359391	cellular organisms (no rank), Bacteria (domain), Pseudomonadati (kingdom), Pseudomonadota (phylum), Alphaproteobacteria (class), Hyphomicrobiales (order), Brucellaceae (family), Brucella/Ochrobactrum group (no rank), Brucella (genus), Brucella melitensis group (no rank), Brucella abortus (species)	Brucella abortus (strain 2308)
A1US92	360095	cellular organisms (no rank), Bacteria (domain), Pseudomonadati (kingdom), Pseudomonadota (phylum), Alphaproteobacteria (class), Hyphomicrobiales (order), Bartonellaceae (family), Bartonella (genus), Bartonella bacilliformis (species)	Bartonella bacilliformis (strain ATCC 35685 / KC583 / Herrer 020/F12,63)
P70805	354	cellular organisms (no rank), Bacteria (domain), Pseudomonadati (kingdom), Pseudomonadota (phylum), Gammaproteobacteria (class), Pseudomonadales (order), Pseudomonadaceae (family), Azotobacter group (subfamily), Azotobacter (genus)	Azotobacter vinelandii
Q8Y6W7	169963	cellular organisms (no rank), Bacteria (domain), Bacillati (kingdom), Bacillota (phylum), Bacilli (class), Caryophanales (order), Listeriaceae (family), Listeria (genus), Listeria monocytogenes (species)	Listeria monocytogenes serovar 1/2a (strain ATCC BAA-679 / EGD-e)
Q79AF6	266265	cellular organisms (no rank), Bacteria (domain), Pseudomonadati (kingdom), Pseudomonadota (phylum), Betaproteobacteria (class), Burkholderiales (order), Burkholderiaceae (family), Paraburkholderia (genus), Paraburkholderia xenovorans (species)	Paraburkholderia xenovorans (strain LB400)
A0A8M9PDM1	7955	cellular organisms (no rank), Eukaryota (domain), Opisthokonta (clade), Metazoa (kingdom), Eumetazoa (clade), Bilateria (clade), Deuterostomia (clade), Chordata (phylum), Craniata (subphylum), Vertebrata (clade), Gnathostomata (clade), Teleostomi (clade), Euteleostomi (clade), Actinopterygii (superclass), Actinopteri (class), Neopterygii (subclass), Teleostei (infraclass), Osteoglossocephalai (clade), Clupeocephala (clade), Otomorpha (cohort), Ostariophysi (subcohort), Otophysi (clade), Cypriniphysae (superorder), Cypriniformes (order), Cyprinoidei (suborder), Danionidae (family), Danioninae (subfamily), Danio (genus)	Danio rerio (Zebrafish) (Brachydanio rerio)
Q115Q9	203124	cellular organisms (no rank), Bacteria (domain), Bacillati (kingdom), Cyanobacteriota/Melainabacteria group (clade), Cyanobacteriota (phylum), Cyanophyceae (class), Oscillatoriophycideae (subclass), Oscillatoriales (order), Microcoleaceae (family), Trichodesmium (genus), Trichodesmium erythraeum (species)	Trichodesmium erythraeum (strain IMS101)
B3PDB1	498211	cellular organisms (no rank), Bacteria (domain), Pseudomonadati (kingdom), Pseudomonadota (phylum), Gammaproteobacteria (class), Cellvibrionales (order), Cellvibrionaceae (family), Cellvibrio (genus), Cellvibrio japonicus (species)	Cellvibrio japonicus (strain Ueda107) (Pseudomonas fluorescens subsp. cellulosa)
Q2IZP7	316058	cellular organisms (no rank), Bacteria (domain), Pseudomonadati (kingdom), Pseudomonadota (phylum), Alphaproteobacteria (class), Hyphomicrobiales (order), Nitrobacteraceae (family), Rhodopseudomonas (genus), Rhodopseudomonas palustris (species)	Rhodopseudomonas palustris (strain HaA2)
Q2Y8V8	323848	cellular organisms (no rank), Bacteria (domain), Pseudomonadati (kingdom), Pseudomonadota (phylum), Betaproteobacteria (class), Nitrosomonadales (order), Nitrosomonadaceae (family), Nitrosospira (genus), Nitrosospira multiformis (species)	Nitrosospira multiformis (strain ATCC 25196 / NCIMB 11849 / C 71)
Q0I1G0	205914	cellular organisms (no rank), Bacteria (domain), Pseudomonadati (kingdom), Pseudomonadota (phylum), Gammaproteobacteria (class), Pasteurellales (order), Pasteurellaceae (family), Histophilus (genus), Histophilus somni (species)	Histophilus somni (strain 129Pt) (Haemophilus somnus)
D4Q9N1	53522	cellular organisms (no rank), Bacteria (domain), Bacillati (kingdom), Actinomycetota (phylum), Actinomycetes (class), Streptosporangiales (order), Nocardiopsidaceae (family), Thermobifida (genus)	Thermobifida alba (Thermomonospora alba)
P0DA14	198466	cellular organisms (no rank), Bacteria (domain), Bacillati (kingdom), Bacillota (phylum), Bacilli (class), Lactobacillales (order), Streptococcaceae (family), Streptococcus (genus), Streptococcus pyogenes (species), Streptococcus pyogenes serotype M3 (serotype)	Streptococcus pyogenes serotype M3 (strain ATCC BAA-595 / MGAS315)
Q59467	210	cellular organisms (no rank), Bacteria (domain), Pseudomonadati (kingdom), Campylobacterota (phylum), Epsilonproteobacteria (class), Campylobacterales (order), Helicobacteraceae (family), Helicobacter (genus)	Helicobacter pylori (Campylobacter pylori)
I3VE77	391953	cellular organisms (no rank), Bacteria (domain), Pseudomonadati (kingdom), Pseudomonadota (phylum), Betaproteobacteria (class), Burkholderiales (order), Sphaerotilaceae (family), Aquincola (genus)	Aquincola tertiaricarbonis
Q5J1R2	96045	cellular organisms (no rank), Bacteria (domain), Bacillati (kingdom), Actinomycetota (phylum), Actinomycetes (class), Mycobacteriales (order), Nocardiaceae (family), Nocardia (genus), Nocardia uniformis (species)	Nocardia uniformis subsp. tsuyamanensis
P60068	36863	cellular organisms (no rank), Bacteria (domain), Pseudomonadati (kingdom), Pseudomonadota (phylum), Betaproteobacteria (class), Burkholderiales (order), Sphaerotilaceae (family), Ideonella (genus)	Ideonella dechloratans
Q9KJ23	257314	cellular organisms (no rank), Bacteria (domain), Bacillati (kingdom), Bacillota (phylum), Bacilli (class), Lactobacillales (order), Lactobacillaceae (family), Lactobacillus (genus), Lactobacillus johnsonii (species)	Lactobacillus johnsonii (strain CNCM I-12250 / La1 / NCC 533)
P37032	272624	cellular organisms (no rank), Bacteria (domain), Pseudomonadati (kingdom), Pseudomonadota (phylum), Gammaproteobacteria (class), Legionellales (order), Legionellaceae (family), Legionella (genus), Legionella pneumophila (species), Legionella pneumophila subsp. pneumophila (subspecies)	Legionella pneumophila subsp. pneumophila (strain Philadelphia 1 / ATCC 33152 / DSM 7513)
A5GEC2	351605	cellular organisms (no rank), Bacteria (domain), Pseudomonadati (kingdom), Thermodesulfobacteriota (phylum), Desulfuromonadia (class), Geobacterales (order), Geobacteraceae (family), Geotalea (genus), Geotalea uraniireducens (species)	Geotalea uraniireducens (strain Rf4) (Geobacter uraniireducens)
P0C918	1232575	cellular organisms (no rank), Bacteria (domain), Pseudomonadati (kingdom), Pseudomonadota (phylum), Acidithiobacillia (class), Acidithiobacillales (order), Acidithiobacillaceae (family), Acidithiobacillus (genus)	Acidithiobacillus ferridurans
B6ZK77	7955	cellular organisms (no rank), Eukaryota (domain), Opisthokonta (clade), Metazoa (kingdom), Eumetazoa (clade), Bilateria (clade), Deuterostomia (clade), Chordata (phylum), Craniata (subphylum), Vertebrata (clade), Gnathostomata (clade), Teleostomi (clade), Euteleostomi (clade), Actinopterygii (superclass), Actinopteri (class), Neopterygii (subclass), Teleostei (infraclass), Osteoglossocephalai (clade), Clupeocephala (clade), Otomorpha (cohort), Ostariophysi (subcohort), Otophysi (clade), Cypriniphysae (superorder), Cypriniformes (order), Cyprinoidei (suborder), Danionidae (family), Danioninae (subfamily), Danio (genus)	Danio rerio (Zebrafish) (Brachydanio rerio)
M1VMF7	376620	cellular organisms (no rank), Bacteria (domain), Pseudomonadati (kingdom), Pseudomonadota (phylum), Alphaproteobacteria (class), Acetobacterales (order), Acetobacteraceae (family), Gluconobacter (genus)	Gluconobacter japonicus
P57696	135720	cellular organisms (no rank), Bacteria (domain), Pseudomonadati (kingdom), Pseudomonadota (phylum), Betaproteobacteria (class), Neisseriales (order), Neisseriaceae (family), Neisseria (genus), Neisseria meningitidis (species)	Neisseria meningitidis serogroup C
B7GPW1	391904	cellular organisms (no rank), Bacteria (domain), Bacillati (kingdom), Actinomycetota (phylum), Actinomycetes (class), Bifidobacteriales (order), Bifidobacteriaceae (family), Bifidobacterium (genus), Bifidobacterium longum (species), Bifidobacterium longum subsp. infantis (subspecies)	Bifidobacterium longum subsp. infantis (strain ATCC 15697 / DSM 20088 / JCM 1222 / NCTC 11817 / S12)
B2HJJ6	216594	cellular organisms (no rank), Bacteria (domain), Bacillati (kingdom), Actinomycetota (phylum), Actinomycetes (class), Mycobacteriales (order), Mycobacteriaceae (family), Mycobacterium (genus), Mycobacterium ulcerans group (no rank), Mycobacterium marinum (species)	Mycobacterium marinum (strain ATCC BAA-535 / M)
P39482	1404	cellular organisms (no rank), Bacteria (domain), Bacillati (kingdom), Bacillota (phylum), Bacilli (class), Caryophanales (order), Bacillaceae (family), Priestia (genus)	Priestia megaterium (Bacillus megaterium)
Q31G66	317025	cellular organisms (no rank), Bacteria (domain), Pseudomonadati (kingdom), Pseudomonadota (phylum), Gammaproteobacteria (class), Thiotrichales (order), Piscirickettsiaceae (family), Hydrogenovibrio (genus), Hydrogenovibrio crunogenus (species)	Hydrogenovibrio crunogenus (strain DSM 25203 / XCL-2) (Thiomicrospira crunogena)
Q00393	2188	cellular organisms (no rank), Archaea (domain), Methanobacteriati (kingdom), Methanobacteriota (phylum), Methanomada group (clade), Methanococci (class), Methanococcales (order), Methanococcaceae (family), Methanococcus (genus)	Methanococcus voltae
B0BWC2	452659	cellular organisms (no rank), Bacteria (domain), Pseudomonadati (kingdom), Pseudomonadota (phylum), Alphaproteobacteria (class), Rickettsiales (order), Rickettsiaceae (family), Rickettsieae (tribe), Rickettsia (genus), spotted fever group (no rank), Rickettsia rickettsii (species)	Rickettsia rickettsii (strain Iowa)
Q8YP11	103690	cellular organisms (no rank), Bacteria (domain), Bacillati (kingdom), Cyanobacteriota/Melainabacteria group (clade), Cyanobacteriota (phylum), Cyanophyceae (class), Nostocales (order), Nostocaceae (family), Nostoc (genus), unclassified Nostoc (no rank)	Nostoc sp. (strain PCC 7120 / SAG 25.82 / UTEX 2576)
Q8EVH2	272633	cellular organisms (no rank), Bacteria (domain), Bacillati (kingdom), Mycoplasmatota (phylum), Mycoplasmoidales (order), Mycoplasmoidaceae (family), Malacoplasma (genus), Malacoplasma penetrans (species)	Malacoplasma penetrans (strain HF-2) (Mycoplasma penetrans)
Q8DEH7	216895	cellular organisms (no rank), Bacteria (domain), Pseudomonadati (kingdom), Pseudomonadota (phylum), Gammaproteobacteria (class), Vibrionales (order), Vibrionaceae (family), Vibrio (genus), Vibrio vulnificus (species)	Vibrio vulnificus (strain CMCP6)
Q53080	1833	cellular organisms (no rank), Bacteria (domain), Bacillati (kingdom), Actinomycetota (phylum), Actinomycetes (class), Mycobacteriales (order), Nocardiaceae (family), Rhodococcus (genus), Rhodococcus erythropolis group (no rank)	Rhodococcus erythropolis (Arthrobacter picolinophilus)
Q1J0P9	319795	cellular organisms (no rank), Bacteria (domain), Thermotogati (kingdom), Deinococcota (phylum), Deinococci (class), Deinococcales (order), Deinococcaceae (family), Deinococcus (genus), Deinococcus geothermalis (species)	Deinococcus geothermalis (strain DSM 11300 / CIP 105573 / AG-3a)
B5XK69	471876	cellular organisms (no rank), Bacteria (domain), Bacillati (kingdom), Bacillota (phylum), Bacilli (class), Lactobacillales (order), Streptococcaceae (family), Streptococcus (genus), Streptococcus pyogenes (species), Streptococcus pyogenes serotype M49 (serotype)	Streptococcus pyogenes serotype M49 (strain NZ131)
B2J918	63737	cellular organisms (no rank), Bacteria (domain), Bacillati (kingdom), Cyanobacteriota/Melainabacteria group (clade), Cyanobacteriota (phylum), Cyanophyceae (class), Nostocales (order), Nostocaceae (family), Nostoc (genus), Nostoc punctiforme (species)	Nostoc punctiforme (strain ATCC 29133 / PCC 73102)
B2K0Z6	502801	cellular organisms (no rank), Bacteria (domain), Pseudomonadati (kingdom), Pseudomonadota (phylum), Gammaproteobacteria (class), Enterobacterales (order), Yersiniaceae (family), Yersinia (genus), Yersinia pseudotuberculosis complex (no rank), Yersinia pseudotuberculosis (species)	Yersinia pseudotuberculosis serotype IB (strain PB1/+)
Q3YXJ0	300269	cellular organisms (no rank), Bacteria (domain), Pseudomonadati (kingdom), Pseudomonadota (phylum), Gammaproteobacteria (class), Enterobacterales (order), Enterobacteriaceae (family), Shigella (genus), Shigella sonnei (species)	Shigella sonnei (strain Ss046)
Q8CPQ1	176280	cellular organisms (no rank), Bacteria (domain), Bacillati (kingdom), Bacillota (phylum), Bacilli (class), Caryophanales (order), Staphylococcaceae (family), Staphylococcus (genus), Staphylococcus epidermidis (species)	Staphylococcus epidermidis (strain ATCC 12228 / FDA PCI 1200)
P05150	559292	cellular organisms (no rank), Eukaryota (domain), Opisthokonta (clade), Fungi (kingdom), Dikarya (subkingdom), Ascomycota (phylum), saccharomyceta (clade), Saccharomycotina (subphylum), Saccharomycetes (class), Saccharomycetales (order), Saccharomycetaceae (family), Saccharomyces (genus), Saccharomyces cerevisiae (species)	Saccharomyces cerevisiae (strain ATCC 204508 / S288c) (Baker's yeast)
A0A1G8XA46	2200	cellular organisms (no rank), Archaea (domain), Methanobacteriati (kingdom), Methanobacteriota (phylum), Stenosarchaea group (clade), Methanomicrobia (class), Methanomicrobiales (order), Methanomicrobiaceae (family), Methanoculleus (genus)	Methanoculleus thermophilus (Methanogenium thermophilicum)
A4G9W6	204773	cellular organisms (no rank), Bacteria (domain), Pseudomonadati (kingdom), Pseudomonadota (phylum), Betaproteobacteria (class), Burkholderiales (order), Oxalobacteraceae (family), Herminiimonas (genus)	Herminiimonas arsenicoxydans
A0A0H3JX98	158878	cellular organisms (no rank), Bacteria (domain), Bacillati (kingdom), Bacillota (phylum), Bacilli (class), Caryophanales (order), Staphylococcaceae (family), Staphylococcus (genus), Staphylococcus aureus (species)	Staphylococcus aureus (strain Mu50 / ATCC 700699)
Q2YVU6	273036	cellular organisms (no rank), Bacteria (domain), Bacillati (kingdom), Bacillota (phylum), Bacilli (class), Caryophanales (order), Staphylococcaceae (family), Staphylococcus (genus), Staphylococcus aureus (species)	Staphylococcus aureus (strain bovine RF122 / ET3-1)
K9UV87	385957	cellular organisms (no rank), Bacteria (domain), Bacillati (kingdom), Actinomycetota (phylum), Actinomycetes (class), Pseudonocardiales (order), Pseudonocardiaceae (family), Amycolatopsis (genus), unclassified Amycolatopsis (no rank)	Amycolatopsis sp. (strain ATCC 39116 / 75iv2)
P96134	262724	cellular organisms (no rank), Bacteria (domain), Thermotogati (kingdom), Deinococcota (phylum), Deinococci (class), Thermales (order), Thermaceae (family), Thermus (genus), Thermus thermophilus (species)	Thermus thermophilus (strain ATCC BAA-163 / DSM 7039 / HB27)
Q8GNC1	233412	cellular organisms (no rank), Bacteria (domain), Pseudomonadati (kingdom), Pseudomonadota (phylum), Gammaproteobacteria (class), Pasteurellales (order), Pasteurellaceae (family), Haemophilus (genus), Haemophilus ducreyi (species)	Haemophilus ducreyi (strain 35000HP / ATCC 700724)
P0DV09	96241	cellular organisms (no rank), Bacteria (domain), Bacillati (kingdom), Bacillota (phylum), Bacilli (class), Caryophanales (order), Bacillaceae (family), Bacillus (genus), Bacillus subtilis group (no rank)	Bacillus spizizenii (Bacillus subtilis subsp. spizizenii)
B7VM66	575788	cellular organisms (no rank), Bacteria (domain), Pseudomonadati (kingdom), Pseudomonadota (phylum), Gammaproteobacteria (class), Vibrionales (order), Vibrionaceae (family), Vibrio (genus), Vibrio atlanticus (species)	Vibrio atlanticus (strain LGP32) (Vibrio splendidus (strain Mel32))
Q31CK0	74546	cellular organisms (no rank), Bacteria (domain), Bacillati (kingdom), Cyanobacteriota/Melainabacteria group (clade), Cyanobacteriota (phylum), Cyanophyceae (class), Synechococcales (order), Prochlorococcaceae (family), Prochlorococcus (genus), Prochlorococcus marinus (species)	Prochlorococcus marinus (strain MIT 9312)
G2SYC0	585394	cellular organisms (no rank), Bacteria (domain), Bacillati (kingdom), Bacillota (phylum), Clostridia (class), Lachnospirales (order), Lachnospiraceae (family), Roseburia (genus), Roseburia hominis (species)	Roseburia hominis (strain DSM 16839 / JCM 17582 / NCIMB 14029 / A2-183)
P07640	476	cellular organisms (no rank), Bacteria (domain), Pseudomonadati (kingdom), Pseudomonadota (phylum), Gammaproteobacteria (class), Moraxellales (order), Moraxellaceae (family), Moraxella (genus)	Moraxella bovis
P27000	300852	cellular organisms (no rank), Bacteria (domain), Thermotogati (kingdom), Deinococcota (phylum), Deinococci (class), Thermales (order), Thermaceae (family), Thermus (genus), Thermus thermophilus (species)	Thermus thermophilus (strain ATCC 27634 / DSM 579 / HB8)
Q50983	485	cellular organisms (no rank), Bacteria (domain), Pseudomonadati (kingdom), Pseudomonadota (phylum), Betaproteobacteria (class), Neisseriales (order), Neisseriaceae (family), Neisseria (genus)	Neisseria gonorrhoeae
Q9CK29	272843	cellular organisms (no rank), Bacteria (domain), Pseudomonadati (kingdom), Pseudomonadota (phylum), Gammaproteobacteria (class), Pasteurellales (order), Pasteurellaceae (family), Pasteurella (genus), Pasteurella multocida (species), Pasteurella multocida subsp. multocida (subspecies)	Pasteurella multocida (strain Pm70)
P82115	229779	cellular organisms (no rank), Bacteria (domain), Pseudomonadati (kingdom), Pseudomonadota (phylum), Gammaproteobacteria (class), Enterobacterales (order), Morganellaceae (family), Photorhabdus (genus), unclassified Photorhabdus (no rank)	Photorhabdus sp. (strain Az29)
C5B7B9	634503	cellular organisms (no rank), Bacteria (domain), Pseudomonadati (kingdom), Pseudomonadota (phylum), Gammaproteobacteria (class), Enterobacterales (order), Hafniaceae (family), Edwardsiella (genus), Edwardsiella ictaluri (species)	Edwardsiella ictaluri (strain 93-146)
Q829W3	227882	cellular organisms (no rank), Bacteria (domain), Bacillati (kingdom), Actinomycetota (phylum), Actinomycetes (class), Kitasatosporales (order), Streptomycetaceae (family), Streptomyces (genus), Streptomyces avermitilis (species)	Streptomyces avermitilis (strain ATCC 31267 / DSM 46492 / JCM 5070 / NBRC 14893 / NCIMB 12804 / NRRL 8165 / MA-4680)
Q9K498	100226	cellular organisms (no rank), Bacteria (domain), Bacillati (kingdom), Actinomycetota (phylum), Actinomycetes (class), Kitasatosporales (order), Streptomycetaceae (family), Streptomyces (genus), Streptomyces albidoflavus group (no rank), Streptomyces coelicolor (species)	Streptomyces coelicolor (strain ATCC BAA-471 / A3(2) / M145)
Q81X77	1392	cellular organisms (no rank), Bacteria (domain), Bacillati (kingdom), Bacillota (phylum), Bacilli (class), Caryophanales (order), Bacillaceae (family), Bacillus (genus), Bacillus cereus group (no rank)	Bacillus anthracis
Q2LPY6	56780	cellular organisms (no rank), Bacteria (domain), Pseudomonadati (kingdom), Thermodesulfobacteriota (phylum), Syntrophia (class), Syntrophales (order), Syntrophaceae (family), Syntrophus (genus), Syntrophus aciditrophicus (species)	Syntrophus aciditrophicus (strain SB)
Q6WRT6	1061	cellular organisms (no rank), Bacteria (domain), Pseudomonadati (kingdom), Pseudomonadota (phylum), Alphaproteobacteria (class), Rhodobacterales (order), Rhodobacter group (no rank), Rhodobacter (genus)	Rhodobacter capsulatus (Rhodopseudomonas capsulata)
Q5E2L7	312309	cellular organisms (no rank), Bacteria (domain), Pseudomonadati (kingdom), Pseudomonadota (phylum), Gammaproteobacteria (class), Vibrionales (order), Vibrionaceae (family), Aliivibrio (genus), Aliivibrio fischeri (species)	Aliivibrio fischeri (strain ATCC 700601 / ES114) (Vibrio fischeri)
Q0SCI3	101510	cellular organisms (no rank), Bacteria (domain), Bacillati (kingdom), Actinomycetota (phylum), Actinomycetes (class), Mycobacteriales (order), Nocardiaceae (family), Rhodococcus (genus), Rhodococcus jostii (species)	Rhodococcus jostii (strain RHA1)
P89951	489544	Viruses (no rank), Riboviria (realm), Pararnavirae (kingdom), Artverviricota (phylum), Revtraviricetes (class), Blubervirales (order), Hepadnaviridae (family), Orthohepadnavirus (genus), Orthohepadnavirus hominoidei (species), Hepatitis B virus (no rank), Non-human HBV (no rank)	Gibbon hepatitis B virus subtype ayw3q (isolate Hope) (HBVgbn)
A3MK77	320389	cellular organisms (no rank), Bacteria (domain), Pseudomonadati (kingdom), Pseudomonadota (phylum), Betaproteobacteria (class), Burkholderiales (order), Burkholderiaceae (family), Burkholderia (genus), pseudomallei group (no rank), Burkholderia mallei (species)	Burkholderia mallei (strain NCTC 10247)
O52793	31958	cellular organisms (no rank), Bacteria (domain), Bacillati (kingdom), Actinomycetota (phylum), Actinomycetes (class), Pseudonocardiales (order), Pseudonocardiaceae (family), Amycolatopsis (genus)	Amycolatopsis orientalis (Nocardia orientalis)
B5HDJ6	457429	cellular organisms (no rank), Bacteria (domain), Bacillati (kingdom), Actinomycetota (phylum), Actinomycetes (class), Kitasatosporales (order), Streptomycetaceae (family), Streptomyces (genus), Streptomyces pristinaespiralis (species)	Streptomyces pristinaespiralis (strain ATCC 25486 / DSM 40338 / CBS 914.69 / JCM 4507 / KCC S-0507 / NBRC 13074 / NRRL 2958 / 5647)
Q146L7	266265	cellular organisms (no rank), Bacteria (domain), Pseudomonadati (kingdom), Pseudomonadota (phylum), Betaproteobacteria (class), Burkholderiales (order), Burkholderiaceae (family), Paraburkholderia (genus), Paraburkholderia xenovorans (species)	Paraburkholderia xenovorans (strain LB400)
Q98FW0	266835	cellular organisms (no rank), Bacteria (domain), Pseudomonadati (kingdom), Pseudomonadota (phylum), Alphaproteobacteria (class), Hyphomicrobiales (order), Phyllobacteriaceae (family), Mesorhizobium (genus), Mesorhizobium japonicum (species)	Mesorhizobium japonicum (strain LMG 29417 / CECT 9101 / MAFF 303099) (Mesorhizobium loti (strain MAFF 303099))
Q9L9G0	193462	cellular organisms (no rank), Bacteria (domain), Bacillati (kingdom), Actinomycetota (phylum), Actinomycetes (class), Kitasatosporales (order), Streptomycetaceae (family), Streptomyces (genus)	Streptomyces niveus (Streptomyces spheroides)
B0KRA6	76869	cellular organisms (no rank), Bacteria (domain), Pseudomonadati (kingdom), Pseudomonadota (phylum), Gammaproteobacteria (class), Pseudomonadales (order), Pseudomonadaceae (family), Pseudomonas (genus), Pseudomonas putida group (no rank), Pseudomonas putida (species)	Pseudomonas putida (strain GB-1)
P95544	839	cellular organisms (no rank), Bacteria (domain), Pseudomonadati (kingdom), FCB group (clade), Bacteroidota/Chlorobiota group (clade), Bacteroidota (phylum), Bacteroidia (class), Bacteroidales (order), Prevotellaceae (family), Xylanibacter (genus)	Xylanibacter ruminicola (Prevotella ruminicola)
A7GZF6	360105	cellular organisms (no rank), Bacteria (domain), Pseudomonadati (kingdom), Campylobacterota (phylum), Epsilonproteobacteria (class), Campylobacterales (order), Campylobacteraceae (family), Campylobacter (genus), Campylobacter curvus (species)	Campylobacter curvus (strain 525.92)
Q1IWM0	319795	cellular organisms (no rank), Bacteria (domain), Thermotogati (kingdom), Deinococcota (phylum), Deinococci (class), Deinococcales (order), Deinococcaceae (family), Deinococcus (genus), Deinococcus geothermalis (species)	Deinococcus geothermalis (strain DSM 11300 / CIP 105573 / AG-3a)
B9XXL6	544406	cellular organisms (no rank), Bacteria (domain), Pseudomonadati (kingdom), Campylobacterota (phylum), Epsilonproteobacteria (class), Campylobacterales (order), Helicobacteraceae (family), Helicobacter (genus), Helicobacter pylori (species)	Helicobacter pylori (strain B128)
Q215W3	316056	cellular organisms (no rank), Bacteria (domain), Pseudomonadati (kingdom), Pseudomonadota (phylum), Alphaproteobacteria (class), Hyphomicrobiales (order), Nitrobacteraceae (family), Rhodopseudomonas (genus), Rhodopseudomonas palustris (species)	Rhodopseudomonas palustris (strain BisB18)
P69740	199310	cellular organisms (no rank), Bacteria (domain), Pseudomonadati (kingdom), Pseudomonadota (phylum), Gammaproteobacteria (class), Enterobacterales (order), Enterobacteriaceae (family), Escherichia (genus), Escherichia coli (species)	Escherichia coli O6:H1 (strain CFT073 / ATCC 700928 / UPEC)
A0A0X1KHF9	265669	cellular organisms (no rank), Bacteria (domain), Bacillati (kingdom), Bacillota (phylum), Bacilli (class), Caryophanales (order), Listeriaceae (family), Listeria (genus), Listeria monocytogenes (species), Listeria monocytogenes serotype 4b (serotype)	Listeria monocytogenes serotype 4b (strain F2365)
A0A7T1FRB0	293386	cellular organisms (no rank), Bacteria (domain), Bacillati (kingdom), Bacillota (phylum), Bacilli (class), Caryophanales (order), Bacillaceae (family), Bacillus (genus), Bacillus altitudinis complex (no rank)	Bacillus stratosphericus
P40609	223926	cellular organisms (no rank), Bacteria (domain), Pseudomonadati (kingdom), Pseudomonadota (phylum), Gammaproteobacteria (class), Vibrionales (order), Vibrionaceae (family), Vibrio (genus), Vibrio harveyi group (no rank), Vibrio parahaemolyticus (species)	Vibrio parahaemolyticus serotype O3:K6 (strain RIMD 2210633)
P54736	34	cellular organisms (no rank), Bacteria (domain), Pseudomonadati (kingdom), Myxococcota (phylum), Myxococcia (class), Myxococcales (order), Cystobacterineae (suborder), Myxococcaceae (family), Myxococcus (genus)	Myxococcus xanthus
Q6L047	1122961	cellular organisms (no rank), Archaea (domain), Methanobacteriati (kingdom), Thermoplasmatota (phylum), Thermoplasmata (class), Thermoplasmatales (order), Picrophilaceae (family), Picrophilus (genus), Picrophilus oshimae (species)	Picrophilus torridus (strain ATCC 700027 / DSM 9790 / JCM 10055 / NBRC 100828 / KAW 2/3)
B5XLV6	471876	cellular organisms (no rank), Bacteria (domain), Bacillati (kingdom), Bacillota (phylum), Bacilli (class), Lactobacillales (order), Streptococcaceae (family), Streptococcus (genus), Streptococcus pyogenes (species), Streptococcus pyogenes serotype M49 (serotype)	Streptococcus pyogenes serotype M49 (strain NZ131)
A0LBZ1	156889	cellular organisms (no rank), Bacteria (domain), Pseudomonadati (kingdom), Pseudomonadota (phylum), Magnetococcia (class), Magnetococcales (order), Magnetococcaceae (family), Magnetococcus (genus), Magnetococcus marinus (species)	Magnetococcus marinus (strain ATCC BAA-1437 / JCM 17883 / MC-1)
A8F8C2	416591	cellular organisms (no rank), Bacteria (domain), Thermotogati (kingdom), Thermotogota (phylum), Thermotogae (class), Thermotogales (order), Thermotogaceae (family), Pseudothermotoga (genus), Pseudothermotoga lettingae (species)	Pseudothermotoga lettingae (strain ATCC BAA-301 / DSM 14385 / NBRC 107922 / TMO) (Thermotoga lettingae)
Q5W264	104623	cellular organisms (no rank), Bacteria (domain), Pseudomonadati (kingdom), Pseudomonadota (phylum), Gammaproteobacteria (class), Enterobacterales (order), Pectobacteriaceae (family), Prodigiosinella (genus)	Prodigiosinella confusarubida (Serratia sp. (strain ATCC 39006))
A5U6T0	419947	cellular organisms (no rank), Bacteria (domain), Bacillati (kingdom), Actinomycetota (phylum), Actinomycetes (class), Mycobacteriales (order), Mycobacteriaceae (family), Mycobacterium (genus), Mycobacterium tuberculosis complex (no rank), Mycobacterium tuberculosis (species)	Mycobacterium tuberculosis (strain ATCC 25177 / H37Ra)
Q1JU72	36773	cellular organisms (no rank), Bacteria (domain), Pseudomonadati (kingdom), Pseudomonadota (phylum), Betaproteobacteria (class), Burkholderiales (order), Burkholderiaceae (family), Burkholderia (genus), unclassified Burkholderia (no rank)	Burkholderia sp
Q51705	266	cellular organisms (no rank), Bacteria (domain), Pseudomonadati (kingdom), Pseudomonadota (phylum), Alphaproteobacteria (class), Rhodobacterales (order), Paracoccaceae (family), Paracoccus (genus)	Paracoccus denitrificans
P12691	301	cellular organisms (no rank), Bacteria (domain), Pseudomonadati (kingdom), Pseudomonadota (phylum), Gammaproteobacteria (class), Pseudomonadales (order), Pseudomonadaceae (family), Ectopseudomonas (genus)	Ectopseudomonas oleovorans (Pseudomonas oleovorans)
Q21KT6	203122	cellular organisms (no rank), Bacteria (domain), Pseudomonadati (kingdom), Pseudomonadota (phylum), Gammaproteobacteria (class), Cellvibrionales (order), Cellvibrionaceae (family), Saccharophagus (genus), Saccharophagus degradans (species)	Saccharophagus degradans (strain 2-40 / ATCC 43961 / DSM 17024)
P72504	118562	cellular organisms (no rank), Bacteria (domain), Bacillati (kingdom), Cyanobacteriota/Melainabacteria group (clade), Cyanobacteriota (phylum), Cyanophyceae (class), Oscillatoriophycideae (subclass), Oscillatoriales (order), Sirenicapillariaceae (family), Limnospira (genus)	Limnospira platensis (Arthrospira platensis)
Q9UWY8	273057	cellular organisms (no rank), Archaea (domain), Thermoproteati (kingdom), Thermoproteota (phylum), Thermoprotei (class), Sulfolobales (order), Sulfolobaceae (family), Saccharolobus (genus), Saccharolobus solfataricus (species)	Saccharolobus solfataricus (strain ATCC 35092 / DSM 1617 / JCM 11322 / P2) (Sulfolobus solfataricus)
O11457	128947	Viruses (no rank), Riboviria (realm), Orthornavirae (kingdom), Negarnaviricota (phylum), Haploviricotina (subphylum), Monjiviricetes (class), Mononegavirales (order), Filoviridae (family), Orthoebolavirus (genus), Orthoebolavirus zairense (species), Ebola virus (no rank)	Zaire ebolavirus (strain Gabon-94) (ZEBOV) (Zaire Ebola virus)
B7JJX3	405535	cellular organisms (no rank), Bacteria (domain), Bacillati (kingdom), Bacillota (phylum), Bacilli (class), Caryophanales (order), Bacillaceae (family), Bacillus (genus), Bacillus cereus group (no rank), Bacillus cereus (species)	Bacillus cereus (strain AH820)
A1UNS0	189918	cellular organisms (no rank), Bacteria (domain), Bacillati (kingdom), Actinomycetota (phylum), Actinomycetes (class), Mycobacteriales (order), Mycobacteriaceae (family), Mycobacterium (genus), unclassified Mycobacterium (no rank)	Mycobacterium sp. (strain KMS)
C3K7D0	216595	cellular organisms (no rank), Bacteria (domain), Pseudomonadati (kingdom), Pseudomonadota (phylum), Gammaproteobacteria (class), Pseudomonadales (order), Pseudomonadaceae (family), Pseudomonas (genus), Pseudomonas fluorescens group (no rank), Pseudomonas fluorescens (species)	Pseudomonas fluorescens (strain SBW25)
Q8EJW3	211586	cellular organisms (no rank), Bacteria (domain), Pseudomonadati (kingdom), Pseudomonadota (phylum), Gammaproteobacteria (class), Alteromonadales (order), Shewanellaceae (family), Shewanella (genus), Shewanella oneidensis (species)	Shewanella oneidensis (strain ATCC 700550 / JCM 31522 / CIP 106686 / LMG 19005 / NCIMB 14063 / MR-1)
Q53083	1833	cellular organisms (no rank), Bacteria (domain), Bacillati (kingdom), Actinomycetota (phylum), Actinomycetes (class), Mycobacteriales (order), Nocardiaceae (family), Rhodococcus (genus), Rhodococcus erythropolis group (no rank)	Rhodococcus erythropolis (Arthrobacter picolinophilus)
Q9CKL8	272843	cellular organisms (no rank), Bacteria (domain), Pseudomonadati (kingdom), Pseudomonadota (phylum), Gammaproteobacteria (class), Pasteurellales (order), Pasteurellaceae (family), Pasteurella (genus), Pasteurella multocida (species), Pasteurella multocida subsp. multocida (subspecies)	Pasteurella multocida (strain Pm70)
Q9S5X0	243274	cellular organisms (no rank), Bacteria (domain), Thermotogati (kingdom), Thermotogota (phylum), Thermotogae (class), Thermotogales (order), Thermotogaceae (family), Thermotoga (genus), Thermotoga maritima (species)	Thermotoga maritima (strain ATCC 43589 / DSM 3109 / JCM 10099 / NBRC 100826 / MSB8)
P00968	83333	cellular organisms (no rank), Bacteria (domain), Pseudomonadati (kingdom), Pseudomonadota (phylum), Gammaproteobacteria (class), Enterobacterales (order), Enterobacteriaceae (family), Escherichia (genus), Escherichia coli (species)	Escherichia coli (strain K12)
P0DY74	2049044	cellular organisms (no rank), Bacteria (domain), Bacillati (kingdom), Bacillota (phylum), Erysipelotrichia (class), Erysipelotrichales (order), Erysipelotrichaceae (family), unclassified Erysipelotrichaceae (no rank)	Erysipelotrichaceae bacterium
Q9LAI1	114630	cellular organisms (no rank), Bacteria (domain), Bacillati (kingdom), Bacillota (phylum), Bacilli (class), Caryophanales (order), Bacillaceae (family), Bacillus (genus), unclassified Bacillus (in: firmicutes) (no rank)	Bacillus sp. (strain NEB-606)
P95748	1906	cellular organisms (no rank), Bacteria (domain), Bacillati (kingdom), Actinomycetota (phylum), Actinomycetes (class), Kitasatosporales (order), Streptomycetaceae (family), Streptomyces (genus)	Streptomyces fradiae (Streptomyces roseoflavus)
Q5UQL3	212035	Viruses (no rank), Varidnaviria (realm), Bamfordvirae (kingdom), Nucleocytoviricota (phylum), Megaviricetes (class), Imitervirales (order), Mimiviridae (family), Megamimivirinae (subfamily), Mimivirus (genus), Mimivirus bradfordmassiliense (species)	Acanthamoeba polyphaga mimivirus (APMV)
Q8XL57	195102	cellular organisms (no rank), Bacteria (domain), Bacillati (kingdom), Bacillota (phylum), Clostridia (class), Eubacteriales (order), Clostridiaceae (family), Clostridium (genus), Clostridium perfringens (species)	Clostridium perfringens (strain 13 / Type A)
A4W313	391296	cellular organisms (no rank), Bacteria (domain), Bacillati (kingdom), Bacillota (phylum), Bacilli (class), Lactobacillales (order), Streptococcaceae (family), Streptococcus (genus), Streptococcus suis (species)	Streptococcus suis (strain 98HAH33)
Q8KBK9	194439	cellular organisms (no rank), Bacteria (domain), Pseudomonadati (kingdom), FCB group (clade), Bacteroidota/Chlorobiota group (clade), Chlorobiota (phylum), Chlorobiia (class), Chlorobiales (order), Chlorobiaceae (family), Chlorobaculum (genus), Chlorobaculum tepidum (species)	Chlorobaculum tepidum (strain ATCC 49652 / DSM 12025 / NBRC 103806 / TLS) (Chlorobium tepidum)
P50921	90736	cellular organisms (no rank), Bacteria (domain), Pseudomonadati (kingdom), Pseudomonadota (phylum), Gammaproteobacteria (class), Alteromonadales (order), Moritellaceae (family), Moritella (genus)	Moritella marina (Vibrio marinus)
P39481	330779	cellular organisms (no rank), Archaea (domain), Thermoproteati (kingdom), Thermoproteota (phylum), Thermoprotei (class), Sulfolobales (order), Sulfolobaceae (family), Sulfolobus (genus), Sulfolobus acidocaldarius (species)	Sulfolobus acidocaldarius (strain ATCC 33909 / DSM 639 / JCM 8929 / NBRC 15157 / NCIMB 11770)
P57849	272843	cellular organisms (no rank), Bacteria (domain), Pseudomonadati (kingdom), Pseudomonadota (phylum), Gammaproteobacteria (class), Pasteurellales (order), Pasteurellaceae (family), Pasteurella (genus), Pasteurella multocida (species), Pasteurella multocida subsp. multocida (subspecies)	Pasteurella multocida (strain Pm70)
A1TDK2	350058	cellular organisms (no rank), Bacteria (domain), Bacillati (kingdom), Actinomycetota (phylum), Actinomycetes (class), Mycobacteriales (order), Mycobacteriaceae (family), Mycolicibacterium (genus), Mycolicibacterium austroafricanum (species)	Mycolicibacterium vanbaalenii (strain DSM 7251 / JCM 13017 / BCRC 16820 / KCTC 9966 / NRRL B-24157 / PYR-1) (Mycobacterium vanbaalenii)
B0SFU6	355278	cellular organisms (no rank), Bacteria (domain), Pseudomonadati (kingdom), Spirochaetota (phylum), Leptospiria (class), Leptospirales (order), Leptospiraceae (family), Leptospira (genus), Leptospira biflexa (species), Leptospira biflexa serovar Patoc (no rank)	Leptospira biflexa serovar Patoc (strain Patoc 1 / Ames)
P13955	1280	cellular organisms (no rank), Bacteria (domain), Bacillati (kingdom), Bacillota (phylum), Bacilli (class), Caryophanales (order), Staphylococcaceae (family), Staphylococcus (genus)	Staphylococcus aureus
O31041	99287	cellular organisms (no rank), Bacteria (domain), Pseudomonadati (kingdom), Pseudomonadota (phylum), Gammaproteobacteria (class), Enterobacterales (order), Enterobacteriaceae (family), Salmonella (genus), Salmonella enterica (species), Salmonella enterica I (subspecies), Salmonella typhimurium (no rank)	Salmonella typhimurium (strain LT2 / SGSC1412 / ATCC 700720)
Q87TN9	223926	cellular organisms (no rank), Bacteria (domain), Pseudomonadati (kingdom), Pseudomonadota (phylum), Gammaproteobacteria (class), Vibrionales (order), Vibrionaceae (family), Vibrio (genus), Vibrio harveyi group (no rank), Vibrio parahaemolyticus (species)	Vibrio parahaemolyticus serotype O3:K6 (strain RIMD 2210633)
Q3AZA0	316279	cellular organisms (no rank), Bacteria (domain), Bacillati (kingdom), Cyanobacteriota/Melainabacteria group (clade), Cyanobacteriota (phylum), Cyanophyceae (class), Synechococcales (order), Synechococcaceae (family), Synechococcus (genus), unclassified Synechococcus (no rank)	Synechococcus sp. (strain CC9902)
Q75UV1	274	cellular organisms (no rank), Bacteria (domain), Thermotogati (kingdom), Deinococcota (phylum), Deinococci (class), Thermales (order), Thermaceae (family), Thermus (genus)	Thermus thermophilus
Q83XP2	1003195	cellular organisms (no rank), Bacteria (domain), Bacillati (kingdom), Actinomycetota (phylum), Actinomycetes (class), Kitasatosporales (order), Streptomycetaceae (family), Streptantibioticus (genus), Streptantibioticus cattleyicolor (species)	Streptantibioticus cattleyicolor (strain ATCC 35852 / DSM 46488 / JCM 4925 / NBRC 14057 / NRRL 8057) (Streptomyces cattleya)
O83553	243276	cellular organisms (no rank), Bacteria (domain), Pseudomonadati (kingdom), Spirochaetota (phylum), Spirochaetia (class), Treponematales (order), Treponemataceae (family), Treponema (genus), Treponema pallidum (species), Treponema pallidum subsp. pallidum (subspecies)	Treponema pallidum (strain DSM 117211 / Nichols)
Q57600	243232	cellular organisms (no rank), Archaea (domain), Methanobacteriati (kingdom), Methanobacteriota (phylum), Methanomada group (clade), Methanococci (class), Methanococcales (order), Methanocaldococcaceae (family), Methanocaldococcus (genus), Methanocaldococcus jannaschii (species)	Methanocaldococcus jannaschii (strain ATCC 43067 / DSM 2661 / JAL-1 / JCM 10045 / NBRC 100440) (Methanococcus jannaschii)
B7M3A5	585034	cellular organisms (no rank), Bacteria (domain), Pseudomonadati (kingdom), Pseudomonadota (phylum), Gammaproteobacteria (class), Enterobacterales (order), Enterobacteriaceae (family), Escherichia (genus), Escherichia coli (species)	Escherichia coli O8 (strain IAI1)
P0DSP3	446	cellular organisms (no rank), Bacteria (domain), Pseudomonadati (kingdom), Pseudomonadota (phylum), Gammaproteobacteria (class), Legionellales (order), Legionellaceae (family), Legionella (genus)	Legionella pneumophila
P0CB52	1307	cellular organisms (no rank), Bacteria (domain), Bacillati (kingdom), Bacillota (phylum), Bacilli (class), Lactobacillales (order), Streptococcaceae (family), Streptococcus (genus)	Streptococcus suis
A0A499W357	382	cellular organisms (no rank), Bacteria (domain), Pseudomonadati (kingdom), Pseudomonadota (phylum), Alphaproteobacteria (class), Hyphomicrobiales (order), Rhizobiaceae (family), Sinorhizobium/Ensifer group (no rank), Sinorhizobium (genus)	Rhizobium meliloti (Ensifer meliloti) (Sinorhizobium meliloti)
B1GZD2	1408204	cellular organisms (no rank), Bacteria (domain), Pseudomonadati (kingdom), Elusimicrobiota (phylum), Endomicrobiia (class), Endomicrobiales (order), Endomicrobiaceae (family), Candidatus Endomicrobiellum (genus)	Endomicrobium trichonymphae
A8MH89	350688	cellular organisms (no rank), Bacteria (domain), Bacillati (kingdom), Bacillota (phylum), Clostridia (class), Peptostreptococcales (order), Natronincolaceae (family), Alkaliphilus (genus), Alkaliphilus oremlandii (species)	Alkaliphilus oremlandii (strain OhILAs) (Clostridium oremlandii (strain OhILAs))
Q2SGV7	349521	cellular organisms (no rank), Bacteria (domain), Pseudomonadati (kingdom), Pseudomonadota (phylum), Gammaproteobacteria (class), Oceanospirillales (order), Hahellaceae (family), Hahella (genus), Hahella chejuensis (species)	Hahella chejuensis (strain KCTC 2396)
C1KZZ3	568819	cellular organisms (no rank), Bacteria (domain), Bacillati (kingdom), Bacillota (phylum), Bacilli (class), Caryophanales (order), Listeriaceae (family), Listeria (genus), Listeria monocytogenes (species), Listeria monocytogenes serotype 4b (serotype)	Listeria monocytogenes serotype 4b (strain CLIP80459)
Q73LY9	243275	cellular organisms (no rank), Bacteria (domain), Pseudomonadati (kingdom), Spirochaetota (phylum), Spirochaetia (class), Treponematales (order), Treponemataceae (family), Treponema (genus), Treponema denticola (species)	Treponema denticola (strain ATCC 35405 / DSM 14222 / CIP 103919 / JCM 8153 / KCTC 15104)
Q5HNK6	176279	cellular organisms (no rank), Bacteria (domain), Bacillati (kingdom), Bacillota (phylum), Bacilli (class), Caryophanales (order), Staphylococcaceae (family), Staphylococcus (genus), Staphylococcus epidermidis (species)	Staphylococcus epidermidis (strain ATCC 35984 / DSM 28319 / BCRC 17069 / CCUG 31568 / BM 3577 / RP62A)
P42220	1901	cellular organisms (no rank), Bacteria (domain), Bacillati (kingdom), Actinomycetota (phylum), Actinomycetes (class), Kitasatosporales (order), Streptomycetaceae (family), Streptomyces (genus)	Streptomyces clavuligerus
B2J6S6	63737	cellular organisms (no rank), Bacteria (domain), Bacillati (kingdom), Cyanobacteriota/Melainabacteria group (clade), Cyanobacteriota (phylum), Cyanophyceae (class), Nostocales (order), Nostocaceae (family), Nostoc (genus), Nostoc punctiforme (species)	Nostoc punctiforme (strain ATCC 29133 / PCC 73102)
Q988B8	266835	cellular organisms (no rank), Bacteria (domain), Pseudomonadati (kingdom), Pseudomonadota (phylum), Alphaproteobacteria (class), Hyphomicrobiales (order), Phyllobacteriaceae (family), Mesorhizobium (genus), Mesorhizobium japonicum (species)	Mesorhizobium japonicum (strain LMG 29417 / CECT 9101 / MAFF 303099) (Mesorhizobium loti (strain MAFF 303099))
P13956	1423	cellular organisms (no rank), Bacteria (domain), Bacillati (kingdom), Bacillota (phylum), Bacilli (class), Caryophanales (order), Bacillaceae (family), Bacillus (genus), Bacillus subtilis group (no rank)	Bacillus subtilis
P31304	1305	cellular organisms (no rank), Bacteria (domain), Bacillati (kingdom), Bacillota (phylum), Bacilli (class), Lactobacillales (order), Streptococcaceae (family), Streptococcus (genus)	Streptococcus sanguinis
B0V9X1	509173	cellular organisms (no rank), Bacteria (domain), Pseudomonadati (kingdom), Pseudomonadota (phylum), Gammaproteobacteria (class), Moraxellales (order), Moraxellaceae (family), Acinetobacter (genus), Acinetobacter calcoaceticus/baumannii complex (no rank), Acinetobacter baumannii (species)	Acinetobacter baumannii (strain AYE)
A3QC76	323850	cellular organisms (no rank), Bacteria (domain), Pseudomonadati (kingdom), Pseudomonadota (phylum), Gammaproteobacteria (class), Alteromonadales (order), Shewanellaceae (family), Shewanella (genus), Shewanella loihica (species)	Shewanella loihica (strain ATCC BAA-1088 / PV-4)
A6JNN4	10116	cellular organisms (no rank), Eukaryota (domain), Opisthokonta (clade), Metazoa (kingdom), Eumetazoa (clade), Bilateria (clade), Deuterostomia (clade), Chordata (phylum), Craniata (subphylum), Vertebrata (clade), Gnathostomata (clade), Teleostomi (clade), Euteleostomi (clade), Sarcopterygii (superclass), Dipnotetrapodomorpha (clade), Tetrapoda (clade), Amniota (clade), Mammalia (class), Theria (clade), Eutheria (clade), Boreoeutheria (clade), Euarchontoglires (superorder), Glires (clade), Rodentia (order), Myomorpha (suborder), Muroidea (clade), Muridae (family), Murinae (subfamily), Rattus (genus)	Rattus norvegicus (Rat)
A3EWL3	3702	cellular organisms (no rank), Eukaryota (domain), Viridiplantae (kingdom), Streptophyta (phylum), Streptophytina (subphylum), Embryophyta (clade), Tracheophyta (clade), Euphyllophyta (clade), Spermatophyta (clade), Magnoliopsida (class), Mesangiospermae (clade), eudicotyledons (clade), Gunneridae (clade), Pentapetalae (clade), rosids (clade), malvids (clade), Brassicales (order), Brassicaceae (family), Camelineae (tribe), Arabidopsis (genus)	Arabidopsis thaliana (Mouse-ear cress)
P23665	833	cellular organisms (no rank), Bacteria (domain), Pseudomonadati (kingdom), FCB group (clade), Fibrobacterota (phylum), Fibrobacteria (class), Fibrobacterales (order), Fibrobacteraceae (family), Fibrobacter (genus)	Fibrobacter succinogenes (Bacteroides succinogenes)
P29921	266	cellular organisms (no rank), Bacteria (domain), Pseudomonadati (kingdom), Pseudomonadota (phylum), Alphaproteobacteria (class), Rhodobacterales (order), Paracoccaceae (family), Paracoccus (genus)	Paracoccus denitrificans
C1FLD8	536232	cellular organisms (no rank), Bacteria (domain), Bacillati (kingdom), Bacillota (phylum), Clostridia (class), Eubacteriales (order), Clostridiaceae (family), Clostridium (genus), Clostridium botulinum group (no rank), Clostridium botulinum (species), Clostridium botulinum A (no rank)	Clostridium botulinum (strain Kyoto / Type A2)
Q59127	29320	cellular organisms (no rank), Bacteria (domain), Bacillati (kingdom), Actinomycetota (phylum), Actinomycetes (class), Micrococcales (order), Micrococcaceae (family), Paenarthrobacter (genus)	Paenarthrobacter nicotinovorans (Arthrobacter nicotinovorans)
A0JNH9	9913	cellular organisms (no rank), Eukaryota (domain), Opisthokonta (clade), Metazoa (kingdom), Eumetazoa (clade), Bilateria (clade), Deuterostomia (clade), Chordata (phylum), Craniata (subphylum), Vertebrata (clade), Gnathostomata (clade), Teleostomi (clade), Euteleostomi (clade), Sarcopterygii (superclass), Dipnotetrapodomorpha (clade), Tetrapoda (clade), Amniota (clade), Mammalia (class), Theria (clade), Eutheria (clade), Boreoeutheria (clade), Laurasiatheria (superorder), Artiodactyla (order), Ruminantia (suborder), Pecora (infraorder), Bovidae (family), Bovinae (subfamily), Bos (genus)	Bos taurus (Bovine)
Q52008	13689	cellular organisms (no rank), Bacteria (domain), Pseudomonadati (kingdom), Pseudomonadota (phylum), Alphaproteobacteria (class), Sphingomonadales (order), Sphingomonadaceae (family), Sphingomonas (genus)	Sphingomonas paucimobilis (Pseudomonas paucimobilis)
B9LZ19	316067	cellular organisms (no rank), Bacteria (domain), Pseudomonadati (kingdom), Thermodesulfobacteriota (phylum), Desulfuromonadia (class), Geobacterales (order), Geobacteraceae (family), Geotalea (genus), Geotalea daltonii (species)	Geotalea daltonii (strain DSM 22248 / JCM 15807 / FRC-32) (Geobacter daltonii)
P68898	301447	cellular organisms (no rank), Bacteria (domain), Bacillati (kingdom), Bacillota (phylum), Bacilli (class), Lactobacillales (order), Streptococcaceae (family), Streptococcus (genus), Streptococcus pyogenes (species)	Streptococcus pyogenes serotype M1
Q9HXJ2	208964	cellular organisms (no rank), Bacteria (domain), Pseudomonadati (kingdom), Pseudomonadota (phylum), Gammaproteobacteria (class), Pseudomonadales (order), Pseudomonadaceae (family), Pseudomonas (genus), Pseudomonas aeruginosa group (no rank), Pseudomonas aeruginosa (species)	Pseudomonas aeruginosa (strain ATCC 15692 / DSM 22644 / CIP 104116 / JCM 14847 / LMG 12228 / 1C / PRS 101 / PAO1)
P49949	2283	cellular organisms (no rank), Archaea (domain), Thermoproteati (kingdom), Thermoproteota (phylum), Thermoprotei (class), Sulfolobales (order), Sulfolobaceae (family), Acidianus (genus)	Acidianus ambivalens (Desulfurolobus ambivalens)
A4QF06	340322	cellular organisms (no rank), Bacteria (domain), Bacillati (kingdom), Actinomycetota (phylum), Actinomycetes (class), Mycobacteriales (order), Corynebacteriaceae (family), Corynebacterium (genus), Corynebacterium glutamicum (species)	Corynebacterium glutamicum (strain R)
Q9WZY3	243274	cellular organisms (no rank), Bacteria (domain), Thermotogati (kingdom), Thermotogota (phylum), Thermotogae (class), Thermotogales (order), Thermotogaceae (family), Thermotoga (genus), Thermotoga maritima (species)	Thermotoga maritima (strain ATCC 43589 / DSM 3109 / JCM 10099 / NBRC 100826 / MSB8)
A7LXU3	411476	cellular organisms (no rank), Bacteria (domain), Pseudomonadati (kingdom), FCB group (clade), Bacteroidota/Chlorobiota group (clade), Bacteroidota (phylum), Bacteroidia (class), Bacteroidales (order), Bacteroidaceae (family), Bacteroides (genus), Bacteroides ovatus (species)	Bacteroides ovatus (strain ATCC 8483 / DSM 1896 / JCM 5824 / BCRC 10623 / CCUG 4943 / NCTC 11153)
Q59128	29320	cellular organisms (no rank), Bacteria (domain), Bacillati (kingdom), Actinomycetota (phylum), Actinomycetes (class), Micrococcales (order), Micrococcaceae (family), Paenarthrobacter (genus)	Paenarthrobacter nicotinovorans (Arthrobacter nicotinovorans)
Q8G6V2	206672	cellular organisms (no rank), Bacteria (domain), Bacillati (kingdom), Actinomycetota (phylum), Actinomycetes (class), Bifidobacteriales (order), Bifidobacteriaceae (family), Bifidobacterium (genus), Bifidobacterium longum (species)	Bifidobacterium longum (strain NCC 2705)
B7JHG1	405535	cellular organisms (no rank), Bacteria (domain), Bacillati (kingdom), Bacillota (phylum), Bacilli (class), Caryophanales (order), Bacillaceae (family), Bacillus (genus), Bacillus cereus group (no rank), Bacillus cereus (species)	Bacillus cereus (strain AH820)
Q04507	228410	cellular organisms (no rank), Bacteria (domain), Pseudomonadati (kingdom), Pseudomonadota (phylum), Betaproteobacteria (class), Nitrosomonadales (order), Nitrosomonadaceae (family), Nitrosomonas (genus), Nitrosomonas europaea (species)	Nitrosomonas europaea (strain ATCC 19718 / CIP 103999 / KCTC 2705 / NBRC 14298)
A5U7B7	419947	cellular organisms (no rank), Bacteria (domain), Bacillati (kingdom), Actinomycetota (phylum), Actinomycetes (class), Mycobacteriales (order), Mycobacteriaceae (family), Mycobacterium (genus), Mycobacterium tuberculosis complex (no rank), Mycobacterium tuberculosis (species)	Mycobacterium tuberculosis (strain ATCC 25177 / H37Ra)
Q7UC03	623	cellular organisms (no rank), Bacteria (domain), Pseudomonadati (kingdom), Pseudomonadota (phylum), Gammaproteobacteria (class), Enterobacterales (order), Enterobacteriaceae (family), Shigella (genus)	Shigella flexneri
Q8NTE1	196627	cellular organisms (no rank), Bacteria (domain), Bacillati (kingdom), Actinomycetota (phylum), Actinomycetes (class), Mycobacteriales (order), Corynebacteriaceae (family), Corynebacterium (genus), Corynebacterium glutamicum (species)	Corynebacterium glutamicum (strain ATCC 13032 / DSM 20300 / JCM 1318 / BCRC 11384 / CCUG 27702 / LMG 3730 / NBRC 12168 / NCIMB 10025 / NRRL B-2784 / 534)
Q7MGG3	196600	cellular organisms (no rank), Bacteria (domain), Pseudomonadati (kingdom), Pseudomonadota (phylum), Gammaproteobacteria (class), Vibrionales (order), Vibrionaceae (family), Vibrio (genus), Vibrio vulnificus (species)	Vibrio vulnificus (strain YJ016)
Q8GJM5	1140	cellular organisms (no rank), Bacteria (domain), Bacillati (kingdom), Cyanobacteriota/Melainabacteria group (clade), Cyanobacteriota (phylum), Cyanophyceae (class), Synechococcales (order), Synechococcaceae (family), Synechococcus (genus), Synechococcus elongatus (species)	Synechococcus elongatus (strain ATCC 33912 / PCC 7942 / FACHB-805) (Anacystis nidulans R2)
P9WN60	83331	cellular organisms (no rank), Bacteria (domain), Bacillati (kingdom), Actinomycetota (phylum), Actinomycetes (class), Mycobacteriales (order), Mycobacteriaceae (family), Mycobacterium (genus), Mycobacterium tuberculosis complex (no rank), Mycobacterium tuberculosis (species)	Mycobacterium tuberculosis (strain CDC 1551 / Oshkosh)
A3KEZ1	210	cellular organisms (no rank), Bacteria (domain), Pseudomonadati (kingdom), Campylobacterota (phylum), Epsilonproteobacteria (class), Campylobacterales (order), Helicobacteraceae (family), Helicobacter (genus)	Helicobacter pylori (Campylobacter pylori)
A6WUI8	402882	cellular organisms (no rank), Bacteria (domain), Pseudomonadati (kingdom), Pseudomonadota (phylum), Gammaproteobacteria (class), Alteromonadales (order), Shewanellaceae (family), Shewanella (genus), Shewanella baltica (species)	Shewanella baltica (strain OS185)
P96495	262724	cellular organisms (no rank), Bacteria (domain), Thermotogati (kingdom), Deinococcota (phylum), Deinococci (class), Thermales (order), Thermaceae (family), Thermus (genus), Thermus thermophilus (species)	Thermus thermophilus (strain ATCC BAA-163 / DSM 7039 / HB27)
Q9AQS0	84635	cellular organisms (no rank), Bacteria (domain), Bacillati (kingdom), Bacillota (phylum), Bacilli (class), Caryophanales (order), Bacillaceae (family), Bacillus (genus), unclassified Bacillus (in: firmicutes) (no rank)	Bacillus sp. (strain GL1)
Q56259	292415	cellular organisms (no rank), Bacteria (domain), Pseudomonadati (kingdom), Pseudomonadota (phylum), Betaproteobacteria (class), Nitrosomonadales (order), Thiobacillaceae (family), Thiobacillus (genus), Thiobacillus denitrificans (species)	Thiobacillus denitrificans (strain ATCC 25259 / T1)
Q0I912	64471	cellular organisms (no rank), Bacteria (domain), Bacillati (kingdom), Cyanobacteriota/Melainabacteria group (clade), Cyanobacteriota (phylum), Cyanophyceae (class), Synechococcales (order), Synechococcaceae (family), Synechococcus (genus), unclassified Synechococcus (no rank)	Synechococcus sp. (strain CC9311)
A0A0H3KNC4	395019	cellular organisms (no rank), Bacteria (domain), Pseudomonadati (kingdom), Pseudomonadota (phylum), Betaproteobacteria (class), Burkholderiales (order), Burkholderiaceae (family), Burkholderia (genus), Burkholderia cepacia complex (no rank), Burkholderia multivorans (species)	Burkholderia multivorans (strain ATCC 17616 / 249)
C0ZXL3	234621	cellular organisms (no rank), Bacteria (domain), Bacillati (kingdom), Actinomycetota (phylum), Actinomycetes (class), Mycobacteriales (order), Nocardiaceae (family), Rhodococcus (genus), Rhodococcus erythropolis group (no rank), Rhodococcus erythropolis (species)	Rhodococcus erythropolis (strain PR4 / NBRC 100887)
O52382	54061	cellular organisms (no rank), Bacteria (domain), Pseudomonadati (kingdom), Pseudomonadota (phylum), Betaproteobacteria (class), Burkholderiales (order), Burkholderiaceae (family), Ralstonia (genus), unclassified Ralstonia (no rank)	Ralstonia sp
Q2IWB8	316058	cellular organisms (no rank), Bacteria (domain), Pseudomonadati (kingdom), Pseudomonadota (phylum), Alphaproteobacteria (class), Hyphomicrobiales (order), Nitrobacteraceae (family), Rhodopseudomonas (genus), Rhodopseudomonas palustris (species)	Rhodopseudomonas palustris (strain HaA2)
A7FDF2	349747	cellular organisms (no rank), Bacteria (domain), Pseudomonadati (kingdom), Pseudomonadota (phylum), Gammaproteobacteria (class), Enterobacterales (order), Yersiniaceae (family), Yersinia (genus), Yersinia pseudotuberculosis complex (no rank), Yersinia pseudotuberculosis (species)	Yersinia pseudotuberculosis serotype O:1b (strain IP 31758)
A5IMT3	390874	cellular organisms (no rank), Bacteria (domain), Thermotogati (kingdom), Thermotogota (phylum), Thermotogae (class), Thermotogales (order), Thermotogaceae (family), Thermotoga (genus), Thermotoga petrophila (species)	Thermotoga petrophila (strain ATCC BAA-488 / DSM 13995 / JCM 10881 / RKU-1)
Q05581	1901	cellular organisms (no rank), Bacteria (domain), Bacillati (kingdom), Actinomycetota (phylum), Actinomycetes (class), Kitasatosporales (order), Streptomycetaceae (family), Streptomyces (genus)	Streptomyces clavuligerus
Q9RRH3	243230	cellular organisms (no rank), Bacteria (domain), Thermotogati (kingdom), Deinococcota (phylum), Deinococci (class), Deinococcales (order), Deinococcaceae (family), Deinococcus (genus), Deinococcus radiodurans (species)	Deinococcus radiodurans (strain ATCC 13939 / DSM 20539 / JCM 16871 / CCUG 27074 / LMG 4051 / NBRC 15346 / NCIMB 9279 / VKM B-1422 / R1)
C6E375	443144	cellular organisms (no rank), Bacteria (domain), Pseudomonadati (kingdom), Thermodesulfobacteriota (phylum), Desulfuromonadia (class), Geobacterales (order), Geobacteraceae (family), Geobacter (genus), unclassified Geobacter (no rank)	Geobacter sp. (strain M21)
A8M5E7	391037	cellular organisms (no rank), Bacteria (domain), Bacillati (kingdom), Actinomycetota (phylum), Actinomycetes (class), Micromonosporales (order), Micromonosporaceae (family), Salinispora (genus), Salinispora arenicola (species)	Salinispora arenicola (strain CNS-205)
O87579	486	cellular organisms (no rank), Bacteria (domain), Pseudomonadati (kingdom), Pseudomonadota (phylum), Betaproteobacteria (class), Neisseriales (order), Neisseriaceae (family), Neisseria (genus)	Neisseria lactamica
Q9KX40	28095	cellular organisms (no rank), Bacteria (domain), Pseudomonadati (kingdom), Pseudomonadota (phylum), Betaproteobacteria (class), Burkholderiales (order), Burkholderiaceae (family), Burkholderia (genus)	Burkholderia gladioli (Pseudomonas marginata) (Phytomonas marginata)
A8FSS7	425104	cellular organisms (no rank), Bacteria (domain), Pseudomonadati (kingdom), Pseudomonadota (phylum), Gammaproteobacteria (class), Alteromonadales (order), Shewanellaceae (family), Shewanella (genus), Shewanella sediminis (species)	Shewanella sediminis (strain HAW-EB3)
A5UAC2	374930	cellular organisms (no rank), Bacteria (domain), Pseudomonadati (kingdom), Pseudomonadota (phylum), Gammaproteobacteria (class), Pasteurellales (order), Pasteurellaceae (family), Haemophilus (genus), Haemophilus influenzae (species)	Haemophilus influenzae (strain PittEE)
P07984	1708	cellular organisms (no rank), Bacteria (domain), Bacillati (kingdom), Actinomycetota (phylum), Actinomycetes (class), Micrococcales (order), Cellulomonadaceae (family), Cellulomonas (genus)	Cellulomonas fimi
Q59827	621	cellular organisms (no rank), Bacteria (domain), Pseudomonadati (kingdom), Pseudomonadota (phylum), Gammaproteobacteria (class), Enterobacterales (order), Enterobacteriaceae (family), Shigella (genus)	Shigella boydii
A0A0H3LKL4	257310	cellular organisms (no rank), Bacteria (domain), Pseudomonadati (kingdom), Pseudomonadota (phylum), Betaproteobacteria (class), Burkholderiales (order), Alcaligenaceae (family), Bordetella (genus), Bordetella bronchiseptica (species)	Bordetella bronchiseptica (strain ATCC BAA-588 / NCTC 13252 / RB50) (Alcaligenes bronchisepticus)
Q8U2I1	186497	cellular organisms (no rank), Archaea (domain), Methanobacteriati (kingdom), Methanobacteriota (phylum), Thermococci (class), Thermococcales (order), Thermococcaceae (family), Pyrococcus (genus), Pyrococcus furiosus (species)	Pyrococcus furiosus (strain ATCC 43587 / DSM 3638 / JCM 8422 / Vc1)
Q59938	210007	cellular organisms (no rank), Bacteria (domain), Bacillati (kingdom), Bacillota (phylum), Bacilli (class), Lactobacillales (order), Streptococcaceae (family), Streptococcus (genus), Streptococcus mutans (species)	Streptococcus mutans serotype c (strain ATCC 700610 / UA159)
P9WFK6	83331	cellular organisms (no rank), Bacteria (domain), Bacillati (kingdom), Actinomycetota (phylum), Actinomycetes (class), Mycobacteriales (order), Mycobacteriaceae (family), Mycobacterium (genus), Mycobacterium tuberculosis complex (no rank), Mycobacterium tuberculosis (species)	Mycobacterium tuberculosis (strain CDC 1551 / Oshkosh)
Q1PX48	174633	cellular organisms (no rank), Bacteria (domain), Pseudomonadati (kingdom), PVC group (clade), Planctomycetota (phylum), Candidatus Brocadiia (class), Candidatus Brocadiales (order), Candidatus Brocadiaceae (family), Candidatus Kuenenia (genus)	Kuenenia stuttgartiensis
Q8DPI7	171101	cellular organisms (no rank), Bacteria (domain), Bacillati (kingdom), Bacillota (phylum), Bacilli (class), Lactobacillales (order), Streptococcaceae (family), Streptococcus (genus), Streptococcus pneumoniae (species)	Streptococcus pneumoniae (strain ATCC BAA-255 / R6)
P47346	243273	cellular organisms (no rank), Bacteria (domain), Bacillati (kingdom), Mycoplasmatota (phylum), Mycoplasmoidales (order), Mycoplasmoidaceae (family), Mycoplasmoides (genus), Mycoplasmoides genitalium (species)	Mycoplasmoides genitalium (strain ATCC 33530 / DSM 19775 / NCTC 10195 / G37) (Mycoplasma genitalium)
Q1J055	319795	cellular organisms (no rank), Bacteria (domain), Thermotogati (kingdom), Deinococcota (phylum), Deinococci (class), Deinococcales (order), Deinococcaceae (family), Deinococcus (genus), Deinococcus geothermalis (species)	Deinococcus geothermalis (strain DSM 11300 / CIP 105573 / AG-3a)
P23234	550	cellular organisms (no rank), Bacteria (domain), Pseudomonadati (kingdom), Pseudomonadota (phylum), Gammaproteobacteria (class), Enterobacterales (order), Enterobacteriaceae (family), Enterobacter (genus), Enterobacter cloacae complex (no rank)	Enterobacter cloacae
A0A1L7NQ96	1665	cellular organisms (no rank), Bacteria (domain), Bacillati (kingdom), Actinomycetota (phylum), Actinomycetes (class), Micrococcales (order), Micrococcaceae (family), Arthrobacter (genus)	Arthrobacter globiformis
P0DY92	2033435	cellular organisms (no rank), Bacteria (domain), Pseudomonadati (kingdom), Pseudomonadota (phylum), Alphaproteobacteria (class), Rhodobacterales (order), Paracoccaceae (family), unclassified Paracoccaceae (no rank)	Rhodobacteraceae bacterium (strain QY30)
P26509	1905730	cellular organisms (no rank), Bacteria (domain), Pseudomonadati (kingdom), Pseudomonadota (phylum), Gammaproteobacteria (class), Enterobacterales (order), Pectobacteriaceae (family), Pectobacterium (genus)	Pectobacterium parmentieri
Q8DDX8	216895	cellular organisms (no rank), Bacteria (domain), Pseudomonadati (kingdom), Pseudomonadota (phylum), Gammaproteobacteria (class), Vibrionales (order), Vibrionaceae (family), Vibrio (genus), Vibrio vulnificus (species)	Vibrio vulnificus (strain CMCP6)
O28126	224325	cellular organisms (no rank), Archaea (domain), Methanobacteriati (kingdom), Methanobacteriota (phylum), Archaeoglobi (class), Archaeoglobales (order), Archaeoglobaceae (family), Archaeoglobus (genus), Archaeoglobus fulgidus (species)	Archaeoglobus fulgidus (strain ATCC 49558 / DSM 4304 / JCM 9628 / NBRC 100126 / VC-16)
A0A0H2ZQL5	373153	cellular organisms (no rank), Bacteria (domain), Bacillati (kingdom), Bacillota (phylum), Bacilli (class), Lactobacillales (order), Streptococcaceae (family), Streptococcus (genus), Streptococcus pneumoniae (species)	Streptococcus pneumoniae serotype 2 (strain D39 / NCTC 7466)
Q8DWG1	210007	cellular organisms (no rank), Bacteria (domain), Bacillati (kingdom), Bacillota (phylum), Bacilli (class), Lactobacillales (order), Streptococcaceae (family), Streptococcus (genus), Streptococcus mutans (species)	Streptococcus mutans serotype c (strain ATCC 700610 / UA159)
O25080	85962	cellular organisms (no rank), Bacteria (domain), Pseudomonadati (kingdom), Campylobacterota (phylum), Epsilonproteobacteria (class), Campylobacterales (order), Helicobacteraceae (family), Helicobacter (genus), Helicobacter pylori (species)	Helicobacter pylori (strain ATCC 700392 / 26695) (Campylobacter pylori)
O67869	224324	cellular organisms (no rank), Bacteria (domain), Pseudomonadati (kingdom), Aquificota (phylum), Aquificia (class), Aquificales (order), Aquificaceae (family), Aquifex (genus), Aquifex aeolicus (species)	Aquifex aeolicus (strain VF5)
B4F0E9	529507	cellular organisms (no rank), Bacteria (domain), Pseudomonadati (kingdom), Pseudomonadota (phylum), Gammaproteobacteria (class), Enterobacterales (order), Morganellaceae (family), Proteus (genus), Proteus mirabilis (species)	Proteus mirabilis (strain HI4320)
Q03F74	278197	cellular organisms (no rank), Bacteria (domain), Bacillati (kingdom), Bacillota (phylum), Bacilli (class), Lactobacillales (order), Lactobacillaceae (family), Pediococcus (genus), Pediococcus pentosaceus (species)	Pediococcus pentosaceus (strain ATCC 25745 / CCUG 21536 / LMG 10740 / 183-1w)
Q7MH09	196600	cellular organisms (no rank), Bacteria (domain), Pseudomonadati (kingdom), Pseudomonadota (phylum), Gammaproteobacteria (class), Vibrionales (order), Vibrionaceae (family), Vibrio (genus), Vibrio vulnificus (species)	Vibrio vulnificus (strain YJ016)
Q1JFC0	370552	cellular organisms (no rank), Bacteria (domain), Bacillati (kingdom), Bacillota (phylum), Bacilli (class), Lactobacillales (order), Streptococcaceae (family), Streptococcus (genus), Streptococcus pyogenes (species), Streptococcus pyogenes serotype M2 (serotype)	Streptococcus pyogenes serotype M2 (strain MGAS10270)
Q8P286	186103	cellular organisms (no rank), Bacteria (domain), Bacillati (kingdom), Bacillota (phylum), Bacilli (class), Lactobacillales (order), Streptococcaceae (family), Streptococcus (genus), Streptococcus pyogenes (species), Streptococcus pyogenes serotype M18 (serotype)	Streptococcus pyogenes serotype M18 (strain MGAS8232)
P0C0Y7	1063	cellular organisms (no rank), Bacteria (domain), Pseudomonadati (kingdom), Pseudomonadota (phylum), Alphaproteobacteria (class), Rhodobacterales (order), Paracoccaceae (family), Cereibacter (genus)	Cereibacter sphaeroides (Rhodobacter sphaeroides)
P37062	226185	cellular organisms (no rank), Bacteria (domain), Bacillati (kingdom), Bacillota (phylum), Bacilli (class), Lactobacillales (order), Enterococcaceae (family), Enterococcus (genus), Enterococcus faecalis (species)	Enterococcus faecalis (strain ATCC 700802 / V583)
A5JYS0	6239	cellular organisms (no rank), Eukaryota (domain), Opisthokonta (clade), Metazoa (kingdom), Eumetazoa (clade), Bilateria (clade), Protostomia (clade), Ecdysozoa (clade), Nematoda (phylum), Chromadorea (class), Rhabditida (order), Rhabditina (suborder), Rhabditomorpha (infraorder), Rhabditoidea (superfamily), Rhabditidae (family), Peloderinae (subfamily), Caenorhabditis (genus)	Caenorhabditis elegans
Q4R1R8	489459	Viruses (no rank), Riboviria (realm), Pararnavirae (kingdom), Artverviricota (phylum), Revtraviricetes (class), Blubervirales (order), Hepadnaviridae (family), Orthohepadnavirus (genus), Orthohepadnavirus hominoidei (species), Hepatitis B virus (no rank), hepatitis B virus genotype A (no rank), HBV genotype A3 (no rank)	Hepatitis B virus genotype A3 (isolate Cameroon/CMR711/1994) (HBV-A)
Q6LLH1	298386	cellular organisms (no rank), Bacteria (domain), Pseudomonadati (kingdom), Pseudomonadota (phylum), Gammaproteobacteria (class), Vibrionales (order), Vibrionaceae (family), Photobacterium (genus), Photobacterium profundum (species)	Photobacterium profundum (strain SS9)
Q5WXA8	297245	cellular organisms (no rank), Bacteria (domain), Pseudomonadati (kingdom), Pseudomonadota (phylum), Gammaproteobacteria (class), Legionellales (order), Legionellaceae (family), Legionella (genus), Legionella pneumophila (species)	Legionella pneumophila (strain Lens)
B7JA34	243159	cellular organisms (no rank), Bacteria (domain), Pseudomonadati (kingdom), Pseudomonadota (phylum), Acidithiobacillia (class), Acidithiobacillales (order), Acidithiobacillaceae (family), Acidithiobacillus (genus), Acidithiobacillus ferrooxidans (species)	Acidithiobacillus ferrooxidans (strain ATCC 23270 / DSM 14882 / CIP 104768 / NCIMB 8455) (Ferrobacillus ferrooxidans (strain ATCC 23270))
Q57079	29466	cellular organisms (no rank), Bacteria (domain), Bacillati (kingdom), Bacillota (phylum), Negativicutes (class), Veillonellales (order), Veillonellaceae (family), Veillonella (genus)	Veillonella parvula (Staphylococcus parvulus)
A7MMY0	290339	cellular organisms (no rank), Bacteria (domain), Pseudomonadati (kingdom), Pseudomonadota (phylum), Gammaproteobacteria (class), Enterobacterales (order), Enterobacteriaceae (family), Cronobacter (genus), Cronobacter sakazakii (species)	Cronobacter sakazakii (strain ATCC BAA-894) (Enterobacter sakazakii)
B6J7Q9	434924	cellular organisms (no rank), Bacteria (domain), Pseudomonadati (kingdom), Pseudomonadota (phylum), Gammaproteobacteria (class), Legionellales (order), Coxiellaceae (family), Coxiella (genus), Coxiella burnetii (species)	Coxiella burnetii (strain CbuK_Q154) (Coxiella burnetii (strain Q154))
A0A0G2Q9D6	410289	cellular organisms (no rank), Bacteria (domain), Bacillati (kingdom), Actinomycetota (phylum), Actinomycetes (class), Mycobacteriales (order), Mycobacteriaceae (family), Mycobacterium (genus), Mycobacterium tuberculosis complex (no rank), Mycobacterium tuberculosis (species), Mycobacterium bovis (biotype), Mycobacterium tuberculosis variant bovis BCG (no rank)	Mycobacterium bovis (strain BCG / Pasteur 1173P2)
C1DIX6	322710	cellular organisms (no rank), Bacteria (domain), Pseudomonadati (kingdom), Pseudomonadota (phylum), Gammaproteobacteria (class), Pseudomonadales (order), Pseudomonadaceae (family), Azotobacter group (subfamily), Azotobacter (genus), Azotobacter vinelandii (species)	Azotobacter vinelandii (strain DJ / ATCC BAA-1303)
B1LAW7	126740	cellular organisms (no rank), Bacteria (domain), Thermotogati (kingdom), Thermotogota (phylum), Thermotogae (class), Thermotogales (order), Thermotogaceae (family), Thermotoga (genus), unclassified Thermotoga (no rank)	Thermotoga sp. (strain RQ2)
O87682	29320	cellular organisms (no rank), Bacteria (domain), Bacillati (kingdom), Actinomycetota (phylum), Actinomycetes (class), Micrococcales (order), Micrococcaceae (family), Paenarthrobacter (genus)	Paenarthrobacter nicotinovorans (Arthrobacter nicotinovorans)
P13203	273075	cellular organisms (no rank), Archaea (domain), Methanobacteriati (kingdom), Thermoplasmatota (phylum), Thermoplasmata (class), Thermoplasmatales (order), Thermoplasmataceae (family), Thermoplasma (genus), Thermoplasma acidophilum (species)	Thermoplasma acidophilum (strain ATCC 25905 / DSM 1728 / JCM 9062 / NBRC 15155 / AMRC-C165)
A9BIC0	403833	cellular organisms (no rank), Bacteria (domain), Thermotogati (kingdom), Thermotogota (phylum), Thermotogae (class), Petrotogales (order), Petrotogaceae (family), Petrotoga (genus), Petrotoga mobilis (species)	Petrotoga mobilis (strain DSM 10674 / SJ95)
L8EUQ6	1265868	cellular organisms (no rank), Bacteria (domain), Bacillati (kingdom), Actinomycetota (phylum), Actinomycetes (class), Kitasatosporales (order), Streptomycetaceae (family), Streptomyces (genus), Streptomyces rimosus (species), Streptomyces rimosus subsp. rimosus (subspecies)	Streptomyces rimosus subsp. rimosus (strain ATCC 10970 / DSM 40260 / JCM 4667 / NRRL 2234)
A5U2B7	419947	cellular organisms (no rank), Bacteria (domain), Bacillati (kingdom), Actinomycetota (phylum), Actinomycetes (class), Mycobacteriales (order), Mycobacteriaceae (family), Mycobacterium (genus), Mycobacterium tuberculosis complex (no rank), Mycobacterium tuberculosis (species)	Mycobacterium tuberculosis (strain ATCC 25177 / H37Ra)
Q1LJ80	266264	cellular organisms (no rank), Bacteria (domain), Pseudomonadati (kingdom), Pseudomonadota (phylum), Betaproteobacteria (class), Burkholderiales (order), Burkholderiaceae (family), Cupriavidus (genus), Cupriavidus metallidurans (species)	Cupriavidus metallidurans (strain ATCC 43123 / DSM 2839 / NBRC 102507 / CH34) (Ralstonia metallidurans)
Q732I2	222523	cellular organisms (no rank), Bacteria (domain), Bacillati (kingdom), Bacillota (phylum), Bacilli (class), Caryophanales (order), Bacillaceae (family), Bacillus (genus), Bacillus cereus group (no rank), Bacillus cereus (species)	Bacillus cereus (strain ATCC 10987 / NRS 248)
Q9KID9	1912	cellular organisms (no rank), Bacteria (domain), Bacillati (kingdom), Actinomycetota (phylum), Actinomycetes (class), Kitasatosporales (order), Streptomycetaceae (family), Streptomyces (genus), Streptomyces violaceusniger group (no rank)	Streptomyces hygroscopicus
P95370	122586	cellular organisms (no rank), Bacteria (domain), Pseudomonadati (kingdom), Pseudomonadota (phylum), Betaproteobacteria (class), Neisseriales (order), Neisseriaceae (family), Neisseria (genus), Neisseria meningitidis (species), Neisseria meningitidis serogroup B (serogroup)	Neisseria meningitidis serogroup B (strain ATCC BAA-335 / MC58)
Q72IW9	262724	cellular organisms (no rank), Bacteria (domain), Thermotogati (kingdom), Deinococcota (phylum), Deinococci (class), Thermales (order), Thermaceae (family), Thermus (genus), Thermus thermophilus (species)	Thermus thermophilus (strain ATCC BAA-163 / DSM 7039 / HB27)
B7MMH6	585035	cellular organisms (no rank), Bacteria (domain), Pseudomonadati (kingdom), Pseudomonadota (phylum), Gammaproteobacteria (class), Enterobacterales (order), Enterobacteriaceae (family), Escherichia (genus), Escherichia coli (species)	Escherichia coli O45:K1 (strain S88 / ExPEC)
P9WQ54	83331	cellular organisms (no rank), Bacteria (domain), Bacillati (kingdom), Actinomycetota (phylum), Actinomycetes (class), Mycobacteriales (order), Mycobacteriaceae (family), Mycobacterium (genus), Mycobacterium tuberculosis complex (no rank), Mycobacterium tuberculosis (species)	Mycobacterium tuberculosis (strain CDC 1551 / Oshkosh)
Q11T61	269798	cellular organisms (no rank), Bacteria (domain), Pseudomonadati (kingdom), FCB group (clade), Bacteroidota/Chlorobiota group (clade), Bacteroidota (phylum), Cytophagia (class), Cytophagales (order), Cytophagaceae (family), Cytophaga (genus), Cytophaga hutchinsonii (species)	Cytophaga hutchinsonii (strain ATCC 33406 / DSM 1761 / CIP 103989 / NBRC 15051 / NCIMB 9469 / D465)
P24596	10638	Viruses (no rank), Floreoviria (realm), Shotokuvirae (kingdom), Cossaviricota (phylum), Papovaviricetes (class), Sepolyvirales (order), Polyomaviridae (family), Betapolyomavirus (genus), Betapolyomavirus secumuris (species)	Murine polyomavirus (strain Kilham) (MPyV) (Murine pneumotropic virus)
Q8KGC9	194439	cellular organisms (no rank), Bacteria (domain), Pseudomonadati (kingdom), FCB group (clade), Bacteroidota/Chlorobiota group (clade), Chlorobiota (phylum), Chlorobiia (class), Chlorobiales (order), Chlorobiaceae (family), Chlorobaculum (genus), Chlorobaculum tepidum (species)	Chlorobaculum tepidum (strain ATCC 49652 / DSM 12025 / NBRC 103806 / TLS) (Chlorobium tepidum)
P29698	623	cellular organisms (no rank), Bacteria (domain), Pseudomonadati (kingdom), Pseudomonadota (phylum), Gammaproteobacteria (class), Enterobacterales (order), Enterobacteriaceae (family), Shigella (genus)	Shigella flexneri
O31066	190650	cellular organisms (no rank), Bacteria (domain), Pseudomonadati (kingdom), Pseudomonadota (phylum), Alphaproteobacteria (class), Caulobacterales (order), Caulobacteraceae (family), Caulobacter (genus), Caulobacter vibrioides (species)	Caulobacter vibrioides (strain ATCC 19089 / CIP 103742 / CB 15) (Caulobacter crescentus)
A3QAN3	323850	cellular organisms (no rank), Bacteria (domain), Pseudomonadati (kingdom), Pseudomonadota (phylum), Gammaproteobacteria (class), Alteromonadales (order), Shewanellaceae (family), Shewanella (genus), Shewanella loihica (species)	Shewanella loihica (strain ATCC BAA-1088 / PV-4)
A7FLY4	349747	cellular organisms (no rank), Bacteria (domain), Pseudomonadati (kingdom), Pseudomonadota (phylum), Gammaproteobacteria (class), Enterobacterales (order), Yersiniaceae (family), Yersinia (genus), Yersinia pseudotuberculosis complex (no rank), Yersinia pseudotuberculosis (species)	Yersinia pseudotuberculosis serotype O:1b (strain IP 31758)
P26971	499177	cellular organisms (no rank), Bacteria (domain), Bacillati (kingdom), Bacillota (phylum), Clostridia (class), Peptostreptococcales (order), Filifactoraceae (family), Acetoanaerobium (genus), Acetoanaerobium sticklandii (species)	Acetoanaerobium sticklandii (strain ATCC 12662 / DSM 519 / JCM 1433 / CCUG 9281 / NCIMB 10654 / HF) (Clostridium sticklandii)
Q53560	1402	cellular organisms (no rank), Bacteria (domain), Bacillati (kingdom), Bacillota (phylum), Bacilli (class), Caryophanales (order), Bacillaceae (family), Bacillus (genus), Bacillus subtilis group (no rank)	Bacillus licheniformis
Q665U9	273123	cellular organisms (no rank), Bacteria (domain), Pseudomonadati (kingdom), Pseudomonadota (phylum), Gammaproteobacteria (class), Enterobacterales (order), Yersiniaceae (family), Yersinia (genus), Yersinia pseudotuberculosis complex (no rank), Yersinia pseudotuberculosis (species)	Yersinia pseudotuberculosis serotype I (strain IP32953)
E7F594	7955	cellular organisms (no rank), Eukaryota (domain), Opisthokonta (clade), Metazoa (kingdom), Eumetazoa (clade), Bilateria (clade), Deuterostomia (clade), Chordata (phylum), Craniata (subphylum), Vertebrata (clade), Gnathostomata (clade), Teleostomi (clade), Euteleostomi (clade), Actinopterygii (superclass), Actinopteri (class), Neopterygii (subclass), Teleostei (infraclass), Osteoglossocephalai (clade), Clupeocephala (clade), Otomorpha (cohort), Ostariophysi (subcohort), Otophysi (clade), Cypriniphysae (superorder), Cypriniformes (order), Cyprinoidei (suborder), Danionidae (family), Danioninae (subfamily), Danio (genus)	Danio rerio (Zebrafish) (Brachydanio rerio)
A7MIU0	290339	cellular organisms (no rank), Bacteria (domain), Pseudomonadati (kingdom), Pseudomonadota (phylum), Gammaproteobacteria (class), Enterobacterales (order), Enterobacteriaceae (family), Cronobacter (genus), Cronobacter sakazakii (species)	Cronobacter sakazakii (strain ATCC BAA-894) (Enterobacter sakazakii)
O34206	287	cellular organisms (no rank), Bacteria (domain), Pseudomonadati (kingdom), Pseudomonadota (phylum), Gammaproteobacteria (class), Pseudomonadales (order), Pseudomonadaceae (family), Pseudomonas (genus), Pseudomonas aeruginosa group (no rank)	Pseudomonas aeruginosa
Q3Z0M5	300269	cellular organisms (no rank), Bacteria (domain), Pseudomonadati (kingdom), Pseudomonadota (phylum), Gammaproteobacteria (class), Enterobacterales (order), Enterobacteriaceae (family), Shigella (genus), Shigella sonnei (species)	Shigella sonnei (strain Ss046)
A0A0M0ELU2	33995	cellular organisms (no rank), Bacteria (domain), Pseudomonadati (kingdom), Pseudomonadota (phylum), Alphaproteobacteria (class), Acetobacterales (order), Acetobacteraceae (family), Komagataeibacter (genus)	Komagataeibacter europaeus (Gluconacetobacter europaeus)
C5BET4	634503	cellular organisms (no rank), Bacteria (domain), Pseudomonadati (kingdom), Pseudomonadota (phylum), Gammaproteobacteria (class), Enterobacterales (order), Hafniaceae (family), Edwardsiella (genus), Edwardsiella ictaluri (species)	Edwardsiella ictaluri (strain 93-146)
Q8FZW2	204722	cellular organisms (no rank), Bacteria (domain), Pseudomonadati (kingdom), Pseudomonadota (phylum), Alphaproteobacteria (class), Hyphomicrobiales (order), Brucellaceae (family), Brucella/Ochrobactrum group (no rank), Brucella (genus), Brucella melitensis group (no rank), Brucella suis (species)	Brucella suis biovar 1 (strain 1330)
B4S5Y8	290512	cellular organisms (no rank), Bacteria (domain), Pseudomonadati (kingdom), FCB group (clade), Bacteroidota/Chlorobiota group (clade), Chlorobiota (phylum), Chlorobiia (class), Chlorobiales (order), Chlorobiaceae (family), Prosthecochloris (genus), Prosthecochloris aestuarii (species)	Prosthecochloris aestuarii (strain DSM 271 / SK 413)
Q8DK23	197221	cellular organisms (no rank), Bacteria (domain), Bacillati (kingdom), Cyanobacteriota/Melainabacteria group (clade), Cyanobacteriota (phylum), Cyanophyceae (class), Acaryochloridales (order), Thermosynechococcaceae (family), Thermosynechococcus (genus), Thermosynechococcus vestitus (species)	Thermosynechococcus vestitus (strain NIES-2133 / IAM M-273 / BP-1)
E7FE13	7955	cellular organisms (no rank), Eukaryota (domain), Opisthokonta (clade), Metazoa (kingdom), Eumetazoa (clade), Bilateria (clade), Deuterostomia (clade), Chordata (phylum), Craniata (subphylum), Vertebrata (clade), Gnathostomata (clade), Teleostomi (clade), Euteleostomi (clade), Actinopterygii (superclass), Actinopteri (class), Neopterygii (subclass), Teleostei (infraclass), Osteoglossocephalai (clade), Clupeocephala (clade), Otomorpha (cohort), Ostariophysi (subcohort), Otophysi (clade), Cypriniphysae (superorder), Cypriniformes (order), Cyprinoidei (suborder), Danionidae (family), Danioninae (subfamily), Danio (genus)	Danio rerio (Zebrafish) (Brachydanio rerio)
Q3ASD4	340177	cellular organisms (no rank), Bacteria (domain), Pseudomonadati (kingdom), FCB group (clade), Bacteroidota/Chlorobiota group (clade), Chlorobiota (phylum), Chlorobiia (class), Chlorobiales (order), Chlorobiaceae (family), Chlorobium/Pelodictyon group (no rank), Chlorobium (genus), Chlorobium chlorochromatii (species)	Chlorobium chlorochromatii (strain CaD3)
E0SRA9	583356	cellular organisms (no rank), Archaea (domain), Thermoproteati (kingdom), Thermoproteota (phylum), Thermoprotei (class), Desulfurococcales (order), Desulfurococcaceae (family), Ignisphaera (genus), Ignisphaera aggregans (species)	Ignisphaera aggregans (strain DSM 17230 / JCM 13409 / AQ1.S1)
Q72IB8	262724	cellular organisms (no rank), Bacteria (domain), Thermotogati (kingdom), Deinococcota (phylum), Deinococci (class), Thermales (order), Thermaceae (family), Thermus (genus), Thermus thermophilus (species)	Thermus thermophilus (strain ATCC BAA-163 / DSM 7039 / HB27)
Q6NET5	257309	cellular organisms (no rank), Bacteria (domain), Bacillati (kingdom), Actinomycetota (phylum), Actinomycetes (class), Mycobacteriales (order), Corynebacteriaceae (family), Corynebacterium (genus), Corynebacterium diphtheriae (species)	Corynebacterium diphtheriae (strain ATCC 700971 / NCTC 13129 / Biotype gravis)
D3WYW0	1596	cellular organisms (no rank), Bacteria (domain), Bacillati (kingdom), Bacillota (phylum), Bacilli (class), Lactobacillales (order), Lactobacillaceae (family), Lactobacillus (genus)	Lactobacillus gasseri
O06652	59918	cellular organisms (no rank), Bacteria (domain), Pseudomonadati (kingdom), Pseudomonadota (phylum), Pseudomonadota incertae sedis (no rank), unclassified pseudomonads (no rank)	Pseudomonas sp. (strain 113)
B7MVI5	585397	cellular organisms (no rank), Bacteria (domain), Pseudomonadati (kingdom), Pseudomonadota (phylum), Gammaproteobacteria (class), Enterobacterales (order), Enterobacteriaceae (family), Escherichia (genus), Escherichia coli (species)	Escherichia coli O81 (strain ED1a)
P17585	224308	cellular organisms (no rank), Bacteria (domain), Bacillati (kingdom), Bacillota (phylum), Bacilli (class), Caryophanales (order), Bacillaceae (family), Bacillus (genus), Bacillus subtilis group (no rank), Bacillus subtilis (species), Bacillus subtilis subsp. subtilis (subspecies)	Bacillus subtilis (strain 168)
P39484	1404	cellular organisms (no rank), Bacteria (domain), Bacillati (kingdom), Bacillota (phylum), Bacilli (class), Caryophanales (order), Bacillaceae (family), Priestia (genus)	Priestia megaterium (Bacillus megaterium)
Q3B2I6	319225	cellular organisms (no rank), Bacteria (domain), Pseudomonadati (kingdom), FCB group (clade), Bacteroidota/Chlorobiota group (clade), Chlorobiota (phylum), Chlorobiia (class), Chlorobiales (order), Chlorobiaceae (family), Chlorobium/Pelodictyon group (no rank), Pelodictyon (genus), Pelodictyon luteolum (species)	Chlorobium luteolum (strain DSM 273 / BCRC 81028 / 2530) (Pelodictyon luteolum)
D3HKY4	661367	cellular organisms (no rank), Bacteria (domain), Pseudomonadati (kingdom), Pseudomonadota (phylum), Gammaproteobacteria (class), Legionellales (order), Legionellaceae (family), Legionella (genus), Legionella longbeachae (species)	Legionella longbeachae serogroup 1 (strain NSW150)
Q5L5S1	218497	cellular organisms (no rank), Bacteria (domain), Pseudomonadati (kingdom), PVC group (clade), Chlamydiota (phylum), Chlamydiia (class), Chlamydiales (order), Chlamydiaceae (family), Chlamydia/Chlamydophila group (no rank), Chlamydia (genus), Chlamydia abortus (species)	Chlamydia abortus (strain DSM 27085 / S26/3) (Chlamydophila abortus)
Q0BWY9	228405	cellular organisms (no rank), Bacteria (domain), Pseudomonadati (kingdom), Pseudomonadota (phylum), Alphaproteobacteria (class), Hyphomonadales (order), Hyphomonadaceae (family), Hyphomonas (genus), Hyphomonas neptunium (species)	Hyphomonas neptunium (strain ATCC 15444)
A5D1B6	370438	cellular organisms (no rank), Bacteria (domain), Bacillati (kingdom), Bacillota (phylum), Clostridia (class), Eubacteriales (order), Desulfotomaculaceae (family), Pelotomaculum (genus), Pelotomaculum thermopropionicum (species)	Pelotomaculum thermopropionicum (strain DSM 13744 / JCM 10971 / SI)
Q2KXN6	360910	cellular organisms (no rank), Bacteria (domain), Pseudomonadati (kingdom), Pseudomonadota (phylum), Betaproteobacteria (class), Burkholderiales (order), Alcaligenaceae (family), Bordetella (genus), Bordetella avium (species)	Bordetella avium (strain 197N)
A0A166ACJ5	66851	cellular organisms (no rank), Archaea (domain), Methanobacteriati (kingdom), Methanobacteriota (phylum), Methanomada group (clade), Methanobacteria (class), Methanobacteriales (order), Methanobacteriaceae (family), Methanobrevibacter (genus)	Methanobrevibacter oralis
Q2JVA4	321327	cellular organisms (no rank), Bacteria (domain), Bacillati (kingdom), Cyanobacteriota/Melainabacteria group (clade), Cyanobacteriota (phylum), Cyanophyceae (class), Synechococcales (order), Synechococcaceae (family), Synechococcus (genus), unclassified Synechococcus (no rank)	Synechococcus sp. (strain JA-3-3Ab) (Cyanobacteria bacterium Yellowstone A-Prime)
B1J6H6	390235	cellular organisms (no rank), Bacteria (domain), Pseudomonadati (kingdom), Pseudomonadota (phylum), Gammaproteobacteria (class), Pseudomonadales (order), Pseudomonadaceae (family), Pseudomonas (genus), Pseudomonas putida group (no rank), Pseudomonas putida (species)	Pseudomonas putida (strain W619)
A0L1Z0	94122	cellular organisms (no rank), Bacteria (domain), Pseudomonadati (kingdom), Pseudomonadota (phylum), Gammaproteobacteria (class), Alteromonadales (order), Shewanellaceae (family), Shewanella (genus), unclassified Shewanella (no rank)	Shewanella sp. (strain ANA-3)
D3KVM6	36773	cellular organisms (no rank), Bacteria (domain), Pseudomonadati (kingdom), Pseudomonadota (phylum), Betaproteobacteria (class), Burkholderiales (order), Burkholderiaceae (family), Burkholderia (genus), unclassified Burkholderia (no rank)	Burkholderia sp
B5QYF1	550537	cellular organisms (no rank), Bacteria (domain), Pseudomonadati (kingdom), Pseudomonadota (phylum), Gammaproteobacteria (class), Enterobacterales (order), Enterobacteriaceae (family), Salmonella (genus), Salmonella enterica (species), Salmonella enterica I (subspecies), Salmonella enteritidis (no rank)	Salmonella enteritidis PT4 (strain P125109)
Q8E8P8	211586	cellular organisms (no rank), Bacteria (domain), Pseudomonadati (kingdom), Pseudomonadota (phylum), Gammaproteobacteria (class), Alteromonadales (order), Shewanellaceae (family), Shewanella (genus), Shewanella oneidensis (species)	Shewanella oneidensis (strain ATCC 700550 / JCM 31522 / CIP 106686 / LMG 19005 / NCIMB 14063 / MR-1)
A6TF07	272620	cellular organisms (no rank), Bacteria (domain), Pseudomonadati (kingdom), Pseudomonadota (phylum), Gammaproteobacteria (class), Enterobacterales (order), Enterobacteriaceae (family), Klebsiella (genus), Klebsiella pneumoniae complex (no rank), Klebsiella pneumoniae (species), Klebsiella pneumoniae subsp. pneumoniae (subspecies)	Klebsiella pneumoniae subsp. pneumoniae (strain ATCC 700721 / MGH 78578)
P0CE16	813	cellular organisms (no rank), Bacteria (domain), Pseudomonadati (kingdom), PVC group (clade), Chlamydiota (phylum), Chlamydiia (class), Chlamydiales (order), Chlamydiaceae (family), Chlamydia/Chlamydophila group (no rank), Chlamydia (genus)	Chlamydia trachomatis
O30511	210	cellular organisms (no rank), Bacteria (domain), Pseudomonadati (kingdom), Campylobacterota (phylum), Epsilonproteobacteria (class), Campylobacterales (order), Helicobacteraceae (family), Helicobacter (genus)	Helicobacter pylori (Campylobacter pylori)
Q2J713	106370	cellular organisms (no rank), Bacteria (domain), Bacillati (kingdom), Actinomycetota (phylum), Actinomycetes (class), Frankiales (order), Frankiaceae (family), Frankia (genus)	Frankia casuarinae (strain DSM 45818 / CECT 9043 / HFP020203 / CcI3)
Q9S2A5	100226	cellular organisms (no rank), Bacteria (domain), Bacillati (kingdom), Actinomycetota (phylum), Actinomycetes (class), Kitasatosporales (order), Streptomycetaceae (family), Streptomyces (genus), Streptomyces albidoflavus group (no rank), Streptomyces coelicolor (species)	Streptomyces coelicolor (strain ATCC BAA-471 / A3(2) / M145)
F8JX40	1003195	cellular organisms (no rank), Bacteria (domain), Bacillati (kingdom), Actinomycetota (phylum), Actinomycetes (class), Kitasatosporales (order), Streptomycetaceae (family), Streptantibioticus (genus), Streptantibioticus cattleyicolor (species)	Streptantibioticus cattleyicolor (strain ATCC 35852 / DSM 46488 / JCM 4925 / NBRC 14057 / NRRL 8057) (Streptomyces cattleya)
Q7TVI2	233413	cellular organisms (no rank), Bacteria (domain), Bacillati (kingdom), Actinomycetota (phylum), Actinomycetes (class), Mycobacteriales (order), Mycobacteriaceae (family), Mycobacterium (genus), Mycobacterium tuberculosis complex (no rank), Mycobacterium tuberculosis (species), Mycobacterium bovis (biotype)	Mycobacterium bovis (strain ATCC BAA-935 / AF2122/97)
Q0B0S9	335541	cellular organisms (no rank), Bacteria (domain), Bacillati (kingdom), Bacillota (phylum), Clostridia (class), Eubacteriales (order), Syntrophomonadaceae (family), Syntrophomonas (genus), Syntrophomonas wolfei (species), Syntrophomonas wolfei subsp. wolfei (subspecies)	Syntrophomonas wolfei subsp. wolfei (strain DSM 2245B / Goettingen)
A6QGC0	426430	cellular organisms (no rank), Bacteria (domain), Bacillati (kingdom), Bacillota (phylum), Bacilli (class), Caryophanales (order), Staphylococcaceae (family), Staphylococcus (genus), Staphylococcus aureus (species)	Staphylococcus aureus (strain Newman)
B1LLK5	439855	cellular organisms (no rank), Bacteria (domain), Pseudomonadati (kingdom), Pseudomonadota (phylum), Gammaproteobacteria (class), Enterobacterales (order), Enterobacteriaceae (family), Escherichia (genus), Escherichia coli (species)	Escherichia coli (strain SMS-3-5 / SECEC)
Q5X516	297246	cellular organisms (no rank), Bacteria (domain), Pseudomonadati (kingdom), Pseudomonadota (phylum), Gammaproteobacteria (class), Legionellales (order), Legionellaceae (family), Legionella (genus), Legionella pneumophila (species)	Legionella pneumophila (strain Paris)
Q5HG25	93062	cellular organisms (no rank), Bacteria (domain), Bacillati (kingdom), Bacillota (phylum), Bacilli (class), Caryophanales (order), Staphylococcaceae (family), Staphylococcus (genus), Staphylococcus aureus (species)	Staphylococcus aureus (strain COL)
Q9ZE11	272947	cellular organisms (no rank), Bacteria (domain), Pseudomonadati (kingdom), Pseudomonadota (phylum), Alphaproteobacteria (class), Rickettsiales (order), Rickettsiaceae (family), Rickettsieae (tribe), Rickettsia (genus), typhus group (no rank), Rickettsia prowazekii (species)	Rickettsia prowazekii (strain Madrid E)
P96786	85962	cellular organisms (no rank), Bacteria (domain), Pseudomonadati (kingdom), Campylobacterota (phylum), Epsilonproteobacteria (class), Campylobacterales (order), Helicobacteraceae (family), Helicobacter (genus), Helicobacter pylori (species)	Helicobacter pylori (strain ATCC 700392 / 26695) (Campylobacter pylori)
D4GJ14	706191	cellular organisms (no rank), Bacteria (domain), Pseudomonadati (kingdom), Pseudomonadota (phylum), Gammaproteobacteria (class), Enterobacterales (order), Erwiniaceae (family), Pantoea (genus), Pantoea ananas (species)	Pantoea ananatis (strain LMG 20103)
P29618	39947	cellular organisms (no rank), Eukaryota (domain), Viridiplantae (kingdom), Streptophyta (phylum), Streptophytina (subphylum), Embryophyta (clade), Tracheophyta (clade), Euphyllophyta (clade), Spermatophyta (clade), Magnoliopsida (class), Mesangiospermae (clade), Liliopsida (clade), Petrosaviidae (subclass), commelinids (clade), Poales (order), Poaceae (family), BOP clade (clade), Oryzoideae (subfamily), Oryzeae (tribe), Oryzinae (subtribe), Oryza (genus), Oryza sativa (species)	Oryza sativa subsp. japonica (Rice)
O66766	224324	cellular organisms (no rank), Bacteria (domain), Pseudomonadati (kingdom), Aquificota (phylum), Aquificia (class), Aquificales (order), Aquificaceae (family), Aquifex (genus), Aquifex aeolicus (species)	Aquifex aeolicus (strain VF5)
P0C6J5	10432	Viruses (no rank), Riboviria (realm), Pararnavirae (kingdom), Artverviricota (phylum), Revtraviricetes (class), Blubervirales (order), Hepadnaviridae (family), Orthohepadnavirus (genus), Orthohepadnavirus marmotae (species), Woodchuck hepatitis virus (no rank)	Woodchuck hepatitis B virus (isolate 7) (WHV)
Q2NVN8	343509	cellular organisms (no rank), Bacteria (domain), Pseudomonadati (kingdom), Pseudomonadota (phylum), Gammaproteobacteria (class), Enterobacterales (order), Bruguierivoracaceae (family), Sodalis (genus), Sodalis glossinidius (species)	Sodalis glossinidius (strain morsitans)
Q55389	1111708	cellular organisms (no rank), Bacteria (domain), Bacillati (kingdom), Cyanobacteriota/Melainabacteria group (clade), Cyanobacteriota (phylum), Cyanophyceae (class), Synechococcales (order), Merismopediaceae (family), Synechocystis (genus), unclassified Synechocystis (no rank), Synechocystis sp. PCC 6803 (species)	Synechocystis sp. (strain ATCC 27184 / PCC 6803 / Kazusa)
A4XIS1	351627	cellular organisms (no rank), Bacteria (domain), Bacillati (kingdom), Bacillota (phylum), Bacillota incertae sedis (no rank), Caldicellulosiruptorales (order), Caldicellulosiruptoraceae (family), Caldicellulosiruptor (genus), Caldicellulosiruptor saccharolyticus (species)	Caldicellulosiruptor saccharolyticus (strain ATCC 43494 / DSM 8903 / Tp8T 6331)
O86043	54061	cellular organisms (no rank), Bacteria (domain), Pseudomonadati (kingdom), Pseudomonadota (phylum), Betaproteobacteria (class), Burkholderiales (order), Burkholderiaceae (family), Ralstonia (genus), unclassified Ralstonia (no rank)	Ralstonia sp
P0DJP3	169963	cellular organisms (no rank), Bacteria (domain), Bacillati (kingdom), Bacillota (phylum), Bacilli (class), Caryophanales (order), Listeriaceae (family), Listeria (genus), Listeria monocytogenes (species)	Listeria monocytogenes serovar 1/2a (strain ATCC BAA-679 / EGD-e)
P52966	1061	cellular organisms (no rank), Bacteria (domain), Pseudomonadati (kingdom), Pseudomonadota (phylum), Alphaproteobacteria (class), Rhodobacterales (order), Rhodobacter group (no rank), Rhodobacter (genus)	Rhodobacter capsulatus (Rhodopseudomonas capsulata)
A4YBN4	319224	cellular organisms (no rank), Bacteria (domain), Pseudomonadati (kingdom), Pseudomonadota (phylum), Gammaproteobacteria (class), Alteromonadales (order), Shewanellaceae (family), Shewanella (genus), Shewanella putrefaciens (species)	Shewanella putrefaciens (strain CN-32 / ATCC BAA-453)
Q72J47	262724	cellular organisms (no rank), Bacteria (domain), Thermotogati (kingdom), Deinococcota (phylum), Deinococci (class), Thermales (order), Thermaceae (family), Thermus (genus), Thermus thermophilus (species)	Thermus thermophilus (strain ATCC BAA-163 / DSM 7039 / HB27)
Q9Y9L0	272557	cellular organisms (no rank), Archaea (domain), Thermoproteati (kingdom), Thermoproteota (phylum), Thermoprotei (class), Desulfurococcales (order), Desulfurococcaceae (family), Aeropyrum (genus), Aeropyrum pernix (species)	Aeropyrum pernix (strain ATCC 700893 / DSM 11879 / JCM 9820 / NBRC 100138 / K1)
P72579	2288	cellular organisms (no rank), Archaea (domain), Thermoproteati (kingdom), Thermoproteota (phylum), Thermoprotei (class), Sulfolobales (order), Sulfolobaceae (family), Sulfolobus (genus), unclassified Sulfolobus (no rank)	Sulfolobus sp
Q38V48	314315	cellular organisms (no rank), Bacteria (domain), Bacillati (kingdom), Bacillota (phylum), Bacilli (class), Lactobacillales (order), Lactobacillaceae (family), Latilactobacillus (genus), Latilactobacillus sakei (species), Latilactobacillus sakei subsp. sakei (subspecies)	Latilactobacillus sakei subsp. sakei (strain 23K) (Lactobacillus sakei subsp. sakei)
B9DMJ2	396513	cellular organisms (no rank), Bacteria (domain), Bacillati (kingdom), Bacillota (phylum), Bacilli (class), Caryophanales (order), Staphylococcaceae (family), Staphylococcus (genus), Staphylococcus carnosus (species)	Staphylococcus carnosus (strain TM300)
Q8YWF0	103690	cellular organisms (no rank), Bacteria (domain), Bacillati (kingdom), Cyanobacteriota/Melainabacteria group (clade), Cyanobacteriota (phylum), Cyanophyceae (class), Nostocales (order), Nostocaceae (family), Nostoc (genus), unclassified Nostoc (no rank)	Nostoc sp. (strain PCC 7120 / SAG 25.82 / UTEX 2576)
Q8DNS0	171101	cellular organisms (no rank), Bacteria (domain), Bacillati (kingdom), Bacillota (phylum), Bacilli (class), Lactobacillales (order), Streptococcaceae (family), Streptococcus (genus), Streptococcus pneumoniae (species)	Streptococcus pneumoniae (strain ATCC BAA-255 / R6)
Q88MG1	160488	cellular organisms (no rank), Bacteria (domain), Pseudomonadati (kingdom), Pseudomonadota (phylum), Gammaproteobacteria (class), Pseudomonadales (order), Pseudomonadaceae (family), Pseudomonas (genus), Pseudomonas putida group (no rank), Pseudomonas putida (species)	Pseudomonas putida (strain ATCC 47054 / DSM 6125 / CFBP 8728 / NCIMB 11950 / KT2440)
A9IL44	382640	cellular organisms (no rank), Bacteria (domain), Pseudomonadati (kingdom), Pseudomonadota (phylum), Alphaproteobacteria (class), Hyphomicrobiales (order), Bartonellaceae (family), Bartonella (genus), Bartonella tribocorum (species)	Bartonella tribocorum (strain DSM 28219 / CCUG 45778 / CIP 105476 / IBS 506)
Q86925	44158	Viruses (no rank), Riboviria (realm), Orthornavirae (kingdom), Kitrinoviricota (phylum), Alsuviricetes (class), Martellivirales (order), Togaviridae (family), Alphavirus (genus), Alphavirus aura (species)	Aura virus (AURAV)
Q0T0L1	373384	cellular organisms (no rank), Bacteria (domain), Pseudomonadati (kingdom), Pseudomonadota (phylum), Gammaproteobacteria (class), Enterobacterales (order), Enterobacteriaceae (family), Shigella (genus), Shigella flexneri (species), Shigella flexneri 5 (serotype)	Shigella flexneri serotype 5b (strain 8401)
Q50397	1783	cellular organisms (no rank), Bacteria (domain), Bacillati (kingdom), Actinomycetota (phylum), Actinomycetes (class), Mycobacteriales (order), Mycobacteriaceae (family), Mycobacterium (genus)	Mycobacterium scrofulaceum
O25560	85962	cellular organisms (no rank), Bacteria (domain), Pseudomonadati (kingdom), Campylobacterota (phylum), Epsilonproteobacteria (class), Campylobacterales (order), Helicobacteraceae (family), Helicobacter (genus), Helicobacter pylori (species)	Helicobacter pylori (strain ATCC 700392 / 26695) (Campylobacter pylori)
P94346	33940	cellular organisms (no rank), Bacteria (domain), Bacillati (kingdom), Bacillota (phylum), Bacilli (class), Caryophanales (order), Anoxybacillaceae (family), Geobacillus (genus)	Geobacillus thermodenitrificans
P26970	1503	cellular organisms (no rank), Bacteria (domain), Bacillati (kingdom), Bacillota (phylum), Tissierellia (class), Tissierellales (order), Gottschalkiaceae (family), Gottschalkia (genus)	Gottschalkia purinilytica (Clostridium purinilyticum)
P42259	2257	cellular organisms (no rank), Archaea (domain), Methanobacteriati (kingdom), Methanobacteriota (phylum), Stenosarchaea group (clade), Halobacteria (class), Halobacteriales (order), Natronomonadaceae (family), Natronomonas (genus)	Natronomonas pharaonis (Natronobacterium pharaonis)
B1YR46	398577	cellular organisms (no rank), Bacteria (domain), Pseudomonadati (kingdom), Pseudomonadota (phylum), Betaproteobacteria (class), Burkholderiales (order), Burkholderiaceae (family), Burkholderia (genus), Burkholderia cepacia complex (no rank), Burkholderia ambifaria (species)	Burkholderia ambifaria (strain MC40-6)
A1A519	9606	cellular organisms (no rank), Eukaryota (domain), Opisthokonta (clade), Metazoa (kingdom), Eumetazoa (clade), Bilateria (clade), Deuterostomia (clade), Chordata (phylum), Craniata (subphylum), Vertebrata (clade), Gnathostomata (clade), Teleostomi (clade), Euteleostomi (clade), Sarcopterygii (superclass), Dipnotetrapodomorpha (clade), Tetrapoda (clade), Amniota (clade), Mammalia (class), Theria (clade), Eutheria (clade), Boreoeutheria (clade), Euarchontoglires (superorder), Primates (order), Haplorrhini (suborder), Simiiformes (infraorder), Catarrhini (parvorder), Hominoidea (superfamily), Hominidae (family), Homininae (subfamily), Homo (genus)	Homo sapiens (Human)
O83159	243276	cellular organisms (no rank), Bacteria (domain), Pseudomonadati (kingdom), Spirochaetota (phylum), Spirochaetia (class), Treponematales (order), Treponemataceae (family), Treponema (genus), Treponema pallidum (species), Treponema pallidum subsp. pallidum (subspecies)	Treponema pallidum (strain DSM 117211 / Nichols)
Q8EKR9	211586	cellular organisms (no rank), Bacteria (domain), Pseudomonadati (kingdom), Pseudomonadota (phylum), Gammaproteobacteria (class), Alteromonadales (order), Shewanellaceae (family), Shewanella (genus), Shewanella oneidensis (species)	Shewanella oneidensis (strain ATCC 700550 / JCM 31522 / CIP 106686 / LMG 19005 / NCIMB 14063 / MR-1)
Q0DBF4	39947	cellular organisms (no rank), Eukaryota (domain), Viridiplantae (kingdom), Streptophyta (phylum), Streptophytina (subphylum), Embryophyta (clade), Tracheophyta (clade), Euphyllophyta (clade), Spermatophyta (clade), Magnoliopsida (class), Mesangiospermae (clade), Liliopsida (clade), Petrosaviidae (subclass), commelinids (clade), Poales (order), Poaceae (family), BOP clade (clade), Oryzoideae (subfamily), Oryzeae (tribe), Oryzinae (subtribe), Oryza (genus), Oryza sativa (species)	Oryza sativa subsp. japonica (Rice)
Q71XX5	265669	cellular organisms (no rank), Bacteria (domain), Bacillati (kingdom), Bacillota (phylum), Bacilli (class), Caryophanales (order), Listeriaceae (family), Listeria (genus), Listeria monocytogenes (species), Listeria monocytogenes serotype 4b (serotype)	Listeria monocytogenes serotype 4b (strain F2365)
G5EBY8	6239	cellular organisms (no rank), Eukaryota (domain), Opisthokonta (clade), Metazoa (kingdom), Eumetazoa (clade), Bilateria (clade), Protostomia (clade), Ecdysozoa (clade), Nematoda (phylum), Chromadorea (class), Rhabditida (order), Rhabditina (suborder), Rhabditomorpha (infraorder), Rhabditoidea (superfamily), Rhabditidae (family), Peloderinae (subfamily), Caenorhabditis (genus)	Caenorhabditis elegans
P21184	287	cellular organisms (no rank), Bacteria (domain), Pseudomonadati (kingdom), Pseudomonadota (phylum), Gammaproteobacteria (class), Pseudomonadales (order), Pseudomonadaceae (family), Pseudomonas (genus), Pseudomonas aeruginosa group (no rank)	Pseudomonas aeruginosa
Q12PT7	318161	cellular organisms (no rank), Bacteria (domain), Pseudomonadati (kingdom), Pseudomonadota (phylum), Gammaproteobacteria (class), Alteromonadales (order), Shewanellaceae (family), Shewanella (genus), Shewanella denitrificans (species)	Shewanella denitrificans (strain OS217 / ATCC BAA-1090 / DSM 15013)
B4SA62	324925	cellular organisms (no rank), Bacteria (domain), Pseudomonadati (kingdom), FCB group (clade), Bacteroidota/Chlorobiota group (clade), Chlorobiota (phylum), Chlorobiia (class), Chlorobiales (order), Chlorobiaceae (family), Chlorobium/Pelodictyon group (no rank), Pelodictyon (genus), Pelodictyon phaeoclathratiforme (species)	Pelodictyon phaeoclathratiforme (strain DSM 5477 / BU-1)
P77908	1525	cellular organisms (no rank), Bacteria (domain), Bacillati (kingdom), Bacillota (phylum), Clostridia (class), Neomoorellales (order), Neomoorellaceae (family), Neomoorella (genus)	Neomoorella thermoacetica (Clostridium thermoaceticum)
G0L322	63186	cellular organisms (no rank), Bacteria (domain), Pseudomonadati (kingdom), FCB group (clade), Bacteroidota/Chlorobiota group (clade), Bacteroidota (phylum), Flavobacteriia (class), Flavobacteriales (order), Flavobacteriaceae (family), Zobellia (genus)	Zobellia galactanivorans (strain DSM 12802 / CCUG 47099 / CIP 106680 / NCIMB 13871 / Dsij)
D4GUA0	309800	cellular organisms (no rank), Archaea (domain), Methanobacteriati (kingdom), Methanobacteriota (phylum), Stenosarchaea group (clade), Halobacteria (class), Halobacteriales (order), Haloferacaceae (family), Haloferax (genus), Haloferax volcanii (species)	Haloferax volcanii (strain ATCC 29605 / DSM 3757 / JCM 8879 / NBRC 14742 / NCIMB 2012 / VKM B-1768 / DS2) (Halobacterium volcanii)
A0A0P9JFY5	757414	cellular organisms (no rank), Bacteria (domain), Pseudomonadati (kingdom), Pseudomonadota (phylum), Gammaproteobacteria (class), Pseudomonadales (order), Pseudomonadaceae (family), Pseudomonas (genus), Pseudomonas syringae group (no rank), Pseudomonas cannabina (species)	Pseudomonas cannabina pv. alisalensis
Q83K42	623	cellular organisms (no rank), Bacteria (domain), Pseudomonadati (kingdom), Pseudomonadota (phylum), Gammaproteobacteria (class), Enterobacterales (order), Enterobacteriaceae (family), Shigella (genus)	Shigella flexneri
P0DUV8	546	cellular organisms (no rank), Bacteria (domain), Pseudomonadati (kingdom), Pseudomonadota (phylum), Gammaproteobacteria (class), Enterobacterales (order), Enterobacteriaceae (family), Citrobacter (genus), Citrobacter freundii complex (no rank)	Citrobacter freundii
Q6CYJ8	218491	cellular organisms (no rank), Bacteria (domain), Pseudomonadati (kingdom), Pseudomonadota (phylum), Gammaproteobacteria (class), Enterobacterales (order), Pectobacteriaceae (family), Pectobacterium (genus), Pectobacterium atrosepticum (species)	Pectobacterium atrosepticum (strain SCRI 1043 / ATCC BAA-672) (Erwinia carotovora subsp. atroseptica)
B2IQ67	516950	cellular organisms (no rank), Bacteria (domain), Bacillati (kingdom), Bacillota (phylum), Bacilli (class), Lactobacillales (order), Streptococcaceae (family), Streptococcus (genus), Streptococcus pneumoniae (species)	Streptococcus pneumoniae (strain CGSP14)
B8J9N1	455488	cellular organisms (no rank), Bacteria (domain), Pseudomonadati (kingdom), Myxococcota (phylum), Myxococcia (class), Myxococcales (order), Cystobacterineae (suborder), Anaeromyxobacteraceae (family), Anaeromyxobacter (genus), Anaeromyxobacter dehalogenans (species)	Anaeromyxobacter dehalogenans (strain ATCC BAA-258 / DSM 21875 / 2CP-1)
Q7ADF8	83334	cellular organisms (no rank), Bacteria (domain), Pseudomonadati (kingdom), Pseudomonadota (phylum), Gammaproteobacteria (class), Enterobacterales (order), Enterobacteriaceae (family), Escherichia (genus), Escherichia coli (species)	Escherichia coli O157:H7
P04042	99287	cellular organisms (no rank), Bacteria (domain), Pseudomonadati (kingdom), Pseudomonadota (phylum), Gammaproteobacteria (class), Enterobacterales (order), Enterobacteriaceae (family), Salmonella (genus), Salmonella enterica (species), Salmonella enterica I (subspecies), Salmonella typhimurium (no rank)	Salmonella typhimurium (strain LT2 / SGSC1412 / ATCC 700720)
A9WC36	324602	cellular organisms (no rank), Bacteria (domain), Bacillati (kingdom), Chloroflexota (phylum), Chloroflexia (class), Chloroflexales (order), Chloroflexineae (suborder), Chloroflexaceae (family), Chloroflexus (genus), Chloroflexus aurantiacus (species)	Chloroflexus aurantiacus (strain ATCC 29366 / DSM 635 / J-10-fl)
Q93HP9	624	cellular organisms (no rank), Bacteria (domain), Pseudomonadati (kingdom), Pseudomonadota (phylum), Gammaproteobacteria (class), Enterobacterales (order), Enterobacteriaceae (family), Shigella (genus)	Shigella sonnei
O34680	224308	cellular organisms (no rank), Bacteria (domain), Bacillati (kingdom), Bacillota (phylum), Bacilli (class), Caryophanales (order), Bacillaceae (family), Bacillus (genus), Bacillus subtilis group (no rank), Bacillus subtilis (species), Bacillus subtilis subsp. subtilis (subspecies)	Bacillus subtilis (strain 168)
P0DA15	193567	cellular organisms (no rank), Bacteria (domain), Bacillati (kingdom), Bacillota (phylum), Bacilli (class), Lactobacillales (order), Streptococcaceae (family), Streptococcus (genus), Streptococcus pyogenes (species), Streptococcus pyogenes serotype M3 (serotype)	Streptococcus pyogenes serotype M3 (strain SSI-1)
B1ZIK6	441620	cellular organisms (no rank), Bacteria (domain), Pseudomonadati (kingdom), Pseudomonadota (phylum), Alphaproteobacteria (class), Hyphomicrobiales (order), Methylobacteriaceae (family), Methylorubrum (genus), Methylorubrum populi (species)	Methylorubrum populi (strain ATCC BAA-705 / NCIMB 13946 / BJ001) (Methylobacterium populi)
B6J965	434924	cellular organisms (no rank), Bacteria (domain), Pseudomonadati (kingdom), Pseudomonadota (phylum), Gammaproteobacteria (class), Legionellales (order), Coxiellaceae (family), Coxiella (genus), Coxiella burnetii (species)	Coxiella burnetii (strain CbuK_Q154) (Coxiella burnetii (strain Q154))
Q3ABL4	246194	cellular organisms (no rank), Bacteria (domain), Bacillati (kingdom), Bacillota (phylum), Clostridia (class), Thermoanaerobacterales (order), Thermoanaerobacteraceae (family), Carboxydothermus (genus), Carboxydothermus hydrogenoformans (species)	Carboxydothermus hydrogenoformans (strain ATCC BAA-161 / DSM 6008 / Z-2901)
P45575	882	cellular organisms (no rank), Bacteria (domain), Pseudomonadati (kingdom), Thermodesulfobacteriota (phylum), Desulfovibrionia (class), Desulfovibrionales (order), Desulfovibrionaceae (family), Nitratidesulfovibrio (genus), Nitratidesulfovibrio vulgaris (species)	Nitratidesulfovibrio vulgaris (strain ATCC 29579 / DSM 644 / CCUG 34227 / NCIMB 8303 / VKM B-1760 / Hildenborough) (Desulfovibrio vulgaris)
Q5L2C2	235909	cellular organisms (no rank), Bacteria (domain), Bacillati (kingdom), Bacillota (phylum), Bacilli (class), Caryophanales (order), Anoxybacillaceae (family), Geobacillus (genus), Geobacillus thermoleovorans group (no rank), Geobacillus kaustophilus (species)	Geobacillus kaustophilus (strain HTA426)
Q988B9	266835	cellular organisms (no rank), Bacteria (domain), Pseudomonadati (kingdom), Pseudomonadota (phylum), Alphaproteobacteria (class), Hyphomicrobiales (order), Phyllobacteriaceae (family), Mesorhizobium (genus), Mesorhizobium japonicum (species)	Mesorhizobium japonicum (strain LMG 29417 / CECT 9101 / MAFF 303099) (Mesorhizobium loti (strain MAFF 303099))
P59655	171101	cellular organisms (no rank), Bacteria (domain), Bacillati (kingdom), Bacillota (phylum), Bacilli (class), Lactobacillales (order), Streptococcaceae (family), Streptococcus (genus), Streptococcus pneumoniae (species)	Streptococcus pneumoniae (strain ATCC BAA-255 / R6)
S5M744	1931	cellular organisms (no rank), Bacteria (domain), Bacillati (kingdom), Actinomycetota (phylum), Actinomycetes (class), Kitasatosporales (order), Streptomycetaceae (family), Streptomyces (genus), unclassified Streptomyces (no rank)	Streptomyces sp
A6T3N4	375286	cellular organisms (no rank), Bacteria (domain), Pseudomonadati (kingdom), Pseudomonadota (phylum), Betaproteobacteria (class), Burkholderiales (order), Oxalobacteraceae (family), Janthinobacterium (genus), unclassified Janthinobacterium (no rank)	Janthinobacterium sp. (strain Marseille) (Minibacterium massiliensis)
Q56587	663	cellular organisms (no rank), Bacteria (domain), Pseudomonadati (kingdom), Pseudomonadota (phylum), Gammaproteobacteria (class), Vibrionales (order), Vibrionaceae (family), Vibrio (genus), Vibrio harveyi group (no rank)	Vibrio alginolyticus
Q9K4V3	1288	cellular organisms (no rank), Bacteria (domain), Bacillati (kingdom), Bacillota (phylum), Bacilli (class), Caryophanales (order), Staphylococcaceae (family), Staphylococcus (genus)	Staphylococcus xylosus
Q8E8S0	211586	cellular organisms (no rank), Bacteria (domain), Pseudomonadati (kingdom), Pseudomonadota (phylum), Gammaproteobacteria (class), Alteromonadales (order), Shewanellaceae (family), Shewanella (genus), Shewanella oneidensis (species)	Shewanella oneidensis (strain ATCC 700550 / JCM 31522 / CIP 106686 / LMG 19005 / NCIMB 14063 / MR-1)
O05527	80866	cellular organisms (no rank), Bacteria (domain), Pseudomonadati (kingdom), Pseudomonadota (phylum), Betaproteobacteria (class), Burkholderiales (order), Comamonadaceae (family), Delftia (genus)	Delftia acidovorans (Pseudomonas acidovorans) (Comamonas acidovorans)
O58308	70601	cellular organisms (no rank), Archaea (domain), Methanobacteriati (kingdom), Methanobacteriota (phylum), Thermococci (class), Thermococcales (order), Thermococcaceae (family), Pyrococcus (genus), Pyrococcus horikoshii (species)	Pyrococcus horikoshii (strain ATCC 700860 / DSM 12428 / JCM 9974 / NBRC 100139 / OT-3)
Q5HF07	93062	cellular organisms (no rank), Bacteria (domain), Bacillati (kingdom), Bacillota (phylum), Bacilli (class), Caryophanales (order), Staphylococcaceae (family), Staphylococcus (genus), Staphylococcus aureus (species)	Staphylococcus aureus (strain COL)
A1KPA8	410289	cellular organisms (no rank), Bacteria (domain), Bacillati (kingdom), Actinomycetota (phylum), Actinomycetes (class), Mycobacteriales (order), Mycobacteriaceae (family), Mycobacterium (genus), Mycobacterium tuberculosis complex (no rank), Mycobacterium tuberculosis (species), Mycobacterium bovis (biotype), Mycobacterium tuberculosis variant bovis BCG (no rank)	Mycobacterium bovis (strain BCG / Pasteur 1173P2)
A7ZCS8	360104	cellular organisms (no rank), Bacteria (domain), Pseudomonadati (kingdom), Campylobacterota (phylum), Epsilonproteobacteria (class), Campylobacterales (order), Campylobacteraceae (family), Campylobacter (genus), Campylobacter concisus (species)	Campylobacter concisus (strain 13826)
