Entry	Organism (ID)	Taxonomic lineage	Organism
C0VHC9	525244	cellular organisms (no rank), Bacteria (domain), Pseudomonadati (kingdom), Pseudomonadota (phylum), Gammaproteobacteria (class), Moraxellales (order), Moraxellaceae (family), Acinetobacter (genus), unclassified Acinetobacter (no rank)	Acinetobacter sp. (strain ATCC 27244 / 9458)
P24702	715	cellular organisms (no rank), Bacteria (domain), Pseudomonadati (kingdom), Pseudomonadota (phylum), Gammaproteobacteria (class), Pasteurellales (order), Pasteurellaceae (family), Actinobacillus (genus)	Actinobacillus pleuropneumoniae (Haemophilus pleuropneumoniae)
Q8P2D2	186103	cellular organisms (no rank), Bacteria (domain), Bacillati (kingdom), Bacillota (phylum), Bacilli (class), Lactobacillales (order), Streptococcaceae (family), Streptococcus (genus), Streptococcus pyogenes (species), Streptococcus pyogenes serotype M18 (serotype)	Streptococcus pyogenes serotype M18 (strain MGAS8232)
O24915	85962	cellular organisms (no rank), Bacteria (domain), Pseudomonadati (kingdom), Campylobacterota (phylum), Epsilonproteobacteria (class), Campylobacterales (order), Helicobacteraceae (family), Helicobacter (genus), Helicobacter pylori (species)	Helicobacter pylori (strain ATCC 700392 / 26695) (Campylobacter pylori)
A0QQJ4	246196	cellular organisms (no rank), Bacteria (domain), Bacillati (kingdom), Actinomycetota (phylum), Actinomycetes (class), Mycobacteriales (order), Mycobacteriaceae (family), Mycolicibacterium (genus), Mycolicibacterium smegmatis (species)	Mycolicibacterium smegmatis (strain ATCC 700084 / mc(2)155) (Mycobacterium smegmatis)
Q1MPN3	363253	cellular organisms (no rank), Bacteria (domain), Pseudomonadati (kingdom), Thermodesulfobacteriota (phylum), Desulfovibrionia (class), Desulfovibrionales (order), Desulfovibrionaceae (family), Lawsonia (genus), Lawsonia intracellularis (species)	Lawsonia intracellularis (strain PHE/MN1-00)
Q1JKC8	370551	cellular organisms (no rank), Bacteria (domain), Bacillati (kingdom), Bacillota (phylum), Bacilli (class), Lactobacillales (order), Streptococcaceae (family), Streptococcus (genus), Streptococcus pyogenes (species), Streptococcus pyogenes serotype M12 (serotype)	Streptococcus pyogenes serotype M12 (strain MGAS9429)
Q5P5I4	76114	cellular organisms (no rank), Bacteria (domain), Pseudomonadati (kingdom), Pseudomonadota (phylum), Betaproteobacteria (class), Rhodocyclales (order), Rhodocyclaceae (family), Aromatoleum (genus), Aromatoleum aromaticum (species)	Aromatoleum aromaticum (strain DSM 19018 / LMG 30748 / EbN1) (Azoarcus sp. (strain EbN1))
P04716	269084	cellular organisms (no rank), Bacteria (domain), Bacillati (kingdom), Cyanobacteriota/Melainabacteria group (clade), Cyanobacteriota (phylum), Cyanophyceae (class), Synechococcales (order), Synechococcaceae (family), Synechococcus (genus), Synechococcus elongatus (species)	Synechococcus sp. (strain ATCC 27144 / PCC 6301 / SAUG 1402/1) (Anacystis nidulans)
D4GSD6	309800	cellular organisms (no rank), Archaea (domain), Methanobacteriati (kingdom), Methanobacteriota (phylum), Stenosarchaea group (clade), Halobacteria (class), Halobacteriales (order), Haloferacaceae (family), Haloferax (genus), Haloferax volcanii (species)	Haloferax volcanii (strain ATCC 29605 / DSM 3757 / JCM 8879 / NBRC 14742 / NCIMB 2012 / VKM B-1768 / DS2) (Halobacterium volcanii)
P23106	303	cellular organisms (no rank), Bacteria (domain), Pseudomonadati (kingdom), Pseudomonadota (phylum), Gammaproteobacteria (class), Pseudomonadales (order), Pseudomonadaceae (family), Pseudomonas (genus), Pseudomonas putida group (no rank)	Pseudomonas putida (Arthrobacter siderocapsulatus)
D5MTT1	28151	cellular organisms (no rank), Bacteria (domain), Pseudomonadati (kingdom), Pseudomonadota (phylum), Gammaproteobacteria (class), Enterobacterales (order), Yersiniaceae (family), Serratia (genus)	Serratia proteamaculans
P36809	10611	Viruses (no rank), Floreoviria (realm), Shotokuvirae (kingdom), Cossaviricota (phylum), Papovaviricetes (class), Zurhausenvirales (order), Papillomaviridae (family), Firstpapillomavirinae (subfamily), Alphapapillomavirus (genus), Alphapapillomavirus 6 (species)	Human papillomavirus 30
P37279	1140	cellular organisms (no rank), Bacteria (domain), Bacillati (kingdom), Cyanobacteriota/Melainabacteria group (clade), Cyanobacteriota (phylum), Cyanophyceae (class), Synechococcales (order), Synechococcaceae (family), Synechococcus (genus), Synechococcus elongatus (species)	Synechococcus elongatus (strain ATCC 33912 / PCC 7942 / FACHB-805) (Anacystis nidulans R2)
P0A2I3	99287	cellular organisms (no rank), Bacteria (domain), Pseudomonadati (kingdom), Pseudomonadota (phylum), Gammaproteobacteria (class), Enterobacterales (order), Enterobacteriaceae (family), Salmonella (genus), Salmonella enterica (species), Salmonella enterica I (subspecies), Salmonella typhimurium (no rank)	Salmonella typhimurium (strain LT2 / SGSC1412 / ATCC 700720)
A1A1R9	367928	cellular organisms (no rank), Bacteria (domain), Bacillati (kingdom), Actinomycetota (phylum), Actinomycetes (class), Bifidobacteriales (order), Bifidobacteriaceae (family), Bifidobacterium (genus), Bifidobacterium adolescentis (species)	Bifidobacterium adolescentis (strain ATCC 15703 / DSM 20083 / NCTC 11814 / E194a)
P0DY45	1931	cellular organisms (no rank), Bacteria (domain), Bacillati (kingdom), Actinomycetota (phylum), Actinomycetes (class), Kitasatosporales (order), Streptomycetaceae (family), Streptomyces (genus), unclassified Streptomyces (no rank)	Streptomyces sp
E4Q361	632518	cellular organisms (no rank), Bacteria (domain), Bacillati (kingdom), Bacillota (phylum), Bacillota incertae sedis (no rank), Caldicellulosiruptorales (order), Caldicellulosiruptoraceae (family), Caldicellulosiruptor (genus), Caldicellulosiruptor owensensis (species)	Caldicellulosiruptor owensensis (strain ATCC 700167 / DSM 13100 / OL)
Q8NN33	196627	cellular organisms (no rank), Bacteria (domain), Bacillati (kingdom), Actinomycetota (phylum), Actinomycetes (class), Mycobacteriales (order), Corynebacteriaceae (family), Corynebacterium (genus), Corynebacterium glutamicum (species)	Corynebacterium glutamicum (strain ATCC 13032 / DSM 20300 / JCM 1318 / BCRC 11384 / CCUG 27702 / LMG 3730 / NBRC 12168 / NCIMB 10025 / NRRL B-2784 / 534)
Q04UG1	355277	cellular organisms (no rank), Bacteria (domain), Pseudomonadati (kingdom), Spirochaetota (phylum), Leptospiria (class), Leptospirales (order), Leptospiraceae (family), Leptospira (genus), Leptospira borgpetersenii (species), Leptospira borgpetersenii serovar Hardjo-bovis (no rank)	Leptospira borgpetersenii serovar Hardjo-bovis (strain JB197)
O33618	396513	cellular organisms (no rank), Bacteria (domain), Bacillati (kingdom), Bacillota (phylum), Bacilli (class), Caryophanales (order), Staphylococcaceae (family), Staphylococcus (genus), Staphylococcus carnosus (species)	Staphylococcus carnosus (strain TM300)
C1D7Z6	557598	cellular organisms (no rank), Bacteria (domain), Pseudomonadati (kingdom), Pseudomonadota (phylum), Betaproteobacteria (class), Neisseriales (order), Aquaspirillaceae (family), Laribacter (genus), Laribacter hongkongensis (species)	Laribacter hongkongensis (strain HLHK9)
Q71YI0	265669	cellular organisms (no rank), Bacteria (domain), Bacillati (kingdom), Bacillota (phylum), Bacilli (class), Caryophanales (order), Listeriaceae (family), Listeria (genus), Listeria monocytogenes (species), Listeria monocytogenes serotype 4b (serotype)	Listeria monocytogenes serotype 4b (strain F2365)
Q3AUG4	316279	cellular organisms (no rank), Bacteria (domain), Bacillati (kingdom), Cyanobacteriota/Melainabacteria group (clade), Cyanobacteriota (phylum), Cyanophyceae (class), Synechococcales (order), Synechococcaceae (family), Synechococcus (genus), unclassified Synechococcus (no rank)	Synechococcus sp. (strain CC9902)
Q7VLE6	233412	cellular organisms (no rank), Bacteria (domain), Pseudomonadati (kingdom), Pseudomonadota (phylum), Gammaproteobacteria (class), Pasteurellales (order), Pasteurellaceae (family), Haemophilus (genus), Haemophilus ducreyi (species)	Haemophilus ducreyi (strain 35000HP / ATCC 700724)
A0A0H2VFI8	199310	cellular organisms (no rank), Bacteria (domain), Pseudomonadati (kingdom), Pseudomonadota (phylum), Gammaproteobacteria (class), Enterobacterales (order), Enterobacteriaceae (family), Escherichia (genus), Escherichia coli (species)	Escherichia coli O6:H1 (strain CFT073 / ATCC 700928 / UPEC)
Q3AFT7	246194	cellular organisms (no rank), Bacteria (domain), Bacillati (kingdom), Bacillota (phylum), Clostridia (class), Thermoanaerobacterales (order), Thermoanaerobacteraceae (family), Carboxydothermus (genus), Carboxydothermus hydrogenoformans (species)	Carboxydothermus hydrogenoformans (strain ATCC BAA-161 / DSM 6008 / Z-2901)
Q185C5	272563	cellular organisms (no rank), Bacteria (domain), Bacillati (kingdom), Bacillota (phylum), Clostridia (class), Peptostreptococcales (order), Peptostreptococcaceae (family), Clostridioides (genus), Clostridioides difficile (species)	Clostridioides difficile (strain 630) (Peptoclostridium difficile)
Q8GR64	303	cellular organisms (no rank), Bacteria (domain), Pseudomonadati (kingdom), Pseudomonadota (phylum), Gammaproteobacteria (class), Pseudomonadales (order), Pseudomonadaceae (family), Pseudomonas (genus), Pseudomonas putida group (no rank)	Pseudomonas putida (Arthrobacter siderocapsulatus)
A4IU28	420246	cellular organisms (no rank), Bacteria (domain), Bacillati (kingdom), Bacillota (phylum), Bacilli (class), Caryophanales (order), Anoxybacillaceae (family), Geobacillus (genus), Geobacillus thermodenitrificans (species)	Geobacillus thermodenitrificans (strain NG80-2)
P04524	10665	Viruses (no rank), Duplodnaviria (realm), Heunggongvirae (kingdom), Uroviricota (phylum), Caudoviricetes (class), Pantevenvirales (order), Straboviridae (family), Tevenvirinae (subfamily), Tequatrovirus (genus)	Enterobacteria phage T4 (Bacteriophage T4)
P05737	559292	cellular organisms (no rank), Eukaryota (domain), Opisthokonta (clade), Fungi (kingdom), Dikarya (subkingdom), Ascomycota (phylum), saccharomyceta (clade), Saccharomycotina (subphylum), Saccharomycetes (class), Saccharomycetales (order), Saccharomycetaceae (family), Saccharomyces (genus), Saccharomyces cerevisiae (species)	Saccharomyces cerevisiae (strain ATCC 204508 / S288c) (Baker's yeast)
C6KIE6	3702	cellular organisms (no rank), Eukaryota (domain), Viridiplantae (kingdom), Streptophyta (phylum), Streptophytina (subphylum), Embryophyta (clade), Tracheophyta (clade), Euphyllophyta (clade), Spermatophyta (clade), Magnoliopsida (class), Mesangiospermae (clade), eudicotyledons (clade), Gunneridae (clade), Pentapetalae (clade), rosids (clade), malvids (clade), Brassicales (order), Brassicaceae (family), Camelineae (tribe), Arabidopsis (genus)	Arabidopsis thaliana (Mouse-ear cress)
B8EIZ7	395965	cellular organisms (no rank), Bacteria (domain), Pseudomonadati (kingdom), Pseudomonadota (phylum), Alphaproteobacteria (class), Hyphomicrobiales (order), Beijerinckiaceae (family), Methylocella (genus), Methylocella silvestris (species)	Methylocella silvestris (strain DSM 15510 / CIP 108128 / LMG 27833 / NCIMB 13906 / BL2)
A0A0A7GEY4	565033	cellular organisms (no rank), Archaea (domain), Methanobacteriati (kingdom), Methanobacteriota (phylum), Archaeoglobi (class), Archaeoglobales (order), Archaeoglobaceae (family), Geoglobus (genus)	Geoglobus acetivorans
Q8GI14	53412	cellular organisms (no rank), Bacteria (domain), Pseudomonadati (kingdom), Pseudomonadota (phylum), Gammaproteobacteria (class), Pseudomonadales (order), Pseudomonadaceae (family), Metapseudomonas (genus)	Metapseudomonas resinovorans (Pseudomonas resinovorans)
P22997	562	cellular organisms (no rank), Bacteria (domain), Pseudomonadati (kingdom), Pseudomonadota (phylum), Gammaproteobacteria (class), Enterobacterales (order), Enterobacteriaceae (family), Escherichia (genus)	Escherichia coli
Q8RLX0	115852	cellular organisms (no rank), Bacteria (domain), Pseudomonadati (kingdom), FCB group (clade), Bacteroidota/Chlorobiota group (clade), Chlorobiota (phylum), Chlorobiia (class), Chlorobiales (order), Chlorobiaceae (family), Chlorobaculum (genus)	Chlorobaculum thiosulfatiphilum (Chlorobium limicola f.sp. thiosulfatophilum)
P9WGG7	83332	cellular organisms (no rank), Bacteria (domain), Bacillati (kingdom), Actinomycetota (phylum), Actinomycetes (class), Mycobacteriales (order), Mycobacteriaceae (family), Mycobacterium (genus), Mycobacterium tuberculosis complex (no rank), Mycobacterium tuberculosis (species)	Mycobacterium tuberculosis (strain ATCC 25618 / H37Rv)
P0CZ00	1747	cellular organisms (no rank), Bacteria (domain), Bacillati (kingdom), Actinomycetota (phylum), Actinomycetes (class), Propionibacteriales (order), Propionibacteriaceae (family), Cutibacterium (genus)	Cutibacterium acnes (Propionibacterium acnes)
P35260	33727	Viruses (no rank), Riboviria (realm), Orthornavirae (kingdom), Negarnaviricota (phylum), Haploviricotina (subphylum), Monjiviricetes (class), Mononegavirales (order), Filoviridae (family), Orthomarburgvirus (genus), Orthomarburgvirus marburgense (species)	Lake Victoria marburgvirus (strain Musoke-80) (MARV) (Marburg virus (strain Kenya/Musoke/1980))
Q83B36	227377	cellular organisms (no rank), Bacteria (domain), Pseudomonadati (kingdom), Pseudomonadota (phylum), Gammaproteobacteria (class), Legionellales (order), Coxiellaceae (family), Coxiella (genus), Coxiella burnetii (species)	Coxiella burnetii (strain RSA 493 / Nine Mile phase I)
B2U9C0	402626	cellular organisms (no rank), Bacteria (domain), Pseudomonadati (kingdom), Pseudomonadota (phylum), Betaproteobacteria (class), Burkholderiales (order), Burkholderiaceae (family), Ralstonia (genus), Ralstonia pickettii (species)	Ralstonia pickettii (strain 12J)
Q93DY8	431944	cellular organisms (no rank), Bacteria (domain), Pseudomonadati (kingdom), Pseudomonadota (phylum), Alphaproteobacteria (class), Rhodospirillales (order), Rhodospirillaceae (family), Magnetospirillum (genus), Magnetospirillum gryphiswaldense (species)	Magnetospirillum gryphiswaldense (strain DSM 6361 / JCM 21280 / NBRC 15271 / MSR-1)
Q47PU3	269800	cellular organisms (no rank), Bacteria (domain), Bacillati (kingdom), Actinomycetota (phylum), Actinomycetes (class), Streptosporangiales (order), Nocardiopsidaceae (family), Thermobifida (genus), Thermobifida fusca (species)	Thermobifida fusca (strain YX)
A5F2S8	345073	cellular organisms (no rank), Bacteria (domain), Pseudomonadati (kingdom), Pseudomonadota (phylum), Gammaproteobacteria (class), Vibrionales (order), Vibrionaceae (family), Vibrio (genus), Vibrio cholerae (species)	Vibrio cholerae serotype O1 (strain ATCC 39541 / Classical Ogawa 395 / O395)
P63434	196620	cellular organisms (no rank), Bacteria (domain), Bacillati (kingdom), Bacillota (phylum), Bacilli (class), Caryophanales (order), Staphylococcaceae (family), Staphylococcus (genus), Staphylococcus aureus (species)	Staphylococcus aureus (strain MW2)
A5FWV7	349163	cellular organisms (no rank), Bacteria (domain), Pseudomonadati (kingdom), Pseudomonadota (phylum), Alphaproteobacteria (class), Acetobacterales (order), Acidocellaceae (family), Acidiphilium (genus), Acidiphilium cryptum (species)	Acidiphilium cryptum (strain JF-5)
A8GH86	399741	cellular organisms (no rank), Bacteria (domain), Pseudomonadati (kingdom), Pseudomonadota (phylum), Gammaproteobacteria (class), Enterobacterales (order), Yersiniaceae (family), Serratia (genus), Serratia proteamaculans (species)	Serratia proteamaculans (strain 568)
B8GXM4	565050	cellular organisms (no rank), Bacteria (domain), Pseudomonadati (kingdom), Pseudomonadota (phylum), Alphaproteobacteria (class), Caulobacterales (order), Caulobacteraceae (family), Caulobacter (genus), Caulobacter vibrioides (species)	Caulobacter vibrioides (strain NA1000 / CB15N) (Caulobacter crescentus)
P65774	99287	cellular organisms (no rank), Bacteria (domain), Pseudomonadati (kingdom), Pseudomonadota (phylum), Gammaproteobacteria (class), Enterobacterales (order), Enterobacteriaceae (family), Salmonella (genus), Salmonella enterica (species), Salmonella enterica I (subspecies), Salmonella typhimurium (no rank)	Salmonella typhimurium (strain LT2 / SGSC1412 / ATCC 700720)
P28997	1258	cellular organisms (no rank), Bacteria (domain), Bacillati (kingdom), Bacillota (phylum), Tissierellia (class), Tissierellales (order), Peptoniphilaceae (family), Peptoniphilus (genus)	Peptoniphilus asaccharolyticus (Peptostreptococcus asaccharolyticus)
D7P5W0	222892	cellular organisms (no rank), Bacteria (domain), Bacillati (kingdom), Actinomycetota (phylum), Actinomycetes (class), Kitasatosporales (order), Streptomycetaceae (family), Streptomyces (genus), Streptomyces nodosus (species)	Streptomyces nodosus subsp. asukaensis
P07771	62977	cellular organisms (no rank), Bacteria (domain), Pseudomonadati (kingdom), Pseudomonadota (phylum), Gammaproteobacteria (class), Moraxellales (order), Moraxellaceae (family), Acinetobacter (genus), Acinetobacter baylyi (species)	Acinetobacter baylyi (strain ATCC 33305 / BD413 / ADP1)
P07103	198628	cellular organisms (no rank), Bacteria (domain), Pseudomonadati (kingdom), Pseudomonadota (phylum), Gammaproteobacteria (class), Enterobacterales (order), Pectobacteriaceae (family), Dickeya (genus), Dickeya dadantii (species)	Dickeya dadantii (strain 3937) (Erwinia chrysanthemi (strain 3937))
Q7CTU0	176299	cellular organisms (no rank), Bacteria (domain), Pseudomonadati (kingdom), Pseudomonadota (phylum), Alphaproteobacteria (class), Hyphomicrobiales (order), Rhizobiaceae (family), Rhizobium/Agrobacterium group (no rank), Agrobacterium (genus), Agrobacterium tumefaciens complex (no rank), Agrobacterium fabrum (species)	Agrobacterium fabrum (strain C58 / ATCC 33970) (Agrobacterium tumefaciens (strain C58))
B1IC65	487214	cellular organisms (no rank), Bacteria (domain), Bacillati (kingdom), Bacillota (phylum), Bacilli (class), Lactobacillales (order), Streptococcaceae (family), Streptococcus (genus), Streptococcus pneumoniae (species)	Streptococcus pneumoniae (strain Hungary19A-6)
Q81YI0	1392	cellular organisms (no rank), Bacteria (domain), Bacillati (kingdom), Bacillota (phylum), Bacilli (class), Caryophanales (order), Bacillaceae (family), Bacillus (genus), Bacillus cereus group (no rank)	Bacillus anthracis
Q87PH8	223926	cellular organisms (no rank), Bacteria (domain), Pseudomonadati (kingdom), Pseudomonadota (phylum), Gammaproteobacteria (class), Vibrionales (order), Vibrionaceae (family), Vibrio (genus), Vibrio harveyi group (no rank), Vibrio parahaemolyticus (species)	Vibrio parahaemolyticus serotype O3:K6 (strain RIMD 2210633)
Q7V3W8	74547	cellular organisms (no rank), Bacteria (domain), Bacillati (kingdom), Cyanobacteriota/Melainabacteria group (clade), Cyanobacteriota (phylum), Cyanophyceae (class), Synechococcales (order), Prochlorococcaceae (family), Prochlorococcus (genus), Prochlorococcus marinus (species)	Prochlorococcus marinus (strain MIT 9313)
O67496	224324	cellular organisms (no rank), Bacteria (domain), Pseudomonadati (kingdom), Aquificota (phylum), Aquificia (class), Aquificales (order), Aquificaceae (family), Aquifex (genus), Aquifex aeolicus (species)	Aquifex aeolicus (strain VF5)
A7HKM7	381764	cellular organisms (no rank), Bacteria (domain), Thermotogati (kingdom), Thermotogota (phylum), Thermotogae (class), Thermotogales (order), Fervidobacteriaceae (family), Fervidobacterium (genus), Fervidobacterium nodosum (species)	Fervidobacterium nodosum (strain ATCC 35602 / DSM 5306 / Rt17-B1)
Q1I7D4	384676	cellular organisms (no rank), Bacteria (domain), Pseudomonadati (kingdom), Pseudomonadota (phylum), Gammaproteobacteria (class), Pseudomonadales (order), Pseudomonadaceae (family), Pseudomonas (genus), Pseudomonas entomophila (species)	Pseudomonas entomophila (strain DSM 28517 / CCUG 61470 / CECT 7985 / L48)
P50075	193462	cellular organisms (no rank), Bacteria (domain), Bacillati (kingdom), Actinomycetota (phylum), Actinomycetes (class), Kitasatosporales (order), Streptomycetaceae (family), Streptomyces (genus)	Streptomyces niveus (Streptomyces spheroides)
Q988C8	266835	cellular organisms (no rank), Bacteria (domain), Pseudomonadati (kingdom), Pseudomonadota (phylum), Alphaproteobacteria (class), Hyphomicrobiales (order), Phyllobacteriaceae (family), Mesorhizobium (genus), Mesorhizobium japonicum (species)	Mesorhizobium japonicum (strain LMG 29417 / CECT 9101 / MAFF 303099) (Mesorhizobium loti (strain MAFF 303099))
A4Q8F7	238	cellular organisms (no rank), Bacteria (domain), Pseudomonadati (kingdom), FCB group (clade), Bacteroidota/Chlorobiota group (clade), Bacteroidota (phylum), Flavobacteriia (class), Flavobacteriales (order), Weeksellaceae (family), Elizabethkingia (genus)	Elizabethkingia meningoseptica (Chryseobacterium meningosepticum)
P29915	266	cellular organisms (no rank), Bacteria (domain), Pseudomonadati (kingdom), Pseudomonadota (phylum), Alphaproteobacteria (class), Rhodobacterales (order), Paracoccaceae (family), Paracoccus (genus)	Paracoccus denitrificans
A9AKB1	395019	cellular organisms (no rank), Bacteria (domain), Pseudomonadati (kingdom), Pseudomonadota (phylum), Betaproteobacteria (class), Burkholderiales (order), Burkholderiaceae (family), Burkholderia (genus), Burkholderia cepacia complex (no rank), Burkholderia multivorans (species)	Burkholderia multivorans (strain ATCC 17616 / 249)
C0QRQ2	123214	cellular organisms (no rank), Bacteria (domain), Pseudomonadati (kingdom), Aquificota (phylum), Aquificia (class), Aquificales (order), Hydrogenothermaceae (family), Persephonella (genus), Persephonella marina (species)	Persephonella marina (strain DSM 14350 / EX-H1)
Q7WZY5	396513	cellular organisms (no rank), Bacteria (domain), Bacillati (kingdom), Bacillota (phylum), Bacilli (class), Caryophanales (order), Staphylococcaceae (family), Staphylococcus (genus), Staphylococcus carnosus (species)	Staphylococcus carnosus (strain TM300)
Q04H29	203123	cellular organisms (no rank), Bacteria (domain), Bacillati (kingdom), Bacillota (phylum), Bacilli (class), Lactobacillales (order), Lactobacillaceae (family), Oenococcus (genus), Oenococcus oeni (species)	Oenococcus oeni (strain ATCC BAA-331 / PSU-1)
A2BQ92	146891	cellular organisms (no rank), Bacteria (domain), Bacillati (kingdom), Cyanobacteriota/Melainabacteria group (clade), Cyanobacteriota (phylum), Cyanophyceae (class), Synechococcales (order), Prochlorococcaceae (family), Prochlorococcus (genus), Prochlorococcus marinus (species)	Prochlorococcus marinus (strain AS9601)
Q2RP22	269796	cellular organisms (no rank), Bacteria (domain), Pseudomonadati (kingdom), Pseudomonadota (phylum), Alphaproteobacteria (class), Rhodospirillales (order), Rhodospirillaceae (family), Rhodospirillum (genus), Rhodospirillum rubrum (species)	Rhodospirillum rubrum (strain ATCC 11170 / ATH 1.1.1 / DSM 467 / LMG 4362 / NCIMB 8255 / S1)
P05041	83333	cellular organisms (no rank), Bacteria (domain), Pseudomonadati (kingdom), Pseudomonadota (phylum), Gammaproteobacteria (class), Enterobacterales (order), Enterobacteriaceae (family), Escherichia (genus), Escherichia coli (species)	Escherichia coli (strain K12)
P46448	71421	cellular organisms (no rank), Bacteria (domain), Pseudomonadati (kingdom), Pseudomonadota (phylum), Gammaproteobacteria (class), Pasteurellales (order), Pasteurellaceae (family), Haemophilus (genus), Haemophilus influenzae (species)	Haemophilus influenzae (strain ATCC 51907 / DSM 11121 / KW20 / Rd)
P0DY93	2033435	cellular organisms (no rank), Bacteria (domain), Pseudomonadati (kingdom), Pseudomonadota (phylum), Alphaproteobacteria (class), Rhodobacterales (order), Paracoccaceae (family), unclassified Paracoccaceae (no rank)	Rhodobacteraceae bacterium (strain QY30)
Q56572	55601	cellular organisms (no rank), Bacteria (domain), Pseudomonadati (kingdom), Pseudomonadota (phylum), Gammaproteobacteria (class), Vibrionales (order), Vibrionaceae (family), Vibrio (genus)	Vibrio anguillarum (Listonella anguillarum)
Q1QME9	323097	cellular organisms (no rank), Bacteria (domain), Pseudomonadati (kingdom), Pseudomonadota (phylum), Alphaproteobacteria (class), Hyphomicrobiales (order), Nitrobacteraceae (family), Nitrobacter (genus), Nitrobacter hamburgensis (species)	Nitrobacter hamburgensis (strain DSM 10229 / NCIMB 13809 / X14)
Q8RQQ0	1831	cellular organisms (no rank), Bacteria (domain), Bacillati (kingdom), Actinomycetota (phylum), Actinomycetes (class), Mycobacteriales (order), Nocardiaceae (family), Rhodococcus (genus), unclassified Rhodococcus (in: high G+C Gram-positive bacteria) (no rank)	Rhodococcus sp
Q93GB7	29397	cellular organisms (no rank), Bacteria (domain), Bacillati (kingdom), Bacillota (phylum), Bacilli (class), Lactobacillales (order), Lactobacillaceae (family), Lactobacillus (genus), Lactobacillus delbrueckii (species)	Lactobacillus delbrueckii subsp. lactis
Q74JU6	257314	cellular organisms (no rank), Bacteria (domain), Bacillati (kingdom), Bacillota (phylum), Bacilli (class), Lactobacillales (order), Lactobacillaceae (family), Lactobacillus (genus), Lactobacillus johnsonii (species)	Lactobacillus johnsonii (strain CNCM I-12250 / La1 / NCC 533)
Q8KY51	1313	cellular organisms (no rank), Bacteria (domain), Bacillati (kingdom), Bacillota (phylum), Bacilli (class), Lactobacillales (order), Streptococcaceae (family), Streptococcus (genus)	Streptococcus pneumoniae
C7DLJ6	238	cellular organisms (no rank), Bacteria (domain), Pseudomonadati (kingdom), FCB group (clade), Bacteroidota/Chlorobiota group (clade), Bacteroidota (phylum), Flavobacteriia (class), Flavobacteriales (order), Weeksellaceae (family), Elizabethkingia (genus)	Elizabethkingia meningoseptica (Chryseobacterium meningosepticum)
P03142	482134	Viruses (no rank), Riboviria (realm), Pararnavirae (kingdom), Artverviricota (phylum), Revtraviricetes (class), Blubervirales (order), Hepadnaviridae (family), Orthohepadnavirus (genus), Orthohepadnavirus hominoidei (species), Hepatitis B virus (no rank), hepatitis B virus genotype A (no rank), HBV genotype A2 (no rank)	Hepatitis B virus genotype A2 subtype adw (isolate Japan/Nishioka/1983) (HBV-A)
Q7A827	158879	cellular organisms (no rank), Bacteria (domain), Bacillati (kingdom), Bacillota (phylum), Bacilli (class), Caryophanales (order), Staphylococcaceae (family), Staphylococcus (genus), Staphylococcus aureus (species)	Staphylococcus aureus (strain N315)
A0A3D9VCI6	696763	cellular organisms (no rank), Bacteria (domain), Bacillati (kingdom), Actinomycetota (phylum), Actinomycetes (class), Propionibacteriales (order), Nocardioidaceae (family), Thermasporomyces (genus)	Thermasporomyces composti
Q8F3Q1	189518	cellular organisms (no rank), Bacteria (domain), Pseudomonadati (kingdom), Spirochaetota (phylum), Leptospiria (class), Leptospirales (order), Leptospiraceae (family), Leptospira (genus), Leptospira interrogans (species), Leptospira interrogans serovar Lai (no rank)	Leptospira interrogans serogroup Icterohaemorrhagiae serovar Lai (strain 56601)
Q54527	1924	cellular organisms (no rank), Bacteria (domain), Bacillati (kingdom), Actinomycetota (phylum), Actinomycetes (class), Kitasatosporales (order), Streptomycetaceae (family), Streptomyces (genus)	Streptomyces purpurascens
Q3JZY6	205921	cellular organisms (no rank), Bacteria (domain), Bacillati (kingdom), Bacillota (phylum), Bacilli (class), Lactobacillales (order), Streptococcaceae (family), Streptococcus (genus), Streptococcus agalactiae (species), Streptococcus agalactiae serogroup Ia (serogroup)	Streptococcus agalactiae serotype Ia (strain ATCC 27591 / A909 / CDC SS700)
A0A0H3PJK4	354242	cellular organisms (no rank), Bacteria (domain), Pseudomonadati (kingdom), Campylobacterota (phylum), Epsilonproteobacteria (class), Campylobacterales (order), Campylobacteraceae (family), Campylobacter (genus), Campylobacter jejuni (species), Campylobacter jejuni subsp. jejuni (subspecies)	Campylobacter jejuni subsp. jejuni serotype O:23/36 (strain 81-176)
B2T421	398527	cellular organisms (no rank), Bacteria (domain), Pseudomonadati (kingdom), Pseudomonadota (phylum), Betaproteobacteria (class), Burkholderiales (order), Burkholderiaceae (family), Paraburkholderia (genus), Paraburkholderia phytofirmans (species)	Paraburkholderia phytofirmans (strain DSM 17436 / LMG 22146 / PsJN) (Burkholderia phytofirmans)
O52972	1764	cellular organisms (no rank), Bacteria (domain), Bacillati (kingdom), Actinomycetota (phylum), Actinomycetes (class), Mycobacteriales (order), Mycobacteriaceae (family), Mycobacterium (genus), Mycobacterium avium complex (MAC) (no rank)	Mycobacterium avium
P80306	1061	cellular organisms (no rank), Bacteria (domain), Pseudomonadati (kingdom), Pseudomonadota (phylum), Alphaproteobacteria (class), Rhodobacterales (order), Rhodobacter group (no rank), Rhodobacter (genus)	Rhodobacter capsulatus (Rhodopseudomonas capsulata)
P22222	1710	cellular organisms (no rank), Bacteria (domain), Bacillati (kingdom), Actinomycetota (phylum), Actinomycetes (class), Micrococcales (order), Promicromonosporaceae (family), Cellulosimicrobium (genus)	Cellulosimicrobium cellulans (Arthrobacter luteus)
C4K2E0	562019	cellular organisms (no rank), Bacteria (domain), Pseudomonadati (kingdom), Pseudomonadota (phylum), Alphaproteobacteria (class), Rickettsiales (order), Rickettsiaceae (family), Rickettsieae (tribe), Rickettsia (genus), spotted fever group (no rank), Rickettsia peacockii (species)	Rickettsia peacockii (strain Rustic)
A5FZM1	349163	cellular organisms (no rank), Bacteria (domain), Pseudomonadati (kingdom), Pseudomonadota (phylum), Alphaproteobacteria (class), Acetobacterales (order), Acidocellaceae (family), Acidiphilium (genus), Acidiphilium cryptum (species)	Acidiphilium cryptum (strain JF-5)
O34296	373	cellular organisms (no rank), Bacteria (domain), Pseudomonadati (kingdom), Pseudomonadota (phylum), Alphaproteobacteria (class), Hyphomicrobiales (order), Rhizobiaceae (family), Gillisella (genus)	Gillisella vitis (Agrobacterium vitis)
Q08IS0	297	cellular organisms (no rank), Bacteria (domain), Pseudomonadati (kingdom), Pseudomonadota (phylum), Hydrogenophilia (class), Hydrogenophilales (order), Hydrogenophilaceae (family), Hydrogenophilus (genus)	Hydrogenophilus thermoluteolus (Pseudomonas hydrogenothermophila)
B8GW64	565050	cellular organisms (no rank), Bacteria (domain), Pseudomonadati (kingdom), Pseudomonadota (phylum), Alphaproteobacteria (class), Caulobacterales (order), Caulobacteraceae (family), Caulobacter (genus), Caulobacter vibrioides (species)	Caulobacter vibrioides (strain NA1000 / CB15N) (Caulobacter crescentus)
P80175	1814	cellular organisms (no rank), Bacteria (domain), Bacillati (kingdom), Actinomycetota (phylum), Actinomycetes (class), Pseudonocardiales (order), Pseudonocardiaceae (family), Amycolatopsis (genus), Amycolatopsis methanolica group (no rank)	Amycolatopsis methanolica
P00458	573	cellular organisms (no rank), Bacteria (domain), Pseudomonadati (kingdom), Pseudomonadota (phylum), Gammaproteobacteria (class), Enterobacterales (order), Enterobacteriaceae (family), Klebsiella (genus), Klebsiella pneumoniae complex (no rank)	Klebsiella pneumoniae
A0A8I6G705	10116	cellular organisms (no rank), Eukaryota (domain), Opisthokonta (clade), Metazoa (kingdom), Eumetazoa (clade), Bilateria (clade), Deuterostomia (clade), Chordata (phylum), Craniata (subphylum), Vertebrata (clade), Gnathostomata (clade), Teleostomi (clade), Euteleostomi (clade), Sarcopterygii (superclass), Dipnotetrapodomorpha (clade), Tetrapoda (clade), Amniota (clade), Mammalia (class), Theria (clade), Eutheria (clade), Boreoeutheria (clade), Euarchontoglires (superorder), Glires (clade), Rodentia (order), Myomorpha (suborder), Muroidea (clade), Muridae (family), Murinae (subfamily), Rattus (genus)	Rattus norvegicus (Rat)
A0PPL6	362242	cellular organisms (no rank), Bacteria (domain), Bacillati (kingdom), Actinomycetota (phylum), Actinomycetes (class), Mycobacteriales (order), Mycobacteriaceae (family), Mycobacterium (genus), Mycobacterium ulcerans group (no rank), Mycobacterium ulcerans (species)	Mycobacterium ulcerans (strain Agy99)
Q1IED4	384676	cellular organisms (no rank), Bacteria (domain), Pseudomonadati (kingdom), Pseudomonadota (phylum), Gammaproteobacteria (class), Pseudomonadales (order), Pseudomonadaceae (family), Pseudomonas (genus), Pseudomonas entomophila (species)	Pseudomonas entomophila (strain DSM 28517 / CCUG 61470 / CECT 7985 / L48)
G4V4G6	104623	cellular organisms (no rank), Bacteria (domain), Pseudomonadati (kingdom), Pseudomonadota (phylum), Gammaproteobacteria (class), Enterobacterales (order), Pectobacteriaceae (family), Prodigiosinella (genus)	Prodigiosinella confusarubida (Serratia sp. (strain ATCC 39006))
Q83IS3	623	cellular organisms (no rank), Bacteria (domain), Pseudomonadati (kingdom), Pseudomonadota (phylum), Gammaproteobacteria (class), Enterobacterales (order), Enterobacteriaceae (family), Shigella (genus)	Shigella flexneri
B8F5Q9	557723	cellular organisms (no rank), Bacteria (domain), Pseudomonadati (kingdom), Pseudomonadota (phylum), Gammaproteobacteria (class), Pasteurellales (order), Pasteurellaceae (family), Glaesserella (genus), Glaesserella parasuis (species)	Glaesserella parasuis serovar 5 (strain SH0165) (Haemophilus parasuis)
A5UCC3	374930	cellular organisms (no rank), Bacteria (domain), Pseudomonadati (kingdom), Pseudomonadota (phylum), Gammaproteobacteria (class), Pasteurellales (order), Pasteurellaceae (family), Haemophilus (genus), Haemophilus influenzae (species)	Haemophilus influenzae (strain PittEE)
P00943	1422	cellular organisms (no rank), Bacteria (domain), Bacillati (kingdom), Bacillota (phylum), Bacilli (class), Caryophanales (order), Anoxybacillaceae (family), Geobacillus (genus)	Geobacillus stearothermophilus (Bacillus stearothermophilus)
P39888	1907	cellular organisms (no rank), Bacteria (domain), Bacillati (kingdom), Actinomycetota (phylum), Actinomycetes (class), Kitasatosporales (order), Streptomycetaceae (family), Streptomyces (genus)	Streptomyces glaucescens
A1RI92	351745	cellular organisms (no rank), Bacteria (domain), Pseudomonadati (kingdom), Pseudomonadota (phylum), Gammaproteobacteria (class), Alteromonadales (order), Shewanellaceae (family), Shewanella (genus), unclassified Shewanella (no rank)	Shewanella sp. (strain W3-18-1)
Q8ZAN0	632	cellular organisms (no rank), Bacteria (domain), Pseudomonadati (kingdom), Pseudomonadota (phylum), Gammaproteobacteria (class), Enterobacterales (order), Yersiniaceae (family), Yersinia (genus), Yersinia pseudotuberculosis complex (no rank)	Yersinia pestis
A6NFY7	9606	cellular organisms (no rank), Eukaryota (domain), Opisthokonta (clade), Metazoa (kingdom), Eumetazoa (clade), Bilateria (clade), Deuterostomia (clade), Chordata (phylum), Craniata (subphylum), Vertebrata (clade), Gnathostomata (clade), Teleostomi (clade), Euteleostomi (clade), Sarcopterygii (superclass), Dipnotetrapodomorpha (clade), Tetrapoda (clade), Amniota (clade), Mammalia (class), Theria (clade), Eutheria (clade), Boreoeutheria (clade), Euarchontoglires (superorder), Primates (order), Haplorrhini (suborder), Simiiformes (infraorder), Catarrhini (parvorder), Hominoidea (superfamily), Hominidae (family), Homininae (subfamily), Homo (genus)	Homo sapiens (Human)
A8A4N0	331112	cellular organisms (no rank), Bacteria (domain), Pseudomonadati (kingdom), Pseudomonadota (phylum), Gammaproteobacteria (class), Enterobacterales (order), Enterobacteriaceae (family), Escherichia (genus), Escherichia coli (species)	Escherichia coli O9:H4 (strain HS)
Q1CVJ4	246197	cellular organisms (no rank), Bacteria (domain), Pseudomonadati (kingdom), Myxococcota (phylum), Myxococcia (class), Myxococcales (order), Cystobacterineae (suborder), Myxococcaceae (family), Myxococcus (genus), Myxococcus xanthus (species)	Myxococcus xanthus (strain DK1622)
A6T923	272620	cellular organisms (no rank), Bacteria (domain), Pseudomonadati (kingdom), Pseudomonadota (phylum), Gammaproteobacteria (class), Enterobacterales (order), Enterobacteriaceae (family), Klebsiella (genus), Klebsiella pneumoniae complex (no rank), Klebsiella pneumoniae (species), Klebsiella pneumoniae subsp. pneumoniae (subspecies)	Klebsiella pneumoniae subsp. pneumoniae (strain ATCC 700721 / MGH 78578)
C0LGG8	3702	cellular organisms (no rank), Eukaryota (domain), Viridiplantae (kingdom), Streptophyta (phylum), Streptophytina (subphylum), Embryophyta (clade), Tracheophyta (clade), Euphyllophyta (clade), Spermatophyta (clade), Magnoliopsida (class), Mesangiospermae (clade), eudicotyledons (clade), Gunneridae (clade), Pentapetalae (clade), rosids (clade), malvids (clade), Brassicales (order), Brassicaceae (family), Camelineae (tribe), Arabidopsis (genus)	Arabidopsis thaliana (Mouse-ear cress)
Q58327	243232	cellular organisms (no rank), Archaea (domain), Methanobacteriati (kingdom), Methanobacteriota (phylum), Methanomada group (clade), Methanococci (class), Methanococcales (order), Methanocaldococcaceae (family), Methanocaldococcus (genus), Methanocaldococcus jannaschii (species)	Methanocaldococcus jannaschii (strain ATCC 43067 / DSM 2661 / JAL-1 / JCM 10045 / NBRC 100440) (Methanococcus jannaschii)
Q02189	32052	cellular organisms (no rank), Bacteria (domain), Bacillati (kingdom), Cyanobacteriota/Melainabacteria group (clade), Cyanobacteriota (phylum), Cyanophyceae (class), Synechococcales (order), Synechococcaceae (family), Synechococcus (genus), unclassified Synechococcus (no rank)	Synechococcus sp. (strain WH8020)
Q4R1S0	489459	Viruses (no rank), Riboviria (realm), Pararnavirae (kingdom), Artverviricota (phylum), Revtraviricetes (class), Blubervirales (order), Hepadnaviridae (family), Orthohepadnavirus (genus), Orthohepadnavirus hominoidei (species), Hepatitis B virus (no rank), hepatitis B virus genotype A (no rank), HBV genotype A3 (no rank)	Hepatitis B virus genotype A3 (isolate Cameroon/CMR711/1994) (HBV-A)
P04964	196627	cellular organisms (no rank), Bacteria (domain), Bacillati (kingdom), Actinomycetota (phylum), Actinomycetes (class), Mycobacteriales (order), Corynebacteriaceae (family), Corynebacterium (genus), Corynebacterium glutamicum (species)	Corynebacterium glutamicum (strain ATCC 13032 / DSM 20300 / JCM 1318 / BCRC 11384 / CCUG 27702 / LMG 3730 / NBRC 12168 / NCIMB 10025 / NRRL B-2784 / 534)
A4VTS0	391295	cellular organisms (no rank), Bacteria (domain), Bacillati (kingdom), Bacillota (phylum), Bacilli (class), Lactobacillales (order), Streptococcaceae (family), Streptococcus (genus), Streptococcus suis (species)	Streptococcus suis (strain 05ZYH33)
Q6D1A4	218491	cellular organisms (no rank), Bacteria (domain), Pseudomonadati (kingdom), Pseudomonadota (phylum), Gammaproteobacteria (class), Enterobacterales (order), Pectobacteriaceae (family), Pectobacterium (genus), Pectobacterium atrosepticum (species)	Pectobacterium atrosepticum (strain SCRI 1043 / ATCC BAA-672) (Erwinia carotovora subsp. atroseptica)
O33820	59405	cellular organisms (no rank), Bacteria (domain), Pseudomonadati (kingdom), Pseudomonadota (phylum), Betaproteobacteria (class), Rhodocyclales (order), Zoogloeaceae (family), Thauera (genus)	Thauera aromatica
Q9V2G1	272844	cellular organisms (no rank), Archaea (domain), Methanobacteriati (kingdom), Methanobacteriota (phylum), Thermococci (class), Thermococcales (order), Thermococcaceae (family), Pyrococcus (genus), Pyrococcus abyssi (species)	Pyrococcus abyssi (strain GE5 / Orsay)
P9WPK4	83331	cellular organisms (no rank), Bacteria (domain), Bacillati (kingdom), Actinomycetota (phylum), Actinomycetes (class), Mycobacteriales (order), Mycobacteriaceae (family), Mycobacterium (genus), Mycobacterium tuberculosis complex (no rank), Mycobacterium tuberculosis (species)	Mycobacterium tuberculosis (strain CDC 1551 / Oshkosh)
W5JXD7	646	cellular organisms (no rank), Bacteria (domain), Pseudomonadati (kingdom), Pseudomonadota (phylum), Gammaproteobacteria (class), Aeromonadales (order), Aeromonadaceae (family), Aeromonas (genus)	Aeromonas sobria
C1DSS8	322710	cellular organisms (no rank), Bacteria (domain), Pseudomonadati (kingdom), Pseudomonadota (phylum), Gammaproteobacteria (class), Pseudomonadales (order), Pseudomonadaceae (family), Azotobacter group (subfamily), Azotobacter (genus), Azotobacter vinelandii (species)	Azotobacter vinelandii (strain DJ / ATCC BAA-1303)
B2S7X6	430066	cellular organisms (no rank), Bacteria (domain), Pseudomonadati (kingdom), Pseudomonadota (phylum), Alphaproteobacteria (class), Hyphomicrobiales (order), Brucellaceae (family), Brucella/Ochrobactrum group (no rank), Brucella (genus), Brucella melitensis group (no rank), Brucella abortus (species)	Brucella abortus (strain S19)
A0A0M2HFA3	69370	cellular organisms (no rank), Bacteria (domain), Bacillati (kingdom), Actinomycetota (phylum), Actinomycetes (class), Micrococcales (order), Microbacteriaceae (family), Microbacterium (genus)	Microbacterium trichothecenolyticum (Aureobacterium trichothecenolyticum)
A1SLQ4	196162	cellular organisms (no rank), Bacteria (domain), Bacillati (kingdom), Actinomycetota (phylum), Actinomycetes (class), Propionibacteriales (order), Nocardioidaceae (family), Nocardioides (genus), unclassified Nocardioides (no rank)	Nocardioides sp. (strain ATCC BAA-499 / JS614)
P0DX82	1400155	cellular organisms (no rank), Bacteria (domain), Pseudomonadati (kingdom), Pseudomonadota (phylum), Gammaproteobacteria (class), Enterobacterales (order), Enterobacteriaceae (family), Enterobacter (genus), Enterobacter cloacae complex (no rank), Enterobacter hormaechei (species), Enterobacter hormaechei subsp. hoffmannii (subspecies)	Enterobacter hormaechei subsp. hoffmannii (strain UCI 50)
A4WD95	399742	cellular organisms (no rank), Bacteria (domain), Pseudomonadati (kingdom), Pseudomonadota (phylum), Gammaproteobacteria (class), Enterobacterales (order), Enterobacteriaceae (family), Enterobacter (genus), unclassified Enterobacter (no rank)	Enterobacter sp. (strain 638)
B3EHE8	290315	cellular organisms (no rank), Bacteria (domain), Pseudomonadati (kingdom), FCB group (clade), Bacteroidota/Chlorobiota group (clade), Chlorobiota (phylum), Chlorobiia (class), Chlorobiales (order), Chlorobiaceae (family), Chlorobium/Pelodictyon group (no rank), Chlorobium (genus), Chlorobium limicola (species)	Chlorobium limicola (strain DSM 245 / NBRC 103803 / 6330)
Q60136	1404	cellular organisms (no rank), Bacteria (domain), Bacillati (kingdom), Bacillota (phylum), Bacilli (class), Caryophanales (order), Bacillaceae (family), Priestia (genus)	Priestia megaterium (Bacillus megaterium)
E5Y7I4	563192	cellular organisms (no rank), Bacteria (domain), Pseudomonadati (kingdom), Thermodesulfobacteriota (phylum), Desulfovibrionia (class), Desulfovibrionales (order), Desulfovibrionaceae (family), Bilophila (genus), Bilophila wadsworthia (species)	Bilophila wadsworthia (strain 3_1_6)
Q3JZM2	205921	cellular organisms (no rank), Bacteria (domain), Bacillati (kingdom), Bacillota (phylum), Bacilli (class), Lactobacillales (order), Streptococcaceae (family), Streptococcus (genus), Streptococcus agalactiae (species), Streptococcus agalactiae serogroup Ia (serogroup)	Streptococcus agalactiae serotype Ia (strain ATCC 27591 / A909 / CDC SS700)
P75548	272634	cellular organisms (no rank), Bacteria (domain), Bacillati (kingdom), Mycoplasmatota (phylum), Mycoplasmoidales (order), Mycoplasmoidaceae (family), Mycoplasmoides (genus), Mycoplasmoides pneumoniae (species)	Mycoplasmoides pneumoniae (strain ATCC 29342 / M129 / Subtype 1) (Mycoplasma pneumoniae)
Q17XI1	382638	cellular organisms (no rank), Bacteria (domain), Pseudomonadati (kingdom), Campylobacterota (phylum), Epsilonproteobacteria (class), Campylobacterales (order), Helicobacteraceae (family), Helicobacter (genus), Helicobacter acinonychis (species)	Helicobacter acinonychis (strain Sheeba)
B8DKV6	883	cellular organisms (no rank), Bacteria (domain), Pseudomonadati (kingdom), Thermodesulfobacteriota (phylum), Desulfovibrionia (class), Desulfovibrionales (order), Desulfovibrionaceae (family), Nitratidesulfovibrio (genus), Nitratidesulfovibrio vulgaris (species)	Nitratidesulfovibrio vulgaris (strain DSM 19637 / Miyazaki F) (Desulfovibrio vulgaris)
Q8KD71	194439	cellular organisms (no rank), Bacteria (domain), Pseudomonadati (kingdom), FCB group (clade), Bacteroidota/Chlorobiota group (clade), Chlorobiota (phylum), Chlorobiia (class), Chlorobiales (order), Chlorobiaceae (family), Chlorobaculum (genus), Chlorobaculum tepidum (species)	Chlorobaculum tepidum (strain ATCC 49652 / DSM 12025 / NBRC 103806 / TLS) (Chlorobium tepidum)
Q6F4N4	252514	cellular organisms (no rank), Bacteria (domain), Pseudomonadati (kingdom), Pseudomonadota (phylum), Gammaproteobacteria (class), Cellvibrionales (order), Microbulbiferaceae (family), Microbulbifer (genus)	Microbulbifer thermotolerans
P42384	262316	cellular organisms (no rank), Bacteria (domain), Bacillati (kingdom), Actinomycetota (phylum), Actinomycetes (class), Mycobacteriales (order), Mycobacteriaceae (family), Mycobacterium (genus), Mycobacterium avium complex (MAC) (no rank), Mycobacterium avium (species), Mycobacterium paratuberculosis (subspecies)	Mycolicibacterium paratuberculosis (strain ATCC BAA-968 / K-10) (Mycobacterium paratuberculosis)
A9BM59	398578	cellular organisms (no rank), Bacteria (domain), Pseudomonadati (kingdom), Pseudomonadota (phylum), Betaproteobacteria (class), Burkholderiales (order), Comamonadaceae (family), Delftia (genus), Delftia acidovorans (species)	Delftia acidovorans (strain DSM 14801 / SPH-1)
P27603	316	cellular organisms (no rank), Bacteria (domain), Pseudomonadati (kingdom), Pseudomonadota (phylum), Gammaproteobacteria (class), Pseudomonadales (order), Pseudomonadaceae (family), Stutzerimonas (genus), Stutzerimonas stutzeri group (no rank), Stutzerimonas stutzeri subgroup (no rank)	Stutzerimonas stutzeri (Pseudomonas stutzeri)
P11954	99287	cellular organisms (no rank), Bacteria (domain), Pseudomonadati (kingdom), Pseudomonadota (phylum), Gammaproteobacteria (class), Enterobacterales (order), Enterobacteriaceae (family), Salmonella (genus), Salmonella enterica (species), Salmonella enterica I (subspecies), Salmonella typhimurium (no rank)	Salmonella typhimurium (strain LT2 / SGSC1412 / ATCC 700720)
A5EWR9	246195	cellular organisms (no rank), Bacteria (domain), Pseudomonadati (kingdom), Pseudomonadota (phylum), Gammaproteobacteria (class), Cardiobacteriales (order), Cardiobacteriaceae (family), Dichelobacter (genus), Dichelobacter nodosus (species)	Dichelobacter nodosus (strain VCS1703A)
P11461	882102	cellular organisms (no rank), Bacteria (domain), Pseudomonadati (kingdom), Pseudomonadota (phylum), Gammaproteobacteria (class), Vibrionales (order), Vibrionaceae (family), Vibrio (genus), Vibrio anguillarum (species), Vibrio anguillarum serovar O1 (no rank)	Vibrio anguillarum (strain ATCC 68554 / 775) (Listonella anguillarum)
Q0I001	60481	cellular organisms (no rank), Bacteria (domain), Pseudomonadati (kingdom), Pseudomonadota (phylum), Gammaproteobacteria (class), Alteromonadales (order), Shewanellaceae (family), Shewanella (genus), unclassified Shewanella (no rank)	Shewanella sp. (strain MR-7)
Q146Y4	266265	cellular organisms (no rank), Bacteria (domain), Pseudomonadati (kingdom), Pseudomonadota (phylum), Betaproteobacteria (class), Burkholderiales (order), Burkholderiaceae (family), Paraburkholderia (genus), Paraburkholderia xenovorans (species)	Paraburkholderia xenovorans (strain LB400)
Q6YP15	1280	cellular organisms (no rank), Bacteria (domain), Bacillati (kingdom), Bacillota (phylum), Bacilli (class), Caryophanales (order), Staphylococcaceae (family), Staphylococcus (genus)	Staphylococcus aureus
P23670	272562	cellular organisms (no rank), Bacteria (domain), Bacillati (kingdom), Bacillota (phylum), Clostridia (class), Eubacteriales (order), Clostridiaceae (family), Clostridium (genus), Clostridium acetobutylicum (species)	Clostridium acetobutylicum (strain ATCC 824 / DSM 792 / JCM 1419 / IAM 19013 / LMG 5710 / NBRC 13948 / NRRL B-527 / VKM B-1787 / 2291 / W)
Q44493	354	cellular organisms (no rank), Bacteria (domain), Pseudomonadati (kingdom), Pseudomonadota (phylum), Gammaproteobacteria (class), Pseudomonadales (order), Pseudomonadaceae (family), Azotobacter group (subfamily), Azotobacter (genus)	Azotobacter vinelandii
Q3MEJ8	240292	cellular organisms (no rank), Bacteria (domain), Bacillati (kingdom), Cyanobacteriota/Melainabacteria group (clade), Cyanobacteriota (phylum), Cyanophyceae (class), Nostocales (order), Nostocaceae (family), Trichormus (genus), Anabaena variabilis (species)	Trichormus variabilis (strain ATCC 29413 / PCC 7937) (Anabaena variabilis)
Q55721	1111708	cellular organisms (no rank), Bacteria (domain), Bacillati (kingdom), Cyanobacteriota/Melainabacteria group (clade), Cyanobacteriota (phylum), Cyanophyceae (class), Synechococcales (order), Merismopediaceae (family), Synechocystis (genus), unclassified Synechocystis (no rank), Synechocystis sp. PCC 6803 (species)	Synechocystis sp. (strain ATCC 27184 / PCC 6803 / Kazusa)
A0KU81	94122	cellular organisms (no rank), Bacteria (domain), Pseudomonadati (kingdom), Pseudomonadota (phylum), Gammaproteobacteria (class), Alteromonadales (order), Shewanellaceae (family), Shewanella (genus), unclassified Shewanella (no rank)	Shewanella sp. (strain ANA-3)
P0A7E7	83334	cellular organisms (no rank), Bacteria (domain), Pseudomonadati (kingdom), Pseudomonadota (phylum), Gammaproteobacteria (class), Enterobacterales (order), Enterobacteriaceae (family), Escherichia (genus), Escherichia coli (species)	Escherichia coli O157:H7
Q5XDJ2	286636	cellular organisms (no rank), Bacteria (domain), Bacillati (kingdom), Bacillota (phylum), Bacilli (class), Lactobacillales (order), Streptococcaceae (family), Streptococcus (genus), Streptococcus pyogenes (species), Streptococcus pyogenes serotype M6 (serotype)	Streptococcus pyogenes serotype M6 (strain ATCC BAA-946 / MGAS10394)
Q97ZF5	273057	cellular organisms (no rank), Archaea (domain), Thermoproteati (kingdom), Thermoproteota (phylum), Thermoprotei (class), Sulfolobales (order), Sulfolobaceae (family), Saccharolobus (genus), Saccharolobus solfataricus (species)	Saccharolobus solfataricus (strain ATCC 35092 / DSM 1617 / JCM 11322 / P2) (Sulfolobus solfataricus)
A9N9S2	360115	cellular organisms (no rank), Bacteria (domain), Pseudomonadati (kingdom), Pseudomonadota (phylum), Gammaproteobacteria (class), Legionellales (order), Coxiellaceae (family), Coxiella (genus), Coxiella burnetii (species)	Coxiella burnetii (strain RSA 331 / Henzerling II)
Q8XZ85	267608	cellular organisms (no rank), Bacteria (domain), Pseudomonadati (kingdom), Pseudomonadota (phylum), Betaproteobacteria (class), Burkholderiales (order), Burkholderiaceae (family), Ralstonia (genus), Ralstonia solanacearum species complex (no rank), Ralstonia pseudosolanacearum (species)	Ralstonia nicotianae (strain ATCC BAA-1114 / GMI1000) (Ralstonia solanacearum)
A8GDR7	399741	cellular organisms (no rank), Bacteria (domain), Pseudomonadati (kingdom), Pseudomonadota (phylum), Gammaproteobacteria (class), Enterobacterales (order), Yersiniaceae (family), Serratia (genus), Serratia proteamaculans (species)	Serratia proteamaculans (strain 568)
B0KH74	76869	cellular organisms (no rank), Bacteria (domain), Pseudomonadati (kingdom), Pseudomonadota (phylum), Gammaproteobacteria (class), Pseudomonadales (order), Pseudomonadaceae (family), Pseudomonas (genus), Pseudomonas putida group (no rank), Pseudomonas putida (species)	Pseudomonas putida (strain GB-1)
P29588	145262	cellular organisms (no rank), Archaea (domain), Methanobacteriati (kingdom), Methanobacteriota (phylum), Methanomada group (clade), Methanobacteria (class), Methanobacteriales (order), Methanobacteriaceae (family), Methanothermobacter (genus)	Methanothermobacter thermautotrophicus (Methanobacterium thermoformicicum)
Q5FS52	290633	cellular organisms (no rank), Bacteria (domain), Pseudomonadati (kingdom), Pseudomonadota (phylum), Alphaproteobacteria (class), Acetobacterales (order), Acetobacteraceae (family), Gluconobacter (genus), Gluconobacter oxydans (species)	Gluconobacter oxydans (strain 621H) (Gluconobacter suboxydans)
C0LTL9	457432	cellular organisms (no rank), Bacteria (domain), Bacillati (kingdom), Actinomycetota (phylum), Actinomycetes (class), Streptosporangiales (order), Streptosporangiaceae (family), Streptosporangium (genus)	Streptosporangium sibiricum
A5CZ96	370438	cellular organisms (no rank), Bacteria (domain), Bacillati (kingdom), Bacillota (phylum), Clostridia (class), Eubacteriales (order), Desulfotomaculaceae (family), Pelotomaculum (genus), Pelotomaculum thermopropionicum (species)	Pelotomaculum thermopropionicum (strain DSM 13744 / JCM 10971 / SI)
P0C061	47500	cellular organisms (no rank), Bacteria (domain), Bacillati (kingdom), Bacillota (phylum), Bacilli (class), Caryophanales (order), Paenibacillaceae (family), Aneurinibacillus group (no rank), Aneurinibacillus (genus)	Aneurinibacillus migulanus (Bacillus migulanus)
A4ILN7	420246	cellular organisms (no rank), Bacteria (domain), Bacillati (kingdom), Bacillota (phylum), Bacilli (class), Caryophanales (order), Anoxybacillaceae (family), Geobacillus (genus), Geobacillus thermodenitrificans (species)	Geobacillus thermodenitrificans (strain NG80-2)
A4SQW9	382245	cellular organisms (no rank), Bacteria (domain), Pseudomonadati (kingdom), Pseudomonadota (phylum), Gammaproteobacteria (class), Aeromonadales (order), Aeromonadaceae (family), Aeromonas (genus), Aeromonas salmonicida (species), Aeromonas salmonicida subsp. salmonicida (subspecies)	Aeromonas salmonicida (strain A449)
P0DXA5	263819	cellular organisms (no rank), Bacteria (domain), Pseudomonadati (kingdom), Pseudomonadota (phylum), Gammaproteobacteria (class), Enterobacterales (order), Yersiniaceae (family), Yersinia (genus)	Yersinia aleksiciae
Q9ZM69	85963	cellular organisms (no rank), Bacteria (domain), Pseudomonadati (kingdom), Campylobacterota (phylum), Epsilonproteobacteria (class), Campylobacterales (order), Helicobacteraceae (family), Helicobacter (genus), Helicobacter pylori (species)	Helicobacter pylori (strain J99 / ATCC 700824) (Campylobacter pylori J99)
Q0I0T3	60481	cellular organisms (no rank), Bacteria (domain), Pseudomonadati (kingdom), Pseudomonadota (phylum), Gammaproteobacteria (class), Alteromonadales (order), Shewanellaceae (family), Shewanella (genus), unclassified Shewanella (no rank)	Shewanella sp. (strain MR-7)
P43379	1397	cellular organisms (no rank), Bacteria (domain), Bacillati (kingdom), Bacillota (phylum), Bacilli (class), Caryophanales (order), Bacillaceae (family), Niallia (genus)	Niallia circulans (Bacillus circulans)
Q1I2I9	384676	cellular organisms (no rank), Bacteria (domain), Pseudomonadati (kingdom), Pseudomonadota (phylum), Gammaproteobacteria (class), Pseudomonadales (order), Pseudomonadaceae (family), Pseudomonas (genus), Pseudomonas entomophila (species)	Pseudomonas entomophila (strain DSM 28517 / CCUG 61470 / CECT 7985 / L48)
P0DXY3	561879	cellular organisms (no rank), Bacteria (domain), Bacillati (kingdom), Bacillota (phylum), Bacilli (class), Caryophanales (order), Bacillaceae (family), Bacillus (genus)	Bacillus safensis
Q1DCA2	246197	cellular organisms (no rank), Bacteria (domain), Pseudomonadati (kingdom), Myxococcota (phylum), Myxococcia (class), Myxococcales (order), Cystobacterineae (suborder), Myxococcaceae (family), Myxococcus (genus), Myxococcus xanthus (species)	Myxococcus xanthus (strain DK1622)
Q2J5Y1	106370	cellular organisms (no rank), Bacteria (domain), Bacillati (kingdom), Actinomycetota (phylum), Actinomycetes (class), Frankiales (order), Frankiaceae (family), Frankia (genus)	Frankia casuarinae (strain DSM 45818 / CECT 9043 / HFP020203 / CcI3)
B9LHK4	480224	cellular organisms (no rank), Bacteria (domain), Bacillati (kingdom), Chloroflexota (phylum), Chloroflexia (class), Chloroflexales (order), Chloroflexineae (suborder), Chloroflexaceae (family), Chloroflexus (genus), Chloroflexus aurantiacus (species)	Chloroflexus aurantiacus (strain ATCC 29364 / DSM 637 / Y-400-fl)
Q0PB48	192222	cellular organisms (no rank), Bacteria (domain), Pseudomonadati (kingdom), Campylobacterota (phylum), Epsilonproteobacteria (class), Campylobacterales (order), Campylobacteraceae (family), Campylobacter (genus), Campylobacter jejuni (species), Campylobacter jejuni subsp. jejuni (subspecies)	Campylobacter jejuni subsp. jejuni serotype O:2 (strain ATCC 700819 / NCTC 11168)
Q8EIJ1	211586	cellular organisms (no rank), Bacteria (domain), Pseudomonadati (kingdom), Pseudomonadota (phylum), Gammaproteobacteria (class), Alteromonadales (order), Shewanellaceae (family), Shewanella (genus), Shewanella oneidensis (species)	Shewanella oneidensis (strain ATCC 700550 / JCM 31522 / CIP 106686 / LMG 19005 / NCIMB 14063 / MR-1)
Q5LW89	246200	cellular organisms (no rank), Bacteria (domain), Pseudomonadati (kingdom), Pseudomonadota (phylum), Alphaproteobacteria (class), Rhodobacterales (order), Roseobacteraceae (family), Ruegeria (genus), Ruegeria pomeroyi (species)	Ruegeria pomeroyi (strain ATCC 700808 / DSM 15171 / DSS-3) (Silicibacter pomeroyi)
Q97SR4	170187	cellular organisms (no rank), Bacteria (domain), Bacillati (kingdom), Bacillota (phylum), Bacilli (class), Lactobacillales (order), Streptococcaceae (family), Streptococcus (genus), Streptococcus pneumoniae (species)	Streptococcus pneumoniae serotype 4 (strain ATCC BAA-334 / TIGR4)
Q9XB60	555	cellular organisms (no rank), Bacteria (domain), Pseudomonadati (kingdom), Pseudomonadota (phylum), Gammaproteobacteria (class), Enterobacterales (order), Pectobacteriaceae (family), Pectobacterium (genus), Pectobacterium carotovorum (species)	Pectobacterium carotovorum subsp. carotovorum (Erwinia carotovora subsp. carotovora)
Q8XHJ3	195102	cellular organisms (no rank), Bacteria (domain), Bacillati (kingdom), Bacillota (phylum), Clostridia (class), Eubacteriales (order), Clostridiaceae (family), Clostridium (genus), Clostridium perfringens (species)	Clostridium perfringens (strain 13 / Type A)
P36762	10616	Viruses (no rank), Floreoviria (realm), Shotokuvirae (kingdom), Cossaviricota (phylum), Papovaviricetes (class), Zurhausenvirales (order), Papillomaviridae (family), Firstpapillomavirinae (subfamily), Betapapillomavirus (genus), Betapapillomavirus 3 (species)	Human papillomavirus type 49
P67734	233413	cellular organisms (no rank), Bacteria (domain), Bacillati (kingdom), Actinomycetota (phylum), Actinomycetes (class), Mycobacteriales (order), Mycobacteriaceae (family), Mycobacterium (genus), Mycobacterium tuberculosis complex (no rank), Mycobacterium tuberculosis (species), Mycobacterium bovis (biotype)	Mycobacterium bovis (strain ATCC BAA-935 / AF2122/97)
B7UX15	557722	cellular organisms (no rank), Bacteria (domain), Pseudomonadati (kingdom), Pseudomonadota (phylum), Gammaproteobacteria (class), Pseudomonadales (order), Pseudomonadaceae (family), Pseudomonas (genus), Pseudomonas aeruginosa group (no rank), Pseudomonas aeruginosa (species)	Pseudomonas aeruginosa (strain LESB58)
B5FBH1	388396	cellular organisms (no rank), Bacteria (domain), Pseudomonadati (kingdom), Pseudomonadota (phylum), Gammaproteobacteria (class), Vibrionales (order), Vibrionaceae (family), Aliivibrio (genus), Aliivibrio fischeri (species)	Aliivibrio fischeri (strain MJ11) (Vibrio fischeri)
P0A0C2	226185	cellular organisms (no rank), Bacteria (domain), Bacillati (kingdom), Bacillota (phylum), Bacilli (class), Lactobacillales (order), Enterococcaceae (family), Enterococcus (genus), Enterococcus faecalis (species)	Enterococcus faecalis (strain ATCC 700802 / V583)
Q3KJG6	205922	cellular organisms (no rank), Bacteria (domain), Pseudomonadati (kingdom), Pseudomonadota (phylum), Gammaproteobacteria (class), Pseudomonadales (order), Pseudomonadaceae (family), Pseudomonas (genus), Pseudomonas fluorescens group (no rank), Pseudomonas fluorescens (species)	Pseudomonas fluorescens (strain Pf0-1)
Q52675	1061	cellular organisms (no rank), Bacteria (domain), Pseudomonadati (kingdom), Pseudomonadota (phylum), Alphaproteobacteria (class), Rhodobacterales (order), Rhodobacter group (no rank), Rhodobacter (genus)	Rhodobacter capsulatus (Rhodopseudomonas capsulata)
Q9KHI5	1140	cellular organisms (no rank), Bacteria (domain), Bacillati (kingdom), Cyanobacteriota/Melainabacteria group (clade), Cyanobacteriota (phylum), Cyanophyceae (class), Synechococcales (order), Synechococcaceae (family), Synechococcus (genus), Synechococcus elongatus (species)	Synechococcus elongatus (strain ATCC 33912 / PCC 7942 / FACHB-805) (Anacystis nidulans R2)
O52063	47660	cellular organisms (no rank), Bacteria (domain), Pseudomonadati (kingdom), Pseudomonadota (phylum), Gammaproteobacteria (class), Pseudomonadales (order), Pseudomonadaceae (family), Pseudomonas (genus), unclassified Pseudomonas (no rank)	Pseudomonas sp. (strain ADP)
P0A0B7	93061	cellular organisms (no rank), Bacteria (domain), Bacillati (kingdom), Bacillota (phylum), Bacilli (class), Caryophanales (order), Staphylococcaceae (family), Staphylococcus (genus), Staphylococcus aureus (species)	Staphylococcus aureus (strain NCTC 8325 / PS 47)
A5WG19	349106	cellular organisms (no rank), Bacteria (domain), Pseudomonadati (kingdom), Pseudomonadota (phylum), Gammaproteobacteria (class), Moraxellales (order), Moraxellaceae (family), Psychrobacter (genus), unclassified Psychrobacter (no rank)	Psychrobacter sp. (strain PRwf-1)
O50202	1833	cellular organisms (no rank), Bacteria (domain), Bacillati (kingdom), Actinomycetota (phylum), Actinomycetes (class), Mycobacteriales (order), Nocardiaceae (family), Rhodococcus (genus), Rhodococcus erythropolis group (no rank)	Rhodococcus erythropolis (Arthrobacter picolinophilus)
Q2RSB2	269796	cellular organisms (no rank), Bacteria (domain), Pseudomonadati (kingdom), Pseudomonadota (phylum), Alphaproteobacteria (class), Rhodospirillales (order), Rhodospirillaceae (family), Rhodospirillum (genus), Rhodospirillum rubrum (species)	Rhodospirillum rubrum (strain ATCC 11170 / ATH 1.1.1 / DSM 467 / LMG 4362 / NCIMB 8255 / S1)
P96793	1589	cellular organisms (no rank), Bacteria (domain), Bacillati (kingdom), Bacillota (phylum), Bacilli (class), Lactobacillales (order), Lactobacillaceae (family), Lactiplantibacillus (genus)	Lactiplantibacillus pentosus (Lactobacillus pentosus)
A0A8G1A3Q5	528191	cellular organisms (no rank), Bacteria (domain), Bacillati (kingdom), Bacillota (phylum), Bacilli (class), Caryophanales (order), Paenibacillaceae (family), Paenibacillus (genus)	Paenibacillus xylanexedens
C0LGF4	3702	cellular organisms (no rank), Eukaryota (domain), Viridiplantae (kingdom), Streptophyta (phylum), Streptophytina (subphylum), Embryophyta (clade), Tracheophyta (clade), Euphyllophyta (clade), Spermatophyta (clade), Magnoliopsida (class), Mesangiospermae (clade), eudicotyledons (clade), Gunneridae (clade), Pentapetalae (clade), rosids (clade), malvids (clade), Brassicales (order), Brassicaceae (family), Camelineae (tribe), Arabidopsis (genus)	Arabidopsis thaliana (Mouse-ear cress)
A1SZY2	357804	cellular organisms (no rank), Bacteria (domain), Pseudomonadati (kingdom), Pseudomonadota (phylum), Gammaproteobacteria (class), Alteromonadales (order), Psychromonadaceae (family), Psychromonas (genus), Psychromonas ingrahamii (species)	Psychromonas ingrahamii (strain DSM 17664 / CCUG 51855 / 37)
P07553	83541	cellular organisms (no rank), Bacteria (domain), Bacillati (kingdom), Cyanobacteriota/Melainabacteria group (clade), Cyanobacteriota (phylum), Cyanophyceae (class), Nostocales (order), Hapalosiphonaceae (family), Mastigocladus (genus)	Mastigocladus laminosus (Fischerella sp.)
Q7MWK9	242619	cellular organisms (no rank), Bacteria (domain), Pseudomonadati (kingdom), FCB group (clade), Bacteroidota/Chlorobiota group (clade), Bacteroidota (phylum), Bacteroidia (class), Bacteroidales (order), Porphyromonadaceae (family), Porphyromonas (genus), Porphyromonas gingivalis (species)	Porphyromonas gingivalis (strain ATCC BAA-308 / W83)
A0MGZ7	7955	cellular organisms (no rank), Eukaryota (domain), Opisthokonta (clade), Metazoa (kingdom), Eumetazoa (clade), Bilateria (clade), Deuterostomia (clade), Chordata (phylum), Craniata (subphylum), Vertebrata (clade), Gnathostomata (clade), Teleostomi (clade), Euteleostomi (clade), Actinopterygii (superclass), Actinopteri (class), Neopterygii (subclass), Teleostei (infraclass), Osteoglossocephalai (clade), Clupeocephala (clade), Otomorpha (cohort), Ostariophysi (subcohort), Otophysi (clade), Cypriniphysae (superorder), Cypriniformes (order), Cyprinoidei (suborder), Danionidae (family), Danioninae (subfamily), Danio (genus)	Danio rerio (Zebrafish) (Brachydanio rerio)
Q8GRC8	266	cellular organisms (no rank), Bacteria (domain), Pseudomonadati (kingdom), Pseudomonadota (phylum), Alphaproteobacteria (class), Rhodobacterales (order), Paracoccaceae (family), Paracoccus (genus)	Paracoccus denitrificans
B8ZRH6	561304	cellular organisms (no rank), Bacteria (domain), Bacillati (kingdom), Actinomycetota (phylum), Actinomycetes (class), Mycobacteriales (order), Mycobacteriaceae (family), Mycobacterium (genus), Mycobacterium leprae (species)	Mycobacterium leprae (strain Br4923)
Q8CSW0	176280	cellular organisms (no rank), Bacteria (domain), Bacillati (kingdom), Bacillota (phylum), Bacilli (class), Caryophanales (order), Staphylococcaceae (family), Staphylococcus (genus), Staphylococcus epidermidis (species)	Staphylococcus epidermidis (strain ATCC 12228 / FDA PCI 1200)
Q24XW2	138119	cellular organisms (no rank), Bacteria (domain), Bacillati (kingdom), Bacillota (phylum), Clostridia (class), Eubacteriales (order), Desulfitobacteriaceae (family), Desulfitobacterium (genus), Desulfitobacterium hafniense (species)	Desulfitobacterium hafniense (strain Y51)
Q01770	525146	cellular organisms (no rank), Bacteria (domain), Pseudomonadati (kingdom), Thermodesulfobacteriota (phylum), Desulfovibrionia (class), Desulfovibrionales (order), Desulfovibrionaceae (family), Desulfovibrio (genus), Desulfovibrio desulfuricans (species)	Desulfovibrio desulfuricans (strain ATCC 27774 / DSM 6949 / MB)
Q59465	85962	cellular organisms (no rank), Bacteria (domain), Pseudomonadati (kingdom), Campylobacterota (phylum), Epsilonproteobacteria (class), Campylobacterales (order), Helicobacteraceae (family), Helicobacter (genus), Helicobacter pylori (species)	Helicobacter pylori (strain ATCC 700392 / 26695) (Campylobacter pylori)
Q9IK92	3052225	Viruses (no rank), Riboviria (realm), Orthornavirae (kingdom), Negarnaviricota (phylum), Haploviricotina (subphylum), Monjiviricetes (class), Mononegavirales (order), Paramyxoviridae (family), Orthoparamyxovirinae (subfamily), Henipavirus (genus)	Nipah virus
B2HMK0	216594	cellular organisms (no rank), Bacteria (domain), Bacillati (kingdom), Actinomycetota (phylum), Actinomycetes (class), Mycobacteriales (order), Mycobacteriaceae (family), Mycobacterium (genus), Mycobacterium ulcerans group (no rank), Mycobacterium marinum (species)	Mycobacterium marinum (strain ATCC BAA-535 / M)
Q9RDT5	1280	cellular organisms (no rank), Bacteria (domain), Bacillati (kingdom), Bacillota (phylum), Bacilli (class), Caryophanales (order), Staphylococcaceae (family), Staphylococcus (genus)	Staphylococcus aureus
Q8G6V1	206672	cellular organisms (no rank), Bacteria (domain), Bacillati (kingdom), Actinomycetota (phylum), Actinomycetes (class), Bifidobacteriales (order), Bifidobacteriaceae (family), Bifidobacterium (genus), Bifidobacterium longum (species)	Bifidobacterium longum (strain NCC 2705)
Q9AJS8	59405	cellular organisms (no rank), Bacteria (domain), Pseudomonadati (kingdom), Pseudomonadota (phylum), Betaproteobacteria (class), Rhodocyclales (order), Zoogloeaceae (family), Thauera (genus)	Thauera aromatica
B0T387	366602	cellular organisms (no rank), Bacteria (domain), Pseudomonadati (kingdom), Pseudomonadota (phylum), Alphaproteobacteria (class), Caulobacterales (order), Caulobacteraceae (family), Caulobacter (genus), unclassified Caulobacter (no rank)	Caulobacter sp. (strain K31)
P47304	243273	cellular organisms (no rank), Bacteria (domain), Bacillati (kingdom), Mycoplasmatota (phylum), Mycoplasmoidales (order), Mycoplasmoidaceae (family), Mycoplasmoides (genus), Mycoplasmoides genitalium (species)	Mycoplasmoides genitalium (strain ATCC 33530 / DSM 19775 / NCTC 10195 / G37) (Mycoplasma genitalium)
D7URM0	306	cellular organisms (no rank), Bacteria (domain), Pseudomonadati (kingdom), Pseudomonadota (phylum), Gammaproteobacteria (class), Pseudomonadales (order), Pseudomonadaceae (family), Pseudomonas (genus), unclassified Pseudomonas (no rank)	Pseudomonas sp
A0A0K2H9D8	272567	cellular organisms (no rank), Bacteria (domain), Bacillati (kingdom), Bacillota (phylum), Bacilli (class), Caryophanales (order), Anoxybacillaceae (family), Geobacillus (genus), Geobacillus stearothermophilus (species)	Geobacillus stearothermophilus (strain DSM 13240 / CIP 106956 / 10)
A4INM5	420246	cellular organisms (no rank), Bacteria (domain), Bacillati (kingdom), Bacillota (phylum), Bacilli (class), Caryophanales (order), Anoxybacillaceae (family), Geobacillus (genus), Geobacillus thermodenitrificans (species)	Geobacillus thermodenitrificans (strain NG80-2)
P0DUB8	41899	cellular organisms (no rank), Bacteria (domain), Pseudomonadati (kingdom), Pseudomonadota (phylum), Betaproteobacteria (class), Burkholderiales (order), Burkholderiaceae (family), Burkholderia (genus)	Burkholderia plantarii
Q7MZ92	243265	cellular organisms (no rank), Bacteria (domain), Pseudomonadati (kingdom), Pseudomonadota (phylum), Gammaproteobacteria (class), Enterobacterales (order), Morganellaceae (family), Photorhabdus (genus), Photorhabdus laumondii (species), Photorhabdus laumondii subsp. laumondii (subspecies)	Photorhabdus laumondii subsp. laumondii (strain DSM 15139 / CIP 105565 / TT01) (Photorhabdus luminescens subsp. laumondii)
B0C5D4	329726	cellular organisms (no rank), Bacteria (domain), Bacillati (kingdom), Cyanobacteriota/Melainabacteria group (clade), Cyanobacteriota (phylum), Cyanophyceae (class), Acaryochloridales (order), Acaryochloridaceae (family), Acaryochloris (genus), Acaryochloris marina (species)	Acaryochloris marina (strain MBIC 11017)
Q2L4H3	1397	cellular organisms (no rank), Bacteria (domain), Bacillati (kingdom), Bacillota (phylum), Bacilli (class), Caryophanales (order), Bacillaceae (family), Niallia (genus)	Niallia circulans (Bacillus circulans)
C6CBG9	579405	cellular organisms (no rank), Bacteria (domain), Pseudomonadati (kingdom), Pseudomonadota (phylum), Gammaproteobacteria (class), Enterobacterales (order), Pectobacteriaceae (family), Musicola (genus), Musicola paradisiaca (species)	Musicola paradisiaca (strain Ech703) (Dickeya paradisiaca) (Dickeya dadantii)
O87953	663	cellular organisms (no rank), Bacteria (domain), Pseudomonadati (kingdom), Pseudomonadota (phylum), Gammaproteobacteria (class), Vibrionales (order), Vibrionaceae (family), Vibrio (genus), Vibrio harveyi group (no rank)	Vibrio alginolyticus
P80505	1111708	cellular organisms (no rank), Bacteria (domain), Bacillati (kingdom), Cyanobacteriota/Melainabacteria group (clade), Cyanobacteriota (phylum), Cyanophyceae (class), Synechococcales (order), Merismopediaceae (family), Synechocystis (genus), unclassified Synechocystis (no rank), Synechocystis sp. PCC 6803 (species)	Synechocystis sp. (strain ATCC 27184 / PCC 6803 / Kazusa)
D6N7U5	643403	cellular organisms (no rank), Bacteria (domain), Bacillati (kingdom), Actinomycetota (phylum), Actinomycetes (class), Kitasatosporales (order), Streptomycetaceae (family), Streptomyces (genus), unclassified Streptomyces (no rank)	Streptomyces sp. (strain MK730-62F2)
Q8DG12	216895	cellular organisms (no rank), Bacteria (domain), Pseudomonadati (kingdom), Pseudomonadota (phylum), Gammaproteobacteria (class), Vibrionales (order), Vibrionaceae (family), Vibrio (genus), Vibrio vulnificus (species)	Vibrio vulnificus (strain CMCP6)
Q87MM3	223926	cellular organisms (no rank), Bacteria (domain), Pseudomonadati (kingdom), Pseudomonadota (phylum), Gammaproteobacteria (class), Vibrionales (order), Vibrionaceae (family), Vibrio (genus), Vibrio harveyi group (no rank), Vibrio parahaemolyticus (species)	Vibrio parahaemolyticus serotype O3:K6 (strain RIMD 2210633)
Q3YVC1	300269	cellular organisms (no rank), Bacteria (domain), Pseudomonadati (kingdom), Pseudomonadota (phylum), Gammaproteobacteria (class), Enterobacterales (order), Enterobacteriaceae (family), Shigella (genus), Shigella sonnei (species)	Shigella sonnei (strain Ss046)
Q3Z6A1	243164	cellular organisms (no rank), Bacteria (domain), Bacillati (kingdom), Chloroflexota (phylum), Dehalococcoidia (class), Dehalococcoidales (order), Dehalococcoidaceae (family), Dehalococcoides (genus), Dehalococcoides mccartyi (species)	Dehalococcoides mccartyi (strain ATCC BAA-2266 / KCTC 15142 / 195) (Dehalococcoides ethenogenes (strain 195))
Q00924	29441	cellular organisms (no rank), Bacteria (domain), Pseudomonadati (kingdom), Pseudomonadota (phylum), Pseudomonadota incertae sedis (no rank), unclassified pseudomonads (no rank)	Pseudomonas sp. (strain NS671)
B7NJZ1	585057	cellular organisms (no rank), Bacteria (domain), Pseudomonadati (kingdom), Pseudomonadota (phylum), Gammaproteobacteria (class), Enterobacterales (order), Enterobacteriaceae (family), Escherichia (genus), Escherichia coli (species)	Escherichia coli O7:K1 (strain IAI39 / ExPEC)
P9WKJ0	83331	cellular organisms (no rank), Bacteria (domain), Bacillati (kingdom), Actinomycetota (phylum), Actinomycetes (class), Mycobacteriales (order), Mycobacteriaceae (family), Mycobacterium (genus), Mycobacterium tuberculosis complex (no rank), Mycobacterium tuberculosis (species)	Mycobacterium tuberculosis (strain CDC 1551 / Oshkosh)
J8G6Z1	1053222	cellular organisms (no rank), Bacteria (domain), Bacillati (kingdom), Bacillota (phylum), Bacilli (class), Caryophanales (order), Bacillaceae (family), Bacillus (genus), Bacillus cereus group (no rank), Bacillus cereus (species)	Bacillus cereus (strain MSX-D12)
P0DD53	193567	cellular organisms (no rank), Bacteria (domain), Bacillati (kingdom), Bacillota (phylum), Bacilli (class), Lactobacillales (order), Streptococcaceae (family), Streptococcus (genus), Streptococcus pyogenes (species), Streptococcus pyogenes serotype M3 (serotype)	Streptococcus pyogenes serotype M3 (strain SSI-1)
P0C1C3	555	cellular organisms (no rank), Bacteria (domain), Pseudomonadati (kingdom), Pseudomonadota (phylum), Gammaproteobacteria (class), Enterobacterales (order), Pectobacteriaceae (family), Pectobacterium (genus), Pectobacterium carotovorum (species)	Pectobacterium carotovorum subsp. carotovorum (Erwinia carotovora subsp. carotovora)
B2SEM7	441952	cellular organisms (no rank), Bacteria (domain), Pseudomonadati (kingdom), Pseudomonadota (phylum), Gammaproteobacteria (class), Thiotrichales (order), Francisellaceae (family), Francisella (genus), Francisella tularensis (species), Francisella tularensis subsp. mediasiatica (subspecies)	Francisella tularensis subsp. mediasiatica (strain FSC147)
Q2W6Y7	342108	cellular organisms (no rank), Bacteria (domain), Pseudomonadati (kingdom), Pseudomonadota (phylum), Alphaproteobacteria (class), Rhodospirillales (order), Magnetospirillaceae (family), Paramagnetospirillum (genus), Paramagnetospirillum magneticum (species)	Paramagnetospirillum magneticum (strain ATCC 700264 / AMB-1) (Magnetospirillum magneticum)
Q6N9G0	258594	cellular organisms (no rank), Bacteria (domain), Pseudomonadati (kingdom), Pseudomonadota (phylum), Alphaproteobacteria (class), Hyphomicrobiales (order), Nitrobacteraceae (family), Rhodopseudomonas (genus), Rhodopseudomonas palustris (species)	Rhodopseudomonas palustris (strain ATCC BAA-98 / CGA009)
A5CQV0	443906	cellular organisms (no rank), Bacteria (domain), Bacillati (kingdom), Actinomycetota (phylum), Actinomycetes (class), Micrococcales (order), Microbacteriaceae (family), Clavibacter (genus), Clavibacter michiganensis (species), Clavibacter michiganensis subsp. michiganensis (subspecies)	Clavibacter michiganensis subsp. michiganensis (strain NCPPB 382)
Q28RE3	290400	cellular organisms (no rank), Bacteria (domain), Pseudomonadati (kingdom), Pseudomonadota (phylum), Alphaproteobacteria (class), Rhodobacterales (order), Roseobacteraceae (family), Jannaschia (genus), unclassified Jannaschia (no rank)	Jannaschia sp. (strain CCS1)
Q9F3C7	100226	cellular organisms (no rank), Bacteria (domain), Bacillati (kingdom), Actinomycetota (phylum), Actinomycetes (class), Kitasatosporales (order), Streptomycetaceae (family), Streptomyces (genus), Streptomyces albidoflavus group (no rank), Streptomyces coelicolor (species)	Streptomyces coelicolor (strain ATCC BAA-471 / A3(2) / M145)
P06968	83333	cellular organisms (no rank), Bacteria (domain), Pseudomonadati (kingdom), Pseudomonadota (phylum), Gammaproteobacteria (class), Enterobacterales (order), Enterobacteriaceae (family), Escherichia (genus), Escherichia coli (species)	Escherichia coli (strain K12)
Q3SNT2	323098	cellular organisms (no rank), Bacteria (domain), Pseudomonadati (kingdom), Pseudomonadota (phylum), Alphaproteobacteria (class), Hyphomicrobiales (order), Nitrobacteraceae (family), Nitrobacter (genus), Nitrobacter winogradskyi (species)	Nitrobacter winogradskyi (strain ATCC 25391 / DSM 10237 / CIP 104748 / NCIMB 11846 / Nb-255)
Q8Y5L9	169963	cellular organisms (no rank), Bacteria (domain), Bacillati (kingdom), Bacillota (phylum), Bacilli (class), Caryophanales (order), Listeriaceae (family), Listeria (genus), Listeria monocytogenes (species)	Listeria monocytogenes serovar 1/2a (strain ATCC BAA-679 / EGD-e)
P00898	99287	cellular organisms (no rank), Bacteria (domain), Pseudomonadati (kingdom), Pseudomonadota (phylum), Gammaproteobacteria (class), Enterobacterales (order), Enterobacteriaceae (family), Salmonella (genus), Salmonella enterica (species), Salmonella enterica I (subspecies), Salmonella typhimurium (no rank)	Salmonella typhimurium (strain LT2 / SGSC1412 / ATCC 700720)
Q0K845	381666	cellular organisms (no rank), Bacteria (domain), Pseudomonadati (kingdom), Pseudomonadota (phylum), Betaproteobacteria (class), Burkholderiales (order), Burkholderiaceae (family), Cupriavidus (genus), Cupriavidus necator (species)	Cupriavidus necator (strain ATCC 17699 / DSM 428 / KCTC 22496 / NCIMB 10442 / H16 / Stanier 337) (Ralstonia eutropha)
P32255	44689	cellular organisms (no rank), Eukaryota (domain), Amoebozoa (clade), Evosea (phylum), Eumycetozoa (class), Dictyostelia (clade), Dictyosteliales (order), Dictyosteliaceae (family), Dictyostelium (genus)	Dictyostelium discoideum (Social amoeba)
Q79VI7	196627	cellular organisms (no rank), Bacteria (domain), Bacillati (kingdom), Actinomycetota (phylum), Actinomycetes (class), Mycobacteriales (order), Corynebacteriaceae (family), Corynebacterium (genus), Corynebacterium glutamicum (species)	Corynebacterium glutamicum (strain ATCC 13032 / DSM 20300 / JCM 1318 / BCRC 11384 / CCUG 27702 / LMG 3730 / NBRC 12168 / NCIMB 10025 / NRRL B-2784 / 534)
Q6E0U3	669	cellular organisms (no rank), Bacteria (domain), Pseudomonadati (kingdom), Pseudomonadota (phylum), Gammaproteobacteria (class), Vibrionales (order), Vibrionaceae (family), Vibrio (genus), Vibrio harveyi group (no rank)	Vibrio harveyi (Beneckea harveyi)
O52251	768066	cellular organisms (no rank), Bacteria (domain), Pseudomonadati (kingdom), Pseudomonadota (phylum), Gammaproteobacteria (class), Oceanospirillales (order), Halomonadaceae (family), Halomonas (genus), Halomonas elongata (species)	Halomonas elongata (strain ATCC 33173 / DSM 2581 / NBRC 15536 / NCIMB 2198 / 1H9)
P38945	431943	cellular organisms (no rank), Bacteria (domain), Bacillati (kingdom), Bacillota (phylum), Clostridia (class), Eubacteriales (order), Clostridiaceae (family), Clostridium (genus), Clostridium kluyveri (species)	Clostridium kluyveri (strain ATCC 8527 / DSM 555 / NBRC 12016 / NCIMB 10680 / K1)
P72849	1111708	cellular organisms (no rank), Bacteria (domain), Bacillati (kingdom), Cyanobacteriota/Melainabacteria group (clade), Cyanobacteriota (phylum), Cyanophyceae (class), Synechococcales (order), Merismopediaceae (family), Synechocystis (genus), unclassified Synechocystis (no rank), Synechocystis sp. PCC 6803 (species)	Synechocystis sp. (strain ATCC 27184 / PCC 6803 / Kazusa)
P49250	548	cellular organisms (no rank), Bacteria (domain), Pseudomonadati (kingdom), Pseudomonadota (phylum), Gammaproteobacteria (class), Enterobacterales (order), Enterobacteriaceae (family), Klebsiella (genus)	Klebsiella aerogenes (Enterobacter aerogenes)
A0R4Y3	246196	cellular organisms (no rank), Bacteria (domain), Bacillati (kingdom), Actinomycetota (phylum), Actinomycetes (class), Mycobacteriales (order), Mycobacteriaceae (family), Mycolicibacterium (genus), Mycolicibacterium smegmatis (species)	Mycolicibacterium smegmatis (strain ATCC 700084 / mc(2)155) (Mycobacterium smegmatis)
Q02UU0	208963	cellular organisms (no rank), Bacteria (domain), Pseudomonadati (kingdom), Pseudomonadota (phylum), Gammaproteobacteria (class), Pseudomonadales (order), Pseudomonadaceae (family), Pseudomonas (genus), Pseudomonas aeruginosa group (no rank), Pseudomonas aeruginosa (species)	Pseudomonas aeruginosa (strain UCBPP-PA14)
Q8GR70	1354	cellular organisms (no rank), Bacteria (domain), Bacillati (kingdom), Bacillota (phylum), Bacilli (class), Lactobacillales (order), Enterococcaceae (family), Enterococcus (genus)	Enterococcus hirae
A0A0H3M5A8	410289	cellular organisms (no rank), Bacteria (domain), Bacillati (kingdom), Actinomycetota (phylum), Actinomycetes (class), Mycobacteriales (order), Mycobacteriaceae (family), Mycobacterium (genus), Mycobacterium tuberculosis complex (no rank), Mycobacterium tuberculosis (species), Mycobacterium bovis (biotype), Mycobacterium tuberculosis variant bovis BCG (no rank)	Mycobacterium bovis (strain BCG / Pasteur 1173P2)
V6F4W4	431944	cellular organisms (no rank), Bacteria (domain), Pseudomonadati (kingdom), Pseudomonadota (phylum), Alphaproteobacteria (class), Rhodospirillales (order), Rhodospirillaceae (family), Magnetospirillum (genus), Magnetospirillum gryphiswaldense (species)	Magnetospirillum gryphiswaldense (strain DSM 6361 / JCM 21280 / NBRC 15271 / MSR-1)
C5G6D7	818	cellular organisms (no rank), Bacteria (domain), Pseudomonadati (kingdom), FCB group (clade), Bacteroidota/Chlorobiota group (clade), Bacteroidota (phylum), Bacteroidia (class), Bacteroidales (order), Bacteroidaceae (family), Bacteroides (genus)	Bacteroides thetaiotaomicron
Q46136	115852	cellular organisms (no rank), Bacteria (domain), Pseudomonadati (kingdom), FCB group (clade), Bacteroidota/Chlorobiota group (clade), Chlorobiota (phylum), Chlorobiia (class), Chlorobiales (order), Chlorobiaceae (family), Chlorobaculum (genus)	Chlorobaculum thiosulfatiphilum (Chlorobium limicola f.sp. thiosulfatophilum)
Q12PZ5	318161	cellular organisms (no rank), Bacteria (domain), Pseudomonadati (kingdom), Pseudomonadota (phylum), Gammaproteobacteria (class), Alteromonadales (order), Shewanellaceae (family), Shewanella (genus), Shewanella denitrificans (species)	Shewanella denitrificans (strain OS217 / ATCC BAA-1090 / DSM 15013)
P29986	103690	cellular organisms (no rank), Bacteria (domain), Bacillati (kingdom), Cyanobacteriota/Melainabacteria group (clade), Cyanobacteriota (phylum), Cyanophyceae (class), Nostocales (order), Nostocaceae (family), Nostoc (genus), unclassified Nostoc (no rank)	Nostoc sp. (strain PCC 7120 / SAG 25.82 / UTEX 2576)
P0ACT4	562	cellular organisms (no rank), Bacteria (domain), Pseudomonadati (kingdom), Pseudomonadota (phylum), Gammaproteobacteria (class), Enterobacterales (order), Enterobacteriaceae (family), Escherichia (genus)	Escherichia coli
P29495	754252	cellular organisms (no rank), Bacteria (domain), Bacillati (kingdom), Actinomycetota (phylum), Actinomycetes (class), Propionibacteriales (order), Propionibacteriaceae (family), Propionibacterium (genus), Propionibacterium freudenreichii (species), Propionibacterium freudenreichii subsp. shermanii (subspecies)	Propionibacterium freudenreichii subsp. shermanii (strain ATCC 9614 / DSM 4902 / CIP 103027 / NCIMB 8099 / CIRM-BIA1)
P50910	1956	cellular organisms (no rank), Bacteria (domain), Bacillati (kingdom), Actinomycetota (phylum), Actinomycetes (class), Kitasatosporales (order), Streptomycetaceae (family), Streptomyces (genus), Streptomyces diastaticus group (no rank)	Streptomyces diastaticus
P56740	1280	cellular organisms (no rank), Bacteria (domain), Bacillati (kingdom), Bacillota (phylum), Bacilli (class), Caryophanales (order), Staphylococcaceae (family), Staphylococcus (genus)	Staphylococcus aureus
B1ZQN4	452637	cellular organisms (no rank), Bacteria (domain), Pseudomonadati (kingdom), PVC group (clade), Verrucomicrobiota (phylum), Opitutia (class), Opitutales (order), Opitutaceae (family), Opitutus (genus), Opitutus terrae (species)	Opitutus terrae (strain DSM 11246 / JCM 15787 / PB90-1)
Q88FF8	160488	cellular organisms (no rank), Bacteria (domain), Pseudomonadati (kingdom), Pseudomonadota (phylum), Gammaproteobacteria (class), Pseudomonadales (order), Pseudomonadaceae (family), Pseudomonas (genus), Pseudomonas putida group (no rank), Pseudomonas putida (species)	Pseudomonas putida (strain ATCC 47054 / DSM 6125 / CFBP 8728 / NCIMB 11950 / KT2440)
Q8KS19	316	cellular organisms (no rank), Bacteria (domain), Pseudomonadati (kingdom), Pseudomonadota (phylum), Gammaproteobacteria (class), Pseudomonadales (order), Pseudomonadaceae (family), Stutzerimonas (genus), Stutzerimonas stutzeri group (no rank), Stutzerimonas stutzeri subgroup (no rank)	Stutzerimonas stutzeri (Pseudomonas stutzeri)
P0CL64	224326	cellular organisms (no rank), Bacteria (domain), Pseudomonadati (kingdom), Spirochaetota (phylum), Spirochaetia (class), Spirochaetales (order), Borreliaceae (family), Borreliella (genus), Borreliella burgdorferi (species)	Borreliella burgdorferi (strain ATCC 35210 / DSM 4680 / CIP 102532 / B31) (Borrelia burgdorferi)
P9WPK2	83331	cellular organisms (no rank), Bacteria (domain), Bacillati (kingdom), Actinomycetota (phylum), Actinomycetes (class), Mycobacteriales (order), Mycobacteriaceae (family), Mycobacterium (genus), Mycobacterium tuberculosis complex (no rank), Mycobacterium tuberculosis (species)	Mycobacterium tuberculosis (strain CDC 1551 / Oshkosh)
A9I0H0	340100	cellular organisms (no rank), Bacteria (domain), Pseudomonadati (kingdom), Pseudomonadota (phylum), Betaproteobacteria (class), Burkholderiales (order), Alcaligenaceae (family), Bordetella (genus), Bordetella petrii (species)	Bordetella petrii (strain ATCC BAA-461 / DSM 12804 / CCUG 43448 / CIP 107267 / Se-1111R)
Q8NKR9	69014	cellular organisms (no rank), Archaea (domain), Methanobacteriati (kingdom), Methanobacteriota (phylum), Thermococci (class), Thermococcales (order), Thermococcaceae (family), Thermococcus (genus), Thermococcus kodakarensis (species)	Thermococcus kodakarensis (strain ATCC BAA-918 / JCM 12380 / KOD1) (Pyrococcus kodakaraensis (strain KOD1))
C3L763	568206	cellular organisms (no rank), Bacteria (domain), Bacillati (kingdom), Bacillota (phylum), Bacilli (class), Caryophanales (order), Bacillaceae (family), Bacillus (genus), Bacillus cereus group (no rank), Bacillus anthracis (species)	Bacillus anthracis (strain CDC 684 / NRRL 3495)
Q6FZH5	283165	cellular organisms (no rank), Bacteria (domain), Pseudomonadati (kingdom), Pseudomonadota (phylum), Alphaproteobacteria (class), Hyphomicrobiales (order), Bartonellaceae (family), Bartonella (genus), Bartonella quintana (species)	Bartonella quintana (strain Toulouse) (Rochalimaea quintana)
B2HP67	216594	cellular organisms (no rank), Bacteria (domain), Bacillati (kingdom), Actinomycetota (phylum), Actinomycetes (class), Mycobacteriales (order), Mycobacteriaceae (family), Mycobacterium (genus), Mycobacterium ulcerans group (no rank), Mycobacterium marinum (species)	Mycobacterium marinum (strain ATCC BAA-535 / M)
A1TYR4	351348	cellular organisms (no rank), Bacteria (domain), Pseudomonadati (kingdom), Pseudomonadota (phylum), Gammaproteobacteria (class), Pseudomonadales (order), Marinobacteraceae (family), Marinobacter (genus), Marinobacter nauticus (species)	Marinobacter nauticus (strain ATCC 700491 / DSM 11845 / VT8) (Marinobacter aquaeolei)
A5WEG6	349106	cellular organisms (no rank), Bacteria (domain), Pseudomonadati (kingdom), Pseudomonadota (phylum), Gammaproteobacteria (class), Moraxellales (order), Moraxellaceae (family), Psychrobacter (genus), unclassified Psychrobacter (no rank)	Psychrobacter sp. (strain PRwf-1)
P0C767	928302	Viruses (no rank), Riboviria (realm), Pararnavirae (kingdom), Artverviricota (phylum), Revtraviricetes (class), Blubervirales (order), Hepadnaviridae (family), Orthohepadnavirus (genus), Orthohepadnavirus hominoidei (species), Hepatitis B virus (no rank), hepatitis B virus genotype C (no rank)	Hepatitis B virus genotype C subtype ayr (isolate Human/Japan/Okamoto/-) (HBV-C)
Q28S09	290400	cellular organisms (no rank), Bacteria (domain), Pseudomonadati (kingdom), Pseudomonadota (phylum), Alphaproteobacteria (class), Rhodobacterales (order), Roseobacteraceae (family), Jannaschia (genus), unclassified Jannaschia (no rank)	Jannaschia sp. (strain CCS1)
Q47910	256	cellular organisms (no rank), Bacteria (domain), Pseudomonadati (kingdom), FCB group (clade), Bacteroidota/Chlorobiota group (clade), Bacteroidota (phylum), Flavobacteriia (class), Flavobacteriales (order), Flavobacteriaceae (family), Myroides (genus)	Myroides odoratus (Flavobacterium odoratum)
A4THT9	386656	cellular organisms (no rank), Bacteria (domain), Pseudomonadati (kingdom), Pseudomonadota (phylum), Gammaproteobacteria (class), Enterobacterales (order), Yersiniaceae (family), Yersinia (genus), Yersinia pseudotuberculosis complex (no rank), Yersinia pestis (species)	Yersinia pestis (strain Pestoides F)
P37871	224308	cellular organisms (no rank), Bacteria (domain), Bacillati (kingdom), Bacillota (phylum), Bacilli (class), Caryophanales (order), Bacillaceae (family), Bacillus (genus), Bacillus subtilis group (no rank), Bacillus subtilis (species), Bacillus subtilis subsp. subtilis (subspecies)	Bacillus subtilis (strain 168)
P56876	85963	cellular organisms (no rank), Bacteria (domain), Pseudomonadati (kingdom), Campylobacterota (phylum), Epsilonproteobacteria (class), Campylobacterales (order), Helicobacteraceae (family), Helicobacter (genus), Helicobacter pylori (species)	Helicobacter pylori (strain J99 / ATCC 700824) (Campylobacter pylori J99)
Q57286	29466	cellular organisms (no rank), Bacteria (domain), Bacillati (kingdom), Bacillota (phylum), Negativicutes (class), Veillonellales (order), Veillonellaceae (family), Veillonella (genus)	Veillonella parvula (Staphylococcus parvulus)
Q45338	257313	cellular organisms (no rank), Bacteria (domain), Pseudomonadati (kingdom), Pseudomonadota (phylum), Betaproteobacteria (class), Burkholderiales (order), Alcaligenaceae (family), Bordetella (genus), Bordetella pertussis (species)	Bordetella pertussis (strain Tohama I / ATCC BAA-589 / NCTC 13251)
A5FG48	376686	cellular organisms (no rank), Bacteria (domain), Pseudomonadati (kingdom), FCB group (clade), Bacteroidota/Chlorobiota group (clade), Bacteroidota (phylum), Flavobacteriia (class), Flavobacteriales (order), Flavobacteriaceae (family), Flavobacterium (genus), Flavobacterium johnsoniae (species)	Flavobacterium johnsoniae (strain ATCC 17061 / DSM 2064 / JCM 8514 / BCRC 14874 / CCUG 350202 / NBRC 14942 / NCIMB 11054 / UW101) (Cytophaga johnsonae)
Q8YSZ3	103690	cellular organisms (no rank), Bacteria (domain), Bacillati (kingdom), Cyanobacteriota/Melainabacteria group (clade), Cyanobacteriota (phylum), Cyanophyceae (class), Nostocales (order), Nostocaceae (family), Nostoc (genus), unclassified Nostoc (no rank)	Nostoc sp. (strain PCC 7120 / SAG 25.82 / UTEX 2576)
Q9HY79	208964	cellular organisms (no rank), Bacteria (domain), Pseudomonadati (kingdom), Pseudomonadota (phylum), Gammaproteobacteria (class), Pseudomonadales (order), Pseudomonadaceae (family), Pseudomonas (genus), Pseudomonas aeruginosa group (no rank), Pseudomonas aeruginosa (species)	Pseudomonas aeruginosa (strain ATCC 15692 / DSM 22644 / CIP 104116 / JCM 14847 / LMG 12228 / 1C / PRS 101 / PAO1)
C1B7Z5	632772	cellular organisms (no rank), Bacteria (domain), Bacillati (kingdom), Actinomycetota (phylum), Actinomycetes (class), Mycobacteriales (order), Nocardiaceae (family), Rhodococcus (genus), Rhodococcus opacus (species)	Rhodococcus opacus (strain B4)
A3CPC4	388919	cellular organisms (no rank), Bacteria (domain), Bacillati (kingdom), Bacillota (phylum), Bacilli (class), Lactobacillales (order), Streptococcaceae (family), Streptococcus (genus), Streptococcus sanguinis (species)	Streptococcus sanguinis (strain SK36)
Q59543	17	cellular organisms (no rank), Bacteria (domain), Pseudomonadati (kingdom), Pseudomonadota (phylum), Betaproteobacteria (class), Nitrosomonadales (order), Methylophilaceae (family), Methylophilus (genus)	Methylophilus methylotrophus (Bacterium W3A1)
I0JWN7	1156937	cellular organisms (no rank), Bacteria (domain), Pseudomonadati (kingdom), PVC group (clade), Verrucomicrobiota (phylum), Methylacidiphilae (class), Methylacidiphilales (order), Methylacidiphilaceae (family), Methylacidiphilum (ex Ratnadevi et al. 2023) (genus), Candidatus Methylacidiphilum fumarolicum (species)	Methylacidiphilum fumariolicum (strain SolV)
Q9RRB6	243230	cellular organisms (no rank), Bacteria (domain), Thermotogati (kingdom), Deinococcota (phylum), Deinococci (class), Deinococcales (order), Deinococcaceae (family), Deinococcus (genus), Deinococcus radiodurans (species)	Deinococcus radiodurans (strain ATCC 13939 / DSM 20539 / JCM 16871 / CCUG 27074 / LMG 4051 / NBRC 15346 / NCIMB 9279 / VKM B-1422 / R1)
B7N0K1	585397	cellular organisms (no rank), Bacteria (domain), Pseudomonadati (kingdom), Pseudomonadota (phylum), Gammaproteobacteria (class), Enterobacterales (order), Enterobacteriaceae (family), Escherichia (genus), Escherichia coli (species)	Escherichia coli O81 (strain ED1a)
A4T6M7	350054	cellular organisms (no rank), Bacteria (domain), Bacillati (kingdom), Actinomycetota (phylum), Actinomycetes (class), Mycobacteriales (order), Mycobacteriaceae (family), Mycolicibacterium (genus), Mycolicibacterium gilvum (species)	Mycolicibacterium gilvum (strain PYR-GCK) (Mycobacterium gilvum (strain PYR-GCK))
Q9AGP8	1665	cellular organisms (no rank), Bacteria (domain), Bacillati (kingdom), Actinomycetota (phylum), Actinomycetes (class), Micrococcales (order), Micrococcaceae (family), Arthrobacter (genus)	Arthrobacter globiformis
B3QS43	517418	cellular organisms (no rank), Bacteria (domain), Pseudomonadati (kingdom), FCB group (clade), Bacteroidota/Chlorobiota group (clade), Chlorobiota (phylum), Chlorobiia (class), Chlorobiales (order), Chloroherpetonaceae (family), Chloroherpeton (genus), Chloroherpeton thalassium (species)	Chloroherpeton thalassium (strain ATCC 35110 / GB-78)
Q81T23	1392	cellular organisms (no rank), Bacteria (domain), Bacillati (kingdom), Bacillota (phylum), Bacilli (class), Caryophanales (order), Bacillaceae (family), Bacillus (genus), Bacillus cereus group (no rank)	Bacillus anthracis
A6V924	381754	cellular organisms (no rank), Bacteria (domain), Pseudomonadati (kingdom), Pseudomonadota (phylum), Gammaproteobacteria (class), Pseudomonadales (order), Pseudomonadaceae (family), Pseudomonas (genus), Pseudomonas aeruginosa group (no rank), Pseudomonas paraeruginosa (species)	Pseudomonas paraeruginosa (strain DSM 24068 / PA7) (Pseudomonas aeruginosa (strain PA7))
A4TC75	350054	cellular organisms (no rank), Bacteria (domain), Bacillati (kingdom), Actinomycetota (phylum), Actinomycetes (class), Mycobacteriales (order), Mycobacteriaceae (family), Mycolicibacterium (genus), Mycolicibacterium gilvum (species)	Mycolicibacterium gilvum (strain PYR-GCK) (Mycobacterium gilvum (strain PYR-GCK))
A3SK19	89187	cellular organisms (no rank), Bacteria (domain), Pseudomonadati (kingdom), Pseudomonadota (phylum), Alphaproteobacteria (class), Rhodobacterales (order), Roseobacteraceae (family), Roseovarius (genus), Roseovarius nubinhibens (species)	Roseovarius nubinhibens (strain ATCC BAA-591 / DSM 15170 / ISM)
P61495	274	cellular organisms (no rank), Bacteria (domain), Thermotogati (kingdom), Deinococcota (phylum), Deinococci (class), Thermales (order), Thermaceae (family), Thermus (genus)	Thermus thermophilus
Q9HHB6	186497	cellular organisms (no rank), Archaea (domain), Methanobacteriati (kingdom), Methanobacteriota (phylum), Thermococci (class), Thermococcales (order), Thermococcaceae (family), Pyrococcus (genus), Pyrococcus furiosus (species)	Pyrococcus furiosus (strain ATCC 43587 / DSM 3638 / JCM 8422 / Vc1)
Q21PN1	203122	cellular organisms (no rank), Bacteria (domain), Pseudomonadati (kingdom), Pseudomonadota (phylum), Gammaproteobacteria (class), Cellvibrionales (order), Cellvibrionaceae (family), Saccharophagus (genus), Saccharophagus degradans (species)	Saccharophagus degradans (strain 2-40 / ATCC 43961 / DSM 17024)
P80435	1892	cellular organisms (no rank), Bacteria (domain), Bacillati (kingdom), Actinomycetota (phylum), Actinomycetes (class), Kitasatosporales (order), Streptomycetaceae (family), Streptomyces (genus), Streptomyces griseus group (no rank), Streptomyces anulatus subgroup (no rank)	Streptomyces anulatus (Streptomyces chrysomallus)
P00800	1427	cellular organisms (no rank), Bacteria (domain), Bacillati (kingdom), Bacillota (phylum), Bacilli (class), Caryophanales (order), Bacillaceae (family), Bacillus (genus)	Bacillus thermoproteolyticus
P42528	44689	cellular organisms (no rank), Eukaryota (domain), Amoebozoa (clade), Evosea (phylum), Eumycetozoa (class), Dictyostelia (clade), Dictyosteliales (order), Dictyosteliaceae (family), Dictyostelium (genus)	Dictyostelium discoideum (Social amoeba)
B4U198	552526	cellular organisms (no rank), Bacteria (domain), Bacillati (kingdom), Bacillota (phylum), Bacilli (class), Lactobacillales (order), Streptococcaceae (family), Streptococcus (genus), Streptococcus dysgalactiae group (no rank), Streptococcus equi (species), Streptococcus equi subsp. zooepidemicus (subspecies)	Streptococcus equi subsp. zooepidemicus (strain MGCS10565)
Q8EPD6	221109	cellular organisms (no rank), Bacteria (domain), Bacillati (kingdom), Bacillota (phylum), Bacilli (class), Caryophanales (order), Bacillaceae (family), Oceanobacillus (genus), Oceanobacillus iheyensis (species)	Oceanobacillus iheyensis (strain DSM 14371 / CIP 107618 / JCM 11309 / KCTC 3954 / HTE831)
B6E2X2	1061	cellular organisms (no rank), Bacteria (domain), Pseudomonadati (kingdom), Pseudomonadota (phylum), Alphaproteobacteria (class), Rhodobacterales (order), Rhodobacter group (no rank), Rhodobacter (genus)	Rhodobacter capsulatus (Rhodopseudomonas capsulata)
A8GI17	399741	cellular organisms (no rank), Bacteria (domain), Pseudomonadati (kingdom), Pseudomonadota (phylum), Gammaproteobacteria (class), Enterobacterales (order), Yersiniaceae (family), Serratia (genus), Serratia proteamaculans (species)	Serratia proteamaculans (strain 568)
P41560	77524	cellular organisms (no rank), Bacteria (domain), Pseudomonadati (kingdom), Pseudomonadota (phylum), Gammaproteobacteria (class), Alteromonadales (order), Colwelliaceae (family), Colwellia (genus)	Colwellia maris
B1JJ30	502800	cellular organisms (no rank), Bacteria (domain), Pseudomonadati (kingdom), Pseudomonadota (phylum), Gammaproteobacteria (class), Enterobacterales (order), Yersiniaceae (family), Yersinia (genus), Yersinia pseudotuberculosis complex (no rank), Yersinia pseudotuberculosis (species)	Yersinia pseudotuberculosis serotype O:3 (strain YPIII)
Q9CN30	272843	cellular organisms (no rank), Bacteria (domain), Pseudomonadati (kingdom), Pseudomonadota (phylum), Gammaproteobacteria (class), Pasteurellales (order), Pasteurellaceae (family), Pasteurella (genus), Pasteurella multocida (species), Pasteurella multocida subsp. multocida (subspecies)	Pasteurella multocida (strain Pm70)
P53627	1916	cellular organisms (no rank), Bacteria (domain), Bacillati (kingdom), Actinomycetota (phylum), Actinomycetes (class), Kitasatosporales (order), Streptomycetaceae (family), Streptomyces (genus)	Streptomyces lividans
C1CRR4	487213	cellular organisms (no rank), Bacteria (domain), Bacillati (kingdom), Bacillota (phylum), Bacilli (class), Lactobacillales (order), Streptococcaceae (family), Streptococcus (genus), Streptococcus pneumoniae (species)	Streptococcus pneumoniae (strain Taiwan19F-14)
Q9S1G7	33058	cellular organisms (no rank), Bacteria (domain), Pseudomonadati (kingdom), Pseudomonadota (phylum), Betaproteobacteria (class), Rhodocyclales (order), Zoogloeaceae (family), Thauera (genus)	Thauera selenatis
Q7U0A6	233413	cellular organisms (no rank), Bacteria (domain), Bacillati (kingdom), Actinomycetota (phylum), Actinomycetes (class), Mycobacteriales (order), Mycobacteriaceae (family), Mycobacterium (genus), Mycobacterium tuberculosis complex (no rank), Mycobacterium tuberculosis (species), Mycobacterium bovis (biotype)	Mycobacterium bovis (strain ATCC BAA-935 / AF2122/97)
Q9ZB35	47421	cellular organisms (no rank), Bacteria (domain), Pseudomonadati (kingdom), Pseudomonadota (phylum), Betaproteobacteria (class), Burkholderiales (order), Comamonadaceae (family), Hydrogenophaga (genus)	Hydrogenophaga pseudoflava (Pseudomonas carboxydoflava)
P29255	1111708	cellular organisms (no rank), Bacteria (domain), Bacillati (kingdom), Cyanobacteriota/Melainabacteria group (clade), Cyanobacteriota (phylum), Cyanophyceae (class), Synechococcales (order), Merismopediaceae (family), Synechocystis (genus), unclassified Synechocystis (no rank), Synechocystis sp. PCC 6803 (species)	Synechocystis sp. (strain ATCC 27184 / PCC 6803 / Kazusa)
A5U7L9	419947	cellular organisms (no rank), Bacteria (domain), Bacillati (kingdom), Actinomycetota (phylum), Actinomycetes (class), Mycobacteriales (order), Mycobacteriaceae (family), Mycobacterium (genus), Mycobacterium tuberculosis complex (no rank), Mycobacterium tuberculosis (species)	Mycobacterium tuberculosis (strain ATCC 25177 / H37Ra)
C1KWD4	568819	cellular organisms (no rank), Bacteria (domain), Bacillati (kingdom), Bacillota (phylum), Bacilli (class), Caryophanales (order), Listeriaceae (family), Listeria (genus), Listeria monocytogenes (species), Listeria monocytogenes serotype 4b (serotype)	Listeria monocytogenes serotype 4b (strain CLIP80459)
E7FHH1	186497	cellular organisms (no rank), Archaea (domain), Methanobacteriati (kingdom), Methanobacteriota (phylum), Thermococci (class), Thermococcales (order), Thermococcaceae (family), Pyrococcus (genus), Pyrococcus furiosus (species)	Pyrococcus furiosus (strain ATCC 43587 / DSM 3638 / JCM 8422 / Vc1)
P24295	1512	cellular organisms (no rank), Bacteria (domain), Bacillati (kingdom), Bacillota (phylum), Clostridia (class), Lachnospirales (order), Lachnospiraceae (family), Otoolea (genus)	Clostridium symbiosum (Bacteroides symbiosus)
D3JV03	1063	cellular organisms (no rank), Bacteria (domain), Pseudomonadati (kingdom), Pseudomonadota (phylum), Alphaproteobacteria (class), Rhodobacterales (order), Paracoccaceae (family), Cereibacter (genus)	Cereibacter sphaeroides (Rhodobacter sphaeroides)
Q1QT89	290398	cellular organisms (no rank), Bacteria (domain), Pseudomonadati (kingdom), Pseudomonadota (phylum), Gammaproteobacteria (class), Oceanospirillales (order), Halomonadaceae (family), Chromohalobacter (genus), Chromohalobacter israelensis (species)	Chromohalobacter israelensis (strain ATCC BAA-138 / DSM 3043 / CIP 106854 / NCIMB 13768 / 1H11) (Chromohalobacter salexigens)
A5A8K9	329726	cellular organisms (no rank), Bacteria (domain), Bacillati (kingdom), Cyanobacteriota/Melainabacteria group (clade), Cyanobacteriota (phylum), Cyanophyceae (class), Acaryochloridales (order), Acaryochloridaceae (family), Acaryochloris (genus), Acaryochloris marina (species)	Acaryochloris marina (strain MBIC 11017)
Q83BM8	227377	cellular organisms (no rank), Bacteria (domain), Pseudomonadati (kingdom), Pseudomonadota (phylum), Gammaproteobacteria (class), Legionellales (order), Coxiellaceae (family), Coxiella (genus), Coxiella burnetii (species)	Coxiella burnetii (strain RSA 493 / Nine Mile phase I)
P19734	79676	cellular organisms (no rank), Bacteria (domain), Pseudomonadati (kingdom), Pseudomonadota (phylum), Pseudomonadota incertae sedis (no rank), unclassified pseudomonads (no rank)	Pseudomonas sp. (strain CF600)
Q74LG2	257314	cellular organisms (no rank), Bacteria (domain), Bacillati (kingdom), Bacillota (phylum), Bacilli (class), Lactobacillales (order), Lactobacillaceae (family), Lactobacillus (genus), Lactobacillus johnsonii (species)	Lactobacillus johnsonii (strain CNCM I-12250 / La1 / NCC 533)
A3N0S5	416269	cellular organisms (no rank), Bacteria (domain), Pseudomonadati (kingdom), Pseudomonadota (phylum), Gammaproteobacteria (class), Pasteurellales (order), Pasteurellaceae (family), Actinobacillus (genus), Actinobacillus pleuropneumoniae (species), Actinobacillus pleuropneumoniae serovar 5 (no rank)	Actinobacillus pleuropneumoniae serotype 5b (strain L20)
E3PRJ5	499177	cellular organisms (no rank), Bacteria (domain), Bacillati (kingdom), Bacillota (phylum), Clostridia (class), Peptostreptococcales (order), Filifactoraceae (family), Acetoanaerobium (genus), Acetoanaerobium sticklandii (species)	Acetoanaerobium sticklandii (strain ATCC 12662 / DSM 519 / JCM 1433 / CCUG 9281 / NCIMB 10654 / HF) (Clostridium sticklandii)
A8R7E6	3702	cellular organisms (no rank), Eukaryota (domain), Viridiplantae (kingdom), Streptophyta (phylum), Streptophytina (subphylum), Embryophyta (clade), Tracheophyta (clade), Euphyllophyta (clade), Spermatophyta (clade), Magnoliopsida (class), Mesangiospermae (clade), eudicotyledons (clade), Gunneridae (clade), Pentapetalae (clade), rosids (clade), malvids (clade), Brassicales (order), Brassicaceae (family), Camelineae (tribe), Arabidopsis (genus)	Arabidopsis thaliana (Mouse-ear cress)
Q7TXM1	233413	cellular organisms (no rank), Bacteria (domain), Bacillati (kingdom), Actinomycetota (phylum), Actinomycetes (class), Mycobacteriales (order), Mycobacteriaceae (family), Mycobacterium (genus), Mycobacterium tuberculosis complex (no rank), Mycobacterium tuberculosis (species), Mycobacterium bovis (biotype)	Mycobacterium bovis (strain ATCC BAA-935 / AF2122/97)
Q0A9T9	187272	cellular organisms (no rank), Bacteria (domain), Pseudomonadati (kingdom), Pseudomonadota (phylum), Gammaproteobacteria (class), Chromatiales (order), Ectothiorhodospiraceae (family), Alkalilimnicola (genus), Alkalilimnicola ehrlichii (species)	Alkalilimnicola ehrlichii (strain ATCC BAA-1101 / DSM 17681 / MLHE-1)
Q5PBX6	234826	cellular organisms (no rank), Bacteria (domain), Pseudomonadati (kingdom), Pseudomonadota (phylum), Alphaproteobacteria (class), Rickettsiales (order), Anaplasmataceae (family), Anaplasma (genus), Anaplasma marginale (species)	Anaplasma marginale (strain St. Maries)
P51016	79676	cellular organisms (no rank), Bacteria (domain), Pseudomonadati (kingdom), Pseudomonadota (phylum), Pseudomonadota incertae sedis (no rank), unclassified pseudomonads (no rank)	Pseudomonas sp. (strain CF600)
Q9PDL7	160492	cellular organisms (no rank), Bacteria (domain), Pseudomonadati (kingdom), Pseudomonadota (phylum), Gammaproteobacteria (class), Lysobacterales (order), Lysobacteraceae (family), Xylella (genus), Xylella fastidiosa (species)	Xylella fastidiosa (strain 9a5c)
A7GCN5	441772	cellular organisms (no rank), Bacteria (domain), Bacillati (kingdom), Bacillota (phylum), Clostridia (class), Eubacteriales (order), Clostridiaceae (family), Clostridium (genus), Clostridium botulinum group (no rank), Clostridium botulinum (species), Clostridium botulinum F (no rank)	Clostridium botulinum (strain Langeland / NCTC 10281 / Type F)
A5CRX5	443906	cellular organisms (no rank), Bacteria (domain), Bacillati (kingdom), Actinomycetota (phylum), Actinomycetes (class), Micrococcales (order), Microbacteriaceae (family), Clavibacter (genus), Clavibacter michiganensis (species), Clavibacter michiganensis subsp. michiganensis (subspecies)	Clavibacter michiganensis subsp. michiganensis (strain NCPPB 382)
A3Q868	164757	cellular organisms (no rank), Bacteria (domain), Bacillati (kingdom), Actinomycetota (phylum), Actinomycetes (class), Mycobacteriales (order), Mycobacteriaceae (family), Mycobacterium (genus), unclassified Mycobacterium (no rank)	Mycobacterium sp. (strain JLS)
Q98I54	266835	cellular organisms (no rank), Bacteria (domain), Pseudomonadati (kingdom), Pseudomonadota (phylum), Alphaproteobacteria (class), Hyphomicrobiales (order), Phyllobacteriaceae (family), Mesorhizobium (genus), Mesorhizobium japonicum (species)	Mesorhizobium japonicum (strain LMG 29417 / CECT 9101 / MAFF 303099) (Mesorhizobium loti (strain MAFF 303099))
Q1WV30	362948	cellular organisms (no rank), Bacteria (domain), Bacillati (kingdom), Bacillota (phylum), Bacilli (class), Lactobacillales (order), Lactobacillaceae (family), Ligilactobacillus (genus), Ligilactobacillus salivarius (species)	Ligilactobacillus salivarius (strain UCC118) (Lactobacillus salivarius)
C5BPQ5	377629	cellular organisms (no rank), Bacteria (domain), Pseudomonadati (kingdom), Pseudomonadota (phylum), Gammaproteobacteria (class), Cellvibrionales (order), Cellvibrionaceae (family), Teredinibacter (genus), Teredinibacter turnerae (species)	Teredinibacter turnerae (strain ATCC 39867 / T7901)
P60170	128952	Viruses (no rank), Riboviria (realm), Orthornavirae (kingdom), Negarnaviricota (phylum), Haploviricotina (subphylum), Monjiviricetes (class), Mononegavirales (order), Filoviridae (family), Orthoebolavirus (genus), Orthoebolavirus zairense (species), Ebola virus (no rank)	Zaire ebolavirus (strain Mayinga-76) (ZEBOV) (Zaire Ebola virus)
Q3SEY2	292415	cellular organisms (no rank), Bacteria (domain), Pseudomonadati (kingdom), Pseudomonadota (phylum), Betaproteobacteria (class), Nitrosomonadales (order), Thiobacillaceae (family), Thiobacillus (genus), Thiobacillus denitrificans (species)	Thiobacillus denitrificans (strain ATCC 25259 / T1)
P28729	31620	Viruses (no rank), Riboviria (realm), Orthornavirae (kingdom), Negarnaviricota (phylum), Polyploviricotina (subphylum), Bunyaviricetes (class), Elliovirales (order), Hantaviridae (family), Mammantavirinae (subfamily), Orthohantavirus (genus), Orthohantavirus seoulense (species)	Seoul virus (strain R22)
Q0P8H3	192222	cellular organisms (no rank), Bacteria (domain), Pseudomonadati (kingdom), Campylobacterota (phylum), Epsilonproteobacteria (class), Campylobacterales (order), Campylobacteraceae (family), Campylobacter (genus), Campylobacter jejuni (species), Campylobacter jejuni subsp. jejuni (subspecies)	Campylobacter jejuni subsp. jejuni serotype O:2 (strain ATCC 700819 / NCTC 11168)
Q8ZNR5	99287	cellular organisms (no rank), Bacteria (domain), Pseudomonadati (kingdom), Pseudomonadota (phylum), Gammaproteobacteria (class), Enterobacterales (order), Enterobacteriaceae (family), Salmonella (genus), Salmonella enterica (species), Salmonella enterica I (subspecies), Salmonella typhimurium (no rank)	Salmonella typhimurium (strain LT2 / SGSC1412 / ATCC 700720)
K5BE02	1122247	cellular organisms (no rank), Bacteria (domain), Bacillati (kingdom), Actinomycetota (phylum), Actinomycetes (class), Mycobacteriales (order), Mycobacteriaceae (family), Mycolicibacterium (genus), Mycolicibacterium hassiacum (species)	Mycolicibacterium hassiacum (strain DSM 44199 / CIP 105218 / JCM 12690 / 3849) (Mycobacterium hassiacum)
A9B0X2	316274	cellular organisms (no rank), Bacteria (domain), Bacillati (kingdom), Chloroflexota (phylum), Chloroflexia (class), Herpetosiphonales (order), Herpetosiphonaceae (family), Herpetosiphon (genus), Herpetosiphon aurantiacus (species)	Herpetosiphon aurantiacus (strain ATCC 23779 / DSM 785 / 114-95)
P00101	316	cellular organisms (no rank), Bacteria (domain), Pseudomonadati (kingdom), Pseudomonadota (phylum), Gammaproteobacteria (class), Pseudomonadales (order), Pseudomonadaceae (family), Stutzerimonas (genus), Stutzerimonas stutzeri group (no rank), Stutzerimonas stutzeri subgroup (no rank)	Stutzerimonas stutzeri (Pseudomonas stutzeri)
B8DU78	442563	cellular organisms (no rank), Bacteria (domain), Bacillati (kingdom), Actinomycetota (phylum), Actinomycetes (class), Bifidobacteriales (order), Bifidobacteriaceae (family), Bifidobacterium (genus), Bifidobacterium animalis (species), Bifidobacterium animalis subsp. lactis (subspecies)	Bifidobacterium animalis subsp. lactis (strain AD011)
I6X9J4	395598	cellular organisms (no rank), Bacteria (domain), Pseudomonadati (kingdom), Pseudomonadota (phylum), Gammaproteobacteria (class), Pseudomonadales (order), Pseudomonadaceae (family), Pseudomonas (genus)	Pseudomonas reinekei
Q1IRD1	204669	cellular organisms (no rank), Bacteria (domain), Pseudomonadati (kingdom), Acidobacteriota (phylum), Terriglobia (class), Terriglobales (order), Candidatus Korobacteraceae (family), Candidatus Korobacter (genus), Candidatus Korobacter versatilis (species)	Koribacter versatilis (strain Ellin345)
Q83V25	294	cellular organisms (no rank), Bacteria (domain), Pseudomonadati (kingdom), Pseudomonadota (phylum), Gammaproteobacteria (class), Pseudomonadales (order), Pseudomonadaceae (family), Pseudomonas (genus), Pseudomonas fluorescens group (no rank)	Pseudomonas fluorescens
Q87T89	223926	cellular organisms (no rank), Bacteria (domain), Pseudomonadati (kingdom), Pseudomonadota (phylum), Gammaproteobacteria (class), Vibrionales (order), Vibrionaceae (family), Vibrio (genus), Vibrio harveyi group (no rank), Vibrio parahaemolyticus (species)	Vibrio parahaemolyticus serotype O3:K6 (strain RIMD 2210633)
P98002	266	cellular organisms (no rank), Bacteria (domain), Pseudomonadati (kingdom), Pseudomonadota (phylum), Alphaproteobacteria (class), Rhodobacterales (order), Paracoccaceae (family), Paracoccus (genus)	Paracoccus denitrificans
A4QCS3	340322	cellular organisms (no rank), Bacteria (domain), Bacillati (kingdom), Actinomycetota (phylum), Actinomycetes (class), Mycobacteriales (order), Corynebacteriaceae (family), Corynebacterium (genus), Corynebacterium glutamicum (species)	Corynebacterium glutamicum (strain R)
Q7WTU0	94122	cellular organisms (no rank), Bacteria (domain), Pseudomonadati (kingdom), Pseudomonadota (phylum), Gammaproteobacteria (class), Alteromonadales (order), Shewanellaceae (family), Shewanella (genus), unclassified Shewanella (no rank)	Shewanella sp. (strain ANA-3)
B2I2A7	405416	cellular organisms (no rank), Bacteria (domain), Pseudomonadati (kingdom), Pseudomonadota (phylum), Gammaproteobacteria (class), Moraxellales (order), Moraxellaceae (family), Acinetobacter (genus), Acinetobacter calcoaceticus/baumannii complex (no rank), Acinetobacter baumannii (species)	Acinetobacter baumannii (strain ACICU)
Q4JUN0	306537	cellular organisms (no rank), Bacteria (domain), Bacillati (kingdom), Actinomycetota (phylum), Actinomycetes (class), Mycobacteriales (order), Corynebacteriaceae (family), Corynebacterium (genus), Corynebacterium jeikeium (species)	Corynebacterium jeikeium (strain K411)
Q92NF6	266834	cellular organisms (no rank), Bacteria (domain), Pseudomonadati (kingdom), Pseudomonadota (phylum), Alphaproteobacteria (class), Hyphomicrobiales (order), Rhizobiaceae (family), Sinorhizobium/Ensifer group (no rank), Sinorhizobium (genus), Rhizobium meliloti (species)	Rhizobium meliloti (strain 1021) (Ensifer meliloti) (Sinorhizobium meliloti)
P0DOK0	11034	Viruses (no rank), Riboviria (realm), Orthornavirae (kingdom), Kitrinoviricota (phylum), Alsuviricetes (class), Martellivirales (order), Togaviridae (family), Alphavirus (genus), Alphavirus sindbis (species)	Sindbis virus (SINV)
C1CR31	487213	cellular organisms (no rank), Bacteria (domain), Bacillati (kingdom), Bacillota (phylum), Bacilli (class), Lactobacillales (order), Streptococcaceae (family), Streptococcus (genus), Streptococcus pneumoniae (species)	Streptococcus pneumoniae (strain Taiwan19F-14)
Q8P9V9	190485	cellular organisms (no rank), Bacteria (domain), Pseudomonadati (kingdom), Pseudomonadota (phylum), Gammaproteobacteria (class), Lysobacterales (order), Lysobacteraceae (family), Xanthomonas (genus), Xanthomonas campestris (species), Xanthomonas campestris pv. campestris (no rank)	Xanthomonas campestris pv. campestris (strain ATCC 33913 / DSM 3586 / NCPPB 528 / LMG 568 / P 25)
P03520	11285	Viruses (no rank), Riboviria (realm), Orthornavirae (kingdom), Negarnaviricota (phylum), Haploviricotina (subphylum), Monjiviricetes (class), Mononegavirales (order), Rhabdoviridae (family), Alpharhabdovirinae (subfamily), Vesiculovirus (genus), Vesiculovirus indiana (species), Vesicular stomatitis Indiana virus (no rank)	Vesicular stomatitis Indiana virus (strain San Juan) (VSIV)
A3MZC0	416269	cellular organisms (no rank), Bacteria (domain), Pseudomonadati (kingdom), Pseudomonadota (phylum), Gammaproteobacteria (class), Pasteurellales (order), Pasteurellaceae (family), Actinobacillus (genus), Actinobacillus pleuropneumoniae (species), Actinobacillus pleuropneumoniae serovar 5 (no rank)	Actinobacillus pleuropneumoniae serotype 5b (strain L20)
Q743L8	262316	cellular organisms (no rank), Bacteria (domain), Bacillati (kingdom), Actinomycetota (phylum), Actinomycetes (class), Mycobacteriales (order), Mycobacteriaceae (family), Mycobacterium (genus), Mycobacterium avium complex (MAC) (no rank), Mycobacterium avium (species), Mycobacterium paratuberculosis (subspecies)	Mycolicibacterium paratuberculosis (strain ATCC BAA-968 / K-10) (Mycobacterium paratuberculosis)
Q7U4P0	84588	cellular organisms (no rank), Bacteria (domain), Bacillati (kingdom), Cyanobacteriota/Melainabacteria group (clade), Cyanobacteriota (phylum), Cyanophyceae (class), Synechococcales (order), Prochlorococcaceae (family), Parasynechococcus (genus), Parasynechococcus marenigrum (species)	Parasynechococcus marenigrum (strain WH8102)
Q9RLS9	220668	cellular organisms (no rank), Bacteria (domain), Bacillati (kingdom), Bacillota (phylum), Bacilli (class), Lactobacillales (order), Lactobacillaceae (family), Lactiplantibacillus (genus), Lactiplantibacillus plantarum (species)	Lactiplantibacillus plantarum (strain ATCC BAA-793 / NCIMB 8826 / WCFS1) (Lactobacillus plantarum)
P20589	197575	cellular organisms (no rank), Bacteria (domain), Pseudomonadati (kingdom), Pseudomonadota (phylum), Gammaproteobacteria (class), Pasteurellales (order), Pasteurellaceae (family), Haemophilus (genus)	Haemophilus aegyptius
Q24U12	138119	cellular organisms (no rank), Bacteria (domain), Bacillati (kingdom), Bacillota (phylum), Clostridia (class), Eubacteriales (order), Desulfitobacteriaceae (family), Desulfitobacterium (genus), Desulfitobacterium hafniense (species)	Desulfitobacterium hafniense (strain Y51)
P0C691	489542	Viruses (no rank), Riboviria (realm), Pararnavirae (kingdom), Artverviricota (phylum), Revtraviricetes (class), Blubervirales (order), Hepadnaviridae (family), Avihepadnavirus (genus), Avihepadnavirus anatigruidae (species), Duck hepatitis B virus (no rank)	Duck hepatitis B virus (strain Germany/DHBV-3) (DHBV)
O85078	1667	cellular organisms (no rank), Bacteria (domain), Bacillati (kingdom), Actinomycetota (phylum), Actinomycetes (class), Micrococcales (order), Micrococcaceae (family), Arthrobacter (genus), unclassified Arthrobacter (no rank)	Arthrobacter sp
A8H242	398579	cellular organisms (no rank), Bacteria (domain), Pseudomonadati (kingdom), Pseudomonadota (phylum), Gammaproteobacteria (class), Alteromonadales (order), Shewanellaceae (family), Shewanella (genus), Shewanella pealeana (species)	Shewanella pealeana (strain ATCC 700345 / ANG-SQ1)
Q6DTN4	382	cellular organisms (no rank), Bacteria (domain), Pseudomonadati (kingdom), Pseudomonadota (phylum), Alphaproteobacteria (class), Hyphomicrobiales (order), Rhizobiaceae (family), Sinorhizobium/Ensifer group (no rank), Sinorhizobium (genus)	Rhizobium meliloti (Ensifer meliloti) (Sinorhizobium meliloti)
B8JBQ0	455488	cellular organisms (no rank), Bacteria (domain), Pseudomonadati (kingdom), Myxococcota (phylum), Myxococcia (class), Myxococcales (order), Cystobacterineae (suborder), Anaeromyxobacteraceae (family), Anaeromyxobacter (genus), Anaeromyxobacter dehalogenans (species)	Anaeromyxobacter dehalogenans (strain ATCC BAA-258 / DSM 21875 / 2CP-1)
Q4QMS5	281310	cellular organisms (no rank), Bacteria (domain), Pseudomonadati (kingdom), Pseudomonadota (phylum), Gammaproteobacteria (class), Pasteurellales (order), Pasteurellaceae (family), Haemophilus (genus), Haemophilus influenzae (species)	Haemophilus influenzae (strain 86-028NP)
Q06319	907	cellular organisms (no rank), Bacteria (domain), Bacillati (kingdom), Bacillota (phylum), Negativicutes (class), Veillonellales (order), Veillonellaceae (family), Megasphaera (genus)	Megasphaera elsdenii
Q47SC0	269800	cellular organisms (no rank), Bacteria (domain), Bacillati (kingdom), Actinomycetota (phylum), Actinomycetes (class), Streptosporangiales (order), Nocardiopsidaceae (family), Thermobifida (genus), Thermobifida fusca (species)	Thermobifida fusca (strain YX)
Q80S27	11023	Viruses (no rank), Riboviria (realm), Orthornavirae (kingdom), Kitrinoviricota (phylum), Alsuviricetes (class), Martellivirales (order), Togaviridae (family), Alphavirus (genus), Alphavirus middelburg (species)	Middelburg virus
Q2FZV7	93061	cellular organisms (no rank), Bacteria (domain), Bacillati (kingdom), Bacillota (phylum), Bacilli (class), Caryophanales (order), Staphylococcaceae (family), Staphylococcus (genus), Staphylococcus aureus (species)	Staphylococcus aureus (strain NCTC 8325 / PS 47)
Q12KC4	318161	cellular organisms (no rank), Bacteria (domain), Pseudomonadati (kingdom), Pseudomonadota (phylum), Gammaproteobacteria (class), Alteromonadales (order), Shewanellaceae (family), Shewanella (genus), Shewanella denitrificans (species)	Shewanella denitrificans (strain OS217 / ATCC BAA-1090 / DSM 15013)
Q98IA7	266835	cellular organisms (no rank), Bacteria (domain), Pseudomonadati (kingdom), Pseudomonadota (phylum), Alphaproteobacteria (class), Hyphomicrobiales (order), Phyllobacteriaceae (family), Mesorhizobium (genus), Mesorhizobium japonicum (species)	Mesorhizobium japonicum (strain LMG 29417 / CECT 9101 / MAFF 303099) (Mesorhizobium loti (strain MAFF 303099))
Q7NFT5	251221	cellular organisms (no rank), Bacteria (domain), Bacillati (kingdom), Cyanobacteriota/Melainabacteria group (clade), Cyanobacteriota (phylum), Cyanophyceae (class), Gloeobacterales (order), Gloeobacteraceae (family), Gloeobacter (genus), Gloeobacter violaceus (species)	Gloeobacter violaceus (strain ATCC 29082 / PCC 7421)
B1L8T8	126740	cellular organisms (no rank), Bacteria (domain), Thermotogati (kingdom), Thermotogota (phylum), Thermotogae (class), Thermotogales (order), Thermotogaceae (family), Thermotoga (genus), unclassified Thermotoga (no rank)	Thermotoga sp. (strain RQ2)
A1TA09	350058	cellular organisms (no rank), Bacteria (domain), Bacillati (kingdom), Actinomycetota (phylum), Actinomycetes (class), Mycobacteriales (order), Mycobacteriaceae (family), Mycolicibacterium (genus), Mycolicibacterium austroafricanum (species)	Mycolicibacterium vanbaalenii (strain DSM 7251 / JCM 13017 / BCRC 16820 / KCTC 9966 / NRRL B-24157 / PYR-1) (Mycobacterium vanbaalenii)
B0K4D7	399726	cellular organisms (no rank), Bacteria (domain), Bacillati (kingdom), Bacillota (phylum), Clostridia (class), Thermoanaerobacterales (order), Thermoanaerobacteraceae (family), Thermoanaerobacter (genus), unclassified Thermoanaerobacter (no rank)	Thermoanaerobacter sp. (strain X514)
Q0I9Y4	64471	cellular organisms (no rank), Bacteria (domain), Bacillati (kingdom), Cyanobacteriota/Melainabacteria group (clade), Cyanobacteriota (phylum), Cyanophyceae (class), Synechococcales (order), Synechococcaceae (family), Synechococcus (genus), unclassified Synechococcus (no rank)	Synechococcus sp. (strain CC9311)
A1UED7	189918	cellular organisms (no rank), Bacteria (domain), Bacillati (kingdom), Actinomycetota (phylum), Actinomycetes (class), Mycobacteriales (order), Mycobacteriaceae (family), Mycobacterium (genus), unclassified Mycobacterium (no rank)	Mycobacterium sp. (strain KMS)
O58802	70601	cellular organisms (no rank), Archaea (domain), Methanobacteriati (kingdom), Methanobacteriota (phylum), Thermococci (class), Thermococcales (order), Thermococcaceae (family), Pyrococcus (genus), Pyrococcus horikoshii (species)	Pyrococcus horikoshii (strain ATCC 700860 / DSM 12428 / JCM 9974 / NBRC 100139 / OT-3)
Q2FWH5	93061	cellular organisms (no rank), Bacteria (domain), Bacillati (kingdom), Bacillota (phylum), Bacilli (class), Caryophanales (order), Staphylococcaceae (family), Staphylococcus (genus), Staphylococcus aureus (species)	Staphylococcus aureus (strain NCTC 8325 / PS 47)
A0Q8I1	401614	cellular organisms (no rank), Bacteria (domain), Pseudomonadati (kingdom), Pseudomonadota (phylum), Gammaproteobacteria (class), Thiotrichales (order), Francisellaceae (family), Francisella (genus), Francisella tularensis (species), Francisella novicida (subspecies)	Francisella tularensis subsp. novicida (strain ATCC 15482 / CCUG 33449 / U112)
Q1LLI8	266264	cellular organisms (no rank), Bacteria (domain), Pseudomonadati (kingdom), Pseudomonadota (phylum), Betaproteobacteria (class), Burkholderiales (order), Burkholderiaceae (family), Cupriavidus (genus), Cupriavidus metallidurans (species)	Cupriavidus metallidurans (strain ATCC 43123 / DSM 2839 / NBRC 102507 / CH34) (Ralstonia metallidurans)
P0A446	197221	cellular organisms (no rank), Bacteria (domain), Bacillati (kingdom), Cyanobacteriota/Melainabacteria group (clade), Cyanobacteriota (phylum), Cyanophyceae (class), Acaryochloridales (order), Thermosynechococcaceae (family), Thermosynechococcus (genus), Thermosynechococcus vestitus (species)	Thermosynechococcus vestitus (strain NIES-2133 / IAM M-273 / BP-1)
P07774	62977	cellular organisms (no rank), Bacteria (domain), Pseudomonadati (kingdom), Pseudomonadota (phylum), Gammaproteobacteria (class), Moraxellales (order), Moraxellaceae (family), Acinetobacter (genus), Acinetobacter baylyi (species)	Acinetobacter baylyi (strain ATCC 33305 / BD413 / ADP1)
Q54240	1911	cellular organisms (no rank), Bacteria (domain), Bacillati (kingdom), Actinomycetota (phylum), Actinomycetes (class), Kitasatosporales (order), Streptomycetaceae (family), Streptomyces (genus), Streptomyces griseus group (no rank), Streptomyces griseus subgroup (no rank)	Streptomyces griseus
A8LY38	391037	cellular organisms (no rank), Bacteria (domain), Bacillati (kingdom), Actinomycetota (phylum), Actinomycetes (class), Micromonosporales (order), Micromonosporaceae (family), Salinispora (genus), Salinispora arenicola (species)	Salinispora arenicola (strain CNS-205)
Q6NH15	257309	cellular organisms (no rank), Bacteria (domain), Bacillati (kingdom), Actinomycetota (phylum), Actinomycetes (class), Mycobacteriales (order), Corynebacteriaceae (family), Corynebacterium (genus), Corynebacterium diphtheriae (species)	Corynebacterium diphtheriae (strain ATCC 700971 / NCTC 13129 / Biotype gravis)
P29913	266	cellular organisms (no rank), Bacteria (domain), Pseudomonadati (kingdom), Pseudomonadota (phylum), Alphaproteobacteria (class), Rhodobacterales (order), Paracoccaceae (family), Paracoccus (genus)	Paracoccus denitrificans
P11695	324602	cellular organisms (no rank), Bacteria (domain), Bacillati (kingdom), Chloroflexota (phylum), Chloroflexia (class), Chloroflexales (order), Chloroflexineae (suborder), Chloroflexaceae (family), Chloroflexus (genus), Chloroflexus aurantiacus (species)	Chloroflexus aurantiacus (strain ATCC 29366 / DSM 635 / J-10-fl)
C3KV06	515621	cellular organisms (no rank), Bacteria (domain), Bacillati (kingdom), Bacillota (phylum), Clostridia (class), Eubacteriales (order), Clostridiaceae (family), Clostridium (genus), Clostridium botulinum group (no rank), Clostridium botulinum (species), Clostridium botulinum B (no rank)	Clostridium botulinum (strain 657 / Type Ba4)
B5XZM7	507522	cellular organisms (no rank), Bacteria (domain), Pseudomonadati (kingdom), Pseudomonadota (phylum), Gammaproteobacteria (class), Enterobacterales (order), Enterobacteriaceae (family), Klebsiella (genus), Klebsiella pneumoniae complex (no rank), Klebsiella variicola (species)	Klebsiella variicola (strain 342) (Klebsiella pneumoniae)
A7MRY4	2902295	cellular organisms (no rank), Bacteria (domain), Pseudomonadati (kingdom), Pseudomonadota (phylum), Gammaproteobacteria (class), Vibrionales (order), Vibrionaceae (family), Vibrio (genus), Vibrio harveyi group (no rank), Vibrio campbellii (species)	Vibrio campbellii (strain ATCC BAA-1116)
A0QH68	243243	cellular organisms (no rank), Bacteria (domain), Bacillati (kingdom), Actinomycetota (phylum), Actinomycetes (class), Mycobacteriales (order), Mycobacteriaceae (family), Mycobacterium (genus), Mycobacterium avium complex (MAC) (no rank), Mycobacterium avium (species)	Mycobacterium avium (strain 104)
A4VGK4	379731	cellular organisms (no rank), Bacteria (domain), Pseudomonadati (kingdom), Pseudomonadota (phylum), Gammaproteobacteria (class), Pseudomonadales (order), Pseudomonadaceae (family), Stutzerimonas (genus), Stutzerimonas stutzeri group (no rank), Stutzerimonas stutzeri subgroup (no rank), Stutzerimonas stutzeri (species)	Stutzerimonas stutzeri (strain A1501) (Pseudomonas stutzeri)
Q9I4L5	208964	cellular organisms (no rank), Bacteria (domain), Pseudomonadati (kingdom), Pseudomonadota (phylum), Gammaproteobacteria (class), Pseudomonadales (order), Pseudomonadaceae (family), Pseudomonas (genus), Pseudomonas aeruginosa group (no rank), Pseudomonas aeruginosa (species)	Pseudomonas aeruginosa (strain ATCC 15692 / DSM 22644 / CIP 104116 / JCM 14847 / LMG 12228 / 1C / PRS 101 / PAO1)
Q67926	489463	Viruses (no rank), Riboviria (realm), Pararnavirae (kingdom), Artverviricota (phylum), Revtraviricetes (class), Blubervirales (order), Hepadnaviridae (family), Orthohepadnavirus (genus), Orthohepadnavirus hominoidei (species), Hepatitis B virus (no rank), Hepatitis B virus genotype B (no rank)	Hepatitis B virus genotype B2 subtype adw (isolate China/patient4/1996) (HBV-B)
P80373	300852	cellular organisms (no rank), Bacteria (domain), Thermotogati (kingdom), Deinococcota (phylum), Deinococci (class), Thermales (order), Thermaceae (family), Thermus (genus), Thermus thermophilus (species)	Thermus thermophilus (strain ATCC 27634 / DSM 579 / HB8)
B7UX51	557722	cellular organisms (no rank), Bacteria (domain), Pseudomonadati (kingdom), Pseudomonadota (phylum), Gammaproteobacteria (class), Pseudomonadales (order), Pseudomonadaceae (family), Pseudomonas (genus), Pseudomonas aeruginosa group (no rank), Pseudomonas aeruginosa (species)	Pseudomonas aeruginosa (strain LESB58)
P0C559	1772	cellular organisms (no rank), Bacteria (domain), Bacillati (kingdom), Actinomycetota (phylum), Actinomycetes (class), Mycobacteriales (order), Mycobacteriaceae (family), Mycolicibacterium (genus)	Mycolicibacterium smegmatis (Mycobacterium smegmatis)
Q93Q12	301	cellular organisms (no rank), Bacteria (domain), Pseudomonadati (kingdom), Pseudomonadota (phylum), Gammaproteobacteria (class), Pseudomonadales (order), Pseudomonadaceae (family), Ectopseudomonas (genus)	Ectopseudomonas oleovorans (Pseudomonas oleovorans)
P29783	1911	cellular organisms (no rank), Bacteria (domain), Bacillati (kingdom), Actinomycetota (phylum), Actinomycetes (class), Kitasatosporales (order), Streptomycetaceae (family), Streptomyces (genus), Streptomyces griseus group (no rank), Streptomyces griseus subgroup (no rank)	Streptomyces griseus
Q31VS0	300268	cellular organisms (no rank), Bacteria (domain), Pseudomonadati (kingdom), Pseudomonadota (phylum), Gammaproteobacteria (class), Enterobacterales (order), Enterobacteriaceae (family), Shigella (genus), Shigella boydii (species)	Shigella boydii serotype 4 (strain Sb227)
B2RUY7	9606	cellular organisms (no rank), Eukaryota (domain), Opisthokonta (clade), Metazoa (kingdom), Eumetazoa (clade), Bilateria (clade), Deuterostomia (clade), Chordata (phylum), Craniata (subphylum), Vertebrata (clade), Gnathostomata (clade), Teleostomi (clade), Euteleostomi (clade), Sarcopterygii (superclass), Dipnotetrapodomorpha (clade), Tetrapoda (clade), Amniota (clade), Mammalia (class), Theria (clade), Eutheria (clade), Boreoeutheria (clade), Euarchontoglires (superorder), Primates (order), Haplorrhini (suborder), Simiiformes (infraorder), Catarrhini (parvorder), Hominoidea (superfamily), Hominidae (family), Homininae (subfamily), Homo (genus)	Homo sapiens (Human)
P0A6B7	83333	cellular organisms (no rank), Bacteria (domain), Pseudomonadati (kingdom), Pseudomonadota (phylum), Gammaproteobacteria (class), Enterobacterales (order), Enterobacteriaceae (family), Escherichia (genus), Escherichia coli (species)	Escherichia coli (strain K12)
Q8KBX0	194439	cellular organisms (no rank), Bacteria (domain), Pseudomonadati (kingdom), FCB group (clade), Bacteroidota/Chlorobiota group (clade), Chlorobiota (phylum), Chlorobiia (class), Chlorobiales (order), Chlorobiaceae (family), Chlorobaculum (genus), Chlorobaculum tepidum (species)	Chlorobaculum tepidum (strain ATCC 49652 / DSM 12025 / NBRC 103806 / TLS) (Chlorobium tepidum)
Q8ZCR0	632	cellular organisms (no rank), Bacteria (domain), Pseudomonadati (kingdom), Pseudomonadota (phylum), Gammaproteobacteria (class), Enterobacterales (order), Yersiniaceae (family), Yersinia (genus), Yersinia pseudotuberculosis complex (no rank)	Yersinia pestis
B4SYC8	423368	cellular organisms (no rank), Bacteria (domain), Pseudomonadati (kingdom), Pseudomonadota (phylum), Gammaproteobacteria (class), Enterobacterales (order), Enterobacteriaceae (family), Salmonella (genus), Salmonella enterica (species), Salmonella enterica I (subspecies), Salmonella newport (no rank)	Salmonella newport (strain SL254)
O53561	83332	cellular organisms (no rank), Bacteria (domain), Bacillati (kingdom), Actinomycetota (phylum), Actinomycetes (class), Mycobacteriales (order), Mycobacteriaceae (family), Mycobacterium (genus), Mycobacterium tuberculosis complex (no rank), Mycobacterium tuberculosis (species)	Mycobacterium tuberculosis (strain ATCC 25618 / H37Rv)
Q65CX4	279010	cellular organisms (no rank), Bacteria (domain), Bacillati (kingdom), Bacillota (phylum), Bacilli (class), Caryophanales (order), Bacillaceae (family), Bacillus (genus), Bacillus subtilis group (no rank), Bacillus licheniformis (species)	Bacillus licheniformis (strain ATCC 14580 / DSM 13 / JCM 2505 / CCUG 7422 / NBRC 12200 / NCIMB 9375 / NCTC 10341 / NRRL NRS-1264 / Gibson 46)
Q0QLF5	1528	cellular organisms (no rank), Bacteria (domain), Bacillati (kingdom), Bacillota (phylum), Clostridia (class), Eubacteriales (order), Eubacteriaceae (family), Eubacterium (genus)	Eubacterium barkeri (Clostridium barkeri)
Q46495	644282	cellular organisms (no rank), Bacteria (domain), Pseudomonadati (kingdom), Thermodesulfobacteriota (phylum), Desulfarculia (class), Desulfarculales (order), Desulfarculaceae (family), Desulfarculus (genus), Desulfarculus baarsii (species)	Desulfarculus baarsii (strain ATCC 33931 / DSM 2075 / LMG 7858 / VKM B-1802 / 2st14)
Q8Y8Q5	169963	cellular organisms (no rank), Bacteria (domain), Bacillati (kingdom), Bacillota (phylum), Bacilli (class), Caryophanales (order), Listeriaceae (family), Listeria (genus), Listeria monocytogenes (species)	Listeria monocytogenes serovar 1/2a (strain ATCC BAA-679 / EGD-e)
A7ZE26	360104	cellular organisms (no rank), Bacteria (domain), Pseudomonadati (kingdom), Campylobacterota (phylum), Epsilonproteobacteria (class), Campylobacterales (order), Campylobacteraceae (family), Campylobacter (genus), Campylobacter concisus (species)	Campylobacter concisus (strain 13826)
A2A2Y4	9606	cellular organisms (no rank), Eukaryota (domain), Opisthokonta (clade), Metazoa (kingdom), Eumetazoa (clade), Bilateria (clade), Deuterostomia (clade), Chordata (phylum), Craniata (subphylum), Vertebrata (clade), Gnathostomata (clade), Teleostomi (clade), Euteleostomi (clade), Sarcopterygii (superclass), Dipnotetrapodomorpha (clade), Tetrapoda (clade), Amniota (clade), Mammalia (class), Theria (clade), Eutheria (clade), Boreoeutheria (clade), Euarchontoglires (superorder), Primates (order), Haplorrhini (suborder), Simiiformes (infraorder), Catarrhini (parvorder), Hominoidea (superfamily), Hominidae (family), Homininae (subfamily), Homo (genus)	Homo sapiens (Human)
Q55415	1111708	cellular organisms (no rank), Bacteria (domain), Bacillati (kingdom), Cyanobacteriota/Melainabacteria group (clade), Cyanobacteriota (phylum), Cyanophyceae (class), Synechococcales (order), Merismopediaceae (family), Synechocystis (genus), unclassified Synechocystis (no rank), Synechocystis sp. PCC 6803 (species)	Synechocystis sp. (strain ATCC 27184 / PCC 6803 / Kazusa)
Q6F6Y2	62977	cellular organisms (no rank), Bacteria (domain), Pseudomonadati (kingdom), Pseudomonadota (phylum), Gammaproteobacteria (class), Moraxellales (order), Moraxellaceae (family), Acinetobacter (genus), Acinetobacter baylyi (species)	Acinetobacter baylyi (strain ATCC 33305 / BD413 / ADP1)
Q72K04	262724	cellular organisms (no rank), Bacteria (domain), Thermotogati (kingdom), Deinococcota (phylum), Deinococci (class), Thermales (order), Thermaceae (family), Thermus (genus), Thermus thermophilus (species)	Thermus thermophilus (strain ATCC BAA-163 / DSM 7039 / HB27)
Q0I5G9	205914	cellular organisms (no rank), Bacteria (domain), Pseudomonadati (kingdom), Pseudomonadota (phylum), Gammaproteobacteria (class), Pasteurellales (order), Pasteurellaceae (family), Histophilus (genus), Histophilus somni (species)	Histophilus somni (strain 129Pt) (Haemophilus somnus)
Q8DKB5	197221	cellular organisms (no rank), Bacteria (domain), Bacillati (kingdom), Cyanobacteriota/Melainabacteria group (clade), Cyanobacteriota (phylum), Cyanophyceae (class), Acaryochloridales (order), Thermosynechococcaceae (family), Thermosynechococcus (genus), Thermosynechococcus vestitus (species)	Thermosynechococcus vestitus (strain NIES-2133 / IAM M-273 / BP-1)
Q54801	170187	cellular organisms (no rank), Bacteria (domain), Bacillati (kingdom), Bacillota (phylum), Bacilli (class), Lactobacillales (order), Streptococcaceae (family), Streptococcus (genus), Streptococcus pneumoniae (species)	Streptococcus pneumoniae serotype 4 (strain ATCC BAA-334 / TIGR4)
Q0P8I7	192222	cellular organisms (no rank), Bacteria (domain), Pseudomonadati (kingdom), Campylobacterota (phylum), Epsilonproteobacteria (class), Campylobacterales (order), Campylobacteraceae (family), Campylobacter (genus), Campylobacter jejuni (species), Campylobacter jejuni subsp. jejuni (subspecies)	Campylobacter jejuni subsp. jejuni serotype O:2 (strain ATCC 700819 / NCTC 11168)
Q6LQJ3	298386	cellular organisms (no rank), Bacteria (domain), Pseudomonadati (kingdom), Pseudomonadota (phylum), Gammaproteobacteria (class), Vibrionales (order), Vibrionaceae (family), Photobacterium (genus), Photobacterium profundum (species)	Photobacterium profundum (strain SS9)
Q891I2	212717	cellular organisms (no rank), Bacteria (domain), Bacillati (kingdom), Bacillota (phylum), Clostridia (class), Eubacteriales (order), Clostridiaceae (family), Clostridium (genus), Clostridium tetani (species)	Clostridium tetani (strain Massachusetts / E88)
C0ZL89	234621	cellular organisms (no rank), Bacteria (domain), Bacillati (kingdom), Actinomycetota (phylum), Actinomycetes (class), Mycobacteriales (order), Nocardiaceae (family), Rhodococcus (genus), Rhodococcus erythropolis group (no rank), Rhodococcus erythropolis (species)	Rhodococcus erythropolis (strain PR4 / NBRC 100887)
Q67QZ1	292459	cellular organisms (no rank), Bacteria (domain), Bacillati (kingdom), Bacillota (phylum), Clostridia (class), Eubacteriales (order), Symbiobacteriaceae (family), Symbiobacterium (genus), Symbiobacterium thermophilum (species)	Symbiobacterium thermophilum (strain DSM 24528 / JCM 14929 / IAM 14863 / T)
Q9AGA6	573	cellular organisms (no rank), Bacteria (domain), Pseudomonadati (kingdom), Pseudomonadota (phylum), Gammaproteobacteria (class), Enterobacterales (order), Enterobacteriaceae (family), Klebsiella (genus), Klebsiella pneumoniae complex (no rank)	Klebsiella pneumoniae
B0VE45	509173	cellular organisms (no rank), Bacteria (domain), Pseudomonadati (kingdom), Pseudomonadota (phylum), Gammaproteobacteria (class), Moraxellales (order), Moraxellaceae (family), Acinetobacter (genus), Acinetobacter calcoaceticus/baumannii complex (no rank), Acinetobacter baumannii (species)	Acinetobacter baumannii (strain AYE)
B7NMD7	585057	cellular organisms (no rank), Bacteria (domain), Pseudomonadati (kingdom), Pseudomonadota (phylum), Gammaproteobacteria (class), Enterobacterales (order), Enterobacteriaceae (family), Escherichia (genus), Escherichia coli (species)	Escherichia coli O7:K1 (strain IAI39 / ExPEC)
Q47266	198628	cellular organisms (no rank), Bacteria (domain), Pseudomonadati (kingdom), Pseudomonadota (phylum), Gammaproteobacteria (class), Enterobacterales (order), Pectobacteriaceae (family), Dickeya (genus), Dickeya dadantii (species)	Dickeya dadantii (strain 3937) (Erwinia chrysanthemi (strain 3937))
Q21V39	338969	cellular organisms (no rank), Bacteria (domain), Pseudomonadati (kingdom), Pseudomonadota (phylum), Betaproteobacteria (class), Burkholderiales (order), Comamonadaceae (family), Rhodoferax (genus), Rhodoferax ferrireducens (species)	Albidiferax ferrireducens (strain ATCC BAA-621 / DSM 15236 / T118) (Rhodoferax ferrireducens)
B7MCY5	585035	cellular organisms (no rank), Bacteria (domain), Pseudomonadati (kingdom), Pseudomonadota (phylum), Gammaproteobacteria (class), Enterobacterales (order), Enterobacteriaceae (family), Escherichia (genus), Escherichia coli (species)	Escherichia coli O45:K1 (strain S88 / ExPEC)
B7VJ96	575788	cellular organisms (no rank), Bacteria (domain), Pseudomonadati (kingdom), Pseudomonadota (phylum), Gammaproteobacteria (class), Vibrionales (order), Vibrionaceae (family), Vibrio (genus), Vibrio atlanticus (species)	Vibrio atlanticus (strain LGP32) (Vibrio splendidus (strain Mel32))
A8GV45	391896	cellular organisms (no rank), Bacteria (domain), Pseudomonadati (kingdom), Pseudomonadota (phylum), Alphaproteobacteria (class), Rickettsiales (order), Rickettsiaceae (family), Rickettsieae (tribe), Rickettsia (genus), belli group (no rank), Rickettsia bellii (species)	Rickettsia bellii (strain OSU 85-389)
B3PZN3	491916	cellular organisms (no rank), Bacteria (domain), Pseudomonadati (kingdom), Pseudomonadota (phylum), Alphaproteobacteria (class), Hyphomicrobiales (order), Rhizobiaceae (family), Rhizobium/Agrobacterium group (no rank), Rhizobium (genus), Rhizobium etli (species)	Rhizobium etli (strain CIAT 652)
P0DY11	1151743	cellular organisms (no rank), Bacteria (domain), Pseudomonadati (kingdom), Pseudomonadota (phylum), Betaproteobacteria (class), Burkholderiales (order), Burkholderiaceae (family), Burkholderia (genus), unclassified Burkholderia (no rank)	Burkholderia sp. (strain HME13)
P12015	40214	cellular organisms (no rank), Bacteria (domain), Pseudomonadati (kingdom), Pseudomonadota (phylum), Gammaproteobacteria (class), Moraxellales (order), Moraxellaceae (family), Acinetobacter (genus)	Acinetobacter johnsonii
Q477I0	264198	cellular organisms (no rank), Bacteria (domain), Pseudomonadati (kingdom), Pseudomonadota (phylum), Betaproteobacteria (class), Burkholderiales (order), Burkholderiaceae (family), Cupriavidus (genus), Cupriavidus pinatubonensis (species)	Cupriavidus pinatubonensis (strain JMP 134 / LMG 1197) (Cupriavidus necator (strain JMP 134))
A0QYE8	246196	cellular organisms (no rank), Bacteria (domain), Bacillati (kingdom), Actinomycetota (phylum), Actinomycetes (class), Mycobacteriales (order), Mycobacteriaceae (family), Mycolicibacterium (genus), Mycolicibacterium smegmatis (species)	Mycolicibacterium smegmatis (strain ATCC 700084 / mc(2)155) (Mycobacterium smegmatis)
Q3K9D8	205922	cellular organisms (no rank), Bacteria (domain), Pseudomonadati (kingdom), Pseudomonadota (phylum), Gammaproteobacteria (class), Pseudomonadales (order), Pseudomonadaceae (family), Pseudomonas (genus), Pseudomonas fluorescens group (no rank), Pseudomonas fluorescens (species)	Pseudomonas fluorescens (strain Pf0-1)
I3R634	523841	cellular organisms (no rank), Archaea (domain), Methanobacteriati (kingdom), Methanobacteriota (phylum), Stenosarchaea group (clade), Halobacteria (class), Halobacteriales (order), Haloferacaceae (family), Haloferax (genus), Haloferax mediterranei (species)	Haloferax mediterranei (strain ATCC 33500 / DSM 1411 / JCM 8866 / NBRC 14739 / NCIMB 2177 / R-4) (Halobacterium mediterranei)
A4WA78	399742	cellular organisms (no rank), Bacteria (domain), Pseudomonadati (kingdom), Pseudomonadota (phylum), Gammaproteobacteria (class), Enterobacterales (order), Enterobacteriaceae (family), Enterobacter (genus), unclassified Enterobacter (no rank)	Enterobacter sp. (strain 638)
A2CDX8	59922	cellular organisms (no rank), Bacteria (domain), Bacillati (kingdom), Cyanobacteriota/Melainabacteria group (clade), Cyanobacteriota (phylum), Cyanophyceae (class), Synechococcales (order), Prochlorococcaceae (family), Prochlorococcus (genus), Prochlorococcus marinus (species)	Prochlorococcus marinus (strain MIT 9303)
O66465	224324	cellular organisms (no rank), Bacteria (domain), Pseudomonadati (kingdom), Aquificota (phylum), Aquificia (class), Aquificales (order), Aquificaceae (family), Aquifex (genus), Aquifex aeolicus (species)	Aquifex aeolicus (strain VF5)
Q7VNZ4	233412	cellular organisms (no rank), Bacteria (domain), Pseudomonadati (kingdom), Pseudomonadota (phylum), Gammaproteobacteria (class), Pasteurellales (order), Pasteurellaceae (family), Haemophilus (genus), Haemophilus ducreyi (species)	Haemophilus ducreyi (strain 35000HP / ATCC 700724)
B2FI29	522373	cellular organisms (no rank), Bacteria (domain), Pseudomonadati (kingdom), Pseudomonadota (phylum), Gammaproteobacteria (class), Lysobacterales (order), Lysobacteraceae (family), Stenotrophomonas (genus), Stenotrophomonas maltophilia group (no rank), Stenotrophomonas maltophilia (species)	Stenotrophomonas maltophilia (strain K279a)
O31590	224308	cellular organisms (no rank), Bacteria (domain), Bacillati (kingdom), Bacillota (phylum), Bacilli (class), Caryophanales (order), Bacillaceae (family), Bacillus (genus), Bacillus subtilis group (no rank), Bacillus subtilis (species), Bacillus subtilis subsp. subtilis (subspecies)	Bacillus subtilis (strain 168)
A6LJD6	391009	cellular organisms (no rank), Bacteria (domain), Thermotogati (kingdom), Thermotogota (phylum), Thermotogae (class), Thermotogales (order), Fervidobacteriaceae (family), Thermosipho (genus), Thermosipho melanesiensis (species)	Thermosipho melanesiensis (strain DSM 12029 / CIP 104789 / BI429)
P06789	333761	Viruses (no rank), Floreoviria (realm), Shotokuvirae (kingdom), Cossaviricota (phylum), Papovaviricetes (class), Zurhausenvirales (order), Papillomaviridae (family), Firstpapillomavirinae (subfamily), Alphapapillomavirus (genus), Alphapapillomavirus 7 (species)	Human papillomavirus type 18
Q8YT18	103690	cellular organisms (no rank), Bacteria (domain), Bacillati (kingdom), Cyanobacteriota/Melainabacteria group (clade), Cyanobacteriota (phylum), Cyanophyceae (class), Nostocales (order), Nostocaceae (family), Nostoc (genus), unclassified Nostoc (no rank)	Nostoc sp. (strain PCC 7120 / SAG 25.82 / UTEX 2576)
D1KF50	3702	cellular organisms (no rank), Eukaryota (domain), Viridiplantae (kingdom), Streptophyta (phylum), Streptophytina (subphylum), Embryophyta (clade), Tracheophyta (clade), Euphyllophyta (clade), Spermatophyta (clade), Magnoliopsida (class), Mesangiospermae (clade), eudicotyledons (clade), Gunneridae (clade), Pentapetalae (clade), rosids (clade), malvids (clade), Brassicales (order), Brassicaceae (family), Camelineae (tribe), Arabidopsis (genus)	Arabidopsis thaliana (Mouse-ear cress)
A4YTC3	114615	cellular organisms (no rank), Bacteria (domain), Pseudomonadati (kingdom), Pseudomonadota (phylum), Alphaproteobacteria (class), Hyphomicrobiales (order), Nitrobacteraceae (family), Bradyrhizobium (genus), unclassified Bradyrhizobium (no rank)	Bradyrhizobium sp. (strain ORS 278)
Q73IM4	163164	cellular organisms (no rank), Bacteria (domain), Pseudomonadati (kingdom), Pseudomonadota (phylum), Alphaproteobacteria (class), Rickettsiales (order), Anaplasmataceae (family), Wolbachieae (tribe), Wolbachia (genus), unclassified Wolbachia (no rank)	Wolbachia pipientis wMel
O67883	224324	cellular organisms (no rank), Bacteria (domain), Pseudomonadati (kingdom), Aquificota (phylum), Aquificia (class), Aquificales (order), Aquificaceae (family), Aquifex (genus), Aquifex aeolicus (species)	Aquifex aeolicus (strain VF5)
A7Z056	9913	cellular organisms (no rank), Eukaryota (domain), Opisthokonta (clade), Metazoa (kingdom), Eumetazoa (clade), Bilateria (clade), Deuterostomia (clade), Chordata (phylum), Craniata (subphylum), Vertebrata (clade), Gnathostomata (clade), Teleostomi (clade), Euteleostomi (clade), Sarcopterygii (superclass), Dipnotetrapodomorpha (clade), Tetrapoda (clade), Amniota (clade), Mammalia (class), Theria (clade), Eutheria (clade), Boreoeutheria (clade), Laurasiatheria (superorder), Artiodactyla (order), Ruminantia (suborder), Pecora (infraorder), Bovidae (family), Bovinae (subfamily), Bos (genus)	Bos taurus (Bovine)
Q9IH63	3052225	Viruses (no rank), Riboviria (realm), Orthornavirae (kingdom), Negarnaviricota (phylum), Haploviricotina (subphylum), Monjiviricetes (class), Mononegavirales (order), Paramyxoviridae (family), Orthoparamyxovirinae (subfamily), Henipavirus (genus)	Nipah virus
P62003	2262	cellular organisms (no rank), Archaea (domain), Methanobacteriati (kingdom), Methanobacteriota (phylum), Thermococci (class), Thermococcales (order), Thermococcaceae (family), Pyrococcus (genus)	Pyrococcus woesei
O31675	224308	cellular organisms (no rank), Bacteria (domain), Bacillati (kingdom), Bacillota (phylum), Bacilli (class), Caryophanales (order), Bacillaceae (family), Bacillus (genus), Bacillus subtilis group (no rank), Bacillus subtilis (species), Bacillus subtilis subsp. subtilis (subspecies)	Bacillus subtilis (strain 168)
B5Z0Y6	444450	cellular organisms (no rank), Bacteria (domain), Pseudomonadati (kingdom), Pseudomonadota (phylum), Gammaproteobacteria (class), Enterobacterales (order), Enterobacteriaceae (family), Escherichia (genus), Escherichia coli (species), Escherichia coli O157:H7 (no rank)	Escherichia coli O157:H7 (strain EC4115 / EHEC)
Q8PHA1	1203463	cellular organisms (no rank), Bacteria (domain), Pseudomonadati (kingdom), Pseudomonadota (phylum), Gammaproteobacteria (class), Lysobacterales (order), Lysobacteraceae (family), Xanthomonas (genus), Xanthomonas citri group (no rank), Xanthomonas citri (species), Xanthomonas citri pv. citri (no rank)	Xanthomonas citri pv. citri (strain 306)
P04011	332091	Viruses (no rank), Floreoviria (realm), Shotokuvirae (kingdom), Cossaviricota (phylum), Papovaviricetes (class), Sepolyvirales (order), Polyomaviridae (family), unclassified Polyomaviridae (no rank), African green monkey polyomavirus (species)	B-lymphotropic polyomavirus (LPV)
B5TYT3	3702	cellular organisms (no rank), Eukaryota (domain), Viridiplantae (kingdom), Streptophyta (phylum), Streptophytina (subphylum), Embryophyta (clade), Tracheophyta (clade), Euphyllophyta (clade), Spermatophyta (clade), Magnoliopsida (class), Mesangiospermae (clade), eudicotyledons (clade), Gunneridae (clade), Pentapetalae (clade), rosids (clade), malvids (clade), Brassicales (order), Brassicaceae (family), Camelineae (tribe), Arabidopsis (genus)	Arabidopsis thaliana (Mouse-ear cress)
P14751	1063	cellular organisms (no rank), Bacteria (domain), Pseudomonadati (kingdom), Pseudomonadota (phylum), Alphaproteobacteria (class), Rhodobacterales (order), Paracoccaceae (family), Cereibacter (genus)	Cereibacter sphaeroides (Rhodobacter sphaeroides)
P03630	12023	Viruses (no rank), Riboviria (realm), Orthornavirae (kingdom), Lenarviricota (phylum), Leviviricetes (class), Norzivirales (order), Fiersviridae (family), Pepevirus (genus), Pepevirus rubrum (species)	Pseudomonas phage PP7 (Bacteriophage PP7)
A4VR47	379731	cellular organisms (no rank), Bacteria (domain), Pseudomonadati (kingdom), Pseudomonadota (phylum), Gammaproteobacteria (class), Pseudomonadales (order), Pseudomonadaceae (family), Stutzerimonas (genus), Stutzerimonas stutzeri group (no rank), Stutzerimonas stutzeri subgroup (no rank), Stutzerimonas stutzeri (species)	Stutzerimonas stutzeri (strain A1501) (Pseudomonas stutzeri)
Q1JN46	370551	cellular organisms (no rank), Bacteria (domain), Bacillati (kingdom), Bacillota (phylum), Bacilli (class), Lactobacillales (order), Streptococcaceae (family), Streptococcus (genus), Streptococcus pyogenes (species), Streptococcus pyogenes serotype M12 (serotype)	Streptococcus pyogenes serotype M12 (strain MGAS9429)
Q9RVK2	243230	cellular organisms (no rank), Bacteria (domain), Thermotogati (kingdom), Deinococcota (phylum), Deinococci (class), Deinococcales (order), Deinococcaceae (family), Deinococcus (genus), Deinococcus radiodurans (species)	Deinococcus radiodurans (strain ATCC 13939 / DSM 20539 / JCM 16871 / CCUG 27074 / LMG 4051 / NBRC 15346 / NCIMB 9279 / VKM B-1422 / R1)
Q5SL87	300852	cellular organisms (no rank), Bacteria (domain), Thermotogati (kingdom), Deinococcota (phylum), Deinococci (class), Thermales (order), Thermaceae (family), Thermus (genus), Thermus thermophilus (species)	Thermus thermophilus (strain ATCC 27634 / DSM 579 / HB8)
P59065	197221	cellular organisms (no rank), Bacteria (domain), Bacillati (kingdom), Cyanobacteriota/Melainabacteria group (clade), Cyanobacteriota (phylum), Cyanophyceae (class), Acaryochloridales (order), Thermosynechococcaceae (family), Thermosynechococcus (genus), Thermosynechococcus vestitus (species)	Thermosynechococcus vestitus (strain NIES-2133 / IAM M-273 / BP-1)
Q9RQB9	17	cellular organisms (no rank), Bacteria (domain), Pseudomonadati (kingdom), Pseudomonadota (phylum), Betaproteobacteria (class), Nitrosomonadales (order), Methylophilaceae (family), Methylophilus (genus)	Methylophilus methylotrophus (Bacterium W3A1)
Q4UTN9	314565	cellular organisms (no rank), Bacteria (domain), Pseudomonadati (kingdom), Pseudomonadota (phylum), Gammaproteobacteria (class), Lysobacterales (order), Lysobacteraceae (family), Xanthomonas (genus), Xanthomonas campestris (species), Xanthomonas campestris pv. campestris (no rank)	Xanthomonas campestris pv. campestris (strain 8004)
A0A411MR89	285532	cellular organisms (no rank), Bacteria (domain), Bacillati (kingdom), Actinomycetota (phylum), Actinomycetes (class), Kitasatosporales (order), Streptomycetaceae (family), Streptomyces (genus), Streptomyces achromogenes (species)	Streptomyces achromogenes subsp. streptozoticus
A5EN78	288000	cellular organisms (no rank), Bacteria (domain), Pseudomonadati (kingdom), Pseudomonadota (phylum), Alphaproteobacteria (class), Hyphomicrobiales (order), Nitrobacteraceae (family), Bradyrhizobium (genus), unclassified Bradyrhizobium (no rank)	Bradyrhizobium sp. (strain BTAi1 / ATCC BAA-1182)
B1MH84	561007	cellular organisms (no rank), Bacteria (domain), Bacillati (kingdom), Actinomycetota (phylum), Actinomycetes (class), Mycobacteriales (order), Mycobacteriaceae (family), Mycobacteroides (genus), Mycobacteroides abscessus (species)	Mycobacteroides abscessus (strain ATCC 19977 / DSM 44196 / CCUG 20993 / CIP 104536 / JCM 13569 / NCTC 13031 / TMC 1543 / L948) (Mycobacterium abscessus)
Q4JB16	330779	cellular organisms (no rank), Archaea (domain), Thermoproteati (kingdom), Thermoproteota (phylum), Thermoprotei (class), Sulfolobales (order), Sulfolobaceae (family), Sulfolobus (genus), Sulfolobus acidocaldarius (species)	Sulfolobus acidocaldarius (strain ATCC 33909 / DSM 639 / JCM 8929 / NBRC 15157 / NCIMB 11770)
P19409	29347	cellular organisms (no rank), Bacteria (domain), Bacillati (kingdom), Bacillota (phylum), Clostridia (class), Lachnospirales (order), Lachnospiraceae (family), Lachnoclostridium (genus)	Clostridium scindens (strain JCM 10418 / VPI 12708)
O86447	86003	cellular organisms (no rank), Bacteria (domain), Pseudomonadati (kingdom), Pseudomonadota (phylum), Gammaproteobacteria (class), Pseudomonadales (order), Pseudomonadaceae (family), Pseudomonas (genus), unclassified Pseudomonas (no rank)	Pseudomonas sp. (strain HR199 / DSM 7063)
Q214N1	316056	cellular organisms (no rank), Bacteria (domain), Pseudomonadati (kingdom), Pseudomonadota (phylum), Alphaproteobacteria (class), Hyphomicrobiales (order), Nitrobacteraceae (family), Rhodopseudomonas (genus), Rhodopseudomonas palustris (species)	Rhodopseudomonas palustris (strain BisB18)
Q81ST7	1392	cellular organisms (no rank), Bacteria (domain), Bacillati (kingdom), Bacillota (phylum), Bacilli (class), Caryophanales (order), Bacillaceae (family), Bacillus (genus), Bacillus cereus group (no rank)	Bacillus anthracis
O66490	224324	cellular organisms (no rank), Bacteria (domain), Pseudomonadati (kingdom), Aquificota (phylum), Aquificia (class), Aquificales (order), Aquificaceae (family), Aquifex (genus), Aquifex aeolicus (species)	Aquifex aeolicus (strain VF5)
Q8B119	3052324	Viruses (no rank), Riboviria (realm), Orthornavirae (kingdom), Negarnaviricota (phylum), Polyploviricotina (subphylum), Bunyaviricetes (class), Hareavirales (order), Arenaviridae (family), Mammarenavirus (genus)	Pirital mammarenavirus (isolate Rat/Venezuela/VAV-488/1995) (PIRV)
O52646	33899	cellular organisms (no rank), Bacteria (domain), Bacillati (kingdom), Actinomycetota (phylum), Actinomycetes (class), Kitasatosporales (order), Streptomycetaceae (family), Streptomyces (genus)	Streptomyces galilaeus
P28036	439	cellular organisms (no rank), Bacteria (domain), Pseudomonadati (kingdom), Pseudomonadota (phylum), Alphaproteobacteria (class), Acetobacterales (order), Acetobacteraceae (family), Gluconacetobacter (genus)	Gluconacetobacter polyoxogenes (Acetobacter polyoxogenes)
