Entry	Organism (ID)	Taxonomic lineage	Organism
A4XY35	399739	cellular organisms (no rank), Bacteria (domain), Pseudomonadati (kingdom), Pseudomonadota (phylum), Gammaproteobacteria (class), Pseudomonadales (order), Pseudomonadaceae (family), Ectopseudomonas (genus), Ectopseudomonas mendocina (species)	Ectopseudomonas mendocina (strain ymp) (Pseudomonas mendocina)
Q59556	1772	cellular organisms (no rank), Bacteria (domain), Bacillati (kingdom), Actinomycetota (phylum), Actinomycetes (class), Mycobacteriales (order), Mycobacteriaceae (family), Mycolicibacterium (genus)	Mycolicibacterium smegmatis (Mycobacterium smegmatis)
O34214	55209	cellular organisms (no rank), Bacteria (domain), Pseudomonadati (kingdom), Pseudomonadota (phylum), Gammaproteobacteria (class), Enterobacterales (order), Erwiniaceae (family), Pantoea (genus)	Pantoea cypripedii (Pectobacterium cypripedii) (Erwinia cypripedii)
P27036	1481	cellular organisms (no rank), Bacteria (domain), Bacillati (kingdom), Bacillota (phylum), Bacilli (class), Caryophanales (order), Bacillaceae (family), Bacillus (genus)	Bacillus ohbensis
Q21CF0	316056	cellular organisms (no rank), Bacteria (domain), Pseudomonadati (kingdom), Pseudomonadota (phylum), Alphaproteobacteria (class), Hyphomicrobiales (order), Nitrobacteraceae (family), Rhodopseudomonas (genus), Rhodopseudomonas palustris (species)	Rhodopseudomonas palustris (strain BisB18)
B4WP19	91464	cellular organisms (no rank), Bacteria (domain), Bacillati (kingdom), Cyanobacteriota/Melainabacteria group (clade), Cyanobacteriota (phylum), Cyanophyceae (class), Synechococcales (order), Synechococcaceae (family), Synechococcus (genus), unclassified Synechococcus (no rank)	Synechococcus sp. (strain ATCC 29403 / PCC 7335)
Q45697	36824	cellular organisms (no rank), Bacteria (domain), Bacillati (kingdom), Bacillota (phylum), Bacilli (class), Caryophanales (order), Bacillaceae (family), Bacillus (genus), unclassified Bacillus (in: firmicutes) (no rank)	Bacillus sp. (strain TB-90)
P0DXG8	116188	cellular organisms (no rank), Bacteria (domain), Bacillati (kingdom), Actinomycetota (phylum), Actinomycetes (class), Kitasatosporales (order), Streptomycetaceae (family), Streptomyces (genus)	Streptomyces coeruleorubidus
A8YTZ7	405566	cellular organisms (no rank), Bacteria (domain), Bacillati (kingdom), Bacillota (phylum), Bacilli (class), Lactobacillales (order), Lactobacillaceae (family), Lactobacillus (genus), Lactobacillus helveticus (species)	Lactobacillus helveticus (strain DPC 4571)
Q9APM5	35833	cellular organisms (no rank), Bacteria (domain), Pseudomonadati (kingdom), Thermodesulfobacteriota (phylum), Desulfovibrionia (class), Desulfovibrionales (order), Desulfovibrionaceae (family), Bilophila (genus)	Bilophila wadsworthia
Q46944	562	cellular organisms (no rank), Bacteria (domain), Pseudomonadati (kingdom), Pseudomonadota (phylum), Gammaproteobacteria (class), Enterobacterales (order), Enterobacteriaceae (family), Escherichia (genus)	Escherichia coli
A0A0E3USC3	37632	cellular organisms (no rank), Bacteria (domain), Bacillati (kingdom), Actinomycetota (phylum), Actinomycetes (class), Pseudonocardiales (order), Pseudonocardiaceae (family), Amycolatopsis (genus), unclassified Amycolatopsis (no rank)	Amycolatopsis sp
O09345	1931	cellular organisms (no rank), Bacteria (domain), Bacillati (kingdom), Actinomycetota (phylum), Actinomycetes (class), Kitasatosporales (order), Streptomycetaceae (family), Streptomyces (genus), unclassified Streptomyces (no rank)	Streptomyces sp
Q5HJF4	93062	cellular organisms (no rank), Bacteria (domain), Bacillati (kingdom), Bacillota (phylum), Bacilli (class), Caryophanales (order), Staphylococcaceae (family), Staphylococcus (genus), Staphylococcus aureus (species)	Staphylococcus aureus (strain COL)
P0A0S8	122586	cellular organisms (no rank), Bacteria (domain), Pseudomonadati (kingdom), Pseudomonadota (phylum), Betaproteobacteria (class), Neisseriales (order), Neisseriaceae (family), Neisseria (genus), Neisseria meningitidis (species), Neisseria meningitidis serogroup B (serogroup)	Neisseria meningitidis serogroup B (strain ATCC BAA-335 / MC58)
Q07123	47915	cellular organisms (no rank), Bacteria (domain), Bacillati (kingdom), Actinomycetota (phylum), Actinomycetes (class), Micrococcales (order), Micrococcaceae (family), Arthrobacter (genus), unclassified Arthrobacter (no rank)	Arthrobacter sp. (strain P1)
A0LY94	411154	cellular organisms (no rank), Bacteria (domain), Pseudomonadati (kingdom), FCB group (clade), Bacteroidota/Chlorobiota group (clade), Bacteroidota (phylum), Flavobacteriia (class), Flavobacteriales (order), Flavobacteriaceae (family), Christiangramia (genus), Christiangramia forsetii (species)	Christiangramia forsetii (strain DSM 17595 / CGMCC 1.15422 / KT0803) (Gramella forsetii)
C0Z7W7	358681	cellular organisms (no rank), Bacteria (domain), Bacillati (kingdom), Bacillota (phylum), Bacilli (class), Caryophanales (order), Paenibacillaceae (family), Brevibacillus (genus), Brevibacillus brevis (species)	Brevibacillus brevis (strain 47 / JCM 6285 / NBRC 100599)
Q45486	29387	cellular organisms (no rank), Bacteria (domain), Bacillati (kingdom), Bacillota (phylum), Bacilli (class), Caryophanales (order), Staphylococcaceae (family), Staphylococcus (genus), unclassified Staphylococcus (no rank)	Staphylococcus sp
Q92EU4	272626	cellular organisms (no rank), Bacteria (domain), Bacillati (kingdom), Bacillota (phylum), Bacilli (class), Caryophanales (order), Listeriaceae (family), Listeria (genus), Listeria innocua (species)	Listeria innocua serovar 6a (strain ATCC BAA-680 / CLIP 11262)
Q8DZQ7	208435	cellular organisms (no rank), Bacteria (domain), Bacillati (kingdom), Bacillota (phylum), Bacilli (class), Lactobacillales (order), Streptococcaceae (family), Streptococcus (genus), Streptococcus agalactiae (species), Streptococcus agalactiae serogroup V (serogroup)	Streptococcus agalactiae serotype V (strain ATCC BAA-611 / 2603 V/R)
A7LXT7	411476	cellular organisms (no rank), Bacteria (domain), Pseudomonadati (kingdom), FCB group (clade), Bacteroidota/Chlorobiota group (clade), Bacteroidota (phylum), Bacteroidia (class), Bacteroidales (order), Bacteroidaceae (family), Bacteroides (genus), Bacteroides ovatus (species)	Bacteroides ovatus (strain ATCC 8483 / DSM 1896 / JCM 5824 / BCRC 10623 / CCUG 4943 / NCTC 11153)
F1SVH1	190192	cellular organisms (no rank), Archaea (domain), Methanobacteriati (kingdom), Methanobacteriota (phylum), Methanomada group (clade), Methanopyri (class), Methanopyrales (order), Methanopyraceae (family), Methanopyrus (genus), Methanopyrus kandleri (species)	Methanopyrus kandleri (strain AV19 / DSM 6324 / JCM 9639 / NBRC 100938)
Q50H63	1280	cellular organisms (no rank), Bacteria (domain), Bacillati (kingdom), Bacillota (phylum), Bacilli (class), Caryophanales (order), Staphylococcaceae (family), Staphylococcus (genus)	Staphylococcus aureus
A1TZ46	351348	cellular organisms (no rank), Bacteria (domain), Pseudomonadati (kingdom), Pseudomonadota (phylum), Gammaproteobacteria (class), Pseudomonadales (order), Marinobacteraceae (family), Marinobacter (genus), Marinobacter nauticus (species)	Marinobacter nauticus (strain ATCC 700491 / DSM 11845 / VT8) (Marinobacter aquaeolei)
A8G795	93060	cellular organisms (no rank), Bacteria (domain), Bacillati (kingdom), Cyanobacteriota/Melainabacteria group (clade), Cyanobacteriota (phylum), Cyanophyceae (class), Synechococcales (order), Prochlorococcaceae (family), Prochlorococcus (genus), Prochlorococcus marinus (species)	Prochlorococcus marinus (strain MIT 9215)
Q0VS73	393595	cellular organisms (no rank), Bacteria (domain), Pseudomonadati (kingdom), Pseudomonadota (phylum), Gammaproteobacteria (class), Oceanospirillales (order), Alcanivoracaceae (family), Alcanivorax (genus), Alcanivorax borkumensis (species)	Alcanivorax borkumensis (strain ATCC 700651 / DSM 11573 / NCIMB 13689 / SK2)
Q1IBC9	384676	cellular organisms (no rank), Bacteria (domain), Pseudomonadati (kingdom), Pseudomonadota (phylum), Gammaproteobacteria (class), Pseudomonadales (order), Pseudomonadaceae (family), Pseudomonas (genus), Pseudomonas entomophila (species)	Pseudomonas entomophila (strain DSM 28517 / CCUG 61470 / CECT 7985 / L48)
Q9WWU5	303	cellular organisms (no rank), Bacteria (domain), Pseudomonadati (kingdom), Pseudomonadota (phylum), Gammaproteobacteria (class), Pseudomonadales (order), Pseudomonadaceae (family), Pseudomonas (genus), Pseudomonas putida group (no rank)	Pseudomonas putida (Arthrobacter siderocapsulatus)
P96074	43759	cellular organisms (no rank), Bacteria (domain), Bacillati (kingdom), Actinomycetota (phylum), Actinomycetes (class), Kitasatosporales (order), Streptomycetaceae (family), Streptomyces (genus)	Streptomyces wedmorensis
Q8NMB0	196627	cellular organisms (no rank), Bacteria (domain), Bacillati (kingdom), Actinomycetota (phylum), Actinomycetes (class), Mycobacteriales (order), Corynebacteriaceae (family), Corynebacterium (genus), Corynebacterium glutamicum (species)	Corynebacterium glutamicum (strain ATCC 13032 / DSM 20300 / JCM 1318 / BCRC 11384 / CCUG 27702 / LMG 3730 / NBRC 12168 / NCIMB 10025 / NRRL B-2784 / 534)
P25920	1933	cellular organisms (no rank), Bacteria (domain), Bacillati (kingdom), Actinomycetota (phylum), Actinomycetes (class), Pseudonocardiales (order), Pseudonocardiaceae (family), Streptoalloteichus (genus)	Streptoalloteichus tenebrarius (strain ATCC 17920 / DSM 40477 / JCM 4838 / CBS 697.72 / NBRC 16177 / NCIMB 11028 / NRRL B-12390 / A12253. 1 / ISP 5477) (Streptomyces tenebrarius)
B1HQC1	444177	cellular organisms (no rank), Bacteria (domain), Bacillati (kingdom), Bacillota (phylum), Bacilli (class), Caryophanales (order), Bacillaceae (family), Lysinibacillus (genus), Lysinibacillus sphaericus (species)	Lysinibacillus sphaericus (strain C3-41)
A7MU39	2902295	cellular organisms (no rank), Bacteria (domain), Pseudomonadati (kingdom), Pseudomonadota (phylum), Gammaproteobacteria (class), Vibrionales (order), Vibrionaceae (family), Vibrio (genus), Vibrio harveyi group (no rank), Vibrio campbellii (species)	Vibrio campbellii (strain ATCC BAA-1116)
B9DN94	396513	cellular organisms (no rank), Bacteria (domain), Bacillati (kingdom), Bacillota (phylum), Bacilli (class), Caryophanales (order), Staphylococcaceae (family), Staphylococcus (genus), Staphylococcus carnosus (species)	Staphylococcus carnosus (strain TM300)
B0VHH0	459349	cellular organisms (no rank), Bacteria (domain), Pseudomonadati (kingdom), FCB group (clade), Candidatus Cloacimonadota (phylum), Candidatus Cloacimonadia (class), Candidatus Cloacimonadales (order), Candidatus Cloacimonadaceae (family), Candidatus Cloacimonas (genus), Candidatus Cloacimonas acidaminovorans (species)	Cloacimonas acidaminovorans (strain Evry)
O87296	727	cellular organisms (no rank), Bacteria (domain), Pseudomonadati (kingdom), Pseudomonadota (phylum), Gammaproteobacteria (class), Pasteurellales (order), Pasteurellaceae (family), Haemophilus (genus)	Haemophilus influenzae
P50455	273063	cellular organisms (no rank), Archaea (domain), Thermoproteati (kingdom), Thermoproteota (phylum), Thermoprotei (class), Sulfolobales (order), Sulfolobaceae (family), Sulfurisphaera (genus), Sulfurisphaera tokodaii (species)	Sulfurisphaera tokodaii (strain DSM 16993 / JCM 10545 / NBRC 100140 / 7) (Sulfolobus tokodaii)
Q6FDY4	62977	cellular organisms (no rank), Bacteria (domain), Pseudomonadati (kingdom), Pseudomonadota (phylum), Gammaproteobacteria (class), Moraxellales (order), Moraxellaceae (family), Acinetobacter (genus), Acinetobacter baylyi (species)	Acinetobacter baylyi (strain ATCC 33305 / BD413 / ADP1)
B2HN69	216594	cellular organisms (no rank), Bacteria (domain), Bacillati (kingdom), Actinomycetota (phylum), Actinomycetes (class), Mycobacteriales (order), Mycobacteriaceae (family), Mycobacterium (genus), Mycobacterium ulcerans group (no rank), Mycobacterium marinum (species)	Mycobacterium marinum (strain ATCC BAA-535 / M)
B0CBC7	329726	cellular organisms (no rank), Bacteria (domain), Bacillati (kingdom), Cyanobacteriota/Melainabacteria group (clade), Cyanobacteriota (phylum), Cyanophyceae (class), Acaryochloridales (order), Acaryochloridaceae (family), Acaryochloris (genus), Acaryochloris marina (species)	Acaryochloris marina (strain MBIC 11017)
Q5P0Z5	76114	cellular organisms (no rank), Bacteria (domain), Pseudomonadati (kingdom), Pseudomonadota (phylum), Betaproteobacteria (class), Rhodocyclales (order), Rhodocyclaceae (family), Aromatoleum (genus), Aromatoleum aromaticum (species)	Aromatoleum aromaticum (strain DSM 19018 / LMG 30748 / EbN1) (Azoarcus sp. (strain EbN1))
A7HXX9	402881	cellular organisms (no rank), Bacteria (domain), Pseudomonadati (kingdom), Pseudomonadota (phylum), Alphaproteobacteria (class), Hyphomicrobiales (order), Parvibaculaceae (family), Parvibaculum (genus), Parvibaculum lavamentivorans (species)	Parvibaculum lavamentivorans (strain DS-1 / DSM 13023 / NCIMB 13966)
P11513	330779	cellular organisms (no rank), Archaea (domain), Thermoproteati (kingdom), Thermoproteota (phylum), Thermoprotei (class), Sulfolobales (order), Sulfolobaceae (family), Sulfolobus (genus), Sulfolobus acidocaldarius (species)	Sulfolobus acidocaldarius (strain ATCC 33909 / DSM 639 / JCM 8929 / NBRC 15157 / NCIMB 11770)
A1KUD6	272831	cellular organisms (no rank), Bacteria (domain), Pseudomonadati (kingdom), Pseudomonadota (phylum), Betaproteobacteria (class), Neisseriales (order), Neisseriaceae (family), Neisseria (genus), Neisseria meningitidis (species), Neisseria meningitidis serogroup C (serogroup)	Neisseria meningitidis serogroup C / serotype 2a (strain ATCC 700532 / DSM 15464 / FAM18)
Q2G506	279238	cellular organisms (no rank), Bacteria (domain), Pseudomonadati (kingdom), Pseudomonadota (phylum), Alphaproteobacteria (class), Sphingomonadales (order), Sphingomonadaceae (family), Novosphingobium (genus), Novosphingobium aromaticivorans (species)	Novosphingobium aromaticivorans (strain ATCC 700278 / DSM 12444 / CCUG 56034 / CIP 105152 / NBRC 16084 / F199)
P00927	559292	cellular organisms (no rank), Eukaryota (domain), Opisthokonta (clade), Fungi (kingdom), Dikarya (subkingdom), Ascomycota (phylum), saccharomyceta (clade), Saccharomycotina (subphylum), Saccharomycetes (class), Saccharomycetales (order), Saccharomycetaceae (family), Saccharomyces (genus), Saccharomyces cerevisiae (species)	Saccharomyces cerevisiae (strain ATCC 204508 / S288c) (Baker's yeast)
O25916	85962	cellular organisms (no rank), Bacteria (domain), Pseudomonadati (kingdom), Campylobacterota (phylum), Epsilonproteobacteria (class), Campylobacterales (order), Helicobacteraceae (family), Helicobacter (genus), Helicobacter pylori (species)	Helicobacter pylori (strain ATCC 700392 / 26695) (Campylobacter pylori)
P56255	1422	cellular organisms (no rank), Bacteria (domain), Bacillati (kingdom), Bacillota (phylum), Bacilli (class), Caryophanales (order), Anoxybacillaceae (family), Geobacillus (genus)	Geobacillus stearothermophilus (Bacillus stearothermophilus)
Q5JHF1	69014	cellular organisms (no rank), Archaea (domain), Methanobacteriati (kingdom), Methanobacteriota (phylum), Thermococci (class), Thermococcales (order), Thermococcaceae (family), Thermococcus (genus), Thermococcus kodakarensis (species)	Thermococcus kodakarensis (strain ATCC BAA-918 / JCM 12380 / KOD1) (Pyrococcus kodakaraensis (strain KOD1))
C1AY41	632772	cellular organisms (no rank), Bacteria (domain), Bacillati (kingdom), Actinomycetota (phylum), Actinomycetes (class), Mycobacteriales (order), Nocardiaceae (family), Rhodococcus (genus), Rhodococcus opacus (species)	Rhodococcus opacus (strain B4)
Q9RA63	300852	cellular organisms (no rank), Bacteria (domain), Thermotogati (kingdom), Deinococcota (phylum), Deinococci (class), Thermales (order), Thermaceae (family), Thermus (genus), Thermus thermophilus (species)	Thermus thermophilus (strain ATCC 27634 / DSM 579 / HB8)
A0RQ36	360106	cellular organisms (no rank), Bacteria (domain), Pseudomonadati (kingdom), Campylobacterota (phylum), Epsilonproteobacteria (class), Campylobacterales (order), Campylobacteraceae (family), Campylobacter (genus), Campylobacter fetus (species), Campylobacter fetus subsp. fetus (subspecies)	Campylobacter fetus subsp. fetus (strain 82-40)
Q83KM9	623	cellular organisms (no rank), Bacteria (domain), Pseudomonadati (kingdom), Pseudomonadota (phylum), Gammaproteobacteria (class), Enterobacterales (order), Enterobacteriaceae (family), Shigella (genus)	Shigella flexneri
Q5H4Y0	291331	cellular organisms (no rank), Bacteria (domain), Pseudomonadati (kingdom), Pseudomonadota (phylum), Gammaproteobacteria (class), Lysobacterales (order), Lysobacteraceae (family), Xanthomonas (genus), Xanthomonas oryzae (species), Xanthomonas oryzae pv. oryzae (no rank)	Xanthomonas oryzae pv. oryzae (strain KACC10331 / KXO85)
Q32DT3	300267	cellular organisms (no rank), Bacteria (domain), Pseudomonadati (kingdom), Pseudomonadota (phylum), Gammaproteobacteria (class), Enterobacterales (order), Enterobacteriaceae (family), Shigella (genus), Shigella dysenteriae (species)	Shigella dysenteriae serotype 1 (strain Sd197)
Q74J34	257314	cellular organisms (no rank), Bacteria (domain), Bacillati (kingdom), Bacillota (phylum), Bacilli (class), Lactobacillales (order), Lactobacillaceae (family), Lactobacillus (genus), Lactobacillus johnsonii (species)	Lactobacillus johnsonii (strain CNCM I-12250 / La1 / NCC 533)
Q7U054	233413	cellular organisms (no rank), Bacteria (domain), Bacillati (kingdom), Actinomycetota (phylum), Actinomycetes (class), Mycobacteriales (order), Mycobacteriaceae (family), Mycobacterium (genus), Mycobacterium tuberculosis complex (no rank), Mycobacterium tuberculosis (species), Mycobacterium bovis (biotype)	Mycobacterium bovis (strain ATCC BAA-935 / AF2122/97)
Q88NV1	160488	cellular organisms (no rank), Bacteria (domain), Pseudomonadati (kingdom), Pseudomonadota (phylum), Gammaproteobacteria (class), Pseudomonadales (order), Pseudomonadaceae (family), Pseudomonas (genus), Pseudomonas putida group (no rank), Pseudomonas putida (species)	Pseudomonas putida (strain ATCC 47054 / DSM 6125 / CFBP 8728 / NCIMB 11950 / KT2440)
Q1AW18	266117	cellular organisms (no rank), Bacteria (domain), Bacillati (kingdom), Actinomycetota (phylum), Rubrobacteria (class), Rubrobacterales (order), Rubrobacteraceae (family), Rubrobacter (genus), Rubrobacter xylanophilus (species)	Rubrobacter xylanophilus (strain DSM 9941 / JCM 11954 / NBRC 16129 / PRD-1)
P23568	272634	cellular organisms (no rank), Bacteria (domain), Bacillati (kingdom), Mycoplasmatota (phylum), Mycoplasmoidales (order), Mycoplasmoidaceae (family), Mycoplasmoides (genus), Mycoplasmoides pneumoniae (species)	Mycoplasmoides pneumoniae (strain ATCC 29342 / M129 / Subtype 1) (Mycoplasma pneumoniae)
Q8CPC2	176280	cellular organisms (no rank), Bacteria (domain), Bacillati (kingdom), Bacillota (phylum), Bacilli (class), Caryophanales (order), Staphylococcaceae (family), Staphylococcus (genus), Staphylococcus epidermidis (species)	Staphylococcus epidermidis (strain ATCC 12228 / FDA PCI 1200)
Q6ML45	264462	cellular organisms (no rank), Bacteria (domain), Pseudomonadati (kingdom), Bdellovibrionota (phylum), Bdellovibrionia (class), Bdellovibrionales (order), Pseudobdellovibrionaceae (family), Bdellovibrio (genus), Bdellovibrio bacteriovorus (species)	Bdellovibrio bacteriovorus (strain ATCC 15356 / DSM 50701 / NCIMB 9529 / HD100)
A0A0A8X0K1	1321606	cellular organisms (no rank), Bacteria (domain), Bacillati (kingdom), Bacillota (phylum), Bacilli (class), Caryophanales (order), Bacillaceae (family), Mesobacillus (genus), Mesobacillus selenatarsenatis (species)	Mesobacillus selenatarsenatis (strain DSM 18680 / JCM 14380 / FERM P-15431 / SF-1)
A5U8S6	419947	cellular organisms (no rank), Bacteria (domain), Bacillati (kingdom), Actinomycetota (phylum), Actinomycetes (class), Mycobacteriales (order), Mycobacteriaceae (family), Mycobacterium (genus), Mycobacterium tuberculosis complex (no rank), Mycobacterium tuberculosis (species)	Mycobacterium tuberculosis (strain ATCC 25177 / H37Ra)
Q8DDG6	216895	cellular organisms (no rank), Bacteria (domain), Pseudomonadati (kingdom), Pseudomonadota (phylum), Gammaproteobacteria (class), Vibrionales (order), Vibrionaceae (family), Vibrio (genus), Vibrio vulnificus (species)	Vibrio vulnificus (strain CMCP6)
Q9Z6C3	550	cellular organisms (no rank), Bacteria (domain), Pseudomonadati (kingdom), Pseudomonadota (phylum), Gammaproteobacteria (class), Enterobacterales (order), Enterobacteriaceae (family), Enterobacter (genus), Enterobacter cloacae complex (no rank)	Enterobacter cloacae
P19733	79676	cellular organisms (no rank), Bacteria (domain), Pseudomonadati (kingdom), Pseudomonadota (phylum), Pseudomonadota incertae sedis (no rank), unclassified pseudomonads (no rank)	Pseudomonas sp. (strain CF600)
Q823W6	227941	cellular organisms (no rank), Bacteria (domain), Pseudomonadati (kingdom), PVC group (clade), Chlamydiota (phylum), Chlamydiia (class), Chlamydiales (order), Chlamydiaceae (family), Chlamydia/Chlamydophila group (no rank), Chlamydia (genus), Chlamydia caviae (species)	Chlamydia caviae (strain ATCC VR-813 / DSM 19441 / 03DC25 / GPIC) (Chlamydophila caviae)
Q6GEY1	282458	cellular organisms (no rank), Bacteria (domain), Bacillati (kingdom), Bacillota (phylum), Bacilli (class), Caryophanales (order), Staphylococcaceae (family), Staphylococcus (genus), Staphylococcus aureus (species)	Staphylococcus aureus (strain MRSA252)
Q2W8Q1	342108	cellular organisms (no rank), Bacteria (domain), Pseudomonadati (kingdom), Pseudomonadota (phylum), Alphaproteobacteria (class), Rhodospirillales (order), Magnetospirillaceae (family), Paramagnetospirillum (genus), Paramagnetospirillum magneticum (species)	Paramagnetospirillum magneticum (strain ATCC 700264 / AMB-1) (Magnetospirillum magneticum)
A2RRU1	10116	cellular organisms (no rank), Eukaryota (domain), Opisthokonta (clade), Metazoa (kingdom), Eumetazoa (clade), Bilateria (clade), Deuterostomia (clade), Chordata (phylum), Craniata (subphylum), Vertebrata (clade), Gnathostomata (clade), Teleostomi (clade), Euteleostomi (clade), Sarcopterygii (superclass), Dipnotetrapodomorpha (clade), Tetrapoda (clade), Amniota (clade), Mammalia (class), Theria (clade), Eutheria (clade), Boreoeutheria (clade), Euarchontoglires (superorder), Glires (clade), Rodentia (order), Myomorpha (suborder), Muroidea (clade), Muridae (family), Murinae (subfamily), Rattus (genus)	Rattus norvegicus (Rat)
C3KTA3	515621	cellular organisms (no rank), Bacteria (domain), Bacillati (kingdom), Bacillota (phylum), Clostridia (class), Eubacteriales (order), Clostridiaceae (family), Clostridium (genus), Clostridium botulinum group (no rank), Clostridium botulinum (species), Clostridium botulinum B (no rank)	Clostridium botulinum (strain 657 / Type Ba4)
Q93TU6	1831	cellular organisms (no rank), Bacteria (domain), Bacillati (kingdom), Actinomycetota (phylum), Actinomycetes (class), Mycobacteriales (order), Nocardiaceae (family), Rhodococcus (genus), unclassified Rhodococcus (in: high G+C Gram-positive bacteria) (no rank)	Rhodococcus sp
Q88F88	160488	cellular organisms (no rank), Bacteria (domain), Pseudomonadati (kingdom), Pseudomonadota (phylum), Gammaproteobacteria (class), Pseudomonadales (order), Pseudomonadaceae (family), Pseudomonas (genus), Pseudomonas putida group (no rank), Pseudomonas putida (species)	Pseudomonas putida (strain ATCC 47054 / DSM 6125 / CFBP 8728 / NCIMB 11950 / KT2440)
A5UGU3	374931	cellular organisms (no rank), Bacteria (domain), Pseudomonadati (kingdom), Pseudomonadota (phylum), Gammaproteobacteria (class), Pasteurellales (order), Pasteurellaceae (family), Haemophilus (genus), Haemophilus influenzae (species)	Haemophilus influenzae (strain PittGG)
A4X4J7	369723	cellular organisms (no rank), Bacteria (domain), Bacillati (kingdom), Actinomycetota (phylum), Actinomycetes (class), Micromonosporales (order), Micromonosporaceae (family), Salinispora (genus), Salinispora tropica (species)	Salinispora tropica (strain ATCC BAA-916 / DSM 44818 / JCM 13857 / NBRC 105044 / CNB-440)
Q28MG0	290400	cellular organisms (no rank), Bacteria (domain), Pseudomonadati (kingdom), Pseudomonadota (phylum), Alphaproteobacteria (class), Rhodobacterales (order), Roseobacteraceae (family), Jannaschia (genus), unclassified Jannaschia (no rank)	Jannaschia sp. (strain CCS1)
B7VL54	575788	cellular organisms (no rank), Bacteria (domain), Pseudomonadati (kingdom), Pseudomonadota (phylum), Gammaproteobacteria (class), Vibrionales (order), Vibrionaceae (family), Vibrio (genus), Vibrio atlanticus (species)	Vibrio atlanticus (strain LGP32) (Vibrio splendidus (strain Mel32))
Q93UV4	150395	cellular organisms (no rank), Bacteria (domain), Bacillati (kingdom), Actinomycetota (phylum), Actinomycetes (class), Micrococcales (order), Intrasporangiaceae (family), Terrabacter (genus), unclassified Terrabacter (no rank)	Terrabacter sp. (strain DBF63)
Q3JCN4	323261	cellular organisms (no rank), Bacteria (domain), Pseudomonadati (kingdom), Pseudomonadota (phylum), Gammaproteobacteria (class), Chromatiales (order), Chromatiaceae (family), Nitrosococcus (genus), Nitrosococcus oceani (species)	Nitrosococcus oceani (strain ATCC 19707 / BCRC 17464 / JCM 30415 / NCIMB 11848 / C-107)
Q4QNH7	281310	cellular organisms (no rank), Bacteria (domain), Pseudomonadati (kingdom), Pseudomonadota (phylum), Gammaproteobacteria (class), Pasteurellales (order), Pasteurellaceae (family), Haemophilus (genus), Haemophilus influenzae (species)	Haemophilus influenzae (strain 86-028NP)
A8G2Y9	93060	cellular organisms (no rank), Bacteria (domain), Bacillati (kingdom), Cyanobacteriota/Melainabacteria group (clade), Cyanobacteriota (phylum), Cyanophyceae (class), Synechococcales (order), Prochlorococcaceae (family), Prochlorococcus (genus), Prochlorococcus marinus (species)	Prochlorococcus marinus (strain MIT 9215)
Q9ZCQ4	272947	cellular organisms (no rank), Bacteria (domain), Pseudomonadati (kingdom), Pseudomonadota (phylum), Alphaproteobacteria (class), Rickettsiales (order), Rickettsiaceae (family), Rickettsieae (tribe), Rickettsia (genus), typhus group (no rank), Rickettsia prowazekii (species)	Rickettsia prowazekii (strain Madrid E)
Q8CY87	171101	cellular organisms (no rank), Bacteria (domain), Bacillati (kingdom), Bacillota (phylum), Bacilli (class), Lactobacillales (order), Streptococcaceae (family), Streptococcus (genus), Streptococcus pneumoniae (species)	Streptococcus pneumoniae (strain ATCC BAA-255 / R6)
D7P5V0	222892	cellular organisms (no rank), Bacteria (domain), Bacillati (kingdom), Actinomycetota (phylum), Actinomycetes (class), Kitasatosporales (order), Streptomycetaceae (family), Streptomyces (genus), Streptomyces nodosus (species)	Streptomyces nodosus subsp. asukaensis
O53289	83332	cellular organisms (no rank), Bacteria (domain), Bacillati (kingdom), Actinomycetota (phylum), Actinomycetes (class), Mycobacteriales (order), Mycobacteriaceae (family), Mycobacterium (genus), Mycobacterium tuberculosis complex (no rank), Mycobacterium tuberculosis (species)	Mycobacterium tuberculosis (strain ATCC 25618 / H37Rv)
C6D9S0	561230	cellular organisms (no rank), Bacteria (domain), Pseudomonadati (kingdom), Pseudomonadota (phylum), Gammaproteobacteria (class), Enterobacterales (order), Pectobacteriaceae (family), Pectobacterium (genus), Pectobacterium carotovorum (species), Pectobacterium carotovorum subsp. carotovorum (subspecies)	Pectobacterium carotovorum subsp. carotovorum (strain PC1)
Q8RSS3	42566	cellular organisms (no rank), Bacteria (domain), Pseudomonadati (kingdom), Pseudomonadota (phylum), Gammaproteobacteria (class), Oceanospirillales (order), Halomonadaceae (family), Halomonas (genus)	Halomonas eurihalina
A7MWN3	2902295	cellular organisms (no rank), Bacteria (domain), Pseudomonadati (kingdom), Pseudomonadota (phylum), Gammaproteobacteria (class), Vibrionales (order), Vibrionaceae (family), Vibrio (genus), Vibrio harveyi group (no rank), Vibrio campbellii (species)	Vibrio campbellii (strain ATCC BAA-1116)
A9X6P9	435	cellular organisms (no rank), Bacteria (domain), Pseudomonadati (kingdom), Pseudomonadota (phylum), Alphaproteobacteria (class), Acetobacterales (order), Acetobacteraceae (family), Acetobacter (genus), Acetobacter subgen. Acetobacter (subgenus)	Acetobacter aceti
P58894	186103	cellular organisms (no rank), Bacteria (domain), Bacillati (kingdom), Bacillota (phylum), Bacilli (class), Lactobacillales (order), Streptococcaceae (family), Streptococcus (genus), Streptococcus pyogenes (species), Streptococcus pyogenes serotype M18 (serotype)	Streptococcus pyogenes serotype M18 (strain MGAS8232)
P40685	272943	cellular organisms (no rank), Bacteria (domain), Pseudomonadati (kingdom), Pseudomonadota (phylum), Alphaproteobacteria (class), Rhodobacterales (order), Paracoccaceae (family), Cereibacter (genus), Cereibacter sphaeroides (species)	Cereibacter sphaeroides (strain ATCC 17023 / DSM 158 / JCM 6121 / CCUG 31486 / LMG 2827 / NBRC 12203 / NCIMB 8253 / ATH 2.4.1.) (Rhodobacter sphaeroides)
A5UA57	374930	cellular organisms (no rank), Bacteria (domain), Pseudomonadati (kingdom), Pseudomonadota (phylum), Gammaproteobacteria (class), Pasteurellales (order), Pasteurellaceae (family), Haemophilus (genus), Haemophilus influenzae (species)	Haemophilus influenzae (strain PittEE)
B3E414	398767	cellular organisms (no rank), Bacteria (domain), Pseudomonadati (kingdom), Thermodesulfobacteriota (phylum), Desulfuromonadia (class), Geobacterales (order), Geobacteraceae (family), Trichlorobacter (genus), Trichlorobacter lovleyi (species)	Trichlorobacter lovleyi (strain ATCC BAA-1151 / DSM 17278 / SZ) (Geobacter lovleyi)
Q8KIL1	257438	cellular organisms (no rank), Bacteria (domain), Pseudomonadati (kingdom), Pseudomonadota (phylum), Alphaproteobacteria (class), Acetobacterales (order), Acetobacteraceae (family), Gluconobacter (genus)	Gluconobacter thailandicus
Q9Z4P4	65553	cellular organisms (no rank), Bacteria (domain), Pseudomonadati (kingdom), Campylobacterota (phylum), Epsilonproteobacteria (class), Campylobacterales (order), Sulfurospirillaceae (family), Sulfurospirillum (genus)	Sulfurospirillum deleyianum
A9CI74	176299	cellular organisms (no rank), Bacteria (domain), Pseudomonadati (kingdom), Pseudomonadota (phylum), Alphaproteobacteria (class), Hyphomicrobiales (order), Rhizobiaceae (family), Rhizobium/Agrobacterium group (no rank), Agrobacterium (genus), Agrobacterium tumefaciens complex (no rank), Agrobacterium fabrum (species)	Agrobacterium fabrum (strain C58 / ATCC 33970) (Agrobacterium tumefaciens (strain C58))
C0PYZ1	476213	cellular organisms (no rank), Bacteria (domain), Pseudomonadati (kingdom), Pseudomonadota (phylum), Gammaproteobacteria (class), Enterobacterales (order), Enterobacteriaceae (family), Salmonella (genus), Salmonella enterica (species), Salmonella enterica I (subspecies), Salmonella enterica subsp. enterica serovar Paratyphi C (no rank)	Salmonella paratyphi C (strain RKS4594)
Q7VSN3	257313	cellular organisms (no rank), Bacteria (domain), Pseudomonadati (kingdom), Pseudomonadota (phylum), Betaproteobacteria (class), Burkholderiales (order), Alcaligenaceae (family), Bordetella (genus), Bordetella pertussis (species)	Bordetella pertussis (strain Tohama I / ATCC BAA-589 / NCTC 13251)
A9FDB7	448385	cellular organisms (no rank), Bacteria (domain), Pseudomonadati (kingdom), Myxococcota (phylum), Polyangia (subclass), Polyangiales (order), Polyangiaceae (family), Sorangium (genus), Sorangium cellulosum (species)	Sorangium cellulosum (strain So ce56) (Polyangium cellulosum (strain So ce56))
A0A0G4DBU7	1931	cellular organisms (no rank), Bacteria (domain), Bacillati (kingdom), Actinomycetota (phylum), Actinomycetes (class), Kitasatosporales (order), Streptomycetaceae (family), Streptomyces (genus), unclassified Streptomyces (no rank)	Streptomyces sp
B7NFE7	585056	cellular organisms (no rank), Bacteria (domain), Pseudomonadati (kingdom), Pseudomonadota (phylum), Gammaproteobacteria (class), Enterobacterales (order), Enterobacteriaceae (family), Escherichia (genus), Escherichia coli (species)	Escherichia coli O17:K52:H18 (strain UMN026 / ExPEC)
Q6NI74	257309	cellular organisms (no rank), Bacteria (domain), Bacillati (kingdom), Actinomycetota (phylum), Actinomycetes (class), Mycobacteriales (order), Corynebacteriaceae (family), Corynebacterium (genus), Corynebacterium diphtheriae (species)	Corynebacterium diphtheriae (strain ATCC 700971 / NCTC 13129 / Biotype gravis)
Q8A861	226186	cellular organisms (no rank), Bacteria (domain), Pseudomonadati (kingdom), FCB group (clade), Bacteroidota/Chlorobiota group (clade), Bacteroidota (phylum), Bacteroidia (class), Bacteroidales (order), Bacteroidaceae (family), Bacteroides (genus), Bacteroides thetaiotaomicron (species)	Bacteroides thetaiotaomicron (strain ATCC 29148 / DSM 2079 / JCM 5827 / CCUG 10774 / NCTC 10582 / VPI-5482 / E50)
P0DTF7	287	cellular organisms (no rank), Bacteria (domain), Pseudomonadati (kingdom), Pseudomonadota (phylum), Gammaproteobacteria (class), Pseudomonadales (order), Pseudomonadaceae (family), Pseudomonas (genus), Pseudomonas aeruginosa group (no rank)	Pseudomonas aeruginosa
P11570	591001	cellular organisms (no rank), Bacteria (domain), Bacillati (kingdom), Bacillota (phylum), Negativicutes (class), Acidaminococcales (order), Acidaminococcaceae (family), Acidaminococcus (genus), Acidaminococcus fermentans (species)	Acidaminococcus fermentans (strain ATCC 25085 / DSM 20731 / CCUG 9996 / CIP 106432 / VR4)
P0C6J3	341946	Viruses (no rank), Riboviria (realm), Pararnavirae (kingdom), Artverviricota (phylum), Revtraviricetes (class), Blubervirales (order), Hepadnaviridae (family), Orthohepadnavirus (genus), Orthohepadnavirus marmotae (species), Woodchuck hepatitis virus (no rank)	Woodchuck hepatitis B virus (isolate 2) (WHV)
B0RUK3	509169	cellular organisms (no rank), Bacteria (domain), Pseudomonadati (kingdom), Pseudomonadota (phylum), Gammaproteobacteria (class), Lysobacterales (order), Lysobacteraceae (family), Xanthomonas (genus), Xanthomonas campestris (species), Xanthomonas campestris pv. campestris (no rank)	Xanthomonas campestris pv. campestris (strain B100)
Q0S4N3	101510	cellular organisms (no rank), Bacteria (domain), Bacillati (kingdom), Actinomycetota (phylum), Actinomycetes (class), Mycobacteriales (order), Nocardiaceae (family), Rhodococcus (genus), Rhodococcus jostii (species)	Rhodococcus jostii (strain RHA1)
A1WHX2	391735	cellular organisms (no rank), Bacteria (domain), Pseudomonadati (kingdom), Pseudomonadota (phylum), Betaproteobacteria (class), Burkholderiales (order), Comamonadaceae (family), Verminephrobacter (genus), Verminephrobacter eiseniae (species)	Verminephrobacter eiseniae (strain EF01-2)
Q9K4Y9	111292	cellular organisms (no rank), Bacteria (domain), Pseudomonadati (kingdom), Pseudomonadota (phylum), Gammaproteobacteria (class), Alteromonadales (order), Moritellaceae (family), Moritella (genus)	Moritella abyssi
Q7VGH1	235279	cellular organisms (no rank), Bacteria (domain), Pseudomonadati (kingdom), Campylobacterota (phylum), Epsilonproteobacteria (class), Campylobacterales (order), Helicobacteraceae (family), Helicobacter (genus), Helicobacter hepaticus (species)	Helicobacter hepaticus (strain ATCC 51449 / 3B1)
Q2IFT1	290397	cellular organisms (no rank), Bacteria (domain), Pseudomonadati (kingdom), Myxococcota (phylum), Myxococcia (class), Myxococcales (order), Cystobacterineae (suborder), Anaeromyxobacteraceae (family), Anaeromyxobacter (genus), Anaeromyxobacter dehalogenans (species)	Anaeromyxobacter dehalogenans (strain 2CP-C)
Q9X9Q7	121428	cellular organisms (no rank), Bacteria (domain), Pseudomonadati (kingdom), Pseudomonadota (phylum), Alphaproteobacteria (class), Sphingomonadales (order), Sphingobiaceae (family), Sphingobium (genus)	Sphingobium xenophagum
P08306	266	cellular organisms (no rank), Bacteria (domain), Pseudomonadati (kingdom), Pseudomonadota (phylum), Alphaproteobacteria (class), Rhodobacterales (order), Paracoccaceae (family), Paracoccus (genus)	Paracoccus denitrificans
B2J5G0	63737	cellular organisms (no rank), Bacteria (domain), Bacillati (kingdom), Cyanobacteriota/Melainabacteria group (clade), Cyanobacteriota (phylum), Cyanophyceae (class), Nostocales (order), Nostocaceae (family), Nostoc (genus), Nostoc punctiforme (species)	Nostoc punctiforme (strain ATCC 29133 / PCC 73102)
P0DH74	226185	cellular organisms (no rank), Bacteria (domain), Bacillati (kingdom), Bacillota (phylum), Bacilli (class), Lactobacillales (order), Enterococcaceae (family), Enterococcus (genus), Enterococcus faecalis (species)	Enterococcus faecalis (strain ATCC 700802 / V583)
Q6FEM6	62977	cellular organisms (no rank), Bacteria (domain), Pseudomonadati (kingdom), Pseudomonadota (phylum), Gammaproteobacteria (class), Moraxellales (order), Moraxellaceae (family), Acinetobacter (genus), Acinetobacter baylyi (species)	Acinetobacter baylyi (strain ATCC 33305 / BD413 / ADP1)
P09095	54914	cellular organisms (no rank), Bacteria (domain), Bacillati (kingdom), Bacillota (phylum), Bacilli (class), Caryophanales (order), Paenibacillaceae (family), Brevibacillus (genus)	Brevibacillus parabrevis
Q088X9	318167	cellular organisms (no rank), Bacteria (domain), Pseudomonadati (kingdom), Pseudomonadota (phylum), Gammaproteobacteria (class), Alteromonadales (order), Shewanellaceae (family), Shewanella (genus), Shewanella frigidimarina (species)	Shewanella frigidimarina (strain NCIMB 400)
A1X283	9606	cellular organisms (no rank), Eukaryota (domain), Opisthokonta (clade), Metazoa (kingdom), Eumetazoa (clade), Bilateria (clade), Deuterostomia (clade), Chordata (phylum), Craniata (subphylum), Vertebrata (clade), Gnathostomata (clade), Teleostomi (clade), Euteleostomi (clade), Sarcopterygii (superclass), Dipnotetrapodomorpha (clade), Tetrapoda (clade), Amniota (clade), Mammalia (class), Theria (clade), Eutheria (clade), Boreoeutheria (clade), Euarchontoglires (superorder), Primates (order), Haplorrhini (suborder), Simiiformes (infraorder), Catarrhini (parvorder), Hominoidea (superfamily), Hominidae (family), Homininae (subfamily), Homo (genus)	Homo sapiens (Human)
Q9Y948	272557	cellular organisms (no rank), Archaea (domain), Thermoproteati (kingdom), Thermoproteota (phylum), Thermoprotei (class), Desulfurococcales (order), Desulfurococcaceae (family), Aeropyrum (genus), Aeropyrum pernix (species)	Aeropyrum pernix (strain ATCC 700893 / DSM 11879 / JCM 9820 / NBRC 100138 / K1)
P00553	1397	cellular organisms (no rank), Bacteria (domain), Bacillati (kingdom), Bacillota (phylum), Bacilli (class), Caryophanales (order), Bacillaceae (family), Niallia (genus)	Niallia circulans (Bacillus circulans)
Q1IKC9	204669	cellular organisms (no rank), Bacteria (domain), Pseudomonadati (kingdom), Acidobacteriota (phylum), Terriglobia (class), Terriglobales (order), Candidatus Korobacteraceae (family), Candidatus Korobacter (genus), Candidatus Korobacter versatilis (species)	Koribacter versatilis (strain Ellin345)
P29706	2333	cellular organisms (no rank), Bacteria (domain), Fusobacteriati (kingdom), Fusobacteriota (phylum), Fusobacteriia (class), Fusobacteriales (order), Fusobacteriaceae (family), Propionigenium (genus)	Propionigenium modestum
C5C7X9	465515	cellular organisms (no rank), Bacteria (domain), Bacillati (kingdom), Actinomycetota (phylum), Actinomycetes (class), Micrococcales (order), Micrococcaceae (family), Micrococcus (genus), Micrococcus luteus (species)	Micrococcus luteus (strain ATCC 4698 / DSM 20030 / JCM 1464 / CCM 169 / CCUG 5858 / IAM 1056 / NBRC 3333 / NCIMB 9278 / NCTC 2665 / VKM Ac-2230) (Micrococcus lysodeikticus)
Q2FIN9	367830	cellular organisms (no rank), Bacteria (domain), Bacillati (kingdom), Bacillota (phylum), Bacilli (class), Caryophanales (order), Staphylococcaceae (family), Staphylococcus (genus), Staphylococcus aureus (species)	Staphylococcus aureus (strain USA300)
Q32DJ4	300267	cellular organisms (no rank), Bacteria (domain), Pseudomonadati (kingdom), Pseudomonadota (phylum), Gammaproteobacteria (class), Enterobacterales (order), Enterobacteriaceae (family), Shigella (genus), Shigella dysenteriae (species)	Shigella dysenteriae serotype 1 (strain Sd197)
Q76IQ9	671	cellular organisms (no rank), Bacteria (domain), Pseudomonadati (kingdom), Pseudomonadota (phylum), Gammaproteobacteria (class), Vibrionales (order), Vibrionaceae (family), Vibrio (genus)	Vibrio proteolyticus (Aeromonas proteolytica)
Q9V2V6	309800	cellular organisms (no rank), Archaea (domain), Methanobacteriati (kingdom), Methanobacteriota (phylum), Stenosarchaea group (clade), Halobacteria (class), Halobacteriales (order), Haloferacaceae (family), Haloferax (genus), Haloferax volcanii (species)	Haloferax volcanii (strain ATCC 29605 / DSM 3757 / JCM 8879 / NBRC 14742 / NCIMB 2012 / VKM B-1768 / DS2) (Halobacterium volcanii)
O32164	224308	cellular organisms (no rank), Bacteria (domain), Bacillati (kingdom), Bacillota (phylum), Bacilli (class), Caryophanales (order), Bacillaceae (family), Bacillus (genus), Bacillus subtilis group (no rank), Bacillus subtilis (species), Bacillus subtilis subsp. subtilis (subspecies)	Bacillus subtilis (strain 168)
P07268	617	cellular organisms (no rank), Bacteria (domain), Pseudomonadati (kingdom), Pseudomonadota (phylum), Gammaproteobacteria (class), Enterobacterales (order), Yersiniaceae (family), Serratia (genus), unclassified Serratia (in: enterobacteria) (no rank)	Serratia marcescens (strain ATCC 21074 / E-15)
Q8A9E5	226186	cellular organisms (no rank), Bacteria (domain), Pseudomonadati (kingdom), FCB group (clade), Bacteroidota/Chlorobiota group (clade), Bacteroidota (phylum), Bacteroidia (class), Bacteroidales (order), Bacteroidaceae (family), Bacteroides (genus), Bacteroides thetaiotaomicron (species)	Bacteroides thetaiotaomicron (strain ATCC 29148 / DSM 2079 / JCM 5827 / CCUG 10774 / NCTC 10582 / VPI-5482 / E50)
P51519	11901	Viruses (no rank), Riboviria (realm), Pararnavirae (kingdom), Artverviricota (phylum), Revtraviricetes (class), Ortervirales (order), Retroviridae (family), Orthoretrovirinae (subfamily), Deltaretrovirus (genus), Deltaretrovirus bovleu (species)	Bovine leukemia virus (BLV)
P0DB18	198466	cellular organisms (no rank), Bacteria (domain), Bacillati (kingdom), Bacillota (phylum), Bacilli (class), Lactobacillales (order), Streptococcaceae (family), Streptococcus (genus), Streptococcus pyogenes (species), Streptococcus pyogenes serotype M3 (serotype)	Streptococcus pyogenes serotype M3 (strain ATCC BAA-595 / MGAS315)
P23136	1085	cellular organisms (no rank), Bacteria (domain), Pseudomonadati (kingdom), Pseudomonadota (phylum), Alphaproteobacteria (class), Rhodospirillales (order), Rhodospirillaceae (family), Rhodospirillum (genus)	Rhodospirillum rubrum
A1B497	318586	cellular organisms (no rank), Bacteria (domain), Pseudomonadati (kingdom), Pseudomonadota (phylum), Alphaproteobacteria (class), Rhodobacterales (order), Paracoccaceae (family), Paracoccus (genus), Paracoccus denitrificans (species)	Paracoccus denitrificans (strain Pd 1222)
Q7VI13	235279	cellular organisms (no rank), Bacteria (domain), Pseudomonadati (kingdom), Campylobacterota (phylum), Epsilonproteobacteria (class), Campylobacterales (order), Helicobacteraceae (family), Helicobacter (genus), Helicobacter hepaticus (species)	Helicobacter hepaticus (strain ATCC 51449 / 3B1)
F9UST0	220668	cellular organisms (no rank), Bacteria (domain), Bacillati (kingdom), Bacillota (phylum), Bacilli (class), Lactobacillales (order), Lactobacillaceae (family), Lactiplantibacillus (genus), Lactiplantibacillus plantarum (species)	Lactiplantibacillus plantarum (strain ATCC BAA-793 / NCIMB 8826 / WCFS1) (Lactobacillus plantarum)
P37469	224308	cellular organisms (no rank), Bacteria (domain), Bacillati (kingdom), Bacillota (phylum), Bacilli (class), Caryophanales (order), Bacillaceae (family), Bacillus (genus), Bacillus subtilis group (no rank), Bacillus subtilis (species), Bacillus subtilis subsp. subtilis (subspecies)	Bacillus subtilis (strain 168)
Q8GHL1	615	cellular organisms (no rank), Bacteria (domain), Pseudomonadati (kingdom), Pseudomonadota (phylum), Gammaproteobacteria (class), Enterobacterales (order), Yersiniaceae (family), Serratia (genus)	Serratia marcescens
A7GYS1	360105	cellular organisms (no rank), Bacteria (domain), Pseudomonadati (kingdom), Campylobacterota (phylum), Epsilonproteobacteria (class), Campylobacterales (order), Campylobacteraceae (family), Campylobacter (genus), Campylobacter curvus (species)	Campylobacter curvus (strain 525.92)
Q1IJZ0	204669	cellular organisms (no rank), Bacteria (domain), Pseudomonadati (kingdom), Acidobacteriota (phylum), Terriglobia (class), Terriglobales (order), Candidatus Korobacteraceae (family), Candidatus Korobacter (genus), Candidatus Korobacter versatilis (species)	Koribacter versatilis (strain Ellin345)
Q7VBP2	167539	cellular organisms (no rank), Bacteria (domain), Bacillati (kingdom), Cyanobacteriota/Melainabacteria group (clade), Cyanobacteriota (phylum), Cyanophyceae (class), Synechococcales (order), Prochlorococcaceae (family), Prochlorococcus (genus), Prochlorococcus marinus (species), Prochlorococcus marinus subsp. marinus (subspecies)	Prochlorococcus marinus (strain SARG / CCMP1375 / SS120)
P47243	13689	cellular organisms (no rank), Bacteria (domain), Pseudomonadati (kingdom), Pseudomonadota (phylum), Alphaproteobacteria (class), Sphingomonadales (order), Sphingomonadaceae (family), Sphingomonas (genus)	Sphingomonas paucimobilis (Pseudomonas paucimobilis)
Q9KXR9	100226	cellular organisms (no rank), Bacteria (domain), Bacillati (kingdom), Actinomycetota (phylum), Actinomycetes (class), Kitasatosporales (order), Streptomycetaceae (family), Streptomyces (genus), Streptomyces albidoflavus group (no rank), Streptomyces coelicolor (species)	Streptomyces coelicolor (strain ATCC BAA-471 / A3(2) / M145)
P17101	10410	Viruses (no rank), Riboviria (realm), Pararnavirae (kingdom), Artverviricota (phylum), Revtraviricetes (class), Blubervirales (order), Hepadnaviridae (family), Orthohepadnavirus (genus), Orthohepadnavirus hominoidei (species), Hepatitis B virus (no rank), Hepatitis B virus subtype adw (no rank)	Hepatitis B virus genotype A2 subtype adw2 (isolate Germany/991/1990) (HBV-A)
B1W019	455632	cellular organisms (no rank), Bacteria (domain), Bacillati (kingdom), Actinomycetota (phylum), Actinomycetes (class), Kitasatosporales (order), Streptomycetaceae (family), Streptomyces (genus), Streptomyces griseus group (no rank), Streptomyces griseus subgroup (no rank), Streptomyces griseus (species), Streptomyces griseus subsp. griseus (subspecies)	Streptomyces griseus subsp. griseus (strain JCM 4626 / CBS 651.72 / NBRC 13350 / KCC S-0626 / ISP 5235)
P07598	882	cellular organisms (no rank), Bacteria (domain), Pseudomonadati (kingdom), Thermodesulfobacteriota (phylum), Desulfovibrionia (class), Desulfovibrionales (order), Desulfovibrionaceae (family), Nitratidesulfovibrio (genus), Nitratidesulfovibrio vulgaris (species)	Nitratidesulfovibrio vulgaris (strain ATCC 29579 / DSM 644 / CCUG 34227 / NCIMB 8303 / VKM B-1760 / Hildenborough) (Desulfovibrio vulgaris)
A0A0H2ZNE0	373153	cellular organisms (no rank), Bacteria (domain), Bacillati (kingdom), Bacillota (phylum), Bacilli (class), Lactobacillales (order), Streptococcaceae (family), Streptococcus (genus), Streptococcus pneumoniae (species)	Streptococcus pneumoniae serotype 2 (strain D39 / NCTC 7466)
Q0S7P9	101510	cellular organisms (no rank), Bacteria (domain), Bacillati (kingdom), Actinomycetota (phylum), Actinomycetes (class), Mycobacteriales (order), Nocardiaceae (family), Rhodococcus (genus), Rhodococcus jostii (species)	Rhodococcus jostii (strain RHA1)
P94846	85962	cellular organisms (no rank), Bacteria (domain), Pseudomonadati (kingdom), Campylobacterota (phylum), Epsilonproteobacteria (class), Campylobacterales (order), Helicobacteraceae (family), Helicobacter (genus), Helicobacter pylori (species)	Helicobacter pylori (strain ATCC 700392 / 26695) (Campylobacter pylori)
Q4R1S8	489458	Viruses (no rank), Riboviria (realm), Pararnavirae (kingdom), Artverviricota (phylum), Revtraviricetes (class), Blubervirales (order), Hepadnaviridae (family), Orthohepadnavirus (genus), Orthohepadnavirus hominoidei (species), Hepatitis B virus (no rank), hepatitis B virus genotype A (no rank), HBV genotype A3 (no rank)	Hepatitis B virus genotype A3 (isolate Cameroon/CMR983/1994) (HBV-A)
A5CX66	412965	cellular organisms (no rank), Bacteria (domain), Pseudomonadati (kingdom), Pseudomonadota (phylum), Gammaproteobacteria (class), Gammaproteobacteria incertae sedis (no rank), Candidatus Pseudothioglobaceae (family), Candidatus Vesicomyidisocius (genus)	Vesicomyosocius okutanii subsp. Calyptogena okutanii (strain HA)
P03138	490133	Viruses (no rank), Riboviria (realm), Pararnavirae (kingdom), Artverviricota (phylum), Revtraviricetes (class), Blubervirales (order), Hepadnaviridae (family), Orthohepadnavirus (genus), Orthohepadnavirus hominoidei (species), Hepatitis B virus (no rank), hepatitis B virus genotype D (no rank)	Hepatitis B virus genotype D subtype ayw (isolate France/Tiollais/1979) (HBV-D)
B6JLS1	570508	cellular organisms (no rank), Bacteria (domain), Pseudomonadati (kingdom), Campylobacterota (phylum), Epsilonproteobacteria (class), Campylobacterales (order), Helicobacteraceae (family), Helicobacter (genus), Helicobacter pylori (species)	Helicobacter pylori (strain P12)
Q52011	1149133	cellular organisms (no rank), Bacteria (domain), Pseudomonadati (kingdom), Pseudomonadota (phylum), Gammaproteobacteria (class), Pseudomonadales (order), Pseudomonadaceae (family), Metapseudomonas (genus)	Metapseudomonas furukawaii (Pseudomonas furukawaii)
Q0ZQ41	359131	cellular organisms (no rank), Bacteria (domain), Bacillati (kingdom), Actinomycetota (phylum), Actinomycetes (class), Kitasatosporales (order), Streptomycetaceae (family), Streptomyces (genus)	Streptomyces rubellomurinus (strain ATCC 31215)
A4IM49	420246	cellular organisms (no rank), Bacteria (domain), Bacillati (kingdom), Bacillota (phylum), Bacilli (class), Caryophanales (order), Anoxybacillaceae (family), Geobacillus (genus), Geobacillus thermodenitrificans (species)	Geobacillus thermodenitrificans (strain NG80-2)
P26177	272942	cellular organisms (no rank), Bacteria (domain), Pseudomonadati (kingdom), Pseudomonadota (phylum), Alphaproteobacteria (class), Rhodobacterales (order), Rhodobacter group (no rank), Rhodobacter (genus), Rhodobacter capsulatus (species)	Rhodobacter capsulatus (strain ATCC BAA-309 / NBRC 16581 / SB1003)
A0K7T8	331272	cellular organisms (no rank), Bacteria (domain), Pseudomonadati (kingdom), Pseudomonadota (phylum), Betaproteobacteria (class), Burkholderiales (order), Burkholderiaceae (family), Burkholderia (genus), Burkholderia cepacia complex (no rank), Burkholderia cenocepacia (species)	Burkholderia cenocepacia (strain HI2424)
P75242	272634	cellular organisms (no rank), Bacteria (domain), Bacillati (kingdom), Mycoplasmatota (phylum), Mycoplasmoidales (order), Mycoplasmoidaceae (family), Mycoplasmoides (genus), Mycoplasmoides pneumoniae (species)	Mycoplasmoides pneumoniae (strain ATCC 29342 / M129 / Subtype 1) (Mycoplasma pneumoniae)
B3EY95	435	cellular organisms (no rank), Bacteria (domain), Pseudomonadati (kingdom), Pseudomonadota (phylum), Alphaproteobacteria (class), Acetobacterales (order), Acetobacteraceae (family), Acetobacter (genus), Acetobacter subgen. Acetobacter (subgenus)	Acetobacter aceti
A1K7J6	418699	cellular organisms (no rank), Bacteria (domain), Pseudomonadati (kingdom), Pseudomonadota (phylum), Betaproteobacteria (class), Rhodocyclales (order), Zoogloeaceae (family), Azoarcus (genus)	Azoarcus sp. (strain BH72)
Q9XB61	555	cellular organisms (no rank), Bacteria (domain), Pseudomonadati (kingdom), Pseudomonadota (phylum), Gammaproteobacteria (class), Enterobacterales (order), Pectobacteriaceae (family), Pectobacterium (genus), Pectobacterium carotovorum (species)	Pectobacterium carotovorum subsp. carotovorum (Erwinia carotovora subsp. carotovora)
W8CV45	272131	cellular organisms (no rank), Bacteria (domain), Bacillati (kingdom), Cyanobacteriota/Melainabacteria group (clade), Cyanobacteriota (phylum), Cyanophyceae (class), Nostocales (order), Nostocaceae (family), Nostoc (genus)	Nostoc punctiforme
Q8B6J8	11296	Viruses (no rank), Riboviria (realm), Orthornavirae (kingdom), Negarnaviricota (phylum), Haploviricotina (subphylum), Monjiviricetes (class), Mononegavirales (order), Rhabdoviridae (family), Alpharhabdovirinae (subfamily), Lyssavirus (genus), Rabies virus (species)	Rabies virus (strain HEP-Flury) (RABV)
B3DSP5	205913	cellular organisms (no rank), Bacteria (domain), Bacillati (kingdom), Actinomycetota (phylum), Actinomycetes (class), Bifidobacteriales (order), Bifidobacteriaceae (family), Bifidobacterium (genus), Bifidobacterium longum (species)	Bifidobacterium longum (strain DJO10A)
O93627	69014	cellular organisms (no rank), Archaea (domain), Methanobacteriati (kingdom), Methanobacteriota (phylum), Thermococci (class), Thermococcales (order), Thermococcaceae (family), Thermococcus (genus), Thermococcus kodakarensis (species)	Thermococcus kodakarensis (strain ATCC BAA-918 / JCM 12380 / KOD1) (Pyrococcus kodakaraensis (strain KOD1))
B0CB14	329726	cellular organisms (no rank), Bacteria (domain), Bacillati (kingdom), Cyanobacteriota/Melainabacteria group (clade), Cyanobacteriota (phylum), Cyanophyceae (class), Acaryochloridales (order), Acaryochloridaceae (family), Acaryochloris (genus), Acaryochloris marina (species)	Acaryochloris marina (strain MBIC 11017)
A1JIJ0	393305	cellular organisms (no rank), Bacteria (domain), Pseudomonadati (kingdom), Pseudomonadota (phylum), Gammaproteobacteria (class), Enterobacterales (order), Yersiniaceae (family), Yersinia (genus), Yersinia enterocolitica (species), Yersinia enterocolitica subsp. enterocolitica (subspecies)	Yersinia enterocolitica serotype O:8 / biotype 1B (strain NCTC 13174 / 8081)
A6QAM1	387093	cellular organisms (no rank), Bacteria (domain), Pseudomonadati (kingdom), Campylobacterota (phylum), Epsilonproteobacteria (class), Campylobacterales (order), Sulfurovaceae (family), Sulfurovum (genus), unclassified Sulfurovum (no rank)	Sulfurovum sp. (strain NBC37-1)
D9XF47	591159	cellular organisms (no rank), Bacteria (domain), Bacillati (kingdom), Actinomycetota (phylum), Actinomycetes (class), Kitasatosporales (order), Streptomycetaceae (family), Streptomyces (genus), Streptomyces viridochromogenes (species)	Streptomyces viridochromogenes (strain DSM 40736 / JCM 4977 / BCRC 1201 / Tue 494)
P03521	11285	Viruses (no rank), Riboviria (realm), Orthornavirae (kingdom), Negarnaviricota (phylum), Haploviricotina (subphylum), Monjiviricetes (class), Mononegavirales (order), Rhabdoviridae (family), Alpharhabdovirinae (subfamily), Vesiculovirus (genus), Vesiculovirus indiana (species), Vesicular stomatitis Indiana virus (no rank)	Vesicular stomatitis Indiana virus (strain San Juan) (VSIV)
Q8B121	3052311	Viruses (no rank), Riboviria (realm), Orthornavirae (kingdom), Negarnaviricota (phylum), Polyploviricotina (subphylum), Bunyaviricetes (class), Hareavirales (order), Arenaviridae (family), Mammarenavirus (genus)	Latino mammarenavirus (isolate Rat/Bolivia/MARU 1924/1965) (LATV)
Q3A2Z4	338963	cellular organisms (no rank), Bacteria (domain), Pseudomonadati (kingdom), Thermodesulfobacteriota (phylum), Desulfuromonadia (class), Desulfuromonadales (order), Syntrophotaleaceae (family), Syntrophotalea (genus), Syntrophotalea carbinolica (species)	Syntrophotalea carbinolica (strain DSM 2380 / NBRC 103641 / GraBd1) (Pelobacter carbinolicus)
Q05372	32048	cellular organisms (no rank), Bacteria (domain), Bacillati (kingdom), Cyanobacteriota/Melainabacteria group (clade), Cyanobacteriota (phylum), Cyanophyceae (class), Synechococcales (order), Synechococcaceae (family), Synechococcus (genus), unclassified Synechococcus (no rank)	Synechococcus sp. (strain PCC 6716)
B0KQF9	76869	cellular organisms (no rank), Bacteria (domain), Pseudomonadati (kingdom), Pseudomonadota (phylum), Gammaproteobacteria (class), Pseudomonadales (order), Pseudomonadaceae (family), Pseudomonas (genus), Pseudomonas putida group (no rank), Pseudomonas putida (species)	Pseudomonas putida (strain GB-1)
B0C3K5	329726	cellular organisms (no rank), Bacteria (domain), Bacillati (kingdom), Cyanobacteriota/Melainabacteria group (clade), Cyanobacteriota (phylum), Cyanophyceae (class), Acaryochloridales (order), Acaryochloridaceae (family), Acaryochloris (genus), Acaryochloris marina (species)	Acaryochloris marina (strain MBIC 11017)
Q04657	1767	cellular organisms (no rank), Bacteria (domain), Bacillati (kingdom), Actinomycetota (phylum), Actinomycetes (class), Mycobacteriales (order), Mycobacteriaceae (family), Mycobacterium (genus), Mycobacterium avium complex (MAC) (no rank)	Mycobacterium intracellulare
Q9UZ86	272844	cellular organisms (no rank), Archaea (domain), Methanobacteriati (kingdom), Methanobacteriota (phylum), Thermococci (class), Thermococcales (order), Thermococcaceae (family), Pyrococcus (genus), Pyrococcus abyssi (species)	Pyrococcus abyssi (strain GE5 / Orsay)
A3QGN4	323850	cellular organisms (no rank), Bacteria (domain), Pseudomonadati (kingdom), Pseudomonadota (phylum), Gammaproteobacteria (class), Alteromonadales (order), Shewanellaceae (family), Shewanella (genus), Shewanella loihica (species)	Shewanella loihica (strain ATCC BAA-1088 / PV-4)
Q5HC60	254945	cellular organisms (no rank), Bacteria (domain), Pseudomonadati (kingdom), Pseudomonadota (phylum), Alphaproteobacteria (class), Rickettsiales (order), Anaplasmataceae (family), Ehrlichia (genus), canis group (no rank), Ehrlichia ruminantium (species)	Ehrlichia ruminantium (strain Welgevonden)
B5QW85	550537	cellular organisms (no rank), Bacteria (domain), Pseudomonadati (kingdom), Pseudomonadota (phylum), Gammaproteobacteria (class), Enterobacterales (order), Enterobacteriaceae (family), Salmonella (genus), Salmonella enterica (species), Salmonella enterica I (subspecies), Salmonella enteritidis (no rank)	Salmonella enteritidis PT4 (strain P125109)
B1VB75	546	cellular organisms (no rank), Bacteria (domain), Pseudomonadati (kingdom), Pseudomonadota (phylum), Gammaproteobacteria (class), Enterobacterales (order), Enterobacteriaceae (family), Citrobacter (genus), Citrobacter freundii complex (no rank)	Citrobacter freundii
Q9Z4P0	318167	cellular organisms (no rank), Bacteria (domain), Pseudomonadati (kingdom), Pseudomonadota (phylum), Gammaproteobacteria (class), Alteromonadales (order), Shewanellaceae (family), Shewanella (genus), Shewanella frigidimarina (species)	Shewanella frigidimarina (strain NCIMB 400)
P54742	1911	cellular organisms (no rank), Bacteria (domain), Bacillati (kingdom), Actinomycetota (phylum), Actinomycetes (class), Kitasatosporales (order), Streptomycetaceae (family), Streptomyces (genus), Streptomyces griseus group (no rank), Streptomyces griseus subgroup (no rank)	Streptomyces griseus
F7IX06	53522	cellular organisms (no rank), Bacteria (domain), Bacillati (kingdom), Actinomycetota (phylum), Actinomycetes (class), Streptosporangiales (order), Nocardiopsidaceae (family), Thermobifida (genus)	Thermobifida alba (Thermomonospora alba)
Q84FH6	274	cellular organisms (no rank), Bacteria (domain), Thermotogati (kingdom), Deinococcota (phylum), Deinococci (class), Thermales (order), Thermaceae (family), Thermus (genus)	Thermus thermophilus
D4GTL3	309800	cellular organisms (no rank), Archaea (domain), Methanobacteriati (kingdom), Methanobacteriota (phylum), Stenosarchaea group (clade), Halobacteria (class), Halobacteriales (order), Haloferacaceae (family), Haloferax (genus), Haloferax volcanii (species)	Haloferax volcanii (strain ATCC 29605 / DSM 3757 / JCM 8879 / NBRC 14742 / NCIMB 2012 / VKM B-1768 / DS2) (Halobacterium volcanii)
Q00330	596	cellular organisms (no rank), Bacteria (domain), Pseudomonadati (kingdom), Pseudomonadota (phylum), Gammaproteobacteria (class), Enterobacterales (order), Enterobacteriaceae (family), Salmonella (genus), Salmonella enterica (species), Salmonella enterica I (subspecies)	Salmonella muenchen
Q9CJW9	272843	cellular organisms (no rank), Bacteria (domain), Pseudomonadati (kingdom), Pseudomonadota (phylum), Gammaproteobacteria (class), Pasteurellales (order), Pasteurellaceae (family), Pasteurella (genus), Pasteurella multocida (species), Pasteurella multocida subsp. multocida (subspecies)	Pasteurella multocida (strain Pm70)
O93209	53182	Viruses (no rank), Riboviria (realm), Pararnavirae (kingdom), Artverviricota (phylum), Revtraviricetes (class), Ortervirales (order), Retroviridae (family), Spumaretrovirinae (subfamily), Felispumavirus (genus), Felispumavirus felcat (species)	Feline foamy virus (FFV) (Feline syncytial virus)
Q9RBN6	93372	cellular organisms (no rank), Bacteria (domain), Bacillati (kingdom), Actinomycetota (phylum), Actinomycetes (class), Kitasatosporales (order), Streptomycetaceae (family), Streptomyces (genus), unclassified Streptomyces (no rank)	Streptomyces sp. (strain CL190)
O31156	1396	cellular organisms (no rank), Bacteria (domain), Bacillati (kingdom), Bacillota (phylum), Bacilli (class), Caryophanales (order), Bacillaceae (family), Bacillus (genus), Bacillus cereus group (no rank)	Bacillus cereus
B8FB71	218208	cellular organisms (no rank), Bacteria (domain), Pseudomonadati (kingdom), Thermodesulfobacteriota (phylum), Desulfobacteria (class), Desulfobacterales (order), Desulfatibacillaceae (family), Desulfatibacillum (genus)	Desulfatibacillum aliphaticivorans
A4TIN1	386656	cellular organisms (no rank), Bacteria (domain), Pseudomonadati (kingdom), Pseudomonadota (phylum), Gammaproteobacteria (class), Enterobacterales (order), Yersiniaceae (family), Yersinia (genus), Yersinia pseudotuberculosis complex (no rank), Yersinia pestis (species)	Yersinia pestis (strain Pestoides F)
B4S808	290512	cellular organisms (no rank), Bacteria (domain), Pseudomonadati (kingdom), FCB group (clade), Bacteroidota/Chlorobiota group (clade), Chlorobiota (phylum), Chlorobiia (class), Chlorobiales (order), Chlorobiaceae (family), Prosthecochloris (genus), Prosthecochloris aestuarii (species)	Prosthecochloris aestuarii (strain DSM 271 / SK 413)
Q7TWV3	233413	cellular organisms (no rank), Bacteria (domain), Bacillati (kingdom), Actinomycetota (phylum), Actinomycetes (class), Mycobacteriales (order), Mycobacteriaceae (family), Mycobacterium (genus), Mycobacterium tuberculosis complex (no rank), Mycobacterium tuberculosis (species), Mycobacterium bovis (biotype)	Mycobacterium bovis (strain ATCC BAA-935 / AF2122/97)
A8FZZ3	425104	cellular organisms (no rank), Bacteria (domain), Pseudomonadati (kingdom), Pseudomonadota (phylum), Gammaproteobacteria (class), Alteromonadales (order), Shewanellaceae (family), Shewanella (genus), Shewanella sediminis (species)	Shewanella sediminis (strain HAW-EB3)
Q9RP19	1474	cellular organisms (no rank), Bacteria (domain), Bacillati (kingdom), Bacillota (phylum), Bacilli (class), Caryophanales (order), Caryophanaceae (family), Sporosarcina (genus)	Sporosarcina pasteurii (Bacillus pasteurii)
P13061	525146	cellular organisms (no rank), Bacteria (domain), Pseudomonadati (kingdom), Thermodesulfobacteriota (phylum), Desulfovibrionia (class), Desulfovibrionales (order), Desulfovibrionaceae (family), Desulfovibrio (genus), Desulfovibrio desulfuricans (species)	Desulfovibrio desulfuricans (strain ATCC 27774 / DSM 6949 / MB)
P96116	243276	cellular organisms (no rank), Bacteria (domain), Pseudomonadati (kingdom), Spirochaetota (phylum), Spirochaetia (class), Treponematales (order), Treponemataceae (family), Treponema (genus), Treponema pallidum (species), Treponema pallidum subsp. pallidum (subspecies)	Treponema pallidum (strain DSM 117211 / Nichols)
Q182S0	272563	cellular organisms (no rank), Bacteria (domain), Bacillati (kingdom), Bacillota (phylum), Clostridia (class), Peptostreptococcales (order), Peptostreptococcaceae (family), Clostridioides (genus), Clostridioides difficile (species)	Clostridioides difficile (strain 630) (Peptoclostridium difficile)
O69054	316	cellular organisms (no rank), Bacteria (domain), Pseudomonadati (kingdom), Pseudomonadota (phylum), Gammaproteobacteria (class), Pseudomonadales (order), Pseudomonadaceae (family), Stutzerimonas (genus), Stutzerimonas stutzeri group (no rank), Stutzerimonas stutzeri subgroup (no rank)	Stutzerimonas stutzeri (Pseudomonas stutzeri)
Q3XZZ9	333849	cellular organisms (no rank), Bacteria (domain), Bacillati (kingdom), Bacillota (phylum), Bacilli (class), Lactobacillales (order), Enterococcaceae (family), Enterococcus (genus), Enterococcus faecium (species)	Enterococcus faecium (strain ATCC BAA-472 / TX0016 / DO)
Q5SKC5	300852	cellular organisms (no rank), Bacteria (domain), Thermotogati (kingdom), Deinococcota (phylum), Deinococci (class), Thermales (order), Thermaceae (family), Thermus (genus), Thermus thermophilus (species)	Thermus thermophilus (strain ATCC 27634 / DSM 579 / HB8)
Q0VLS6	393595	cellular organisms (no rank), Bacteria (domain), Pseudomonadati (kingdom), Pseudomonadota (phylum), Gammaproteobacteria (class), Oceanospirillales (order), Alcanivoracaceae (family), Alcanivorax (genus), Alcanivorax borkumensis (species)	Alcanivorax borkumensis (strain ATCC 700651 / DSM 11573 / NCIMB 13689 / SK2)
F2RB81	953739	cellular organisms (no rank), Bacteria (domain), Bacillati (kingdom), Actinomycetota (phylum), Actinomycetes (class), Kitasatosporales (order), Streptomycetaceae (family), Streptomyces (genus), Streptomyces venezuelae (species)	Streptomyces venezuelae (strain ATCC 10712 / CBS 650.69 / DSM 40230 / JCM 4526 / NBRC 13096 / PD 04745)
P35635	774	cellular organisms (no rank), Bacteria (domain), Pseudomonadati (kingdom), Pseudomonadota (phylum), Alphaproteobacteria (class), Hyphomicrobiales (order), Bartonellaceae (family), Bartonella (genus)	Bartonella bacilliformis
Q02219	485	cellular organisms (no rank), Bacteria (domain), Pseudomonadati (kingdom), Pseudomonadota (phylum), Betaproteobacteria (class), Neisseriales (order), Neisseriaceae (family), Neisseria (genus)	Neisseria gonorrhoeae
Q88E10	160488	cellular organisms (no rank), Bacteria (domain), Pseudomonadati (kingdom), Pseudomonadota (phylum), Gammaproteobacteria (class), Pseudomonadales (order), Pseudomonadaceae (family), Pseudomonas (genus), Pseudomonas putida group (no rank), Pseudomonas putida (species)	Pseudomonas putida (strain ATCC 47054 / DSM 6125 / CFBP 8728 / NCIMB 11950 / KT2440)
B2A3K5	457570	cellular organisms (no rank), Bacteria (domain), Bacillati (kingdom), Bacillota (phylum), Clostridia (class), Natranaerobiales (order), Natranaerobiaceae (family), Natranaerobius (genus), Natranaerobius thermophilus (species)	Natranaerobius thermophilus (strain ATCC BAA-1301 / DSM 18059 / JW/NM-WN-LF)
Q0HPG3	60481	cellular organisms (no rank), Bacteria (domain), Pseudomonadati (kingdom), Pseudomonadota (phylum), Gammaproteobacteria (class), Alteromonadales (order), Shewanellaceae (family), Shewanella (genus), unclassified Shewanella (no rank)	Shewanella sp. (strain MR-7)
G9BY57	2725	cellular organisms (no rank), Bacteria (domain), environmental samples (no rank)	Unknown prokaryotic organism
Q8K9P7	198804	cellular organisms (no rank), Bacteria (domain), Pseudomonadati (kingdom), Pseudomonadota (phylum), Gammaproteobacteria (class), Enterobacterales (order), Erwiniaceae (family), Buchnera (genus), Buchnera aphidicola (species), Buchnera aphidicola (Schizaphis graminum) (no rank)	Buchnera aphidicola subsp. Schizaphis graminum (strain Sg)
P0C618	303	cellular organisms (no rank), Bacteria (domain), Pseudomonadati (kingdom), Pseudomonadota (phylum), Gammaproteobacteria (class), Pseudomonadales (order), Pseudomonadaceae (family), Pseudomonas (genus), Pseudomonas putida group (no rank)	Pseudomonas putida (Arthrobacter siderocapsulatus)
A4WTS8	349102	cellular organisms (no rank), Bacteria (domain), Pseudomonadati (kingdom), Pseudomonadota (phylum), Alphaproteobacteria (class), Rhodobacterales (order), Paracoccaceae (family), Cereibacter (genus), Cereibacter sphaeroides (species)	Cereibacter sphaeroides (strain ATCC 17025 / ATH 2.4.3) (Rhodobacter sphaeroides)
Q56837	78245	cellular organisms (no rank), Bacteria (domain), Pseudomonadati (kingdom), Pseudomonadota (phylum), Alphaproteobacteria (class), Hyphomicrobiales (order), Xanthobacteraceae (family), Xanthobacter (genus)	Xanthobacter versatilis
A4WDD1	399742	cellular organisms (no rank), Bacteria (domain), Pseudomonadati (kingdom), Pseudomonadota (phylum), Gammaproteobacteria (class), Enterobacterales (order), Enterobacteriaceae (family), Enterobacter (genus), unclassified Enterobacter (no rank)	Enterobacter sp. (strain 638)
A5GIY5	32051	cellular organisms (no rank), Bacteria (domain), Bacillati (kingdom), Cyanobacteriota/Melainabacteria group (clade), Cyanobacteriota (phylum), Cyanophyceae (class), Synechococcales (order), Synechococcaceae (family), Synechococcus (genus), unclassified Synechococcus (no rank)	Synechococcus sp. (strain WH7803)
O73946	186497	cellular organisms (no rank), Archaea (domain), Methanobacteriati (kingdom), Methanobacteriota (phylum), Thermococci (class), Thermococcales (order), Thermococcaceae (family), Pyrococcus (genus), Pyrococcus furiosus (species)	Pyrococcus furiosus (strain ATCC 43587 / DSM 3638 / JCM 8422 / Vc1)
B4SR82	391008	cellular organisms (no rank), Bacteria (domain), Pseudomonadati (kingdom), Pseudomonadota (phylum), Gammaproteobacteria (class), Lysobacterales (order), Lysobacteraceae (family), Stenotrophomonas (genus), Stenotrophomonas maltophilia group (no rank), Stenotrophomonas maltophilia (species)	Stenotrophomonas maltophilia (strain R551-3)
Q487G4	167879	cellular organisms (no rank), Bacteria (domain), Pseudomonadati (kingdom), Pseudomonadota (phylum), Gammaproteobacteria (class), Alteromonadales (order), Colwelliaceae (family), Colwellia (genus), Colwellia psychrerythraea (species)	Colwellia psychrerythraea (strain 34H / ATCC BAA-681) (Vibrio psychroerythus)
Q8CWP9	171101	cellular organisms (no rank), Bacteria (domain), Bacillati (kingdom), Bacillota (phylum), Bacilli (class), Lactobacillales (order), Streptococcaceae (family), Streptococcus (genus), Streptococcus pneumoniae (species)	Streptococcus pneumoniae (strain ATCC BAA-255 / R6)
Q70AC7	1752	cellular organisms (no rank), Bacteria (domain), Bacillati (kingdom), Actinomycetota (phylum), Actinomycetes (class), Propionibacteriales (order), Propionibacteriaceae (family), Propionibacterium (genus), Propionibacterium freudenreichii (species)	Propionibacterium freudenreichii subsp. shermanii
Q11HL0	266779	cellular organisms (no rank), Bacteria (domain), Pseudomonadati (kingdom), Pseudomonadota (phylum), Alphaproteobacteria (class), Hyphomicrobiales (order), Phyllobacteriaceae (family), Chelativorans (genus), unclassified Chelativorans (no rank)	Chelativorans sp. (strain BNC1)
Q81105	31514	Viruses (no rank), Riboviria (realm), Pararnavirae (kingdom), Artverviricota (phylum), Revtraviricetes (class), Blubervirales (order), Hepadnaviridae (family), Orthohepadnavirus (genus), Orthohepadnavirus hominoidei (species), Hepatitis B virus (no rank), Hepatitis B virus subtype adw (no rank)	Hepatitis B virus genotype A1 subtype adw (isolate Philippines/pFDW294/1988) (HBV-A)
Q89DR8	224911	cellular organisms (no rank), Bacteria (domain), Pseudomonadati (kingdom), Pseudomonadota (phylum), Alphaproteobacteria (class), Hyphomicrobiales (order), Nitrobacteraceae (family), Bradyrhizobium (genus), Bradyrhizobium diazoefficiens (species)	Bradyrhizobium diazoefficiens (strain JCM 10833 / BCRC 13528 / IAM 13628 / NBRC 14792 / USDA 110)
P0A452	171101	cellular organisms (no rank), Bacteria (domain), Bacillati (kingdom), Bacillota (phylum), Bacilli (class), Lactobacillales (order), Streptococcaceae (family), Streptococcus (genus), Streptococcus pneumoniae (species)	Streptococcus pneumoniae (strain ATCC BAA-255 / R6)
Q2FV67	93061	cellular organisms (no rank), Bacteria (domain), Bacillati (kingdom), Bacillota (phylum), Bacilli (class), Caryophanales (order), Staphylococcaceae (family), Staphylococcus (genus), Staphylococcus aureus (species)	Staphylococcus aureus (strain NCTC 8325 / PS 47)
B2HM76	216594	cellular organisms (no rank), Bacteria (domain), Bacillati (kingdom), Actinomycetota (phylum), Actinomycetes (class), Mycobacteriales (order), Mycobacteriaceae (family), Mycobacterium (genus), Mycobacterium ulcerans group (no rank), Mycobacterium marinum (species)	Mycobacterium marinum (strain ATCC BAA-535 / M)
Q5KUG0	235909	cellular organisms (no rank), Bacteria (domain), Bacillati (kingdom), Bacillota (phylum), Bacilli (class), Caryophanales (order), Anoxybacillaceae (family), Geobacillus (genus), Geobacillus thermoleovorans group (no rank), Geobacillus kaustophilus (species)	Geobacillus kaustophilus (strain HTA426)
A0A391NTR7	412955	cellular organisms (no rank), Bacteria (domain), Pseudomonadati (kingdom), Pseudomonadota (phylum), Gammaproteobacteria (class), Pseudomonadales (order), Pseudomonadaceae (family), Pseudomonas (genus), unclassified Pseudomonas (no rank)	Pseudomonas sp. (strain SCT)
Q03228	190650	cellular organisms (no rank), Bacteria (domain), Pseudomonadati (kingdom), Pseudomonadota (phylum), Alphaproteobacteria (class), Caulobacterales (order), Caulobacteraceae (family), Caulobacter (genus), Caulobacter vibrioides (species)	Caulobacter vibrioides (strain ATCC 19089 / CIP 103742 / CB 15) (Caulobacter crescentus)
P0DXF1	10665	Viruses (no rank), Duplodnaviria (realm), Heunggongvirae (kingdom), Uroviricota (phylum), Caudoviricetes (class), Pantevenvirales (order), Straboviridae (family), Tevenvirinae (subfamily), Tequatrovirus (genus)	Enterobacteria phage T4 (Bacteriophage T4)
Q9WYW0	243274	cellular organisms (no rank), Bacteria (domain), Thermotogati (kingdom), Thermotogota (phylum), Thermotogae (class), Thermotogales (order), Thermotogaceae (family), Thermotoga (genus), Thermotoga maritima (species)	Thermotoga maritima (strain ATCC 43589 / DSM 3109 / JCM 10099 / NBRC 100826 / MSB8)
Q0VQD8	393595	cellular organisms (no rank), Bacteria (domain), Pseudomonadati (kingdom), Pseudomonadota (phylum), Gammaproteobacteria (class), Oceanospirillales (order), Alcanivoracaceae (family), Alcanivorax (genus), Alcanivorax borkumensis (species)	Alcanivorax borkumensis (strain ATCC 700651 / DSM 11573 / NCIMB 13689 / SK2)
P0C2T9	1359	cellular organisms (no rank), Bacteria (domain), Bacillati (kingdom), Bacillota (phylum), Bacilli (class), Lactobacillales (order), Streptococcaceae (family), Lactococcus (genus)	Lactococcus lactis subsp. cremoris (Streptococcus cremoris)
Q47WB7	167879	cellular organisms (no rank), Bacteria (domain), Pseudomonadati (kingdom), Pseudomonadota (phylum), Gammaproteobacteria (class), Alteromonadales (order), Colwelliaceae (family), Colwellia (genus), Colwellia psychrerythraea (species)	Colwellia psychrerythraea (strain 34H / ATCC BAA-681) (Vibrio psychroerythus)
P28008	1281	cellular organisms (no rank), Bacteria (domain), Bacillati (kingdom), Bacillota (phylum), Bacilli (class), Caryophanales (order), Staphylococcaceae (family), Staphylococcus (genus)	Staphylococcus carnosus
B9DLD6	396513	cellular organisms (no rank), Bacteria (domain), Bacillati (kingdom), Bacillota (phylum), Bacilli (class), Caryophanales (order), Staphylococcaceae (family), Staphylococcus (genus), Staphylococcus carnosus (species)	Staphylococcus carnosus (strain TM300)
P42450	196627	cellular organisms (no rank), Bacteria (domain), Bacillati (kingdom), Actinomycetota (phylum), Actinomycetes (class), Mycobacteriales (order), Corynebacteriaceae (family), Corynebacterium (genus), Corynebacterium glutamicum (species)	Corynebacterium glutamicum (strain ATCC 13032 / DSM 20300 / JCM 1318 / BCRC 11384 / CCUG 27702 / LMG 3730 / NBRC 12168 / NCIMB 10025 / NRRL B-2784 / 534)
P72021	2210	cellular organisms (no rank), Archaea (domain), Methanobacteriati (kingdom), Methanobacteriota (phylum), Stenosarchaea group (clade), Methanomicrobia (class), Methanosarcinales (order), Methanosarcinaceae (family), Methanosarcina (genus)	Methanosarcina thermophila
Q2W8S0	342108	cellular organisms (no rank), Bacteria (domain), Pseudomonadati (kingdom), Pseudomonadota (phylum), Alphaproteobacteria (class), Rhodospirillales (order), Magnetospirillaceae (family), Paramagnetospirillum (genus), Paramagnetospirillum magneticum (species)	Paramagnetospirillum magneticum (strain ATCC 700264 / AMB-1) (Magnetospirillum magneticum)
Q21LC4	203122	cellular organisms (no rank), Bacteria (domain), Pseudomonadati (kingdom), Pseudomonadota (phylum), Gammaproteobacteria (class), Cellvibrionales (order), Cellvibrionaceae (family), Saccharophagus (genus), Saccharophagus degradans (species)	Saccharophagus degradans (strain 2-40 / ATCC 43961 / DSM 17024)
Q58530	243232	cellular organisms (no rank), Archaea (domain), Methanobacteriati (kingdom), Methanobacteriota (phylum), Methanomada group (clade), Methanococci (class), Methanococcales (order), Methanocaldococcaceae (family), Methanocaldococcus (genus), Methanocaldococcus jannaschii (species)	Methanocaldococcus jannaschii (strain ATCC 43067 / DSM 2661 / JAL-1 / JCM 10045 / NBRC 100440) (Methanococcus jannaschii)
P01120	559292	cellular organisms (no rank), Eukaryota (domain), Opisthokonta (clade), Fungi (kingdom), Dikarya (subkingdom), Ascomycota (phylum), saccharomyceta (clade), Saccharomycotina (subphylum), Saccharomycetes (class), Saccharomycetales (order), Saccharomycetaceae (family), Saccharomyces (genus), Saccharomyces cerevisiae (species)	Saccharomyces cerevisiae (strain ATCC 204508 / S288c) (Baker's yeast)
Q325H8	300268	cellular organisms (no rank), Bacteria (domain), Pseudomonadati (kingdom), Pseudomonadota (phylum), Gammaproteobacteria (class), Enterobacterales (order), Enterobacteriaceae (family), Shigella (genus), Shigella boydii (species)	Shigella boydii serotype 4 (strain Sb227)
Q56582	663	cellular organisms (no rank), Bacteria (domain), Pseudomonadati (kingdom), Pseudomonadota (phylum), Gammaproteobacteria (class), Vibrionales (order), Vibrionaceae (family), Vibrio (genus), Vibrio harveyi group (no rank)	Vibrio alginolyticus
Q05128	128952	Viruses (no rank), Riboviria (realm), Orthornavirae (kingdom), Negarnaviricota (phylum), Haploviricotina (subphylum), Monjiviricetes (class), Mononegavirales (order), Filoviridae (family), Orthoebolavirus (genus), Orthoebolavirus zairense (species), Ebola virus (no rank)	Zaire ebolavirus (strain Mayinga-76) (ZEBOV) (Zaire Ebola virus)
A0A087WNH6	29448	cellular organisms (no rank), Bacteria (domain), Pseudomonadati (kingdom), Pseudomonadota (phylum), Alphaproteobacteria (class), Hyphomicrobiales (order), Nitrobacteraceae (family), Bradyrhizobium (genus)	Bradyrhizobium elkanii
B8H610	565050	cellular organisms (no rank), Bacteria (domain), Pseudomonadati (kingdom), Pseudomonadota (phylum), Alphaproteobacteria (class), Caulobacterales (order), Caulobacteraceae (family), Caulobacter (genus), Caulobacter vibrioides (species)	Caulobacter vibrioides (strain NA1000 / CB15N) (Caulobacter crescentus)
A9WC34	324602	cellular organisms (no rank), Bacteria (domain), Bacillati (kingdom), Chloroflexota (phylum), Chloroflexia (class), Chloroflexales (order), Chloroflexineae (suborder), Chloroflexaceae (family), Chloroflexus (genus), Chloroflexus aurantiacus (species)	Chloroflexus aurantiacus (strain ATCC 29366 / DSM 635 / J-10-fl)
A0JX72	290399	cellular organisms (no rank), Bacteria (domain), Bacillati (kingdom), Actinomycetota (phylum), Actinomycetes (class), Micrococcales (order), Micrococcaceae (family), Arthrobacter (genus), unclassified Arthrobacter (no rank)	Arthrobacter sp. (strain FB24)
Q63XL8	272560	cellular organisms (no rank), Bacteria (domain), Pseudomonadati (kingdom), Pseudomonadota (phylum), Betaproteobacteria (class), Burkholderiales (order), Burkholderiaceae (family), Burkholderia (genus), pseudomallei group (no rank), Burkholderia pseudomallei (species)	Burkholderia pseudomallei (strain K96243)
F1CMX0	1829	cellular organisms (no rank), Bacteria (domain), Bacillati (kingdom), Actinomycetota (phylum), Actinomycetes (class), Mycobacteriales (order), Nocardiaceae (family), Rhodococcus (genus)	Rhodococcus rhodochrous
A9VRH8	315730	cellular organisms (no rank), Bacteria (domain), Bacillati (kingdom), Bacillota (phylum), Bacilli (class), Caryophanales (order), Bacillaceae (family), Bacillus (genus), Bacillus cereus group (no rank), Bacillus mycoides (species)	Bacillus mycoides (strain KBAB4) (Bacillus weihenstephanensis)
Q5LL69	246200	cellular organisms (no rank), Bacteria (domain), Pseudomonadati (kingdom), Pseudomonadota (phylum), Alphaproteobacteria (class), Rhodobacterales (order), Roseobacteraceae (family), Ruegeria (genus), Ruegeria pomeroyi (species)	Ruegeria pomeroyi (strain ATCC 700808 / DSM 15171 / DSS-3) (Silicibacter pomeroyi)
A6L3I9	435590	cellular organisms (no rank), Bacteria (domain), Pseudomonadati (kingdom), FCB group (clade), Bacteroidota/Chlorobiota group (clade), Bacteroidota (phylum), Bacteroidia (class), Bacteroidales (order), Bacteroidaceae (family), Phocaeicola (genus), Phocaeicola vulgatus (species)	Phocaeicola vulgatus (strain ATCC 8482 / DSM 1447 / JCM 5826 / CCUG 4940 / NBRC 14291 / NCTC 11154) (Bacteroides vulgatus)
B2FHY5	522373	cellular organisms (no rank), Bacteria (domain), Pseudomonadati (kingdom), Pseudomonadota (phylum), Gammaproteobacteria (class), Lysobacterales (order), Lysobacteraceae (family), Stenotrophomonas (genus), Stenotrophomonas maltophilia group (no rank), Stenotrophomonas maltophilia (species)	Stenotrophomonas maltophilia (strain K279a)
P13254	303	cellular organisms (no rank), Bacteria (domain), Pseudomonadati (kingdom), Pseudomonadota (phylum), Gammaproteobacteria (class), Pseudomonadales (order), Pseudomonadaceae (family), Pseudomonas (genus), Pseudomonas putida group (no rank)	Pseudomonas putida (Arthrobacter siderocapsulatus)
Q64T27	295405	cellular organisms (no rank), Bacteria (domain), Pseudomonadati (kingdom), FCB group (clade), Bacteroidota/Chlorobiota group (clade), Bacteroidota (phylum), Bacteroidia (class), Bacteroidales (order), Bacteroidaceae (family), Bacteroides (genus), Bacteroides fragilis (species)	Bacteroides fragilis (strain YCH46)
P13253	870	cellular organisms (no rank), Bacteria (domain), Pseudomonadati (kingdom), Pseudomonadota (phylum), Gammaproteobacteria (class), Cardiobacteriales (order), Cardiobacteriaceae (family), Dichelobacter (genus)	Dichelobacter nodosus (Bacteroides nodosus)
P13989	562	cellular organisms (no rank), Bacteria (domain), Pseudomonadati (kingdom), Pseudomonadota (phylum), Gammaproteobacteria (class), Enterobacterales (order), Enterobacteriaceae (family), Escherichia (genus)	Escherichia coli
Q31I07	317025	cellular organisms (no rank), Bacteria (domain), Pseudomonadati (kingdom), Pseudomonadota (phylum), Gammaproteobacteria (class), Thiotrichales (order), Piscirickettsiaceae (family), Hydrogenovibrio (genus), Hydrogenovibrio crunogenus (species)	Hydrogenovibrio crunogenus (strain DSM 25203 / XCL-2) (Thiomicrospira crunogena)
B8GRB6	396588	cellular organisms (no rank), Bacteria (domain), Pseudomonadati (kingdom), Pseudomonadota (phylum), Gammaproteobacteria (class), Chromatiales (order), Ectothiorhodospiraceae (family), Thioalkalivibrio (genus), Thioalkalivibrio sulfidiphilus (species)	Thioalkalivibrio sulfidiphilus (strain HL-EbGR7)
O53611	83332	cellular organisms (no rank), Bacteria (domain), Bacillati (kingdom), Actinomycetota (phylum), Actinomycetes (class), Mycobacteriales (order), Mycobacteriaceae (family), Mycobacterium (genus), Mycobacterium tuberculosis complex (no rank), Mycobacterium tuberculosis (species)	Mycobacterium tuberculosis (strain ATCC 25618 / H37Rv)
I3VE74	391953	cellular organisms (no rank), Bacteria (domain), Pseudomonadati (kingdom), Pseudomonadota (phylum), Betaproteobacteria (class), Burkholderiales (order), Sphaerotilaceae (family), Aquincola (genus)	Aquincola tertiaricarbonis
A8GJU3	399741	cellular organisms (no rank), Bacteria (domain), Pseudomonadati (kingdom), Pseudomonadota (phylum), Gammaproteobacteria (class), Enterobacterales (order), Yersiniaceae (family), Serratia (genus), Serratia proteamaculans (species)	Serratia proteamaculans (strain 568)
B9KI71	320483	cellular organisms (no rank), Bacteria (domain), Pseudomonadati (kingdom), Pseudomonadota (phylum), Alphaproteobacteria (class), Rickettsiales (order), Anaplasmataceae (family), Anaplasma (genus), Anaplasma marginale (species)	Anaplasma marginale (strain Florida)
P75438	272634	cellular organisms (no rank), Bacteria (domain), Bacillati (kingdom), Mycoplasmatota (phylum), Mycoplasmoidales (order), Mycoplasmoidaceae (family), Mycoplasmoides (genus), Mycoplasmoides pneumoniae (species)	Mycoplasmoides pneumoniae (strain ATCC 29342 / M129 / Subtype 1) (Mycoplasma pneumoniae)
O58843	70601	cellular organisms (no rank), Archaea (domain), Methanobacteriati (kingdom), Methanobacteriota (phylum), Thermococci (class), Thermococcales (order), Thermococcaceae (family), Pyrococcus (genus), Pyrococcus horikoshii (species)	Pyrococcus horikoshii (strain ATCC 700860 / DSM 12428 / JCM 9974 / NBRC 100139 / OT-3)
B7IH88	484019	cellular organisms (no rank), Bacteria (domain), Thermotogati (kingdom), Thermotogota (phylum), Thermotogae (class), Thermotogales (order), Fervidobacteriaceae (family), Thermosipho (genus), Thermosipho africanus (species)	Thermosipho africanus (strain TCF52B)
Q8XGX8	90370	cellular organisms (no rank), Bacteria (domain), Pseudomonadati (kingdom), Pseudomonadota (phylum), Gammaproteobacteria (class), Enterobacterales (order), Enterobacteriaceae (family), Salmonella (genus), Salmonella enterica (species), Salmonella enterica I (subspecies)	Salmonella typhi
P84308	322710	cellular organisms (no rank), Bacteria (domain), Pseudomonadati (kingdom), Pseudomonadota (phylum), Gammaproteobacteria (class), Pseudomonadales (order), Pseudomonadaceae (family), Azotobacter group (subfamily), Azotobacter (genus), Azotobacter vinelandii (species)	Azotobacter vinelandii (strain DJ / ATCC BAA-1303)
A0KTG8	94122	cellular organisms (no rank), Bacteria (domain), Pseudomonadati (kingdom), Pseudomonadota (phylum), Gammaproteobacteria (class), Alteromonadales (order), Shewanellaceae (family), Shewanella (genus), unclassified Shewanella (no rank)	Shewanella sp. (strain ANA-3)
Q93QX0	285	cellular organisms (no rank), Bacteria (domain), Pseudomonadati (kingdom), Pseudomonadota (phylum), Betaproteobacteria (class), Burkholderiales (order), Comamonadaceae (family), Comamonas (genus)	Comamonas testosteroni (Pseudomonas testosteroni)
G3XCN6	382	cellular organisms (no rank), Bacteria (domain), Pseudomonadati (kingdom), Pseudomonadota (phylum), Alphaproteobacteria (class), Hyphomicrobiales (order), Rhizobiaceae (family), Sinorhizobium/Ensifer group (no rank), Sinorhizobium (genus)	Rhizobium meliloti (Ensifer meliloti) (Sinorhizobium meliloti)
A0A3A4NVY7	2093360	cellular organisms (no rank), Bacteria (domain), Pseudomonadati (kingdom), FCB group (clade), Candidatus Hydrogenedentota (phylum), Candidatus Abyssobacteria (class)	Abyssobacteria bacterium (strain SURF_5)
Q07ZP8	318167	cellular organisms (no rank), Bacteria (domain), Pseudomonadati (kingdom), Pseudomonadota (phylum), Gammaproteobacteria (class), Alteromonadales (order), Shewanellaceae (family), Shewanella (genus), Shewanella frigidimarina (species)	Shewanella frigidimarina (strain NCIMB 400)
A0A075BSX9	879274	cellular organisms (no rank), Bacteria (domain), Pseudomonadati (kingdom), Pseudomonadota (phylum), Alphaproteobacteria (class), Hyphomicrobiales (order), Rhizobiaceae (family), Shinella (genus), unclassified Shinella (no rank)	Shinella sp. (strain HZN7)
A0A3F2YLY8	95641	cellular organisms (no rank), Bacteria (domain), Pseudomonadati (kingdom), Pseudomonadota (phylum), Gammaproteobacteria (class), Methylococcales (order), Methylococcaceae (family), Methylotuvimicrobium (genus)	Methylotuvimicrobium buryatense (Methylomicrobium buryatense)
Q7M7A9	251221	cellular organisms (no rank), Bacteria (domain), Bacillati (kingdom), Cyanobacteriota/Melainabacteria group (clade), Cyanobacteriota (phylum), Cyanophyceae (class), Gloeobacterales (order), Gloeobacteraceae (family), Gloeobacter (genus), Gloeobacter violaceus (species)	Gloeobacter violaceus (strain ATCC 29082 / PCC 7421)
B7V024	557722	cellular organisms (no rank), Bacteria (domain), Pseudomonadati (kingdom), Pseudomonadota (phylum), Gammaproteobacteria (class), Pseudomonadales (order), Pseudomonadaceae (family), Pseudomonas (genus), Pseudomonas aeruginosa group (no rank), Pseudomonas aeruginosa (species)	Pseudomonas aeruginosa (strain LESB58)
B3PIS4	498211	cellular organisms (no rank), Bacteria (domain), Pseudomonadati (kingdom), Pseudomonadota (phylum), Gammaproteobacteria (class), Cellvibrionales (order), Cellvibrionaceae (family), Cellvibrio (genus), Cellvibrio japonicus (species)	Cellvibrio japonicus (strain Ueda107) (Pseudomonas fluorescens subsp. cellulosa)
P14218	294	cellular organisms (no rank), Bacteria (domain), Pseudomonadati (kingdom), Pseudomonadota (phylum), Gammaproteobacteria (class), Pseudomonadales (order), Pseudomonadaceae (family), Pseudomonas (genus), Pseudomonas fluorescens group (no rank)	Pseudomonas fluorescens
P36911	238	cellular organisms (no rank), Bacteria (domain), Pseudomonadati (kingdom), FCB group (clade), Bacteroidota/Chlorobiota group (clade), Bacteroidota (phylum), Flavobacteriia (class), Flavobacteriales (order), Weeksellaceae (family), Elizabethkingia (genus)	Elizabethkingia meningoseptica (Chryseobacterium meningosepticum)
Q8AA75	226186	cellular organisms (no rank), Bacteria (domain), Pseudomonadati (kingdom), FCB group (clade), Bacteroidota/Chlorobiota group (clade), Bacteroidota (phylum), Bacteroidia (class), Bacteroidales (order), Bacteroidaceae (family), Bacteroides (genus), Bacteroides thetaiotaomicron (species)	Bacteroides thetaiotaomicron (strain ATCC 29148 / DSM 2079 / JCM 5827 / CCUG 10774 / NCTC 10582 / VPI-5482 / E50)
Q0A4T7	187272	cellular organisms (no rank), Bacteria (domain), Pseudomonadati (kingdom), Pseudomonadota (phylum), Gammaproteobacteria (class), Chromatiales (order), Ectothiorhodospiraceae (family), Alkalilimnicola (genus), Alkalilimnicola ehrlichii (species)	Alkalilimnicola ehrlichii (strain ATCC BAA-1101 / DSM 17681 / MLHE-1)
A1B348	318586	cellular organisms (no rank), Bacteria (domain), Pseudomonadati (kingdom), Pseudomonadota (phylum), Alphaproteobacteria (class), Rhodobacterales (order), Paracoccaceae (family), Paracoccus (genus), Paracoccus denitrificans (species)	Paracoccus denitrificans (strain Pd 1222)
B1H0I0	1408204	cellular organisms (no rank), Bacteria (domain), Pseudomonadati (kingdom), Elusimicrobiota (phylum), Endomicrobiia (class), Endomicrobiales (order), Endomicrobiaceae (family), Candidatus Endomicrobiellum (genus)	Endomicrobium trichonymphae
P09992	11624	Viruses (no rank), Riboviria (realm), Orthornavirae (kingdom), Negarnaviricota (phylum), Polyploviricotina (subphylum), Bunyaviricetes (class), Hareavirales (order), Arenaviridae (family), Mammarenavirus (genus), Mammarenavirus choriomeningitidis (species)	Lymphocytic choriomeningitis virus (strain Armstrong) (LCMV)
Q829A7	227882	cellular organisms (no rank), Bacteria (domain), Bacillati (kingdom), Actinomycetota (phylum), Actinomycetes (class), Kitasatosporales (order), Streptomycetaceae (family), Streptomyces (genus), Streptomyces avermitilis (species)	Streptomyces avermitilis (strain ATCC 31267 / DSM 46492 / JCM 5070 / NBRC 14893 / NCIMB 12804 / NRRL 8165 / MA-4680)
A4J559	349161	cellular organisms (no rank), Bacteria (domain), Bacillati (kingdom), Bacillota (phylum), Clostridia (class), Eubacteriales (order), Peptococcaceae (family), Desulforamulus (genus), Desulforamulus reducens (species)	Desulforamulus reducens (strain ATCC BAA-1160 / DSM 100696 / MI-1) (Desulfotomaculum reducens)
G9FRD6	29369	cellular organisms (no rank), Bacteria (domain), Bacillati (kingdom), Bacillota (phylum), Clostridia (class), Eubacteriales (order), Clostridiaceae (family), Clostridium (genus)	Clostridium sardiniense (Clostridium absonum)
Q4QLS8	281310	cellular organisms (no rank), Bacteria (domain), Pseudomonadati (kingdom), Pseudomonadota (phylum), Gammaproteobacteria (class), Pasteurellales (order), Pasteurellaceae (family), Haemophilus (genus), Haemophilus influenzae (species)	Haemophilus influenzae (strain 86-028NP)
Q2NQ84	343509	cellular organisms (no rank), Bacteria (domain), Pseudomonadati (kingdom), Pseudomonadota (phylum), Gammaproteobacteria (class), Enterobacterales (order), Bruguierivoracaceae (family), Sodalis (genus), Sodalis glossinidius (species)	Sodalis glossinidius (strain morsitans)
Q3YUY8	300269	cellular organisms (no rank), Bacteria (domain), Pseudomonadati (kingdom), Pseudomonadota (phylum), Gammaproteobacteria (class), Enterobacterales (order), Enterobacteriaceae (family), Shigella (genus), Shigella sonnei (species)	Shigella sonnei (strain Ss046)
Q01QF9	234267	cellular organisms (no rank), Bacteria (domain), Pseudomonadati (kingdom), Acidobacteriota (phylum), Terriglobia (class), Bryobacterales (order), Solibacteraceae (family), Candidatus Solibacter (genus), Solibacter usitatus (species)	Solibacter usitatus (strain Ellin6076)
B2RMI0	431947	cellular organisms (no rank), Bacteria (domain), Pseudomonadati (kingdom), FCB group (clade), Bacteroidota/Chlorobiota group (clade), Bacteroidota (phylum), Bacteroidia (class), Bacteroidales (order), Porphyromonadaceae (family), Porphyromonas (genus), Porphyromonas gingivalis (species)	Porphyromonas gingivalis (strain ATCC 33277 / DSM 20709 / CIP 103683 / JCM 12257 / NCTC 11834 / 2561)
P04390	562	cellular organisms (no rank), Bacteria (domain), Pseudomonadati (kingdom), Pseudomonadota (phylum), Gammaproteobacteria (class), Enterobacterales (order), Enterobacteriaceae (family), Escherichia (genus)	Escherichia coli
Q3J1R2	272943	cellular organisms (no rank), Bacteria (domain), Pseudomonadati (kingdom), Pseudomonadota (phylum), Alphaproteobacteria (class), Rhodobacterales (order), Paracoccaceae (family), Cereibacter (genus), Cereibacter sphaeroides (species)	Cereibacter sphaeroides (strain ATCC 17023 / DSM 158 / JCM 6121 / CCUG 31486 / LMG 2827 / NBRC 12203 / NCIMB 8253 / ATH 2.4.1.) (Rhodobacter sphaeroides)
B2SGH6	441952	cellular organisms (no rank), Bacteria (domain), Pseudomonadati (kingdom), Pseudomonadota (phylum), Gammaproteobacteria (class), Thiotrichales (order), Francisellaceae (family), Francisella (genus), Francisella tularensis (species), Francisella tularensis subsp. mediasiatica (subspecies)	Francisella tularensis subsp. mediasiatica (strain FSC147)
B2S5Y5	430066	cellular organisms (no rank), Bacteria (domain), Pseudomonadati (kingdom), Pseudomonadota (phylum), Alphaproteobacteria (class), Hyphomicrobiales (order), Brucellaceae (family), Brucella/Ochrobactrum group (no rank), Brucella (genus), Brucella melitensis group (no rank), Brucella abortus (species)	Brucella abortus (strain S19)
P75044	272634	cellular organisms (no rank), Bacteria (domain), Bacillati (kingdom), Mycoplasmatota (phylum), Mycoplasmoidales (order), Mycoplasmoidaceae (family), Mycoplasmoides (genus), Mycoplasmoides pneumoniae (species)	Mycoplasmoides pneumoniae (strain ATCC 29342 / M129 / Subtype 1) (Mycoplasma pneumoniae)
Q2LXN0	56780	cellular organisms (no rank), Bacteria (domain), Pseudomonadati (kingdom), Thermodesulfobacteriota (phylum), Syntrophia (class), Syntrophales (order), Syntrophaceae (family), Syntrophus (genus), Syntrophus aciditrophicus (species)	Syntrophus aciditrophicus (strain SB)
Q6D245	218491	cellular organisms (no rank), Bacteria (domain), Pseudomonadati (kingdom), Pseudomonadota (phylum), Gammaproteobacteria (class), Enterobacterales (order), Pectobacteriaceae (family), Pectobacterium (genus), Pectobacterium atrosepticum (species)	Pectobacterium atrosepticum (strain SCRI 1043 / ATCC BAA-672) (Erwinia carotovora subsp. atroseptica)
Q76R62	928302	Viruses (no rank), Riboviria (realm), Pararnavirae (kingdom), Artverviricota (phylum), Revtraviricetes (class), Blubervirales (order), Hepadnaviridae (family), Orthohepadnavirus (genus), Orthohepadnavirus hominoidei (species), Hepatitis B virus (no rank), hepatitis B virus genotype C (no rank)	Hepatitis B virus genotype C subtype ayr (isolate Human/Japan/Okamoto/-) (HBV-C)
A6Q4Z6	387092	cellular organisms (no rank), Bacteria (domain), Pseudomonadati (kingdom), Campylobacterota (phylum), Epsilonproteobacteria (class), Nautiliales (order), Nitratiruptoraceae (family), Nitratiruptor (genus), unclassified Nitratiruptor (no rank)	Nitratiruptor sp. (strain SB155-2)
Q9L7A3	233412	cellular organisms (no rank), Bacteria (domain), Pseudomonadati (kingdom), Pseudomonadota (phylum), Gammaproteobacteria (class), Pasteurellales (order), Pasteurellaceae (family), Haemophilus (genus), Haemophilus ducreyi (species)	Haemophilus ducreyi (strain 35000HP / ATCC 700724)
A0A0G2JTR4	10116	cellular organisms (no rank), Eukaryota (domain), Opisthokonta (clade), Metazoa (kingdom), Eumetazoa (clade), Bilateria (clade), Deuterostomia (clade), Chordata (phylum), Craniata (subphylum), Vertebrata (clade), Gnathostomata (clade), Teleostomi (clade), Euteleostomi (clade), Sarcopterygii (superclass), Dipnotetrapodomorpha (clade), Tetrapoda (clade), Amniota (clade), Mammalia (class), Theria (clade), Eutheria (clade), Boreoeutheria (clade), Euarchontoglires (superorder), Glires (clade), Rodentia (order), Myomorpha (suborder), Muroidea (clade), Muridae (family), Murinae (subfamily), Rattus (genus)	Rattus norvegicus (Rat)
P0A601	233413	cellular organisms (no rank), Bacteria (domain), Bacillati (kingdom), Actinomycetota (phylum), Actinomycetes (class), Mycobacteriales (order), Mycobacteriaceae (family), Mycobacterium (genus), Mycobacterium tuberculosis complex (no rank), Mycobacterium tuberculosis (species), Mycobacterium bovis (biotype)	Mycobacterium bovis (strain ATCC BAA-935 / AF2122/97)
P07566	11045	Viruses (no rank), Riboviria (realm), Orthornavirae (kingdom), Kitrinoviricota (phylum), Alsuviricetes (class), Hepelivirales (order), Matonaviridae (family), Rubivirus (genus), Rubivirus rubellae (species), Rubella virus (no rank)	Rubella virus (strain Therien) (RUBV)
B8CVJ1	225849	cellular organisms (no rank), Bacteria (domain), Pseudomonadati (kingdom), Pseudomonadota (phylum), Gammaproteobacteria (class), Alteromonadales (order), Shewanellaceae (family), Shewanella (genus), Shewanella piezotolerans (species)	Shewanella piezotolerans (strain WP3 / JCM 13877)
P58559	103690	cellular organisms (no rank), Bacteria (domain), Bacillati (kingdom), Cyanobacteriota/Melainabacteria group (clade), Cyanobacteriota (phylum), Cyanophyceae (class), Nostocales (order), Nostocaceae (family), Nostoc (genus), unclassified Nostoc (no rank)	Nostoc sp. (strain PCC 7120 / SAG 25.82 / UTEX 2576)
Q9K3J3	100226	cellular organisms (no rank), Bacteria (domain), Bacillati (kingdom), Actinomycetota (phylum), Actinomycetes (class), Kitasatosporales (order), Streptomycetaceae (family), Streptomyces (genus), Streptomyces albidoflavus group (no rank), Streptomyces coelicolor (species)	Streptomyces coelicolor (strain ATCC BAA-471 / A3(2) / M145)
P85207	743525	cellular organisms (no rank), Bacteria (domain), Thermotogati (kingdom), Deinococcota (phylum), Deinococci (class), Thermales (order), Thermaceae (family), Thermus (genus), Thermus scotoductus (species)	Thermus scotoductus (strain ATCC 700910 / SA-01)
A5PJM4	9913	cellular organisms (no rank), Eukaryota (domain), Opisthokonta (clade), Metazoa (kingdom), Eumetazoa (clade), Bilateria (clade), Deuterostomia (clade), Chordata (phylum), Craniata (subphylum), Vertebrata (clade), Gnathostomata (clade), Teleostomi (clade), Euteleostomi (clade), Sarcopterygii (superclass), Dipnotetrapodomorpha (clade), Tetrapoda (clade), Amniota (clade), Mammalia (class), Theria (clade), Eutheria (clade), Boreoeutheria (clade), Laurasiatheria (superorder), Artiodactyla (order), Ruminantia (suborder), Pecora (infraorder), Bovidae (family), Bovinae (subfamily), Bos (genus)	Bos taurus (Bovine)
Q8NX62	196620	cellular organisms (no rank), Bacteria (domain), Bacillati (kingdom), Bacillota (phylum), Bacilli (class), Caryophanales (order), Staphylococcaceae (family), Staphylococcus (genus), Staphylococcus aureus (species)	Staphylococcus aureus (strain MW2)
Q2SN34	349521	cellular organisms (no rank), Bacteria (domain), Pseudomonadati (kingdom), Pseudomonadota (phylum), Gammaproteobacteria (class), Oceanospirillales (order), Hahellaceae (family), Hahella (genus), Hahella chejuensis (species)	Hahella chejuensis (strain KCTC 2396)
A1C3L9	1318	cellular organisms (no rank), Bacteria (domain), Bacillati (kingdom), Bacillota (phylum), Bacilli (class), Lactobacillales (order), Streptococcaceae (family), Streptococcus (genus), Streptococcus parasanguinis group (no rank)	Streptococcus parasanguinis
Q88PC0	160488	cellular organisms (no rank), Bacteria (domain), Pseudomonadati (kingdom), Pseudomonadota (phylum), Gammaproteobacteria (class), Pseudomonadales (order), Pseudomonadaceae (family), Pseudomonas (genus), Pseudomonas putida group (no rank), Pseudomonas putida (species)	Pseudomonas putida (strain ATCC 47054 / DSM 6125 / CFBP 8728 / NCIMB 11950 / KT2440)
Q74P24	222523	cellular organisms (no rank), Bacteria (domain), Bacillati (kingdom), Bacillota (phylum), Bacilli (class), Caryophanales (order), Bacillaceae (family), Bacillus (genus), Bacillus cereus group (no rank), Bacillus cereus (species)	Bacillus cereus (strain ATCC 10987 / NRS 248)
V5XKC3	672	cellular organisms (no rank), Bacteria (domain), Pseudomonadati (kingdom), Pseudomonadota (phylum), Gammaproteobacteria (class), Vibrionales (order), Vibrionaceae (family), Vibrio (genus)	Vibrio vulnificus
Q9X4A5	1639	cellular organisms (no rank), Bacteria (domain), Bacillati (kingdom), Bacillota (phylum), Bacilli (class), Caryophanales (order), Listeriaceae (family), Listeria (genus)	Listeria monocytogenes
Q9XBQ8	1550	cellular organisms (no rank), Bacteria (domain), Bacillati (kingdom), Bacillota (phylum), Clostridia (class), Eubacteriales (order), Clostridiaceae (family), Clostridium (genus)	Clostridium subterminale
C0R5B9	66084	cellular organisms (no rank), Bacteria (domain), Pseudomonadati (kingdom), Pseudomonadota (phylum), Alphaproteobacteria (class), Rickettsiales (order), Anaplasmataceae (family), Wolbachieae (tribe), Wolbachia (genus), unclassified Wolbachia (no rank)	Wolbachia sp. subsp. Drosophila simulans (strain wRi)
D9RZ53	555079	cellular organisms (no rank), Bacteria (domain), Bacillati (kingdom), Bacillota (phylum), Clostridia (class), Thermosediminibacterales (order), Thermosediminibacteraceae (family), Thermosediminibacter (genus), Thermosediminibacter oceani (species)	Thermosediminibacter oceani (strain ATCC BAA-1034 / DSM 16646 / JW/IW-1228P)
P00431	559292	cellular organisms (no rank), Eukaryota (domain), Opisthokonta (clade), Fungi (kingdom), Dikarya (subkingdom), Ascomycota (phylum), saccharomyceta (clade), Saccharomycotina (subphylum), Saccharomycetes (class), Saccharomycetales (order), Saccharomycetaceae (family), Saccharomyces (genus), Saccharomyces cerevisiae (species)	Saccharomyces cerevisiae (strain ATCC 204508 / S288c) (Baker's yeast)
A2BTH1	146891	cellular organisms (no rank), Bacteria (domain), Bacillati (kingdom), Cyanobacteriota/Melainabacteria group (clade), Cyanobacteriota (phylum), Cyanophyceae (class), Synechococcales (order), Prochlorococcaceae (family), Prochlorococcus (genus), Prochlorococcus marinus (species)	Prochlorococcus marinus (strain AS9601)
Q52472	306	cellular organisms (no rank), Bacteria (domain), Pseudomonadati (kingdom), Pseudomonadota (phylum), Gammaproteobacteria (class), Pseudomonadales (order), Pseudomonadaceae (family), Pseudomonas (genus), unclassified Pseudomonas (no rank)	Pseudomonas sp
Q6FA38	62977	cellular organisms (no rank), Bacteria (domain), Pseudomonadati (kingdom), Pseudomonadota (phylum), Gammaproteobacteria (class), Moraxellales (order), Moraxellaceae (family), Acinetobacter (genus), Acinetobacter baylyi (species)	Acinetobacter baylyi (strain ATCC 33305 / BD413 / ADP1)
P95648	1063	cellular organisms (no rank), Bacteria (domain), Pseudomonadati (kingdom), Pseudomonadota (phylum), Alphaproteobacteria (class), Rhodobacterales (order), Paracoccaceae (family), Cereibacter (genus)	Cereibacter sphaeroides (Rhodobacter sphaeroides)
Q8DKT7	197221	cellular organisms (no rank), Bacteria (domain), Bacillati (kingdom), Cyanobacteriota/Melainabacteria group (clade), Cyanobacteriota (phylum), Cyanophyceae (class), Acaryochloridales (order), Thermosynechococcaceae (family), Thermosynechococcus (genus), Thermosynechococcus vestitus (species)	Thermosynechococcus vestitus (strain NIES-2133 / IAM M-273 / BP-1)
Q8CRU4	176280	cellular organisms (no rank), Bacteria (domain), Bacillati (kingdom), Bacillota (phylum), Bacilli (class), Caryophanales (order), Staphylococcaceae (family), Staphylococcus (genus), Staphylococcus epidermidis (species)	Staphylococcus epidermidis (strain ATCC 12228 / FDA PCI 1200)
O56861	53182	Viruses (no rank), Riboviria (realm), Pararnavirae (kingdom), Artverviricota (phylum), Revtraviricetes (class), Ortervirales (order), Retroviridae (family), Spumaretrovirinae (subfamily), Felispumavirus (genus), Felispumavirus felcat (species)	Feline foamy virus (FFV) (Feline syncytial virus)
Q2VEQ7	523841	cellular organisms (no rank), Archaea (domain), Methanobacteriati (kingdom), Methanobacteriota (phylum), Stenosarchaea group (clade), Halobacteria (class), Halobacteriales (order), Haloferacaceae (family), Haloferax (genus), Haloferax mediterranei (species)	Haloferax mediterranei (strain ATCC 33500 / DSM 1411 / JCM 8866 / NBRC 14739 / NCIMB 2177 / R-4) (Halobacterium mediterranei)
Q5NYD9	76114	cellular organisms (no rank), Bacteria (domain), Pseudomonadati (kingdom), Pseudomonadota (phylum), Betaproteobacteria (class), Rhodocyclales (order), Rhodocyclaceae (family), Aromatoleum (genus), Aromatoleum aromaticum (species)	Aromatoleum aromaticum (strain DSM 19018 / LMG 30748 / EbN1) (Azoarcus sp. (strain EbN1))
Q82W83	228410	cellular organisms (no rank), Bacteria (domain), Pseudomonadati (kingdom), Pseudomonadota (phylum), Betaproteobacteria (class), Nitrosomonadales (order), Nitrosomonadaceae (family), Nitrosomonas (genus), Nitrosomonas europaea (species)	Nitrosomonas europaea (strain ATCC 19718 / CIP 103999 / KCTC 2705 / NBRC 14298)
A3MXN2	410359	cellular organisms (no rank), Archaea (domain), Thermoproteati (kingdom), Thermoproteota (phylum), Thermoprotei (class), Thermoproteales (order), Thermoproteaceae (family), Pyrobaculum (genus), Pyrobaculum calidifontis (species)	Pyrobaculum calidifontis (strain DSM 21063 / JCM 11548 / VA1)
P19057	1061	cellular organisms (no rank), Bacteria (domain), Pseudomonadati (kingdom), Pseudomonadota (phylum), Alphaproteobacteria (class), Rhodobacterales (order), Rhodobacter group (no rank), Rhodobacter (genus)	Rhodobacter capsulatus (Rhodopseudomonas capsulata)
D3JTC2	1451	cellular organisms (no rank), Bacteria (domain), Bacillati (kingdom), Bacillota (phylum), Bacilli (class), Caryophanales (order), Paenibacillaceae (family), Paenibacillus (genus)	Paenibacillus amylolyticus
Q0ICW2	64471	cellular organisms (no rank), Bacteria (domain), Bacillati (kingdom), Cyanobacteriota/Melainabacteria group (clade), Cyanobacteriota (phylum), Cyanophyceae (class), Synechococcales (order), Synechococcaceae (family), Synechococcus (genus), unclassified Synechococcus (no rank)	Synechococcus sp. (strain CC9311)
Q72CB8	882	cellular organisms (no rank), Bacteria (domain), Pseudomonadati (kingdom), Thermodesulfobacteriota (phylum), Desulfovibrionia (class), Desulfovibrionales (order), Desulfovibrionaceae (family), Nitratidesulfovibrio (genus), Nitratidesulfovibrio vulgaris (species)	Nitratidesulfovibrio vulgaris (strain ATCC 29579 / DSM 644 / CCUG 34227 / NCIMB 8303 / VKM B-1760 / Hildenborough) (Desulfovibrio vulgaris)
Q9A6Q5	190650	cellular organisms (no rank), Bacteria (domain), Pseudomonadati (kingdom), Pseudomonadota (phylum), Alphaproteobacteria (class), Caulobacterales (order), Caulobacteraceae (family), Caulobacter (genus), Caulobacter vibrioides (species)	Caulobacter vibrioides (strain ATCC 19089 / CIP 103742 / CB 15) (Caulobacter crescentus)
Q81MB5	1392	cellular organisms (no rank), Bacteria (domain), Bacillati (kingdom), Bacillota (phylum), Bacilli (class), Caryophanales (order), Bacillaceae (family), Bacillus (genus), Bacillus cereus group (no rank)	Bacillus anthracis
Q2NWE2	343509	cellular organisms (no rank), Bacteria (domain), Pseudomonadati (kingdom), Pseudomonadota (phylum), Gammaproteobacteria (class), Enterobacterales (order), Bruguierivoracaceae (family), Sodalis (genus), Sodalis glossinidius (species)	Sodalis glossinidius (strain morsitans)
Q84HC8	1897	cellular organisms (no rank), Bacteria (domain), Bacillati (kingdom), Actinomycetota (phylum), Actinomycetes (class), Kitasatosporales (order), Streptomycetaceae (family), Streptomyces (genus)	Streptomyces carzinostaticus
F8JK18	1003195	cellular organisms (no rank), Bacteria (domain), Bacillati (kingdom), Actinomycetota (phylum), Actinomycetes (class), Kitasatosporales (order), Streptomycetaceae (family), Streptantibioticus (genus), Streptantibioticus cattleyicolor (species)	Streptantibioticus cattleyicolor (strain ATCC 35852 / DSM 46488 / JCM 4925 / NBRC 14057 / NRRL 8057) (Streptomyces cattleya)
A4TBY6	350054	cellular organisms (no rank), Bacteria (domain), Bacillati (kingdom), Actinomycetota (phylum), Actinomycetes (class), Mycobacteriales (order), Mycobacteriaceae (family), Mycolicibacterium (genus), Mycolicibacterium gilvum (species)	Mycolicibacterium gilvum (strain PYR-GCK) (Mycobacterium gilvum (strain PYR-GCK))
P22088	292	cellular organisms (no rank), Bacteria (domain), Pseudomonadati (kingdom), Pseudomonadota (phylum), Betaproteobacteria (class), Burkholderiales (order), Burkholderiaceae (family), Burkholderia (genus), Burkholderia cepacia complex (no rank)	Burkholderia cepacia (Pseudomonas cepacia)
B2IU73	63737	cellular organisms (no rank), Bacteria (domain), Bacillati (kingdom), Cyanobacteriota/Melainabacteria group (clade), Cyanobacteriota (phylum), Cyanophyceae (class), Nostocales (order), Nostocaceae (family), Nostoc (genus), Nostoc punctiforme (species)	Nostoc punctiforme (strain ATCC 29133 / PCC 73102)
P29761	72582	cellular organisms (no rank), Bacteria (domain), Bacillati (kingdom), Bacillota (phylum), Clostridia (class), Eubacteriales (order), Clostridiaceae (family), Clostridium (genus), unclassified Clostridium (no rank)	Clostridium sp. (strain G0005)
P72245	1061	cellular organisms (no rank), Bacteria (domain), Pseudomonadati (kingdom), Pseudomonadota (phylum), Alphaproteobacteria (class), Rhodobacterales (order), Rhodobacter group (no rank), Rhodobacter (genus)	Rhodobacter capsulatus (Rhodopseudomonas capsulata)
B2K560	502801	cellular organisms (no rank), Bacteria (domain), Pseudomonadati (kingdom), Pseudomonadota (phylum), Gammaproteobacteria (class), Enterobacterales (order), Yersiniaceae (family), Yersinia (genus), Yersinia pseudotuberculosis complex (no rank), Yersinia pseudotuberculosis (species)	Yersinia pseudotuberculosis serotype IB (strain PB1/+)
Q8Y5F1	169963	cellular organisms (no rank), Bacteria (domain), Bacillati (kingdom), Bacillota (phylum), Bacilli (class), Caryophanales (order), Listeriaceae (family), Listeria (genus), Listeria monocytogenes (species)	Listeria monocytogenes serovar 1/2a (strain ATCC BAA-679 / EGD-e)
Q57111	29466	cellular organisms (no rank), Bacteria (domain), Bacillati (kingdom), Bacillota (phylum), Negativicutes (class), Veillonellales (order), Veillonellaceae (family), Veillonella (genus)	Veillonella parvula (Staphylococcus parvulus)
Q0QFQ3	43263	cellular organisms (no rank), Bacteria (domain), Pseudomonadati (kingdom), Pseudomonadota (phylum), Gammaproteobacteria (class), Pseudomonadales (order), Pseudomonadaceae (family), Aquipseudomonas (genus)	Aquipseudomonas alcaligenes (Pseudomonas alcaligenes)
P22619	266	cellular organisms (no rank), Bacteria (domain), Pseudomonadati (kingdom), Pseudomonadota (phylum), Alphaproteobacteria (class), Rhodobacterales (order), Paracoccaceae (family), Paracoccus (genus)	Paracoccus denitrificans
Q5P5G5	76114	cellular organisms (no rank), Bacteria (domain), Pseudomonadati (kingdom), Pseudomonadota (phylum), Betaproteobacteria (class), Rhodocyclales (order), Rhodocyclaceae (family), Aromatoleum (genus), Aromatoleum aromaticum (species)	Aromatoleum aromaticum (strain DSM 19018 / LMG 30748 / EbN1) (Azoarcus sp. (strain EbN1))
B7LAS0	585055	cellular organisms (no rank), Bacteria (domain), Pseudomonadati (kingdom), Pseudomonadota (phylum), Gammaproteobacteria (class), Enterobacterales (order), Enterobacteriaceae (family), Escherichia (genus), Escherichia coli (species)	Escherichia coli (strain 55989 / EAEC)
A0A0H2WZY4	93062	cellular organisms (no rank), Bacteria (domain), Bacillati (kingdom), Bacillota (phylum), Bacilli (class), Caryophanales (order), Staphylococcaceae (family), Staphylococcus (genus), Staphylococcus aureus (species)	Staphylococcus aureus (strain COL)
Q02278	233413	cellular organisms (no rank), Bacteria (domain), Bacillati (kingdom), Actinomycetota (phylum), Actinomycetes (class), Mycobacteriales (order), Mycobacteriaceae (family), Mycobacterium (genus), Mycobacterium tuberculosis complex (no rank), Mycobacterium tuberculosis (species), Mycobacterium bovis (biotype)	Mycobacterium bovis (strain ATCC BAA-935 / AF2122/97)
A7HXP0	402881	cellular organisms (no rank), Bacteria (domain), Pseudomonadati (kingdom), Pseudomonadota (phylum), Alphaproteobacteria (class), Hyphomicrobiales (order), Parvibaculaceae (family), Parvibaculum (genus), Parvibaculum lavamentivorans (species)	Parvibaculum lavamentivorans (strain DS-1 / DSM 13023 / NCIMB 13966)
A0A0H3AMJ9	345073	cellular organisms (no rank), Bacteria (domain), Pseudomonadati (kingdom), Pseudomonadota (phylum), Gammaproteobacteria (class), Vibrionales (order), Vibrionaceae (family), Vibrio (genus), Vibrio cholerae (species)	Vibrio cholerae serotype O1 (strain ATCC 39541 / Classical Ogawa 395 / O395)
B6EGY4	316275	cellular organisms (no rank), Bacteria (domain), Pseudomonadati (kingdom), Pseudomonadota (phylum), Gammaproteobacteria (class), Vibrionales (order), Vibrionaceae (family), Aliivibrio (genus), Aliivibrio salmonicida (species)	Aliivibrio salmonicida (strain LFI1238) (Vibrio salmonicida (strain LFI1238))
P01006	1887	cellular organisms (no rank), Bacteria (domain), Bacillati (kingdom), Actinomycetota (phylum), Actinomycetes (class), Kitasatosporales (order), Streptomycetaceae (family), Streptomyces (genus), Streptomyces albogriseolus group (no rank)	Streptomyces albogriseolus
Q15KI8	747	cellular organisms (no rank), Bacteria (domain), Pseudomonadati (kingdom), Pseudomonadota (phylum), Gammaproteobacteria (class), Pasteurellales (order), Pasteurellaceae (family), Pasteurella (genus)	Pasteurella multocida
Q5YZH4	247156	cellular organisms (no rank), Bacteria (domain), Bacillati (kingdom), Actinomycetota (phylum), Actinomycetes (class), Mycobacteriales (order), Nocardiaceae (family), Nocardia (genus), Nocardia farcinica (species)	Nocardia farcinica (strain IFM 10152)
P82802	322710	cellular organisms (no rank), Bacteria (domain), Pseudomonadati (kingdom), Pseudomonadota (phylum), Gammaproteobacteria (class), Pseudomonadales (order), Pseudomonadaceae (family), Azotobacter group (subfamily), Azotobacter (genus), Azotobacter vinelandii (species)	Azotobacter vinelandii (strain DJ / ATCC BAA-1303)
A4STF2	382245	cellular organisms (no rank), Bacteria (domain), Pseudomonadati (kingdom), Pseudomonadota (phylum), Gammaproteobacteria (class), Aeromonadales (order), Aeromonadaceae (family), Aeromonas (genus), Aeromonas salmonicida (species), Aeromonas salmonicida subsp. salmonicida (subspecies)	Aeromonas salmonicida (strain A449)
Q47UP5	167879	cellular organisms (no rank), Bacteria (domain), Pseudomonadati (kingdom), Pseudomonadota (phylum), Gammaproteobacteria (class), Alteromonadales (order), Colwelliaceae (family), Colwellia (genus), Colwellia psychrerythraea (species)	Colwellia psychrerythraea (strain 34H / ATCC BAA-681) (Vibrio psychroerythus)
A0A0H2ZLQ1	373153	cellular organisms (no rank), Bacteria (domain), Bacillati (kingdom), Bacillota (phylum), Bacilli (class), Lactobacillales (order), Streptococcaceae (family), Streptococcus (genus), Streptococcus pneumoniae (species)	Streptococcus pneumoniae serotype 2 (strain D39 / NCTC 7466)
A5JTM6	72586	cellular organisms (no rank), Bacteria (domain), Pseudomonadati (kingdom), Pseudomonadota (phylum), Pseudomonadota incertae sedis (no rank), unclassified pseudomonads (no rank)	Pseudomonas sp. (strain CBS-3)
T2KNC2	1347342	cellular organisms (no rank), Bacteria (domain), Pseudomonadati (kingdom), FCB group (clade), Bacteroidota/Chlorobiota group (clade), Bacteroidota (phylum), Flavobacteriia (class), Flavobacteriales (order), Flavobacteriaceae (family), Formosa (genus), Formosa agariphila (species)	Formosa agariphila (strain DSM 15362 / KCTC 12365 / LMG 23005 / KMM 3901 / M-2Alg 35-1)
D0EL35	3702	cellular organisms (no rank), Eukaryota (domain), Viridiplantae (kingdom), Streptophyta (phylum), Streptophytina (subphylum), Embryophyta (clade), Tracheophyta (clade), Euphyllophyta (clade), Spermatophyta (clade), Magnoliopsida (class), Mesangiospermae (clade), eudicotyledons (clade), Gunneridae (clade), Pentapetalae (clade), rosids (clade), malvids (clade), Brassicales (order), Brassicaceae (family), Camelineae (tribe), Arabidopsis (genus)	Arabidopsis thaliana (Mouse-ear cress)
A4IY03	418136	cellular organisms (no rank), Bacteria (domain), Pseudomonadati (kingdom), Pseudomonadota (phylum), Gammaproteobacteria (class), Thiotrichales (order), Francisellaceae (family), Francisella (genus), Francisella tularensis (species), Francisella tularensis subsp. tularensis (subspecies)	Francisella tularensis subsp. tularensis (strain WY96-3418)
Q2FXM8	93061	cellular organisms (no rank), Bacteria (domain), Bacillati (kingdom), Bacillota (phylum), Bacilli (class), Caryophanales (order), Staphylococcaceae (family), Staphylococcus (genus), Staphylococcus aureus (species)	Staphylococcus aureus (strain NCTC 8325 / PS 47)
P0DB58	198466	cellular organisms (no rank), Bacteria (domain), Bacillati (kingdom), Bacillota (phylum), Bacilli (class), Lactobacillales (order), Streptococcaceae (family), Streptococcus (genus), Streptococcus pyogenes (species), Streptococcus pyogenes serotype M3 (serotype)	Streptococcus pyogenes serotype M3 (strain ATCC BAA-595 / MGAS315)
Q8KHZ8	68170	cellular organisms (no rank), Bacteria (domain), Bacillati (kingdom), Actinomycetota (phylum), Actinomycetes (class), Pseudonocardiales (order), Pseudonocardiaceae (family), Lentzea (genus)	Lentzea aerocolonigenes (Lechevalieria aerocolonigenes) (Saccharothrix aerocolonigenes)
Q92AH2	272626	cellular organisms (no rank), Bacteria (domain), Bacillati (kingdom), Bacillota (phylum), Bacilli (class), Caryophanales (order), Listeriaceae (family), Listeria (genus), Listeria innocua (species)	Listeria innocua serovar 6a (strain ATCC BAA-680 / CLIP 11262)
D1A7C3	471852	cellular organisms (no rank), Bacteria (domain), Bacillati (kingdom), Actinomycetota (phylum), Actinomycetes (class), Streptosporangiales (order), Thermomonosporaceae (family), Thermomonospora (genus), Thermomonospora curvata (species)	Thermomonospora curvata (strain ATCC 19995 / DSM 43183 / JCM 3096 / KCTC 9072 / NBRC 15933 / NCIMB 10081 / Henssen B9)
C5BMZ8	377629	cellular organisms (no rank), Bacteria (domain), Pseudomonadati (kingdom), Pseudomonadota (phylum), Gammaproteobacteria (class), Cellvibrionales (order), Cellvibrionaceae (family), Teredinibacter (genus), Teredinibacter turnerae (species)	Teredinibacter turnerae (strain ATCC 39867 / T7901)
B5XKW2	471876	cellular organisms (no rank), Bacteria (domain), Bacillati (kingdom), Bacillota (phylum), Bacilli (class), Lactobacillales (order), Streptococcaceae (family), Streptococcus (genus), Streptococcus pyogenes (species), Streptococcus pyogenes serotype M49 (serotype)	Streptococcus pyogenes serotype M49 (strain NZ131)
Q8FJY4	199310	cellular organisms (no rank), Bacteria (domain), Pseudomonadati (kingdom), Pseudomonadota (phylum), Gammaproteobacteria (class), Enterobacterales (order), Enterobacteriaceae (family), Escherichia (genus), Escherichia coli (species)	Escherichia coli O6:H1 (strain CFT073 / ATCC 700928 / UPEC)
P26554	10595	Viruses (no rank), Floreoviria (realm), Shotokuvirae (kingdom), Cossaviricota (phylum), Papovaviricetes (class), Zurhausenvirales (order), Papillomaviridae (family), Firstpapillomavirinae (subfamily), Alphapapillomavirus (genus), Alphapapillomavirus 5 (species)	Human papillomavirus 51
A0A2D2D5M1	595536	cellular organisms (no rank), Bacteria (domain), Pseudomonadati (kingdom), Pseudomonadota (phylum), Alphaproteobacteria (class), Hyphomicrobiales (order), Methylocystaceae (family), Methylosinus (genus), Methylosinus trichosporium (species)	Methylosinus trichosporium (strain ATCC 35070 / NCIMB 11131 / ACM 3311 / UNIQEM 75 / OB3b)
P06150	272	cellular organisms (no rank), Bacteria (domain), Thermotogati (kingdom), Deinococcota (phylum), Deinococci (class), Thermales (order), Thermaceae (family), Thermus (genus)	Thermus caldophilus
B6IZ24	434923	cellular organisms (no rank), Bacteria (domain), Pseudomonadati (kingdom), Pseudomonadota (phylum), Gammaproteobacteria (class), Legionellales (order), Coxiellaceae (family), Coxiella (genus), Coxiella burnetii (species)	Coxiella burnetii (strain CbuG_Q212) (Coxiella burnetii (strain Q212))
P13180	11273	Viruses (no rank), Riboviria (realm), Orthornavirae (kingdom), Negarnaviricota (phylum), Haploviricotina (subphylum), Monjiviricetes (class), Mononegavirales (order), Rhabdoviridae (family), Alpharhabdovirinae (subfamily), Vesiculovirus (genus), Vesiculovirus chandipura (species), Chandipura virus (no rank)	Chandipura virus (strain I653514) (CHPV)
Q9ZJC6	85963	cellular organisms (no rank), Bacteria (domain), Pseudomonadati (kingdom), Campylobacterota (phylum), Epsilonproteobacteria (class), Campylobacterales (order), Helicobacteraceae (family), Helicobacter (genus), Helicobacter pylori (species)	Helicobacter pylori (strain J99 / ATCC 700824) (Campylobacter pylori J99)
A6TD45	272620	cellular organisms (no rank), Bacteria (domain), Pseudomonadati (kingdom), Pseudomonadota (phylum), Gammaproteobacteria (class), Enterobacterales (order), Enterobacteriaceae (family), Klebsiella (genus), Klebsiella pneumoniae complex (no rank), Klebsiella pneumoniae (species), Klebsiella pneumoniae subsp. pneumoniae (subspecies)	Klebsiella pneumoniae subsp. pneumoniae (strain ATCC 700721 / MGH 78578)
Q8XJ01	195102	cellular organisms (no rank), Bacteria (domain), Bacillati (kingdom), Bacillota (phylum), Clostridia (class), Eubacteriales (order), Clostridiaceae (family), Clostridium (genus), Clostridium perfringens (species)	Clostridium perfringens (strain 13 / Type A)
P18925	354	cellular organisms (no rank), Bacteria (domain), Pseudomonadati (kingdom), Pseudomonadota (phylum), Gammaproteobacteria (class), Pseudomonadales (order), Pseudomonadaceae (family), Azotobacter group (subfamily), Azotobacter (genus)	Azotobacter vinelandii
P77978	523848	cellular organisms (no rank), Archaea (domain), Thermoproteati (kingdom), Thermoproteota (phylum), Thermoprotei (class), Sulfolobales (order), Sulfolobaceae (family), Saccharolobus (genus), Saccharolobus shibatae (species)	Saccharolobus shibatae (strain ATCC 51178 / DSM 5389 / JCM 8931 / NBRC 15437 / B12) (Sulfolobus shibatae)
Q04508	228410	cellular organisms (no rank), Bacteria (domain), Pseudomonadati (kingdom), Pseudomonadota (phylum), Betaproteobacteria (class), Nitrosomonadales (order), Nitrosomonadaceae (family), Nitrosomonas (genus), Nitrosomonas europaea (species)	Nitrosomonas europaea (strain ATCC 19718 / CIP 103999 / KCTC 2705 / NBRC 14298)
P29894	266	cellular organisms (no rank), Bacteria (domain), Pseudomonadati (kingdom), Pseudomonadota (phylum), Alphaproteobacteria (class), Rhodobacterales (order), Paracoccaceae (family), Paracoccus (genus)	Paracoccus denitrificans
Q636D9	288681	cellular organisms (no rank), Bacteria (domain), Bacillati (kingdom), Bacillota (phylum), Bacilli (class), Caryophanales (order), Bacillaceae (family), Bacillus (genus), Bacillus cereus group (no rank), Bacillus cereus (species)	Bacillus cereus (strain ZK / E33L)
P29957	228	cellular organisms (no rank), Bacteria (domain), Pseudomonadati (kingdom), Pseudomonadota (phylum), Gammaproteobacteria (class), Alteromonadales (order), Pseudoalteromonadaceae (family), Pseudoalteromonas (genus)	Pseudoalteromonas haloplanktis (Alteromonas haloplanktis)
Q8GBB2	262724	cellular organisms (no rank), Bacteria (domain), Thermotogati (kingdom), Deinococcota (phylum), Deinococci (class), Thermales (order), Thermaceae (family), Thermus (genus), Thermus thermophilus (species)	Thermus thermophilus (strain ATCC BAA-163 / DSM 7039 / HB27)
Q31BS3	74546	cellular organisms (no rank), Bacteria (domain), Bacillati (kingdom), Cyanobacteriota/Melainabacteria group (clade), Cyanobacteriota (phylum), Cyanophyceae (class), Synechococcales (order), Prochlorococcaceae (family), Prochlorococcus (genus), Prochlorococcus marinus (species)	Prochlorococcus marinus (strain MIT 9312)
O36633	79692	Viruses (no rank), Riboviria (realm), Orthornavirae (kingdom), Negarnaviricota (phylum), Haploviricotina (subphylum), Monjiviricetes (class), Mononegavirales (order), Pneumoviridae (family), Orthopneumovirus (genus), Orthopneumovirus hominis (species), Human respiratory syncytial virus (no rank), Human respiratory syncytial virus B (no rank)	Human respiratory syncytial virus B (strain B1)
P61818	1404	cellular organisms (no rank), Bacteria (domain), Bacillati (kingdom), Bacillota (phylum), Bacilli (class), Caryophanales (order), Bacillaceae (family), Priestia (genus)	Priestia megaterium (Bacillus megaterium)
P16051	44689	cellular organisms (no rank), Eukaryota (domain), Amoebozoa (clade), Evosea (phylum), Eumycetozoa (class), Dictyostelia (clade), Dictyosteliales (order), Dictyosteliaceae (family), Dictyostelium (genus)	Dictyostelium discoideum (Social amoeba)
Q46507	878	cellular organisms (no rank), Bacteria (domain), Pseudomonadati (kingdom), Thermodesulfobacteriota (phylum), Desulfovibrionia (class), Desulfovibrionales (order), Desulfovibrionaceae (family), Solidesulfovibrio (genus)	Solidesulfovibrio fructosivorans (Desulfovibrio fructosivorans)
P58409	83334	cellular organisms (no rank), Bacteria (domain), Pseudomonadati (kingdom), Pseudomonadota (phylum), Gammaproteobacteria (class), Enterobacterales (order), Enterobacteriaceae (family), Escherichia (genus), Escherichia coli (species)	Escherichia coli O157:H7
Q2YU27	273036	cellular organisms (no rank), Bacteria (domain), Bacillati (kingdom), Bacillota (phylum), Bacilli (class), Caryophanales (order), Staphylococcaceae (family), Staphylococcus (genus), Staphylococcus aureus (species)	Staphylococcus aureus (strain bovine RF122 / ET3-1)
A8GAP5	399741	cellular organisms (no rank), Bacteria (domain), Pseudomonadati (kingdom), Pseudomonadota (phylum), Gammaproteobacteria (class), Enterobacterales (order), Yersiniaceae (family), Serratia (genus), Serratia proteamaculans (species)	Serratia proteamaculans (strain 568)
Q2FZP6	93061	cellular organisms (no rank), Bacteria (domain), Bacillati (kingdom), Bacillota (phylum), Bacilli (class), Caryophanales (order), Staphylococcaceae (family), Staphylococcus (genus), Staphylococcus aureus (species)	Staphylococcus aureus (strain NCTC 8325 / PS 47)
O25386	85962	cellular organisms (no rank), Bacteria (domain), Pseudomonadati (kingdom), Campylobacterota (phylum), Epsilonproteobacteria (class), Campylobacterales (order), Helicobacteraceae (family), Helicobacter (genus), Helicobacter pylori (species)	Helicobacter pylori (strain ATCC 700392 / 26695) (Campylobacter pylori)
O24990	85962	cellular organisms (no rank), Bacteria (domain), Pseudomonadati (kingdom), Campylobacterota (phylum), Epsilonproteobacteria (class), Campylobacterales (order), Helicobacteraceae (family), Helicobacter (genus), Helicobacter pylori (species)	Helicobacter pylori (strain ATCC 700392 / 26695) (Campylobacter pylori)
Q3SG32	292415	cellular organisms (no rank), Bacteria (domain), Pseudomonadati (kingdom), Pseudomonadota (phylum), Betaproteobacteria (class), Nitrosomonadales (order), Thiobacillaceae (family), Thiobacillus (genus), Thiobacillus denitrificans (species)	Thiobacillus denitrificans (strain ATCC 25259 / T1)
Q58579	243232	cellular organisms (no rank), Archaea (domain), Methanobacteriati (kingdom), Methanobacteriota (phylum), Methanomada group (clade), Methanococci (class), Methanococcales (order), Methanocaldococcaceae (family), Methanocaldococcus (genus), Methanocaldococcus jannaschii (species)	Methanocaldococcus jannaschii (strain ATCC 43067 / DSM 2661 / JAL-1 / JCM 10045 / NBRC 100440) (Methanococcus jannaschii)
Q2YXG5	273036	cellular organisms (no rank), Bacteria (domain), Bacillati (kingdom), Bacillota (phylum), Bacilli (class), Caryophanales (order), Staphylococcaceae (family), Staphylococcus (genus), Staphylococcus aureus (species)	Staphylococcus aureus (strain bovine RF122 / ET3-1)
G4WJD3	633	cellular organisms (no rank), Bacteria (domain), Pseudomonadati (kingdom), Pseudomonadota (phylum), Gammaproteobacteria (class), Enterobacterales (order), Yersiniaceae (family), Yersinia (genus), Yersinia pseudotuberculosis complex (no rank)	Yersinia pseudotuberculosis
Q9I609	208964	cellular organisms (no rank), Bacteria (domain), Pseudomonadati (kingdom), Pseudomonadota (phylum), Gammaproteobacteria (class), Pseudomonadales (order), Pseudomonadaceae (family), Pseudomonas (genus), Pseudomonas aeruginosa group (no rank), Pseudomonas aeruginosa (species)	Pseudomonas aeruginosa (strain ATCC 15692 / DSM 22644 / CIP 104116 / JCM 14847 / LMG 12228 / 1C / PRS 101 / PAO1)
Q3SM40	292415	cellular organisms (no rank), Bacteria (domain), Pseudomonadati (kingdom), Pseudomonadota (phylum), Betaproteobacteria (class), Nitrosomonadales (order), Thiobacillaceae (family), Thiobacillus (genus), Thiobacillus denitrificans (species)	Thiobacillus denitrificans (strain ATCC 25259 / T1)
A0PM49	362242	cellular organisms (no rank), Bacteria (domain), Bacillati (kingdom), Actinomycetota (phylum), Actinomycetes (class), Mycobacteriales (order), Mycobacteriaceae (family), Mycobacterium (genus), Mycobacterium ulcerans group (no rank), Mycobacterium ulcerans (species)	Mycobacterium ulcerans (strain Agy99)
A3MWK6	410359	cellular organisms (no rank), Archaea (domain), Thermoproteati (kingdom), Thermoproteota (phylum), Thermoprotei (class), Thermoproteales (order), Thermoproteaceae (family), Pyrobaculum (genus), Pyrobaculum calidifontis (species)	Pyrobaculum calidifontis (strain DSM 21063 / JCM 11548 / VA1)
J9PY59	42256	cellular organisms (no rank), Bacteria (domain), Bacillati (kingdom), Actinomycetota (phylum), Rubrobacteria (class), Rubrobacterales (order), Rubrobacteraceae (family), Rubrobacter (genus)	Rubrobacter radiotolerans (Arthrobacter radiotolerans)
Q6F0G9	265311	cellular organisms (no rank), Bacteria (domain), Bacillati (kingdom), Mycoplasmatota (phylum), Mollicutes (class), Entomoplasmatales (order), Entomoplasmataceae (family), Mesoplasma (genus), Mesoplasma florum (species)	Mesoplasma florum (strain ATCC 33453 / NBRC 100688 / NCTC 11704 / L1) (Acholeplasma florum)
Q48327	309800	cellular organisms (no rank), Archaea (domain), Methanobacteriati (kingdom), Methanobacteriota (phylum), Stenosarchaea group (clade), Halobacteria (class), Halobacteriales (order), Haloferacaceae (family), Haloferax (genus), Haloferax volcanii (species)	Haloferax volcanii (strain ATCC 29605 / DSM 3757 / JCM 8879 / NBRC 14742 / NCIMB 2012 / VKM B-1768 / DS2) (Halobacterium volcanii)
Q2NVV6	343509	cellular organisms (no rank), Bacteria (domain), Pseudomonadati (kingdom), Pseudomonadota (phylum), Gammaproteobacteria (class), Enterobacterales (order), Bruguierivoracaceae (family), Sodalis (genus), Sodalis glossinidius (species)	Sodalis glossinidius (strain morsitans)
A0A5A4WIZ7	2607668	cellular organisms (no rank), Bacteria (domain), Pseudomonadati (kingdom), Pseudomonadota (phylum), Gammaproteobacteria (class), Moraxellales (order), Moraxellaceae (family), Psychrobacter (genus), unclassified Psychrobacter (no rank)	Psychrobacter sp. (strain 13A)
Q9X5F2	264203	cellular organisms (no rank), Bacteria (domain), Pseudomonadati (kingdom), Pseudomonadota (phylum), Alphaproteobacteria (class), Sphingomonadales (order), Zymomonadaceae (family), Zymomonas (genus), Zymomonas mobilis (species), Zymomonas mobilis subsp. mobilis (subspecies)	Zymomonas mobilis subsp. mobilis (strain ATCC 31821 / ZM4 / CP4)
Q17VI1	382638	cellular organisms (no rank), Bacteria (domain), Pseudomonadati (kingdom), Campylobacterota (phylum), Epsilonproteobacteria (class), Campylobacterales (order), Helicobacteraceae (family), Helicobacter (genus), Helicobacter acinonychis (species)	Helicobacter acinonychis (strain Sheeba)
Q1CLS2	377628	cellular organisms (no rank), Bacteria (domain), Pseudomonadati (kingdom), Pseudomonadota (phylum), Gammaproteobacteria (class), Enterobacterales (order), Yersiniaceae (family), Yersinia (genus), Yersinia pseudotuberculosis complex (no rank), Yersinia pestis (species)	Yersinia pestis bv. Antiqua (strain Nepal516)
Q0SEI4	101510	cellular organisms (no rank), Bacteria (domain), Bacillati (kingdom), Actinomycetota (phylum), Actinomycetes (class), Mycobacteriales (order), Nocardiaceae (family), Rhodococcus (genus), Rhodococcus jostii (species)	Rhodococcus jostii (strain RHA1)
P22848	223926	cellular organisms (no rank), Bacteria (domain), Pseudomonadati (kingdom), Pseudomonadota (phylum), Gammaproteobacteria (class), Vibrionales (order), Vibrionaceae (family), Vibrio (genus), Vibrio harveyi group (no rank), Vibrio parahaemolyticus (species)	Vibrio parahaemolyticus serotype O3:K6 (strain RIMD 2210633)
Q55013	1111708	cellular organisms (no rank), Bacteria (domain), Bacillati (kingdom), Cyanobacteriota/Melainabacteria group (clade), Cyanobacteriota (phylum), Cyanophyceae (class), Synechococcales (order), Merismopediaceae (family), Synechocystis (genus), unclassified Synechocystis (no rank), Synechocystis sp. PCC 6803 (species)	Synechocystis sp. (strain ATCC 27184 / PCC 6803 / Kazusa)
P9WMR2	83331	cellular organisms (no rank), Bacteria (domain), Bacillati (kingdom), Actinomycetota (phylum), Actinomycetes (class), Mycobacteriales (order), Mycobacteriaceae (family), Mycobacterium (genus), Mycobacterium tuberculosis complex (no rank), Mycobacterium tuberculosis (species)	Mycobacterium tuberculosis (strain CDC 1551 / Oshkosh)
D0LZ73	502025	cellular organisms (no rank), Bacteria (domain), Pseudomonadati (kingdom), Myxococcota (phylum), Polyangia (subclass), Haliangiales (order), Kofleriaceae (family), Haliangium (genus), Haliangium ochraceum (species)	Haliangium ochraceum (strain DSM 14365 / JCM 11303 / SMP-2)
M1V1V5	376620	cellular organisms (no rank), Bacteria (domain), Pseudomonadati (kingdom), Pseudomonadota (phylum), Alphaproteobacteria (class), Acetobacterales (order), Acetobacteraceae (family), Gluconobacter (genus)	Gluconobacter japonicus
Q8ZAB3	632	cellular organisms (no rank), Bacteria (domain), Pseudomonadati (kingdom), Pseudomonadota (phylum), Gammaproteobacteria (class), Enterobacterales (order), Yersiniaceae (family), Yersinia (genus), Yersinia pseudotuberculosis complex (no rank)	Yersinia pestis
Q9ZFH0	354	cellular organisms (no rank), Bacteria (domain), Pseudomonadati (kingdom), Pseudomonadota (phylum), Gammaproteobacteria (class), Pseudomonadales (order), Pseudomonadaceae (family), Azotobacter group (subfamily), Azotobacter (genus)	Azotobacter vinelandii
A0QZ13	246196	cellular organisms (no rank), Bacteria (domain), Bacillati (kingdom), Actinomycetota (phylum), Actinomycetes (class), Mycobacteriales (order), Mycobacteriaceae (family), Mycolicibacterium (genus), Mycolicibacterium smegmatis (species)	Mycolicibacterium smegmatis (strain ATCC 700084 / mc(2)155) (Mycobacterium smegmatis)
O66131	274	cellular organisms (no rank), Bacteria (domain), Thermotogati (kingdom), Deinococcota (phylum), Deinococci (class), Thermales (order), Thermaceae (family), Thermus (genus)	Thermus thermophilus
Q601D3	295358	cellular organisms (no rank), Bacteria (domain), Bacillati (kingdom), Mycoplasmatota (phylum), Mycoplasmoidales (order), Metamycoplasmataceae (family), Mesomycoplasma (genus), Mesomycoplasma hyopneumoniae (species)	Mesomycoplasma hyopneumoniae (strain 232) (Mycoplasma hyopneumoniae)
B2GDS5	334390	cellular organisms (no rank), Bacteria (domain), Bacillati (kingdom), Bacillota (phylum), Bacilli (class), Lactobacillales (order), Lactobacillaceae (family), Limosilactobacillus (genus), Limosilactobacillus fermentum (species)	Limosilactobacillus fermentum (strain NBRC 3956 / LMG 18251) (Lactobacillus fermentum)
Q8TZY8	186497	cellular organisms (no rank), Archaea (domain), Methanobacteriati (kingdom), Methanobacteriota (phylum), Thermococci (class), Thermococcales (order), Thermococcaceae (family), Pyrococcus (genus), Pyrococcus furiosus (species)	Pyrococcus furiosus (strain ATCC 43587 / DSM 3638 / JCM 8422 / Vc1)
Q5WJ19	66692	cellular organisms (no rank), Bacteria (domain), Bacillati (kingdom), Bacillota (phylum), Bacilli (class), Caryophanales (order), Bacillaceae (family), Shouchella (genus), Shouchella clausii (species)	Shouchella clausii (strain KSM-K16) (Alkalihalobacillus clausii)
P81040	525146	cellular organisms (no rank), Bacteria (domain), Pseudomonadati (kingdom), Thermodesulfobacteriota (phylum), Desulfovibrionia (class), Desulfovibrionales (order), Desulfovibrionaceae (family), Desulfovibrio (genus), Desulfovibrio desulfuricans (species)	Desulfovibrio desulfuricans (strain ATCC 27774 / DSM 6949 / MB)
P94281	360095	cellular organisms (no rank), Bacteria (domain), Pseudomonadati (kingdom), Pseudomonadota (phylum), Alphaproteobacteria (class), Hyphomicrobiales (order), Bartonellaceae (family), Bartonella (genus), Bartonella bacilliformis (species)	Bartonella bacilliformis (strain ATCC 35685 / KC583 / Herrer 020/F12,63)
Q9KIZ4	56	cellular organisms (no rank), Bacteria (domain), Pseudomonadati (kingdom), Myxococcota (phylum), Polyangia (subclass), Polyangiales (order), Polyangiaceae (family), Sorangium (genus)	Sorangium cellulosum (Polyangium cellulosum)
Q820Q4	228410	cellular organisms (no rank), Bacteria (domain), Pseudomonadati (kingdom), Pseudomonadota (phylum), Betaproteobacteria (class), Nitrosomonadales (order), Nitrosomonadaceae (family), Nitrosomonas (genus), Nitrosomonas europaea (species)	Nitrosomonas europaea (strain ATCC 19718 / CIP 103999 / KCTC 2705 / NBRC 14298)
O30245	224325	cellular organisms (no rank), Archaea (domain), Methanobacteriati (kingdom), Methanobacteriota (phylum), Archaeoglobi (class), Archaeoglobales (order), Archaeoglobaceae (family), Archaeoglobus (genus), Archaeoglobus fulgidus (species)	Archaeoglobus fulgidus (strain ATCC 49558 / DSM 4304 / JCM 9628 / NBRC 100126 / VC-16)
Q5LRT0	246200	cellular organisms (no rank), Bacteria (domain), Pseudomonadati (kingdom), Pseudomonadota (phylum), Alphaproteobacteria (class), Rhodobacterales (order), Roseobacteraceae (family), Ruegeria (genus), Ruegeria pomeroyi (species)	Ruegeria pomeroyi (strain ATCC 700808 / DSM 15171 / DSS-3) (Silicibacter pomeroyi)
P27228	10587	Viruses (no rank), Floreoviria (realm), Shotokuvirae (kingdom), Cossaviricota (phylum), Papovaviricetes (class), Zurhausenvirales (order), Papillomaviridae (family), Firstpapillomavirinae (subfamily), Alphapapillomavirus (genus), Alphapapillomavirus 9 (species)	Human papillomavirus 35
P0DPQ7	385957	cellular organisms (no rank), Bacteria (domain), Bacillati (kingdom), Actinomycetota (phylum), Actinomycetes (class), Pseudonocardiales (order), Pseudonocardiaceae (family), Amycolatopsis (genus), unclassified Amycolatopsis (no rank)	Amycolatopsis sp. (strain ATCC 39116 / 75iv2)
B7LTY9	585054	cellular organisms (no rank), Bacteria (domain), Pseudomonadati (kingdom), Pseudomonadota (phylum), Gammaproteobacteria (class), Enterobacterales (order), Enterobacteriaceae (family), Escherichia (genus), Escherichia fergusonii (species)	Escherichia fergusonii (strain ATCC 35469 / DSM 13698 / CCUG 18766 / IAM 14443 / JCM 21226 / LMG 7866 / NBRC 102419 / NCTC 12128 / CDC 0568-73)
B5R2C7	550537	cellular organisms (no rank), Bacteria (domain), Pseudomonadati (kingdom), Pseudomonadota (phylum), Gammaproteobacteria (class), Enterobacterales (order), Enterobacteriaceae (family), Salmonella (genus), Salmonella enterica (species), Salmonella enterica I (subspecies), Salmonella enteritidis (no rank)	Salmonella enteritidis PT4 (strain P125109)
Q66929	12287	Viruses (no rank), Riboviria (realm), Orthornavirae (kingdom), Kitrinoviricota (phylum), Magsaviricetes (class), Nodamuvirales (order), Nodaviridae (family), Alphanodavirus (genus), Alphanodavirus flockense (species)	Flock house virus (FHV)
P03661	2847073	Viruses (no rank), Floreoviria (realm), Loebvirae (kingdom), Hofneiviricota (phylum), Faserviricetes (class), Tubulavirales (order), Inoviridae (family), Inovirus (genus), Enterobacteria phage M13 (species)	Enterobacteria phage fd (Bacteriophage fd)
A1WZS9	349124	cellular organisms (no rank), Bacteria (domain), Pseudomonadati (kingdom), Pseudomonadota (phylum), Gammaproteobacteria (class), Chromatiales (order), Ectothiorhodospiraceae (family), Halorhodospira (genus), Halorhodospira halophila (species)	Halorhodospira halophila (strain DSM 244 / SL1) (Ectothiorhodospira halophila (strain DSM 244 / SL1))
P86052	1058	cellular organisms (no rank), Bacteria (domain), Pseudomonadati (kingdom), Pseudomonadota (phylum), Gammaproteobacteria (class), Chromatiales (order), Chromatiaceae (family), Thiocapsa (genus)	Thiocapsa roseopersicina
P18317	548	cellular organisms (no rank), Bacteria (domain), Pseudomonadati (kingdom), Pseudomonadota (phylum), Gammaproteobacteria (class), Enterobacterales (order), Enterobacteriaceae (family), Klebsiella (genus)	Klebsiella aerogenes (Enterobacter aerogenes)
Q6AEE9	281090	cellular organisms (no rank), Bacteria (domain), Bacillati (kingdom), Actinomycetota (phylum), Actinomycetes (class), Micrococcales (order), Microbacteriaceae (family), Leifsonia (genus), Leifsonia xyli (species), Leifsonia xyli subsp. xyli (subspecies)	Leifsonia xyli subsp. xyli (strain CTCB07)
A4FKA9	405948	cellular organisms (no rank), Bacteria (domain), Bacillati (kingdom), Actinomycetota (phylum), Actinomycetes (class), Pseudonocardiales (order), Pseudonocardiaceae (family), Saccharopolyspora (genus), Saccharopolyspora erythraea (species)	Saccharopolyspora erythraea (strain ATCC 11635 / DSM 40517 / JCM 4748 / NBRC 13426 / NCIMB 8594 / NRRL 2338)
P22806	1421	cellular organisms (no rank), Bacteria (domain), Bacillati (kingdom), Bacillota (phylum), Bacilli (class), Caryophanales (order), Bacillaceae (family), Lysinibacillus (genus)	Lysinibacillus sphaericus (Bacillus sphaericus)
Q118R6	203124	cellular organisms (no rank), Bacteria (domain), Bacillati (kingdom), Cyanobacteriota/Melainabacteria group (clade), Cyanobacteriota (phylum), Cyanophyceae (class), Oscillatoriophycideae (subclass), Oscillatoriales (order), Microcoleaceae (family), Trichodesmium (genus), Trichodesmium erythraeum (species)	Trichodesmium erythraeum (strain IMS101)
P27997	1063	cellular organisms (no rank), Bacteria (domain), Pseudomonadati (kingdom), Pseudomonadota (phylum), Alphaproteobacteria (class), Rhodobacterales (order), Paracoccaceae (family), Cereibacter (genus)	Cereibacter sphaeroides (Rhodobacter sphaeroides)
Q87R88	223926	cellular organisms (no rank), Bacteria (domain), Pseudomonadati (kingdom), Pseudomonadota (phylum), Gammaproteobacteria (class), Vibrionales (order), Vibrionaceae (family), Vibrio (genus), Vibrio harveyi group (no rank), Vibrio parahaemolyticus (species)	Vibrio parahaemolyticus serotype O3:K6 (strain RIMD 2210633)
Q45296	1703	cellular organisms (no rank), Bacteria (domain), Bacillati (kingdom), Actinomycetota (phylum), Actinomycetes (class), Micrococcales (order), Brevibacteriaceae (family), Brevibacterium (genus)	Brevibacterium linens
P36234	84	cellular organisms (no rank), Bacteria (domain), Pseudomonadati (kingdom), Pseudomonadota (phylum), Alphaproteobacteria (class), Hyphomicrobiales (order), Hyphomicrobiaceae (family), Hyphomicrobium (genus)	Hyphomicrobium methylovorum
P51136	44689	cellular organisms (no rank), Eukaryota (domain), Amoebozoa (clade), Evosea (phylum), Eumycetozoa (class), Dictyostelia (clade), Dictyosteliales (order), Dictyosteliaceae (family), Dictyostelium (genus)	Dictyostelium discoideum (Social amoeba)
Q8Y664	169963	cellular organisms (no rank), Bacteria (domain), Bacillati (kingdom), Bacillota (phylum), Bacilli (class), Caryophanales (order), Listeriaceae (family), Listeria (genus), Listeria monocytogenes (species)	Listeria monocytogenes serovar 1/2a (strain ATCC BAA-679 / EGD-e)
A5G3P2	351605	cellular organisms (no rank), Bacteria (domain), Pseudomonadati (kingdom), Thermodesulfobacteriota (phylum), Desulfuromonadia (class), Geobacterales (order), Geobacteraceae (family), Geotalea (genus), Geotalea uraniireducens (species)	Geotalea uraniireducens (strain Rf4) (Geobacter uraniireducens)
G2SLH8	762570	cellular organisms (no rank), Bacteria (domain), Pseudomonadati (kingdom), FCB group (clade), Bacteroidota/Chlorobiota group (clade), Rhodothermota (phylum), Rhodothermia (class), Rhodothermales (order), Rhodothermaceae (family), Rhodothermus (genus), Rhodothermus marinus (species)	Rhodothermus marinus (strain SG0.5JP17-172)
H3JQW0	303	cellular organisms (no rank), Bacteria (domain), Pseudomonadati (kingdom), Pseudomonadota (phylum), Gammaproteobacteria (class), Pseudomonadales (order), Pseudomonadaceae (family), Pseudomonas (genus), Pseudomonas putida group (no rank)	Pseudomonas putida (Arthrobacter siderocapsulatus)
Q8DUP4	210007	cellular organisms (no rank), Bacteria (domain), Bacillati (kingdom), Bacillota (phylum), Bacilli (class), Lactobacillales (order), Streptococcaceae (family), Streptococcus (genus), Streptococcus mutans (species)	Streptococcus mutans serotype c (strain ATCC 700610 / UA159)
A5IB79	400673	cellular organisms (no rank), Bacteria (domain), Pseudomonadati (kingdom), Pseudomonadota (phylum), Gammaproteobacteria (class), Legionellales (order), Legionellaceae (family), Legionella (genus), Legionella pneumophila (species)	Legionella pneumophila (strain Corby)
L8B068	1227453	cellular organisms (no rank), Archaea (domain), Methanobacteriati (kingdom), Methanobacteriota (phylum), Stenosarchaea group (clade), Halobacteria (class), Halobacteriales (order), Haloarculaceae (family), Haloarcula (genus), Haloarcula japonica (species)	Haloarcula japonica (strain ATCC 49778 / DSM 6131 / JCM 7785 / NBRC 101032 / NCIMB 13157 / TR-1)
P19410	29347	cellular organisms (no rank), Bacteria (domain), Bacillati (kingdom), Bacillota (phylum), Clostridia (class), Lachnospirales (order), Lachnospiraceae (family), Lachnoclostridium (genus)	Clostridium scindens (strain JCM 10418 / VPI 12708)
P0C625	480116	Viruses (no rank), Riboviria (realm), Pararnavirae (kingdom), Artverviricota (phylum), Revtraviricetes (class), Blubervirales (order), Hepadnaviridae (family), Orthohepadnavirus (genus), Orthohepadnavirus hominoidei (species), Hepatitis B virus (no rank), Hepatitis B virus subtype adw (no rank), Hepatitis B virus subtype adw2 (no rank)	Hepatitis B virus genotype A2 subtype adw2 (strain Rutter 1979) (HBV-A)
P18316	548	cellular organisms (no rank), Bacteria (domain), Pseudomonadati (kingdom), Pseudomonadota (phylum), Gammaproteobacteria (class), Enterobacterales (order), Enterobacteriaceae (family), Klebsiella (genus)	Klebsiella aerogenes (Enterobacter aerogenes)
Q6RKB1	204891	cellular organisms (no rank), Bacteria (domain), Bacillati (kingdom), Actinomycetota (phylum), Actinomycetes (class), Mycobacteriales (order), Nocardiaceae (family), Nocardia (genus)	Nocardia iowensis
P00775	1911	cellular organisms (no rank), Bacteria (domain), Bacillati (kingdom), Actinomycetota (phylum), Actinomycetes (class), Kitasatosporales (order), Streptomycetaceae (family), Streptomyces (genus), Streptomyces griseus group (no rank), Streptomyces griseus subgroup (no rank)	Streptomyces griseus
C4LBR2	595494	cellular organisms (no rank), Bacteria (domain), Pseudomonadati (kingdom), Pseudomonadota (phylum), Gammaproteobacteria (class), Aeromonadales (order), Aeromonadaceae (family), Tolumonas (genus), Tolumonas auensis (species)	Tolumonas auensis (strain DSM 9187 / NBRC 110442 / TA 4)
P21219	1829	cellular organisms (no rank), Bacteria (domain), Bacillati (kingdom), Actinomycetota (phylum), Actinomycetes (class), Mycobacteriales (order), Nocardiaceae (family), Rhodococcus (genus)	Rhodococcus rhodochrous
Q603C0	243233	cellular organisms (no rank), Bacteria (domain), Pseudomonadati (kingdom), Pseudomonadota (phylum), Gammaproteobacteria (class), Methylococcales (order), Methylococcaceae (family), Methylococcus (genus), Methylococcus capsulatus (species)	Methylococcus capsulatus (strain ATCC 33009 / NCIMB 11132 / Bath)
G5ECX0	6239	cellular organisms (no rank), Eukaryota (domain), Opisthokonta (clade), Metazoa (kingdom), Eumetazoa (clade), Bilateria (clade), Protostomia (clade), Ecdysozoa (clade), Nematoda (phylum), Chromadorea (class), Rhabditida (order), Rhabditina (suborder), Rhabditomorpha (infraorder), Rhabditoidea (superfamily), Rhabditidae (family), Peloderinae (subfamily), Caenorhabditis (genus)	Caenorhabditis elegans
Q8YVR1	103690	cellular organisms (no rank), Bacteria (domain), Bacillati (kingdom), Cyanobacteriota/Melainabacteria group (clade), Cyanobacteriota (phylum), Cyanophyceae (class), Nostocales (order), Nostocaceae (family), Nostoc (genus), unclassified Nostoc (no rank)	Nostoc sp. (strain PCC 7120 / SAG 25.82 / UTEX 2576)
E5XP76	679197	cellular organisms (no rank), Bacteria (domain), Bacillati (kingdom), Actinomycetota (phylum), Actinomycetes (class), Mycobacteriales (order), Segniliparaceae (family), Segniliparus (genus), Segniliparus rugosus (species)	Segniliparus rugosus (strain ATCC BAA-974 / DSM 45345 / CCUG 50838 / CIP 108380 / JCM 13579 / CDC 945)
Q1H0D2	265072	cellular organisms (no rank), Bacteria (domain), Pseudomonadati (kingdom), Pseudomonadota (phylum), Betaproteobacteria (class), Nitrosomonadales (order), Methylophilaceae (family), Methylobacillus (genus), Methylobacillus flagellatus (species)	Methylobacillus flagellatus (strain ATCC 51484 / DSM 6875 / VKM B-1610 / KT)
Q5LY98	299768	cellular organisms (no rank), Bacteria (domain), Bacillati (kingdom), Bacillota (phylum), Bacilli (class), Lactobacillales (order), Streptococcaceae (family), Streptococcus (genus), Streptococcus thermophilus (species)	Streptococcus thermophilus (strain CNRZ 1066)
C1CIT7	488223	cellular organisms (no rank), Bacteria (domain), Bacillati (kingdom), Bacillota (phylum), Bacilli (class), Lactobacillales (order), Streptococcaceae (family), Streptococcus (genus), Streptococcus pneumoniae (species)	Streptococcus pneumoniae (strain P1031)
P33160	33067	cellular organisms (no rank), Bacteria (domain), Pseudomonadati (kingdom), Pseudomonadota (phylum), Pseudomonadota incertae sedis (no rank), unclassified pseudomonads (no rank)	Pseudomonas sp. (strain 101) (Achromobacter parvulus T1)
Q13X05	266265	cellular organisms (no rank), Bacteria (domain), Pseudomonadati (kingdom), Pseudomonadota (phylum), Betaproteobacteria (class), Burkholderiales (order), Burkholderiaceae (family), Paraburkholderia (genus), Paraburkholderia xenovorans (species)	Paraburkholderia xenovorans (strain LB400)
Q47BR3	159087	cellular organisms (no rank), Bacteria (domain), Pseudomonadati (kingdom), Pseudomonadota (phylum), Betaproteobacteria (class), Rhodocyclales (order), Azonexaceae (family), Dechloromonas (genus), Dechloromonas aromatica (nom. nud.) (species)	Dechloromonas aromatica (strain RCB)
Q2L1P5	360910	cellular organisms (no rank), Bacteria (domain), Pseudomonadati (kingdom), Pseudomonadota (phylum), Betaproteobacteria (class), Burkholderiales (order), Alcaligenaceae (family), Bordetella (genus), Bordetella avium (species)	Bordetella avium (strain 197N)
Q70I53	242601	cellular organisms (no rank), Bacteria (domain), Pseudomonadati (kingdom), Pseudomonadota (phylum), Betaproteobacteria (class), Burkholderiales (order), Alcaligenaceae (family), unclassified Alcaligenaceae (no rank)	Alcaligenes sp. (strain DSM 11172) (Bordetella sp. (strain FB188))
B2FK84	522373	cellular organisms (no rank), Bacteria (domain), Pseudomonadati (kingdom), Pseudomonadota (phylum), Gammaproteobacteria (class), Lysobacterales (order), Lysobacteraceae (family), Stenotrophomonas (genus), Stenotrophomonas maltophilia group (no rank), Stenotrophomonas maltophilia (species)	Stenotrophomonas maltophilia (strain K279a)
K1KYT0	1225176	cellular organisms (no rank), Bacteria (domain), Pseudomonadati (kingdom), FCB group (clade), Bacteroidota/Chlorobiota group (clade), Bacteroidota (phylum), Cytophagia (class), Cytophagales (order), Cyclobacteriaceae (family), Cecembia (genus), Cecembia lonarensis (species)	Cecembia lonarensis (strain CCUG 58316 / KCTC 22772 / LW9)
Q9ALA2	1063	cellular organisms (no rank), Bacteria (domain), Pseudomonadati (kingdom), Pseudomonadota (phylum), Alphaproteobacteria (class), Rhodobacterales (order), Paracoccaceae (family), Cereibacter (genus)	Cereibacter sphaeroides (Rhodobacter sphaeroides)
A1BBM5	318586	cellular organisms (no rank), Bacteria (domain), Pseudomonadati (kingdom), Pseudomonadota (phylum), Alphaproteobacteria (class), Rhodobacterales (order), Paracoccaceae (family), Paracoccus (genus), Paracoccus denitrificans (species)	Paracoccus denitrificans (strain Pd 1222)
Q83RW9	623	cellular organisms (no rank), Bacteria (domain), Pseudomonadati (kingdom), Pseudomonadota (phylum), Gammaproteobacteria (class), Enterobacterales (order), Enterobacteriaceae (family), Shigella (genus)	Shigella flexneri
P12934	10409	Viruses (no rank), Riboviria (realm), Pararnavirae (kingdom), Artverviricota (phylum), Revtraviricetes (class), Blubervirales (order), Hepadnaviridae (family), Orthohepadnavirus (genus), Orthohepadnavirus hominoidei (species), Hepatitis B virus (no rank), Hepatitis B virus subtype adr (no rank)	Hepatitis B virus genotype C subtype adr (strain Japan/adr4/1983) (HBV-C)
P19668	1462	cellular organisms (no rank), Bacteria (domain), Bacillati (kingdom), Bacillota (phylum), Bacilli (class), Caryophanales (order), Anoxybacillaceae (family), Geobacillus (genus), Geobacillus thermoleovorans group (no rank)	Geobacillus kaustophilus
