{
  "analysis": "separability",
  "results": [
    {
      "model": "esm3_sm_open_v1",
      "auroc_mean": 0.9416361416361416,
      "auroc_std": 0.01884870583092694,
      "auroc_per_fold": [
        0.9444444444444444,
        0.9093406593406593,
        0.9615384615384617,
        0.9583333333333334,
        0.9345238095238095
      ],
      "accuracy_mean": 0.8424501424501424,
      "accuracy_std": 0.04318471868147335,
      "n_positive": 71,
      "n_negative": 62
    }
  ],
  "schema_version": "2.0"
}