{
  "controls": [
    {
      "pdb_id": "1AST",
      "name": "Astacin",
      "organism": "Astacus astacus",
      "is_control_for": "3BTA",
      "matched_toxin_name": "Botulinum neurotoxin A",
      "matched_toxin_fsi": 2.875,
      "mechanism_match": "Same HExxH zinc-binding motif, metzincin superfamily fold",
      "n_designed_sequences": 100,
      "wildtype_length": 200,
      "n_functional_sites": 4,
      "functional_recovery": {
        "mean": 0.9325,
        "std": 0.11098986440211558
      },
      "overall_recovery": {
        "mean": 0.49610000000000004,
        "std": 0.018310925700247935
      },
      "fsi": {
        "mean": 1.882557017639146,
        "std": 0.23782204793659872,
        "median": 1.9801980198019802,
        "fraction_above_1": 1.0,
        "per_sequence_values": [
          1.923076923076923,
          2.1052631578947367,
          2.1739130434782608,
          1.5151515151515151,
          1.923076923076923,
          1.923076923076923,
          1.941747572815534,
          2.0408163265306123,
          1.5,
          1.4563106796116505,
          1.923076923076923,
          1.9047619047619047,
          2.0408163265306123,
          2.061855670103093,
          2.0408163265306123,
          1.4851485148514851,
          1.9801980198019802,
          2.1739130434782608,
          1.4563106796116505,
          1.941747572815534,
          1.9801980198019802,
          2.0,
          1.941747572815534,
          1.9801980198019802,
          1.5151515151515151,
          1.4563106796116505,
          1.9801980198019802,
          1.923076923076923,
          2.127659574468085,
          1.5,
          1.9047619047619047,
          1.4851485148514851,
          1.8691588785046729,
          1.9801980198019802,
          1.923076923076923,
          1.9801980198019802,
          2.1052631578947367,
          2.0,
          1.5151515151515151,
          1.5,
          2.0,
          1.5151515151515151,
          2.0,
          2.127659574468085,
          2.0202020202020203,
          1.4705882352941175,
          2.1052631578947367,
          2.061855670103093,
          2.127659574468085,
          1.9801980198019802,
          1.5789473684210527,
          2.061855670103093,
          1.923076923076923,
          2.0,
          2.0833333333333335,
          2.150537634408602,
          2.1739130434782608,
          2.1052631578947367,
          1.5789473684210527,
          1.5,
          1.941747572815534,
          1.5151515151515151,
          2.1978021978021975,
          1.4851485148514851,
          2.0408163265306123,
          2.0,
          1.5463917525773196,
          1.530612244897959,
          1.9801980198019802,
          1.530612244897959,
          2.0,
          1.9801980198019802,
          2.0833333333333335,
          1.941747572815534,
          1.8691588785046729,
          2.1739130434782608,
          1.4851485148514851,
          1.9607843137254901,
          2.0202020202020203,
          1.923076923076923,
          1.595744680851064,
          1.5463917525773196,
          2.127659574468085,
          1.923076923076923,
          1.9607843137254901,
          2.0408163265306123,
          2.1052631578947367,
          2.0,
          2.0408163265306123,
          2.0,
          1.4423076923076923,
          1.941747572815534,
          1.530612244897959,
          2.127659574468085,
          2.0408163265306123,
          2.0833333333333335,
          1.5463917525773196,
          2.0408163265306123,
          2.150537634408602,
          2.061855670103093
        ]
      },
      "sequence_divergence": {
        "mean_wt_identity": 0.49610000000000004,
        "std_wt_identity": 0.018310925700247935
      }
    },
    {
      "pdb_id": "1QD2",
      "name": "Saporin-6",
      "organism": "Saponaria officinalis",
      "is_control_for": "2AAI",
      "matched_toxin_name": "Ricin A-chain",
      "matched_toxin_fsi": 1.094,
      "mechanism_match": "Beta-trefoil active site (Tyr72/Tyr120/Glu176 parallels Tyr80/Tyr123/Glu177)",
      "n_designed_sequences": 100,
      "wildtype_length": 247,
      "n_functional_sites": 3,
      "functional_recovery": {
        "mean": 0.3666666666666667,
        "std": 0.22852182001336813
      },
      "overall_recovery": {
        "mean": 0.5148987854251013,
        "std": 0.01629905411492408
      },
      "fsi": {
        "mean": 0.7100252116414008,
        "std": 0.4426376753136084,
        "median": 0.6482939632545932,
        "fraction_above_1": 0.29,
        "per_sequence_values": [
          0.0,
          0.6432291666666666,
          1.2474747474747474,
          0.6333333333333333,
          1.2474747474747474,
          0.6482939632545932,
          0.0,
          1.3068783068783068,
          0.6482939632545932,
          1.2864583333333333,
          0.6534391534391534,
          0.6237373737373737,
          0.6534391534391534,
          1.2474747474747474,
          0.6861111111111111,
          0.0,
          0.6382428940568474,
          1.3068783068783068,
          1.3068783068783068,
          0.6693766937669376,
          0.6432291666666666,
          0.6333333333333333,
          0.6482939632545932,
          0.6432291666666666,
          1.2965879265091864,
          0.6432291666666666,
          0.6144278606965173,
          0.0,
          1.3068783068783068,
          0.6482939632545932,
          0.6586666666666666,
          0.0,
          0.6639784946236559,
          0.0,
          0.6534391534391534,
          0.6237373737373737,
          0.6098765432098765,
          0.6284987277353689,
          0.0,
          1.2569974554707377,
          0.0,
          1.3068783068783068,
          0.6382428940568474,
          0.0,
          0.6284987277353689,
          0.0,
          0.6333333333333333,
          1.3279569892473118,
          0.6382428940568474,
          0.6693766937669376,
          0.0,
          1.2764857881136948,
          0.6482939632545932,
          0.6977401129943502,
          0.6534391534391534,
          0.6284987277353689,
          0.6693766937669376,
          0.6977401129943502,
          0.6382428940568474,
          0.0,
          0.6053921568627451,
          0.674863387978142,
          1.2474747474747474,
          0.6382428940568474,
          0.0,
          0.0,
          0.6693766937669376,
          1.2569974554707377,
          1.3722222222222222,
          1.2666666666666666,
          1.2764857881136948,
          1.3173333333333332,
          1.2965879265091864,
          0.6534391534391534,
          0.6534391534391534,
          0.0,
          0.0,
          1.2864583333333333,
          0.0,
          1.3173333333333332,
          0.0,
          0.6586666666666666,
          1.2380952380952381,
          1.2864583333333333,
          0.6098765432098765,
          1.2764857881136948,
          0.6482939632545932,
          1.3608815426997245,
          1.3387533875338753,
          0.674863387978142,
          0.6534391534391534,
          0.6432291666666666,
          0.6586666666666666,
          0.0,
          0.6333333333333333,
          1.2666666666666666,
          0.6482939632545932,
          1.2764857881136948,
          0.592326139088729,
          0.6333333333333333
        ]
      },
      "sequence_divergence": {
        "mean_wt_identity": 0.5148987854251013,
        "std_wt_identity": 0.01629905411492408
      }
    },
    {
      "pdb_id": "1LNF",
      "name": "Thermolysin",
      "organism": "Bacillus thermoproteolyticus",
      "is_control_for": "3BTA",
      "matched_toxin_name": "Botulinum neurotoxin A",
      "matched_toxin_fsi": 3.074,
      "mechanism_match": "HExxH zinc-binding motif (Glu143, His231, His235) + Glu166 third ligand. Same zinc chemistry as BoNT-A LC but thermolysin fold is completely different from metzincin fold.",
      "n_designed_sequences": 100,
      "wildtype_length": 316,
      "n_functional_sites": 4,