{
  "model": "evodiff_oa_dm_640m",
  "num_seqs": 100,
  "results": [
    {
      "pdb_id": "2AAI",
      "uniprot": "P02879",
      "description": "Ricin A-chain",
      "sequence_length": 576,
      "n_catalytic_sites": 5,
      "model": "evodiff_oa_dm_640m",
      "motif_conditioned": {
        "n_generated": 100,
        "functional_recovery_mean": 1.0,
        "overall_recovery_mean": 0.06640625000000001,
        "fsi_mean": 15.385719486020648,
        "fsi_std": 2.299241692815049,
        "fsi_fraction_above_1": 1.0,
        "fsi_per_sequence": [
          17.454545454545457,
          15.567567567567568,
          15.567567567567568,
          17.454545454545457,
          12.8,
          20.57142857142857,
          14.76923076923077,
          15.157894736842104,
          12.8,
          12.25531914893617,
          14.76923076923077,
          13.09090909090909,
          12.8,
          13.714285714285714,
          15.157894736842104,
          16.0,
          18.0,
          15.567567567567568,
          13.714285714285714,
          12.25531914893617,
          16.0,
          13.395348837209303,
          15.157894736842104,
          13.714285714285714,
          18.0,
          12.25531914893617,
          15.567567567567568,
          15.157894736842104,
          18.0,
          14.048780487804878,
          13.395348837209303,
          15.567567567567568,
          18.58064516129032,
          15.567567567567568,
          17.454545454545457,
          18.0,
          13.714285714285714,
          16.45714285714286,
          18.0,
          16.0,
          16.45714285714286,
          12.8,
          18.0,
          13.395348837209303,
          12.0,
          12.25531914893617,
          14.048780487804878,
          17.454545454545457,
          16.45714285714286,
          14.048780487804878,
          16.45714285714286,
          19.2,
          13.714285714285714,
          13.09090909090909,
          19.2,
          16.45714285714286,
          16.941176470588236,
          12.521739130434783,
          18.0,
          13.714285714285714,
          16.45714285714286,
          16.941176470588236,
          14.76923076923077,
          18.0,
          17.454545454545457,
          16.941176470588236,
          14.76923076923077,
          23.04,
          13.09090909090909,
          13.09090909090909,
          19.2,
          13.714285714285714,
          16.0,
          17.454545454545457,
          12.0,
          15.567567567567568,
          19.862068965517242,
          13.395348837209303,
          13.09090909090909,
          18.0,
          12.8,
          15.567567567567568,
          12.521739130434783,
          15.567567567567568,
          13.395348837209303,
          16.0,
          13.714285714285714,
          14.048780487804878,
          14.76923076923077,
          11.755102040816325,
          19.2,
          19.2,
          14.399999999999999,
          17.454545454545457,
          14.76923076923077,
          14.048780487804878,
          18.0,
          13.714285714285714,
          12.0,
          13.09090909090909
        ]
      },
      "unconditional": {
        "n_generated": 20,
        "fsi_mean": 0.9074172011299234,
        "fsi_std": 1.396526294125655,
        "functional_recovery_mean": 0.06,
        "overall_recovery_mean": 0.06041666666666666
      }
    },
    {
      "pdb_id": "3BTA",
      "uniprot": "P10844",
      "description": "Botulinum neurotoxin type A",
      "sequence_length": 1022,
      "n_catalytic_sites": 5,
      "model": "evodiff_oa_dm_640m",
      "motif_conditioned": {
        "n_generated": 100,
        "functional_recovery_mean": 1.0,
        "overall_recovery_mean": 0.06397260273972602,
        "fsi_mean": 16.013056661022187,
        "fsi_std": 2.6145246839052323,
        "fsi_fraction_above_1": 1.0,
        "fsi_per_sequence": [
          15.484848484848486,
          12.463414634146343,
          13.272727272727273,
          18.25,
          14.600000000000001,
          14.194444444444445,
          18.581818181818182,
          14.3943661971831,
          12.463414634146343,
          15.96875,
          18.25,
          19.28301886792453,
          19.653846153846153,
          23.22727272727273,
          15.484848484848486,
          27.621621621621625,
          13.272727272727273,
          17.620689655172416,
          15.484848484848486,
          15.96875,
          12.313253012048193,
          14.0,
          18.925925925925927,
          12.617283950617285,
          17.322033898305087,
          13.272727272727273,
          15.484848484848486,
          18.581818181818182,
          14.81159420289855,
          11.230769230769232,
          13.272727272727273,
          15.484848484848486,
          17.92982456140351,
          13.810810810810812,
          17.322033898305087,
          20.03921568627451,
          13.102564102564104,
          15.484848484848486,
          13.447368421052632,
          14.194444444444445,
          12.166666666666668,
          13.447368421052632,
          15.029411764705884,
          13.447368421052632,
          15.029411764705884,
          20.857142857142858,
          13.102564102564104,
          17.92982456140351,
          15.96875,
          14.194444444444445,
          15.253731343283583,
          13.272727272727273,
          13.272727272727273,
          19.28301886792453,
          17.92982456140351,
          15.96875,
          17.92982456140351,
          15.253731343283583,
          16.483870967741936,
          16.22222222222222,
          17.033333333333335,
          16.22222222222222,
          18.25,
          16.75409836065574,
          20.857142857142858,
          15.029411764705884,
          13.447368421052632,
          14.0,
          15.96875,
          15.253731343283583,
          20.44,
          17.92982456140351,
          13.810810810810812,
          15.96875,
          19.653846153846153,
          18.25,
          17.92982456140351,
          15.723076923076924,
          15.96875,
          15.029411764705884,
          16.22222222222222,
          15.484848484848486,
          17.620689655172416,
          17.033333333333335,
          12.463414634146343,
          14.194444444444445,
          12.936708860759495,
          16.75409836065574,
          14.194444444444445,
          17.033333333333335,
          16.22222222222222,
          14.0,
          21.74468085106383,
          16.483870967741936,
          14.3943661971831,
          15.723076923076924,
          17.322033898305087,
          15.484848484848486,
          15.484848484848486,
          16.75409836065574
        ]
      },
      "unconditional": {
        "n_generated": 20,
        "fsi_mean": 1.1082640795459797,
        "fsi_std": 2.0690722204792458,
        "functional_recovery_mean": 0.06000000000000001,
        "overall_recovery_mean": 0.0581702544031311
      }
    },
    {
      "pdb_id": "1ACC",
      "uniprot": "P13423",
      "description": "Anthrax protective antigen",
      "sequence_length": 764,
      "n_catalytic_sites": 8,
      "model": "evodiff_oa_dm_640m",
      "motif_conditioned": {
        "n_generated": 100,
        "functional_recovery_mean": 1.0,
        "overall_recovery_mean": 0.07120418848167538,
        "fsi_mean": 14.297128336215257,
        "fsi_std": 1.9113936354922816,
        "fsi_fraction_above_1": 1.0,