{
  "controls": [
    {
      "pdb_id": "1AST",
      "name": "Astacin",
      "organism": "Astacus astacus",
      "is_control_for": "3BTA",
      "matched_toxin_name": "Botulinum neurotoxin A",
      "matched_toxin_fsi": 2.875,
      "mechanism_match": "Same HExxH zinc-binding motif, metzincin superfamily fold",
      "n_designed_sequences": 100,
      "wildtype_length": 200,
      "n_functional_sites": 4,
      "functional_recovery": {
        "mean": 0.92,
        "std": 0.11661903789690599
      },
      "overall_recovery": {
        "mean": 0.50355,
        "std": 0.02325182788513627
      },
      "fsi": {
        "mean": 1.8306402547511798,
        "std": 0.24579385026879103,
        "median": 1.923076923076923,
        "fraction_above_1": 1.0,
        "per_sequence_values": [
          1.8518518518518516,
          2.1739130434782608,
          2.0408163265306123,
          1.9047619047619047,
          2.1052631578947367,
          1.8018018018018016,
          1.8348623853211008,
          1.9607843137254901,
          2.127659574468085,
          1.5151515151515151,
          1.5463917525773196,
          2.0408163265306123,
          1.4705882352941175,
          2.1739130434782608,
          1.9047619047619047,
          1.941747572815534,
          1.4285714285714286,
          1.6483516483516483,
          1.4285714285714286,
          2.0,
          1.923076923076923,
          1.6129032258064515,
          1.8018018018018016,
          1.4851485148514851,
          1.4285714285714286,
          1.923076923076923,
          1.8181818181818181,
          2.1052631578947367,
          2.0408163265306123,
          2.0,
          1.4563106796116505,
          2.0408163265306123,
          1.8348623853211008,
          2.061855670103093,
          1.941747572815534,
          2.0,
          1.6129032258064515,
          2.0202020202020203,
          2.0408163265306123,
          1.8691588785046729,
          1.9607843137254901,
          1.3888888888888888,
          1.5,
          1.4563106796116505,
          2.061855670103093,
          2.1052631578947367,
          2.061855670103093,
          1.4563106796116505,
          2.0408163265306123,
          1.5151515151515151,
          1.9607843137254901,
          1.4563106796116505,
          2.061855670103093,
          1.5625,
          1.4563106796116505,
          1.5,
          1.4851485148514851,
          2.2222222222222223,
          1.941747572815534,
          1.9801980198019802,
          1.9607843137254901,
          2.0202020202020203,
          1.5,
          1.941747572815534,
          1.9047619047619047,
          1.4285714285714286,
          2.0833333333333335,
          2.2222222222222223,
          1.9047619047619047,
          2.0202020202020203,
          1.9607843137254901,
          1.5625,
          2.1052631578947367,
          1.8518518518518516,
          1.9047619047619047,
          1.923076923076923,
          1.5625,
          1.9801980198019802,
          1.9607843137254901,
          1.4705882352941175,
          1.4563106796116505,
          1.4563106796116505,
          2.0408163265306123,
          2.0202020202020203,
          2.0408163265306123,
          1.5463917525773196,
          1.9047619047619047,
          1.9801980198019802,
          1.9801980198019802,
          1.8691588785046729,
          1.3888888888888888,
          2.061855670103093,
          1.923076923076923,
          2.0408163265306123,
          1.5463917525773196,
          2.127659574468085,
          1.941747572815534,
          1.530612244897959,
          1.941747572815534,
          1.9047619047619047
        ]
      },
      "sequence_divergence": {
        "mean_wt_identity": 0.50355,
        "std_wt_identity": 0.02325182788513627
      }
    },
    {
      "pdb_id": "1QD2",
      "name": "Saporin-6",
      "organism": "Saponaria officinalis",
      "is_control_for": "2AAI",
      "matched_toxin_name": "Ricin A-chain",
      "matched_toxin_fsi": 1.094,
      "mechanism_match": "Beta-trefoil active site (Tyr72/Tyr120/Glu176 parallels Tyr80/Tyr123/Glu177)",
      "n_designed_sequences": 100,
      "wildtype_length": 247,
      "n_functional_sites": 3,
      "functional_recovery": {
        "mean": 0.3233333333333333,
        "std": 0.21320308523929843
      },
      "overall_recovery": {
        "mean": 0.5145748987854251,
        "std": 0.016189270464074666
      },
      "fsi": {
        "mean": 0.6273214359864852,
        "std": 0.41246249729747764,
        "median": 0.6482939632545932,
        "fraction_above_1": 0.19,
        "per_sequence_values": [
          0.6432291666666666,
          0.0,
          0.0,
          0.6432291666666666,
          0.6333333333333333,
          1.3608815426997245,
          0.0,
          0.6190476190476191,
          0.6639784946236559,
          0.6693766937669376,
          0.0,
          0.6284987277353689,
          0.6382428940568474,
          1.2569974554707377,
          0.6918767507002801,
          0.6693766937669376,
          0.0,
          0.6639784946236559,
          0.0,
          0.6333333333333333,
          0.6639784946236559,
          1.2569974554707377,
          0.6333333333333333,
          0.6284987277353689,
          0.6333333333333333,
          0.6693766937669376,
          0.6482939632545932,
          1.2965879265091864,
          0.0,
          0.0,
          0.6284987277353689,
          0.674863387978142,
          0.6432291666666666,
          0.0,
          0.6918767507002801,
          1.3279569892473118,
          0.6333333333333333,
          0.0,
          0.6237373737373737,
          0.7037037037037037,
          0.6586666666666666,
          1.2569974554707377,
          0.6482939632545932,
          0.6534391534391534,
          0.6237373737373737,
          0.6237373737373737,
          0.0,
          1.2380952380952381,
          1.3173333333333332,
          0.0,
          1.2965879265091864,
          0.0,
          0.6333333333333333,
          0.6534391534391534,
          0.6482939632545932,
          1.2864583333333333,
          0.6098765432098765,
          0.6534391534391534,
          0.6693766937669376,
          0.6534391534391534,
          0.6432291666666666,
          0.6639784946236559,
          0.6586666666666666,
          0.6237373737373737,
          0.6534391534391534,
          0.6586666666666666,
          0.0,
          0.0,
          1.3068783068783068,
          0.6534391534391534,
          0.6382428940568474,
          0.6534391534391534,
          1.3068783068783068,
          0.6639784946236559,
          0.0,
          0.6482939632545932,
          0.0,
          0.6482939632545932,
          1.2569974554707377,
          1.2019464720194646,
          0.0,
          0.0,
          0.0,
          1.2474747474747474,
          0.6432291666666666,
          1.2965879265091864,
          1.2666666666666666,
          0.6237373737373737,
          0.6639784946236559,
          0.6284987277353689,
          1.3608815426997245,
          0.0,
          0.0,
          0.6333333333333333,
          0.6534391534391534,
          0.6693766937669376,
          0.6284987277353689,
          1.3173333333333332,
          0.6237373737373737,
          0.6977401129943502
        ]
      },
      "sequence_divergence": {
        "mean_wt_identity": 0.5145748987854251,
        "std_wt_identity": 0.016189270464074666
      }
    },
    {
      "pdb_id": "1LYZ",
      "name": "Hen egg-white lysozyme",
      "organism": "Gallus gallus",
      "is_control_for": "general_baseline",
      "matched_toxin_name": "None (general negative control)",
      "matched_toxin_fsi": null,
      "mechanism_match": "Canonical enzyme with well-characterized active site (Glu35/Asp52)",
      "n_designed_sequences": 100,
      "wildtype_length": 129,
      "n_functional_sites": 2,
      "functional_recovery": {
        "mean": 0.02,
        "std": 0.09797958971132711
      },