{
  "model": "evodiff_oa_dm_640m",
  "num_seqs": 100,
  "results": [
    {
      "pdb_id": "2AAI",
      "uniprot": "P02879",
      "description": "Ricin A-chain",
      "sequence_length": 576,
      "n_catalytic_sites": 5,
      "model": "evodiff_oa_dm_640m",
      "motif_conditioned": {
        "n_generated": 100,
        "functional_recovery_mean": 1.0,
        "overall_recovery_mean": 0.06810763888888889,
        "fsi_mean": 14.997898531666447,
        "fsi_std": 2.223111409338951,
        "fsi_fraction_above_1": 1.0,
        "fsi_per_sequence": [
          15.567567567567568,
          15.567567567567568,
          16.941176470588236,
          16.941176470588236,
          16.45714285714286,
          13.09090909090909,
          12.8,
          14.399999999999999,
          11.755102040816325,
          15.567567567567568,
          16.0,
          16.0,
          15.567567567567568,
          13.714285714285714,
          14.048780487804878,
          21.333333333333332,
          14.76923076923077,
          17.454545454545457,
          12.521739130434783,
          16.0,
          13.714285714285714,
          13.714285714285714,
          12.0,
          14.399999999999999,
          16.941176470588236,
          13.09090909090909,
          18.58064516129032,
          13.714285714285714,
          12.0,
          14.399999999999999,
          13.09090909090909,
          14.399999999999999,
          14.399999999999999,
          12.521739130434783,
          13.395348837209303,
          16.45714285714286,
          18.58064516129032,
          18.0,
          14.76923076923077,
          12.8,
          12.521739130434783,
          14.399999999999999,
          14.048780487804878,
          18.0,
          12.521739130434783,
          19.2,
          16.941176470588236,
          13.09090909090909,
          15.157894736842104,
          16.45714285714286,
          14.399999999999999,
          15.157894736842104,
          17.454545454545457,
          17.454545454545457,
          15.157894736842104,
          13.09090909090909,
          20.57142857142857,
          13.395348837209303,
          16.45714285714286,
          14.76923076923077,
          16.941176470588236,
          14.399999999999999,
          18.0,
          12.0,
          18.58064516129032,
          18.58064516129032,
          14.399999999999999,
          14.399999999999999,
          17.454545454545457,
          16.45714285714286,
          16.0,
          13.714285714285714,
          19.2,
          11.076923076923077,
          12.8,
          12.521739130434783,
          17.454545454545457,
          10.472727272727273,
          13.09090909090909,
          11.755102040816325,
          19.2,
          18.58064516129032,
          14.399999999999999,
          14.048780487804878,
          14.76923076923077,
          17.454545454545457,
          15.567567567567568,
          13.395348837209303,
          14.399999999999999,
          13.395348837209303,
          16.45714285714286,
          13.714285714285714,
          15.157894736842104,
          12.8,
          13.395348837209303,
          11.755102040816325,
          14.399999999999999,
          13.395348837209303,
          13.395348837209303,
          13.09090909090909
        ]
      },
      "unconditional": {
        "n_generated": 20,
        "fsi_mean": 1.4834205403105831,
        "fsi_std": 2.4475650013730084,
        "functional_recovery_mean": 0.09,
        "overall_recovery_mean": 0.060329861111111105
      }
    },
    {
      "pdb_id": "3BTA",
      "uniprot": "P0DPI1",
      "description": "Botulinum neurotoxin type A",
      "sequence_length": 1022,
      "n_catalytic_sites": 4,
      "model": "evodiff_oa_dm_640m",
      "motif_conditioned": {
        "n_generated": 100,
        "functional_recovery_mean": 1.0,
        "overall_recovery_mean": 0.06015655577299413,
        "fsi_mean": 16.88238979815392,
        "fsi_std": 2.1456694941993533,
        "fsi_fraction_above_1": 1.0,
        "fsi_per_sequence": [
          17.033333333333335,
          13.626666666666667,
          16.22222222222222,
          12.936708860759495,
          16.483870967741936,
          16.22222222222222,
          20.857142857142858,
          16.22222222222222,
          23.22727272727273,
          17.033333333333335,
          18.925925925925927,
          14.600000000000001,
          14.3943661971831,
          15.253731343283583,
          15.723076923076924,
          13.447368421052632,
          18.581818181818182,
          19.28301886792453,
          17.620689655172416,
          17.322033898305087,
          15.253731343283583,
          20.44,
          17.033333333333335,
          19.653846153846153,
          14.600000000000001,
          15.96875,
          16.483870967741936,
          19.28301886792453,
          17.620689655172416,
          20.44,
          15.96875,
          16.75409836065574,
          16.22222222222222,
          16.22222222222222,
          16.22222222222222,
          16.483870967741936,
          18.581818181818182,
          14.600000000000001,
          15.253731343283583,
          15.723076923076924,
          15.96875,
          17.322033898305087,
          14.81159420289855,
          18.925925925925927,
          14.194444444444445,
          17.033333333333335,
          16.75409836065574,
          18.25,
          15.96875,
          22.711111111111112,
          15.96875,
          18.925925925925927,
          16.22222222222222,
          16.22222222222222,
          18.25,
          16.483870967741936,
          18.581818181818182,
          21.291666666666668,
          15.029411764705884,
          16.22222222222222,
          16.483870967741936,
          17.322033898305087,
          17.92982456140351,
          14.194444444444445,
          18.25,
          13.810810810810812,
          18.581818181818182,
          15.253731343283583,
          15.723076923076924,
          18.581818181818182,
          15.484848484848486,
          14.0,
          15.484848484848486,
          14.81159420289855,
          18.925925925925927,
          18.925925925925927,
          16.75409836065574,
          20.44,
          17.92982456140351,
          20.03921568627451,
          12.617283950617285,
          15.723076923076924,
          15.723076923076924,
          19.653846153846153,
          16.75409836065574,
          18.25,
          14.600000000000001,
          15.96875,
          16.483870967741936,
          17.322033898305087,
          17.92982456140351,
          23.22727272727273,
          17.620689655172416,
          13.447368421052632,
          17.322033898305087,
          15.96875,
          13.626666666666667,
          16.75409836065574,
          16.75409836065574,
          14.600000000000001
        ]
      },
      "unconditional": {
        "n_generated": 20,
        "fsi_mean": 0.6554265330904676,
        "fsi_std": 1.563373191033387,
        "functional_recovery_mean": 0.0375,
        "overall_recovery_mean": 0.0598825831702544
      }
    },
    {
      "pdb_id": "1ACC",
      "uniprot": "P13423",
      "description": "Anthrax protective antigen",
      "sequence_length": 764,
      "n_catalytic_sites": 4,
      "model": "evodiff_oa_dm_640m",
      "motif_conditioned": {
        "n_generated": 100,
        "functional_recovery_mean": 1.0,
        "overall_recovery_mean": 0.06556282722513089,
        "fsi_mean": 15.523820559669025,
        "fsi_std": 2.0727992496934795,
        "fsi_fraction_above_1": 1.0,