{
  "per_structure": [
    {
      "pdb_id": "2AAI",
      "description": "Ricin A-chain",
      "uniprot": "P02879",
      "n_designed_sequences": 100,
      "wildtype_length": 267,
      "n_functional_sites": 5,
      "functional_recovery": {
        "mean": 0.45,
        "std": 0.13674794331177342,
        "median": 0.4
      },
      "overall_recovery": {
        "mean": 0.3998876404494382,
        "std": 0.017589882755944364,
        "median": 0.40074906367041196
      },
      "fsi": {
        "mean": 1.124276785873004,
        "std": 0.3392428643405077,
        "median": 1.0368932038834953,
        "fraction_above_1": 0.59,
        "per_sequence_values": [
          0.9709090909090909,
          1.0574257425742575,
          1.0368932038834953,
          0.9286956521739131,
          1.4563636363636363,
          0.49444444444444446,
          0.9981308411214954,
          1.4833333333333334,
          0.9368421052631579,
          1.5257142857142856,
          0.9888888888888889,
          1.511320754716981,
          0.9206896551724139,
          1.4833333333333334,
          1.0787878787878789,
          0.5037735849056604,
          1.4303571428571427,
          1.5705882352941176,
          0.9451327433628319,
          1.618181818181818,
          1.4303571428571427,
          0.9981308411214954,
          1.0470588235294118,
          0.5085714285714286,
          0.9798165137614679,
          0.9709090909090909,
          1.6346938775510202,
          1.5403846153846152,
          1.5861386138613862,
          0.9451327433628319,
          1.4303571428571427,
          1.0171428571428571,
          1.4697247706422019,
          1.4563636363636363,
          0.5085714285714286,
          1.026923076923077,
          1.5553398058252426,
          1.4563636363636363,
          0.9621621621621622,
          1.5403846153846152,
          1.4432432432432432,
          0.9206896551724139,
          0.9535714285714285,
          1.0075471698113208,
          1.4563636363636363,
          0.4990654205607477,
          1.0368932038834953,
          0.9981308411214954,
          1.4176991150442477,
          1.4303571428571427,
          1.5403846153846152,
          0.5134615384615385,
          1.4176991150442477,
          0.9888888888888889,
          0.9621621621621622,
          1.0075471698113208,
          1.511320754716981,
          0.9368421052631579,
          1.4563636363636363,
          0.5184466019417476,
          1.0171428571428571,
          1.4563636363636363,
          0.5235294117647059,
          1.026923076923077,
          1.4432432432432432,
          1.0470588235294118,
          0.9621621621621622,
          0.9888888888888889,
          0.48990825688073397,
          1.0470588235294118,
          1.497196261682243,
          1.5861386138613862,
          1.5553398058252426,
          0.5621052631578948,
          0.9621621621621622,
          0.9535714285714285,
          1.4833333333333334,
          1.4176991150442477,
          0.5621052631578948,
          1.4432432432432432,
          1.497196261682243,
          0.4810810810810811,
          1.0574257425742575,
          1.511320754716981,
          0.9981308411214954,
          0.9798165137614679,
          1.4052631578947368,
          0.9798165137614679,
          1.6019999999999999,
          0.5287128712871287,
          0.9709090909090909,
          1.5257142857142856,
          0.9888888888888889,
          1.068,
          1.089795918367347,
          0.5287128712871287,
          1.0368932038834953,
          1.026923076923077,
          1.0368932038834953,
          1.068
        ]
      },
      "sequence_divergence": {
        "mean_wt_identity": 0.3998876404494382,
        "std_wt_identity": 0.017589882755944364,
        "min_wt_identity": 0.35580524344569286
      }
    },
    {
      "pdb_id": "1XTC",
      "description": "Cholera toxin A1 subunit",
      "uniprot": "P01555",
      "n_designed_sequences": 100,
      "wildtype_length": 192,
      "n_functional_sites": 5,
      "functional_recovery": {
        "mean": 0.08399999999999999,
        "std": 0.10268398122394748,
        "median": 0.0
      },
      "overall_recovery": {
        "mean": 0.3780208333333333,
        "std": 0.017039769148638396,
        "median": 0.3802083333333333
      },
      "fsi": {
        "mean": 0.2214517576904094,
        "std": 0.2707553163717609,
        "median": 0.0,
        "fraction_above_1": 0.01,
        "per_sequence_values": [
          0.5333333333333333,
          0.5052631578947369,
          0.526027397260274,
          0.0,
          0.4987012987012987,
          0.5333333333333333,
          0.0,
          0.0,
          0.0,
          1.037837837837838,
          0.0,
          0.573134328358209,
          0.0,
          0.0,
          0.0,
          0.5408450704225353,
          0.0,
          0.512,
          0.0,
          0.5485714285714286,
          0.5333333333333333,
          0.0,
          0.0,
          0.5052631578947369,
          0.0,
          0.0,
          0.0,
          0.0,
          0.0,
          0.5565217391304348,
          0.0,
          0.0,
          0.0,
          0.5647058823529412,
          0.0,
          0.5408450704225353,
          0.0,
          0.5052631578947369,
          0.0,
          0.0,
          0.0,
          0.0,
          0.0,
          0.48607594936708864,
          0.0,
          0.0,
          0.512,
          0.0,
          0.0,
          0.0,
          0.0,
          0.0,
          0.0,
          0.518918918918919,
          0.0,
          0.526027397260274,
          0.526027397260274,
          0.526027397260274,
          0.0,
          0.5408450704225353,
          0.0,
          0.5052631578947369,
          0.5565217391304348,
          0.5818181818181819,
          0.0,
          0.512,
          0.0,
          0.526027397260274,
          0.518918918918919,
          0.526027397260274,
          0.5408450704225353,
          0.0,
          0.0,
          0.0,
          0.0,
          0.0,
          0.0,
          0.512,
          0.0,
          0.0,
          0.0,
          0.5408450704225353,
          0.0,
          0.0,
          0.0,
          0.5408450704225353,
          0.526027397260274,
          0.0,
          0.0,
          0.0,
          0.5485714285714286,
          0.5485714285714286,
          0.5052631578947369,
          0.4987012987012987,
          0.0,
          0.526027397260274,
          0.48,
          0.0,
          0.0,
          0.0
        ]
      },
      "sequence_divergence": {
        "mean_wt_identity": 0.3780208333333333,
        "std_wt_identity": 0.017039769148638396,
        "min_wt_identity": 0.3385416666666667
      }
    },
    {
      "pdb_id": "3BTA",
      "description": "Botulinum neurotoxin type A",
      "uniprot": "P10844",
      "n_designed_sequences": 100,
      "wildtype_length": 1277,
      "n_functional_sites": 5,
      "functional_recovery": {
        "mean": 0.5579999999999999,
        "std": 0.19451478092936794,
        "median": 0.4
      },
      "overall_recovery": {
        "mean": 0.18181675802662486,
        "std": 0.005533239235853335,
        "median": 0.1816758026624902
      },
      "fsi": {
        "mean": 3.0741615376349007,
        "std": 1.0822753304822497,
        "median": 2.280357142857143,
        "fraction_above_1": 1.0,