{
  "controls": [
    {
      "pdb_id": "1AST",
      "name": "Astacin",
      "organism": "Astacus astacus",
      "is_control_for": "3BTA",
      "matched_toxin_name": "Botulinum neurotoxin A",
      "matched_toxin_fsi": 2.875,
      "mechanism_match": "Same HExxH zinc-binding motif, metzincin superfamily fold",
      "n_designed_sequences": 100,
      "wildtype_length": 200,
      "n_functional_sites": 4,
      "functional_recovery": {
        "mean": 0.9225,
        "std": 0.11562331079847177
      },
      "overall_recovery": {
        "mean": 0.5004000000000001,
        "std": 0.024286621831782217
      },
      "fsi": {
        "mean": 1.8480823811780602,
        "std": 0.2502687179640832,
        "median": 1.9512659432705122,
        "fraction_above_1": 1.0,
        "per_sequence_values": [
          1.4285714285714286,
          2.0202020202020203,
          1.595744680851064,
          1.9801980198019802,
          1.5,
          2.061855670103093,
          1.4851485148514851,
          1.4851485148514851,
          1.6483516483516483,
          2.061855670103093,
          1.4851485148514851,
          2.0408163265306123,
          2.127659574468085,
          1.941747572815534,
          1.9047619047619047,
          2.1978021978021975,
          1.6129032258064515,
          2.0,
          1.5,
          1.4563106796116505,
          1.4705882352941175,
          1.8518518518518516,
          1.8867924528301885,
          2.150537634408602,
          2.1739130434782608,
          1.5789473684210527,
          2.0202020202020203,
          1.9607843137254901,
          1.9801980198019802,
          1.8691588785046729,
          2.0408163265306123,
          1.9801980198019802,
          2.0,
          2.0408163265306123,
          2.0408163265306123,
          2.0408163265306123,
          2.061855670103093,
          1.5,
          2.0202020202020203,
          1.5,
          2.0202020202020203,
          1.8348623853211008,
          1.923076923076923,
          1.3761467889908257,
          1.9801980198019802,
          1.941747572815534,
          2.247191011235955,
          2.1052631578947367,
          2.0833333333333335,
          2.0408163265306123,
          1.8018018018018016,
          1.9047619047619047,
          1.8348623853211008,
          1.4563106796116505,
          2.127659574468085,
          1.530612244897959,
          2.0,
          1.4423076923076923,
          1.595744680851064,
          1.9047619047619047,
          1.8867924528301885,
          1.4705882352941175,
          1.5,
          2.061855670103093,
          1.4423076923076923,
          2.0202020202020203,
          2.061855670103093,
          1.9607843137254901,
          1.4705882352941175,
          2.127659574468085,
          2.0833333333333335,
          1.8867924528301885,
          1.4285714285714286,
          1.9801980198019802,
          2.1052631578947367,
          2.0,
          1.923076923076923,
          2.127659574468085,
          2.0,
          1.941747572815534,
          1.941747572815534,
          1.9801980198019802,
          1.530612244897959,
          1.8018018018018016,
          1.7857142857142856,
          1.3761467889908257,
          2.0833333333333335,
          1.9801980198019802,
          1.530612244897959,
          2.0833333333333335,
          2.0202020202020203,
          1.9801980198019802,
          1.9607843137254901,
          2.247191011235955,
          2.0202020202020203,
          1.6129032258064515,
          1.4150943396226414,
          1.6129032258064515,
          1.4705882352941175,
          2.0408163265306123
        ]
      },
      "sequence_divergence": {
        "mean_wt_identity": 0.5004000000000001,
        "std_wt_identity": 0.024286621831782217
      }
    },
    {
      "pdb_id": "1QD2",
      "name": "Saporin-6",
      "organism": "Saponaria officinalis",
      "is_control_for": "2AAI",
      "matched_toxin_name": "Ricin A-chain",
      "matched_toxin_fsi": 1.094,
      "mechanism_match": "Beta-trefoil active site (Tyr72/Tyr120/Glu176 parallels Tyr80/Tyr123/Glu177)",
      "n_designed_sequences": 100,
      "wildtype_length": 247,
      "n_functional_sites": 3,
      "functional_recovery": {
        "mean": 0.42,
        "std": 0.20880613017821098
      },
      "overall_recovery": {
        "mean": 0.5175708502024292,
        "std": 0.015519544681083006
      },
      "fsi": {
        "mean": 0.8097483348269737,
        "std": 0.3983721516553014,
        "median": 0.6586666666666666,
        "fraction_above_1": 0.36,
        "per_sequence_values": [
          0.0,
          0.6586666666666666,
          1.3387533875338753,
          1.2965879265091864,
          1.2965879265091864,
          0.6586666666666666,
          0.6382428940568474,
          0.6333333333333333,
          0.6534391534391534,
          1.3173333333333332,
          0.6333333333333333,
          0.6382428940568474,
          0.6190476190476191,
          0.0,
          0.6333333333333333,
          1.2019464720194646,
          0.6534391534391534,
          1.2764857881136948,
          1.2764857881136948,
          0.6190476190476191,
          0.6482939632545932,
          0.6639784946236559,
          1.2764857881136948,
          1.219753086419753,
          0.6382428940568474,
          0.6237373737373737,
          0.592326139088729,
          0.6639784946236559,
          1.2474747474747474,
          0.6482939632545932,
          0.6382428940568474,
          0.6432291666666666,
          0.6534391534391534,
          0.6693766937669376,
          0.6482939632545932,
          0.6534391534391534,
          0.6382428940568474,
          0.6693766937669376,
          0.6586666666666666,
          1.2474747474747474,
          1.2474747474747474,
          0.6382428940568474,
          0.0,
          1.2864583333333333,
          1.2666666666666666,
          0.6482939632545932,
          0.674863387978142,
          0.6333333333333333,
          1.3387533875338753,
          1.2864583333333333,
          0.6432291666666666,
          0.6190476190476191,
          1.2965879265091864,
          0.6639784946236559,
          0.6482939632545932,
          0.674863387978142,
          0.0,
          1.219753086419753,
          1.2569974554707377,
          0.6284987277353689,
          0.6534391534391534,
          1.2474747474747474,
          0.6586666666666666,
          0.6586666666666666,
          0.6804407713498623,
          1.2764857881136948,
          0.6918767507002801,
          1.2569974554707377,
          0.6804407713498623,
          0.0,
          0.6534391534391534,
          1.2107843137254901,
          0.0,
          1.2965879265091864,
          1.3068783068783068,
          0.6432291666666666,
          0.0,
          1.3173333333333332,
          0.6804407713498623,
          1.2569974554707377,
          0.6693766937669376,
          0.6382428940568474,
          0.0,
          1.219753086419753,
          0.6482939632545932,
          1.2965879265091864,
          0.6333333333333333,
          0.6534391534391534,
          1.3068783068783068,
          1.3387533875338753,
          0.0,
          0.6237373737373737,
          1.2569974554707377,
          0.6639784946236559,
          1.2764857881136948,
          1.2569974554707377,
          0.6284987277353689,
          1.2864583333333333,
          1.349726775956284,
          0.0
        ]
      },
      "sequence_divergence": {
        "mean_wt_identity": 0.5175708502024292,
        "std_wt_identity": 0.015519544681083006
      }
    },
    {
      "pdb_id": "1LNF",
      "name": "Thermolysin",
      "organism": "Bacillus thermoproteolyticus",
      "is_control_for": "3BTA",
      "matched_toxin_name": "Botulinum neurotoxin A",
      "matched_toxin_fsi": 3.074,