{
  "per_protein": [
    {
      "uniprot_id": "P02879",
      "sequence_length": 576,
      "n_functional_sites": 5,
      "n_nonfunctional_sites": 20,
      "fspe_functional": 2.785040855407715,
      "fspe_nonfunctional": 2.272322127968073,
      "fspe_ratio": 1.2256364628628242,
      "accuracy_functional": 0.0,
      "accuracy_nonfunctional": 0.3,
      "mean_correct_prob_functional": 0.06524273678660393,
      "mean_correct_prob_nonfunctional": 0.2083370433188975,
      "mannwhitney_stat": 79.0,
      "mannwhitney_pvalue": 0.9788255223037832,
      "rank_biserial_r": -0.5800000000000001,
      "plm_functional_mean": -2.8455973718877705,
      "plm_nonfunctional_mean": -2.15208854223781,
      "plm_delta": -0.6935088296499603,
      "plm_mannwhitney_pvalue": 0.8641069075851685,
      "plm_rank_biserial_r": 0.31999999999999995
    },
    {
      "uniprot_id": "P01555",
      "sequence_length": 258,
      "n_functional_sites": 8,
      "n_nonfunctional_sites": 20,
      "fspe_functional": 1.0197365886997432,
      "fspe_nonfunctional": 1.944140963256359,
      "fspe_ratio": 0.5245178245674762,
      "accuracy_functional": 0.625,
      "accuracy_nonfunctional": 0.4,
      "mean_correct_prob_functional": 0.6231496615801007,
      "mean_correct_prob_nonfunctional": 0.3038712854497135,
      "mannwhitney_stat": 37.0,
      "mannwhitney_pvalue": 0.014241153371588152,
      "rank_biserial_r": 0.5375,
      "plm_functional_mean": -0.9002320257696317,
      "plm_nonfunctional_mean": -1.9080857377712774,
      "plm_delta": 1.0078537120016458,
      "plm_mannwhitney_pvalue": 0.021421734465212724,
      "plm_rank_biserial_r": -0.5
    },
    {
      "uniprot_id": "P0DPI1",
      "sequence_length": 1022,
      "n_functional_sites": 4,
      "n_nonfunctional_sites": 20,
      "fspe_functional": 0.06711329135578126,
      "fspe_nonfunctional": 2.484159970283508,
      "fspe_ratio": 0.027016493365409903,
      "accuracy_functional": 1.0,
      "accuracy_nonfunctional": 0.25,
      "mean_correct_prob_functional": 0.9910456091165543,
      "mean_correct_prob_nonfunctional": 0.14798931907862425,
      "mannwhitney_stat": 0.0,
      "mannwhitney_pvalue": 9.410878976096367e-05,
      "rank_biserial_r": 1.0,
      "plm_functional_mean": -0.009028089866641878,
      "plm_nonfunctional_mean": -2.4552892432361872,
      "plm_delta": 2.4462611533695453,
      "plm_mannwhitney_pvalue": 9.410878976096367e-05,
      "plm_rank_biserial_r": -1.0
    },
    {
      "uniprot_id": "P01552",
      "sequence_length": 266,
      "n_functional_sites": 9,
      "n_nonfunctional_sites": 20,
      "fspe_functional": 2.5411474969651966,
      "fspe_nonfunctional": 2.65925076007843,
      "fspe_ratio": 0.9555877674696047,
      "accuracy_functional": 0.1111111111111111,
      "accuracy_nonfunctional": 0.25,
      "mean_correct_prob_functional": 0.1317008241183228,
      "mean_correct_prob_nonfunctional": 0.11172765046358109,
      "mannwhitney_stat": 74.0,
      "mannwhitney_pvalue": 0.23248823147271802,
      "rank_biserial_r": 0.1777777777777778,
      "plm_functional_mean": -2.4083720930843024,
      "plm_nonfunctional_mean": -2.540024661662625,
      "plm_delta": 0.13165256857832253,
      "plm_mannwhitney_pvalue": 0.5839979857136818,
      "plm_rank_biserial_r": 0.0444444444444444
    },
    {
      "uniprot_id": "P13423",
      "sequence_length": 764,
      "n_functional_sites": 4,
      "n_nonfunctional_sites": 20,
      "fspe_functional": 1.2478658556938171,
      "fspe_nonfunctional": 1.9199633061885835,
      "fspe_ratio": 0.649942554460074,
      "accuracy_functional": 0.75,
      "accuracy_nonfunctional": 0.35,
      "mean_correct_prob_functional": 0.5375606454908848,
      "mean_correct_prob_nonfunctional": 0.28668911177664996,
      "mannwhitney_stat": 19.0,
      "mannwhitney_pvalue": 0.05731225296442687,
      "rank_biserial_r": 0.525,
      "plm_functional_mean": -0.7747966655668089,
      "plm_nonfunctional_mean": -1.745041267594381,
      "plm_delta": 0.970244602027572,
      "plm_mannwhitney_pvalue": 0.06747600225861095,
      "plm_rank_biserial_r": -0.5
    },
    {
      "uniprot_id": "P11140",
      "sequence_length": 528,
      "n_functional_sites": 5,
      "n_nonfunctional_sites": 20,
      "fspe_functional": 2.7688097953796387,
      "fspe_nonfunctional": 2.5815134681761265,
      "fspe_ratio": 1.0725529149905384,
      "accuracy_functional": 0.0,
      "accuracy_nonfunctional": 0.2,
      "mean_correct_prob_functional": 0.044847240298986436,
      "mean_correct_prob_nonfunctional": 0.11767324372194707,
      "mannwhitney_stat": 58.0,
      "mannwhitney_pvalue": 0.7125541125541127,
      "rank_biserial_r": -0.15999999999999992,
      "plm_functional_mean": -3.124040170533892,
      "plm_nonfunctional_mean": -2.7334730575362776,
      "plm_delta": -0.39056711299761426,
      "plm_mannwhitney_pvalue": 0.8784679089026916,
      "plm_rank_biserial_r": 0.33999999999999997
    },
    {
      "uniprot_id": "P04958",
      "sequence_length": 1022,
      "n_functional_sites": 4,
      "n_nonfunctional_sites": 20,
      "fspe_functional": 0.3622628515586257,
      "fspe_nonfunctional": 2.499920815229416,
      "fspe_ratio": 0.1449097304809557,
      "accuracy_functional": 1.0,
      "accuracy_nonfunctional": 0.15,
      "mean_correct_prob_functional": 0.9044024050235748,
      "mean_correct_prob_nonfunctional": 0.11651509953662753,
      "mannwhitney_stat": 0.0,
      "mannwhitney_pvalue": 9.410878976096367e-05,
      "rank_biserial_r": 1.0,
      "plm_functional_mean": -0.11327097332512359,
      "plm_nonfunctional_mean": -2.4478740752596395,
      "plm_delta": 2.334603101934516,
      "plm_mannwhitney_pvalue": 9.410878976096367e-05,
      "plm_rank_biserial_r": -1.0
    },
    {
      "uniprot_id": "O34208",
      "sequence_length": 687,
      "n_functional_sites": 2,
      "n_nonfunctional_sites": 20,
      "fspe_functional": 0.0038637478137388825,
      "fspe_nonfunctional": 2.2515491604804994,
      "fspe_ratio": 0.0017160397301359952,
      "accuracy_functional": 1.0,
      "accuracy_nonfunctional": 0.4,
      "mean_correct_prob_functional": 0.9996225535869598,
      "mean_correct_prob_nonfunctional": 0.17990320529788734,
      "mannwhitney_stat": 0.0,
      "mannwhitney_pvalue": 0.004329004329004329,
      "rank_biserial_r": 1.0,
      "plm_functional_mean": -0.00037753840185927726,
      "plm_nonfunctional_mean": -2.197989072157082,
      "plm_delta": 2.1976115337552224,
      "plm_mannwhitney_pvalue": 0.004329004329004329,
      "plm_rank_biserial_r": -1.0
    },
    {
      "uniprot_id": "Q51451",
      "sequence_length": 453,
      "n_functional_sites": 5,
      "n_nonfunctional_sites": 20,
      "fspe_functional": 1.4813930915668607,
      "fspe_nonfunctional": 2.2384798169136046,
      "fspe_ratio": 0.661785324296286,
      "accuracy_functional": 0.8,
      "accuracy_nonfunctional": 0.25,
      "mean_correct_prob_functional": 0.5243456542491913,
      "mean_correct_prob_nonfunctional": 0.15674083456397056,
      "mannwhitney_stat": 35.0,
      "mannwhitney_pvalue": 0.167777150385846,
      "rank_biserial_r": 0.30000000000000004,
      "plm_functional_mean": -1.0331344842549586,
      "plm_nonfunctional_mean": -2.1541976051892453,
      "plm_delta": 1.1210631209342867,
      "plm_mannwhitney_pvalue": 0.014473931865236211,
      "plm_rank_biserial_r": -0.6399999999999999
    },
    {
      "uniprot_id": "P15273",
      "sequence_length": 468,
      "n_functional_sites": 5,
      "n_nonfunctional_sites": 20,
      "fspe_functional": 0.053923765057697894,
      "fspe_nonfunctional": 2.2038757861824707,
      "fspe_ratio": 0.024467697043445466,
      "accuracy_functional": 1.0,
      "accuracy_nonfunctional": 0.35,
      "mean_correct_prob_functional": 0.991158950328827,
      "mean_correct_prob_nonfunctional": 0.20816943533718585,
      "mannwhitney_stat": 3.0,
      "mannwhitney_pvalue": 0.00013175230566534913,
      "rank_biserial_r": 0.94,