{
  "per_protein": [
    {
      "uniprot_id": "P02879",
      "sequence_length": 576,
      "n_functional_sites": 5,
      "n_nonfunctional_sites": 20,
      "fspe_functional": 2.785040855407715,
      "fspe_nonfunctional": 2.272322127968073,
      "fspe_ratio": 1.2256364628628242,
      "accuracy_functional": 0.0,
      "accuracy_nonfunctional": 0.3,
      "mean_correct_prob_functional": 0.06524273678660393,
      "mean_correct_prob_nonfunctional": 0.2083370433188975,
      "mannwhitney_stat": 79.0,
      "mannwhitney_pvalue": 0.9788255223037832,
      "rank_biserial_r": -0.5800000000000001,
      "plm_functional_mean": -2.8455973718877705,
      "plm_nonfunctional_mean": -2.15208854223781,
      "plm_delta": -0.6935088296499603,
      "plm_mannwhitney_pvalue": 0.8641069075851685,
      "plm_rank_biserial_r": 0.31999999999999995
    },
    {
      "uniprot_id": "P01555",
      "sequence_length": 258,
      "n_functional_sites": 5,
      "n_nonfunctional_sites": 20,
      "fspe_functional": 1.5577205896377564,
      "fspe_nonfunctional": 1.9716077417135238,
      "fspe_ratio": 0.7900763202947975,
      "accuracy_functional": 0.4,
      "accuracy_nonfunctional": 0.5,
      "mean_correct_prob_functional": 0.4065763607621193,
      "mean_correct_prob_nonfunctional": 0.3087426586076617,
      "mannwhitney_stat": 32.0,
      "mannwhitney_pvalue": 0.12153209109730848,
      "rank_biserial_r": 0.36,
      "plm_functional_mean": -1.2759746489641397,
      "plm_nonfunctional_mean": -1.8361470442915373,
      "plm_delta": 0.5601723953273976,
      "plm_mannwhitney_pvalue": 0.15132693393562957,
      "plm_rank_biserial_r": -0.32000000000000006
    },
    {
      "uniprot_id": "P0DPI1",
      "sequence_length": 1022,
      "n_functional_sites": 4,
      "n_nonfunctional_sites": 20,
      "fspe_functional": 0.06711329135578126,
      "fspe_nonfunctional": 2.484159970283508,
      "fspe_ratio": 0.027016493365409903,
      "accuracy_functional": 1.0,
      "accuracy_nonfunctional": 0.25,
      "mean_correct_prob_functional": 0.9910456091165543,
      "mean_correct_prob_nonfunctional": 0.14798931907862425,
      "mannwhitney_stat": 0.0,
      "mannwhitney_pvalue": 9.410878976096367e-05,
      "rank_biserial_r": 1.0,
      "plm_functional_mean": -0.009028089866641878,
      "plm_nonfunctional_mean": -2.4552892432361872,
      "plm_delta": 2.4462611533695453,
      "plm_mannwhitney_pvalue": 9.410878976096367e-05,
      "plm_rank_biserial_r": -1.0
    },
    {
      "uniprot_id": "P01552",
      "sequence_length": 266,
      "n_functional_sites": 9,
      "n_nonfunctional_sites": 20,
      "fspe_functional": 2.5411474969651966,
      "fspe_nonfunctional": 2.65925076007843,
      "fspe_ratio": 0.9555877674696047,
      "accuracy_functional": 0.1111111111111111,
      "accuracy_nonfunctional": 0.25,
      "mean_correct_prob_functional": 0.1317008241183228,
      "mean_correct_prob_nonfunctional": 0.11172765046358109,
      "mannwhitney_stat": 74.0,
      "mannwhitney_pvalue": 0.23248823147271802,
      "rank_biserial_r": 0.1777777777777778,
      "plm_functional_mean": -2.4083720930843024,
      "plm_nonfunctional_mean": -2.540024661662625,
      "plm_delta": 0.13165256857832253,
      "plm_mannwhitney_pvalue": 0.5839979857136818,
      "plm_rank_biserial_r": 0.0444444444444444
    },
    {
      "uniprot_id": "P13423",
      "sequence_length": 764,
      "n_functional_sites": 8,
      "n_nonfunctional_sites": 20,
      "fspe_functional": 1.3335298979654908,
      "fspe_nonfunctional": 1.7625754356384278,
      "fspe_ratio": 0.7565803261535123,
      "accuracy_functional": 0.75,
      "accuracy_nonfunctional": 0.55,
      "mean_correct_prob_functional": 0.4503895970992744,
      "mean_correct_prob_nonfunctional": 0.331647614762187,
      "mannwhitney_stat": 50.0,
      "mannwhitney_pvalue": 0.06788058961972006,
      "rank_biserial_r": 0.375,
      "plm_functional_mean": -1.1819165664082625,
      "plm_nonfunctional_mean": -1.4660951434083316,
      "plm_delta": 0.2841785770000691,
      "plm_mannwhitney_pvalue": 0.2192335844509758,
      "plm_rank_biserial_r": -0.19999999999999996
    },
    {
      "uniprot_id": "P11140",
      "sequence_length": 528,
      "n_functional_sites": 5,
      "n_nonfunctional_sites": 20,
      "fspe_functional": 2.7463874340057375,
      "fspe_nonfunctional": 2.5815259732306,
      "fspe_ratio": 1.0638620190091772,
      "accuracy_functional": 0.0,
      "accuracy_nonfunctional": 0.2,
      "mean_correct_prob_functional": 0.03971865884959698,
      "mean_correct_prob_nonfunctional": 0.11502736848779023,
      "mannwhitney_stat": 49.0,
      "mannwhitney_pvalue": 0.48688123470732153,
      "rank_biserial_r": 0.020000000000000018,
      "plm_functional_mean": -3.2396990344288135,
      "plm_nonfunctional_mean": -2.7888116417591946,
      "plm_delta": -0.45088739266961886,
      "plm_mannwhitney_pvalue": 0.9154903067946546,
      "plm_rank_biserial_r": 0.4
    },
    {
      "uniprot_id": "P04958",
      "sequence_length": 1022,
      "n_functional_sites": 4,
      "n_nonfunctional_sites": 20,
      "fspe_functional": 0.3622628515586257,
      "fspe_nonfunctional": 2.499920815229416,
      "fspe_ratio": 0.1449097304809557,
      "accuracy_functional": 1.0,
      "accuracy_nonfunctional": 0.15,
      "mean_correct_prob_functional": 0.9044024050235748,
      "mean_correct_prob_nonfunctional": 0.11651509953662753,
      "mannwhitney_stat": 0.0,
      "mannwhitney_pvalue": 9.410878976096367e-05,
      "rank_biserial_r": 1.0,
      "plm_functional_mean": -0.11327097332512359,
      "plm_nonfunctional_mean": -2.4478740752596395,
      "plm_delta": 2.334603101934516,
      "plm_mannwhitney_pvalue": 9.410878976096367e-05,
      "plm_rank_biserial_r": -1.0
    },
    {
      "uniprot_id": "P0DF97",
      "sequence_length": 571,
      "n_functional_sites": 5,
      "n_nonfunctional_sites": 20,
      "fspe_functional": 0.8991421341896058,
      "fspe_nonfunctional": 1.7679212719202042,
      "fspe_ratio": 0.5085872026490266,
      "accuracy_functional": 1.0,
      "accuracy_nonfunctional": 0.3,
      "mean_correct_prob_functional": 0.809173333644867,
      "mean_correct_prob_nonfunctional": 0.2845366027671844,
      "mannwhitney_stat": 21.0,
      "mannwhitney_pvalue": 0.025315264445699225,
      "rank_biserial_r": 0.5800000000000001,
      "plm_functional_mean": -0.21406013025560985,
      "plm_nonfunctional_mean": -1.9955743657953657,
      "plm_delta": 1.781514235539756,
      "plm_mannwhitney_pvalue": 0.00282326369282891,
      "plm_rank_biserial_r": -0.78
    },
    {
      "uniprot_id": "O34208",
      "sequence_length": 687,
      "n_functional_sites": 2,
      "n_nonfunctional_sites": 20,
      "fspe_functional": 0.0038637478137388825,
      "fspe_nonfunctional": 2.2515491604804994,
      "fspe_ratio": 0.0017160397301359952,
      "accuracy_functional": 1.0,
      "accuracy_nonfunctional": 0.4,
      "mean_correct_prob_functional": 0.9996225535869598,
      "mean_correct_prob_nonfunctional": 0.17990320529788734,
      "mannwhitney_stat": 0.0,
      "mannwhitney_pvalue": 0.004329004329004329,
      "rank_biserial_r": 1.0,
      "plm_functional_mean": -0.00037753840185927726,
      "plm_nonfunctional_mean": -2.197989072157082,
      "plm_delta": 2.1976115337552224,
      "plm_mannwhitney_pvalue": 0.004329004329004329,
      "plm_rank_biserial_r": -1.0
    },
    {
      "uniprot_id": "Q51451",
      "sequence_length": 453,
      "n_functional_sites": 5,
      "n_nonfunctional_sites": 20,
      "fspe_functional": 1.4813930915668607,
      "fspe_nonfunctional": 2.2384798169136046,
      "fspe_ratio": 0.661785324296286,
      "accuracy_functional": 0.8,
      "accuracy_nonfunctional": 0.25,
      "mean_correct_prob_functional": 0.5243456542491913,
      "mean_correct_prob_nonfunctional": 0.15674083456397056,
      "mannwhitney_stat": 35.0,
      "mannwhitney_pvalue": 0.167777150385846,
      "rank_biserial_r": 0.30000000000000004,