{
  "per_protein": [
    {
      "uniprot_id": "P02879",
      "sequence_length": 576,
      "n_functional_sites": 5,
      "n_nonfunctional_sites": 20,
      "fspe_functional": 2.7850417613983156,
      "fspe_nonfunctional": 2.272321980074048,
      "fspe_ratio": 1.2256369413403112,
      "accuracy_functional": 0.0,
      "accuracy_nonfunctional": 0.3,
      "mean_correct_prob_functional": 0.06524263322353363,
      "mean_correct_prob_nonfunctional": 0.20833705300465227,
      "mannwhitney_stat": 79.0,
      "mannwhitney_pvalue": 0.9788255223037832,
      "rank_biserial_r": -0.5800000000000001,
      "plm_functional_mean": -2.8455974774456902,
      "plm_nonfunctional_mean": -2.15208826756266,
      "plm_delta": -0.6935092098830302,
      "plm_mannwhitney_pvalue": 0.8641069075851685,
      "plm_rank_biserial_r": 0.31999999999999995
    },
    {
      "uniprot_id": "P01555",
      "sequence_length": 258,
      "n_functional_sites": 5,
      "n_nonfunctional_sites": 20,
      "fspe_functional": 1.557720947265625,
      "fspe_nonfunctional": 1.9716077364981175,
      "fspe_ratio": 0.7900765037737071,
      "accuracy_functional": 0.4,
      "accuracy_nonfunctional": 0.5,
      "mean_correct_prob_functional": 0.4065766915678978,
      "mean_correct_prob_nonfunctional": 0.3087426407262683,
      "mannwhitney_stat": 32.0,
      "mannwhitney_pvalue": 0.12153209109730848,
      "rank_biserial_r": 0.36,
      "plm_functional_mean": -1.2759728297644621,
      "plm_nonfunctional_mean": -1.8361465815298796,
      "plm_delta": 0.5601737517654175,
      "plm_mannwhitney_pvalue": 0.15132693393562957,
      "plm_rank_biserial_r": -0.32000000000000006
    },
    {
      "uniprot_id": "P10844",
      "sequence_length": 1022,
      "n_functional_sites": 5,
      "n_nonfunctional_sites": 20,
      "fspe_functional": 2.1921658277511598,
      "fspe_nonfunctional": 2.4018160343170165,
      "fspe_ratio": 0.9127117965862556,
      "accuracy_functional": 0.2,
      "accuracy_nonfunctional": 0.25,
      "mean_correct_prob_functional": 0.23087976425886153,
      "mean_correct_prob_nonfunctional": 0.14408291094005107,
      "mannwhitney_stat": 47.0,
      "mannwhitney_pvalue": 0.4347073216638433,
      "rank_biserial_r": 0.06000000000000005,
      "plm_functional_mean": -1.9752467811721282,
      "plm_nonfunctional_mean": -2.437289240497251,
      "plm_delta": 0.46204245932512267,
      "plm_mannwhitney_pvalue": 0.2652173913043478,
      "plm_rank_biserial_r": -0.19999999999999996
    },
    {
      "uniprot_id": "P01552",
      "sequence_length": 266,
      "n_functional_sites": 9,
      "n_nonfunctional_sites": 20,
      "fspe_functional": 2.541147298283047,
      "fspe_nonfunctional": 2.6592507660388947,
      "fspe_ratio": 0.9555876906141615,
      "accuracy_functional": 0.1111111111111111,
      "accuracy_nonfunctional": 0.25,
      "mean_correct_prob_functional": 0.13170081335637304,
      "mean_correct_prob_nonfunctional": 0.11172764170914888,
      "mannwhitney_stat": 74.0,
      "mannwhitney_pvalue": 0.23248823147271802,
      "rank_biserial_r": 0.1777777777777778,
      "plm_functional_mean": -2.4083725696323706,
      "plm_nonfunctional_mean": -2.540024494280315,
      "plm_delta": 0.13165192464794462,
      "plm_mannwhitney_pvalue": 0.5839979857136818,
      "plm_rank_biserial_r": 0.0444444444444444
    },
    {
      "uniprot_id": "P13423",
      "sequence_length": 764,
      "n_functional_sites": 8,
      "n_nonfunctional_sites": 20,
      "fspe_functional": 1.333530679345131,
      "fspe_nonfunctional": 1.762575340270996,
      "fspe_ratio": 0.7565808104067203,
      "accuracy_functional": 0.75,
      "accuracy_nonfunctional": 0.55,
      "mean_correct_prob_functional": 0.45038966787979007,
      "mean_correct_prob_nonfunctional": 0.3316476421430707,
      "mannwhitney_stat": 50.0,
      "mannwhitney_pvalue": 0.06788058961972006,
      "rank_biserial_r": 0.375,
      "plm_functional_mean": -1.1819171002755426,
      "plm_nonfunctional_mean": -1.466093796645568,
      "plm_delta": 0.2841766963700254,
      "plm_mannwhitney_pvalue": 0.2192335844509758,
      "plm_rank_biserial_r": -0.19999999999999996
    },
    {
      "uniprot_id": "P11140",
      "sequence_length": 528,
      "n_functional_sites": 5,
      "n_nonfunctional_sites": 20,
      "fspe_functional": 2.7463875293731688,
      "fspe_nonfunctional": 2.5815261282026767,
      "fspe_ratio": 1.0638619920865464,
      "accuracy_functional": 0.0,
      "accuracy_nonfunctional": 0.2,
      "mean_correct_prob_functional": 0.0397186491638422,
      "mean_correct_prob_nonfunctional": 0.11502737458795309,
      "mannwhitney_stat": 49.0,
      "mannwhitney_pvalue": 0.48688123470732153,
      "rank_biserial_r": 0.020000000000000018,
      "plm_functional_mean": -3.239699376118954,
      "plm_nonfunctional_mean": -2.7888114758871274,
      "plm_delta": -0.4508879002318267,
      "plm_mannwhitney_pvalue": 0.9154903067946546,
      "plm_rank_biserial_r": 0.4
    },
    {
      "uniprot_id": "P04958",
      "sequence_length": 1022,
      "n_functional_sites": 4,
      "n_nonfunctional_sites": 20,
      "fspe_functional": 0.36225899728015065,
      "fspe_nonfunctional": 2.499920529127121,
      "fspe_ratio": 0.1449082053046854,
      "accuracy_functional": 1.0,
      "accuracy_nonfunctional": 0.15,
      "mean_correct_prob_functional": 0.9044041782617569,
      "mean_correct_prob_nonfunctional": 0.11651511173695325,
      "mannwhitney_stat": 0.0,
      "mannwhitney_pvalue": 9.410878976096367e-05,
      "rank_biserial_r": 1.0,
      "plm_functional_mean": -0.1132683136036608,
      "plm_nonfunctional_mean": -2.44787416684873,
      "plm_delta": 2.334605853245069,
      "plm_mannwhitney_pvalue": 9.410878976096367e-05,
      "plm_rank_biserial_r": -1.0
    }
  ],
  "pooled_meta_analysis": {
    "n_functional": 41,
    "n_nonfunctional": 140,
    "mean_func_entropy": 1.9852240838383028,
    "mean_nonfunc_entropy": 2.307002644932696,
    "mannwhitney_stat": 2441.0,
    "mannwhitney_pvalue": 0.07321213751254342,
    "rank_biserial_r": 0.14947735191637634
  },
  "pooled_plm_meta_analysis": {
    "n_functional": 41,
    "n_nonfunctional": 140,
    "mean_func_plm": -1.9089352562394266,
    "mean_nonfunc_plm": -2.2383325747502187,
    "plm_delta": 0.3293973185107921,
    "mannwhitney_pvalue": 0.07803904598170988,
    "rank_biserial_r": -0.14599303135888508
  }
}