{
  "precision_at_k": {
    "1": {
      "mean": 0.5413533834586466,
      "std": 0.49828696318138016,
      "positive_queries": 0.9154929577464789,
      "negative_queries": 0.11290322580645161
    },
    "3": {
      "mean": 0.5087719298245614,
      "std": 0.47065774088326123,
      "positive_queries": 0.8826291079812207,
      "negative_queries": 0.08064516129032256
    },
    "5": {
      "mean": 0.5142857142857142,
      "std": 0.4450467335674719,
      "positive_queries": 0.8647887323943662,
      "negative_queries": 0.11290322580645162
    },
    "10": {
      "mean": 0.5233082706766918,
      "std": 0.40871837428780716,
      "positive_queries": 0.8507042253521128,
      "negative_queries": 0.14838709677419357
    }
  },
  "category_retrieval": {
    "dangerous_query_frac_dangerous_top5": {
      "mean": 0.8647887323943662,
      "std": 0.27015832163063286
    },
    "benign_query_frac_dangerous_top5": {
      "mean": 0.11290322580645162,
      "std": 0.19877355487746964
    }
  }
}