{
  "auroc_mean": 0.9806837606837607,
  "auroc_std": 0.015647148511945177,
  "auroc_per_fold": [
    0.9611111111111111,
    0.9835164835164836,
    0.9945054945054945,
    1.0,
    0.9642857142857143
  ],
  "accuracy_mean": 0.9247863247863248,
  "accuracy_std": 0.02346582368316125,
  "fpr": [
    0.0,
    0.0,
    0.0,
    0.016129032258064516,
    0.016129032258064516,
    0.04838709677419355,
    0.04838709677419355,
    0.06451612903225806,
    0.06451612903225806,
    0.0967741935483871,
    0.0967741935483871,
    0.11290322580645161,
    0.11290322580645161,
    0.12903225806451613,
    0.12903225806451613,
    0.27419354838709675,
    0.3064516129032258,
    0.3709677419354839,
    0.3709677419354839,
    0.5645161290322581,
    0.5645161290322581,
    1.0
  ],
  "tpr": [
    0.0,
    0.014084507042253521,
    0.7183098591549296,
    0.7183098591549296,
    0.7746478873239436,
    0.7746478873239436,
    0.8873239436619719,
    0.8873239436619719,
    0.9295774647887324,
    0.9295774647887324,
    0.9436619718309859,
    0.9436619718309859,
    0.9577464788732394,
    0.9577464788732394,
    0.971830985915493,
    0.971830985915493,
    0.971830985915493,
    0.971830985915493,
    0.9859154929577465,
    0.9859154929577465,
    1.0,
    1.0
  ]
}