{
  "auroc_mean": 0.9944444444444445,
  "auroc_std": 0.006804138174397721,
  "auroc_per_fold": [
    0.986111111111111,
    1.0,
    0.9861111111111112,
    1.0,
    1.0
  ],
  "accuracy_mean": 0.9583333333333333,
  "accuracy_std": 0.03726779962499651,
  "fpr": [
    0.0,
    0.0,
    0.0,
    0.016666666666666666,
    0.016666666666666666,
    0.03333333333333333,
    0.03333333333333333,
    0.05,
    0.05,
    0.06666666666666667,
    0.06666666666666667,
    0.18333333333333332,
    0.18333333333333332,
    1.0
  ],
  "tpr": [
    0.0,
    0.016666666666666666,
    0.8333333333333334,
    0.8333333333333334,
    0.8666666666666667,
    0.8666666666666667,
    0.95,
    0.95,
    0.9666666666666667,
    0.9666666666666667,
    0.9833333333333333,
    0.9833333333333333,
    1.0,
    1.0
  ]
}